{"type":"FeatureCollection", "features": [
{"type":"Feature","geometry":{"type":"Polygon","coordinates":[[[126.97468,37.62981],[126.97367,37.63203],[126.96144,37.62996],[126.95881,37.62959],[126.95557,37.62828],[126.95401,37.62736],[126.949,37.62434],[126.94983,37.61166],[126.95034,37.60909],[126.9517,37.60739],[126.9527,37.60591],[126.95306,37.59876],[126.95827,37.59779],[126.95817,37.58098],[126.95356,37.57875],[126.9667,37.56582],[126.97471,37.5692],[126.97642,37.56942],[126.97758,37.56931],[126.98664,37.56823],[127.00226,37.56962],[127.01902,37.57101],[127.02221,37.57202],[127.02253,37.57809],[127.02179,37.57888],[127.01905,37.57797],[127.01639,37.58194],[127.00864,37.58046],[127.00098,37.59232],[126.98922,37.59126],[126.97672,37.5979],[126.98667,37.60402],[126.98676,37.60609],[126.98658,37.61397],[126.97842,37.62929],[126.97468,37.62981]]]},"properties":{"SIGUNGU_CD":"11010","SIGUNGU_NM":"종로구","BASE_DATE":"20250630"}},
{"type":"Feature","geometry":{"type":"Polygon","coordinates":[[[127.02221,37.57202],[127.01902,37.57101],[127.00226,37.56962],[126.98664,37.56823],[126.97758,37.56931],[126.97642,37.56942],[126.97471,37.5692],[126.9667,37.56582],[126.96946,37.56198],[126.9633,37.55921],[126.96157,37.55842],[126.96205,37.55385],[126.96571,37.55415],[126.96918,37.55566],[126.96973,37.55488],[126.96995,37.55446],[126.97059,37.55388],[126.97147,37.55453],[126.97241,37.55488],[126.97643,37.55309],[126.98542,37.55371],[126.99446,37.54749],[127.00434,37.55021],[127.00502,37.54617],[127.00726,37.54386],[127.00898,37.54413],[127.00893,37.54448],[127.00909,37.54706],[127.00967,37.54789],[127.02292,37.55786],[127.02593,37.5626],[127.02678,37.56504],[127.02358,37.5652],[127.02221,37.57202]]]},"properties":{"SIGUNGU_CD":"11020","SIGUNGU_NM":"중구","BASE_DATE":"20250630"}},
{"type":"Feature","geometry":{"type":"Polygon","coordinates":[[[126.96973,37.55488],[126.96918,37.55566],[126.96571,37.55415],[126.96233,37.55154],[126.95336,37.53749],[126.94641,37.53574],[126.94544,37.53518],[126.94459,37.53379],[126.94988,37.52703],[126.94989,37.51752],[126.9547,37.51606],[126.96501,37.5108],[126.97903,37.50666],[126.98555,37.50654],[126.9907,37.51309],[127.00646,37.52344],[127.0149,37.53221],[127.01553,37.53244],[127.01744,37.534],[127.01753,37.53765],[127.00995,37.53939],[127.00928,37.54103],[127.00896,37.54273],[127.00898,37.54413],[127.00726,37.54386],[127.00502,37.54617],[127.00434,37.55021],[126.99446,37.54749],[126.98542,37.55371],[126.97643,37.55309],[126.97241,37.55488],[126.97147,37.55453],[126.97059,37.55388],[126.96995,37.55446],[126.96973,37.55488]]]},"properties":{"SIGUNGU_CD":"11030","SIGUNGU_NM":"용산구","BASE_DATE":"20250630"}},
{"type":"Feature","geometry":{"type":"Polygon","coordinates":[[[127.07099,37.56047],[127.05876,37.56231],[127.04795,37.57038],[127.03818,37.57302],[127.03254,37.57022],[127.03029,37.56981],[127.0246,37.57104],[127.02358,37.5652],[127.02678,37.56504],[127.02593,37.5626],[127.02292,37.55786],[127.00967,37.54789],[127.00909,37.54706],[127.00893,37.54448],[127.00905,37.54398],[127.00896,37.54273],[127.00928,37.54103],[127.00995,37.53939],[127.01753,37.53765],[127.01744,37.534],[127.02118,37.53582],[127.04039,37.53582],[127.05512,37.52866],[127.05621,37.52832],[127.07374,37.55941],[127.07099,37.56047]]]},"properties":{"SIGUNGU_CD":"11040","SIGUNGU_NM":"성동구","BASE_DATE":"20250630"}},
{"type":"Feature","geometry":{"type":"Polygon","coordinates":[[[127.10167,37.56263],[127.10423,37.57139],[127.10094,37.57336],[127.09944,37.57274],[127.09049,37.5697],[127.0782,37.57187],[127.07239,37.55996],[127.07374,37.55941],[127.05622,37.52832],[127.06032,37.52703],[127.06543,37.52506],[127.06746,37.5246],[127.06866,37.52387],[127.07432,37.52287],[127.07997,37.52295],[127.09014,37.52701],[127.10828,37.54141],[127.11147,37.54693],[127.11409,37.55408],[127.11331,37.55683],[127.10493,37.55642],[127.10112,37.56105],[127.10167,37.56263]]]},"properties":{"SIGUNGU_CD":"11050","SIGUNGU_NM":"광진구","BASE_DATE":"20250630"}},
{"type":"Feature","geometry":{"type":"Polygon","coordinates":[[[127.06985,37.60728],[127.0622,37.60513],[127.05917,37.60104],[127.0512,37.60122],[127.04733,37.59614],[127.04063,37.59568],[127.03876,37.59127],[127.02328,37.57798],[127.0246,37.57104],[127.03029,37.56981],[127.03254,37.57022],[127.03818,37.57302],[127.04795,37.57038],[127.05876,37.56231],[127.07099,37.56047],[127.07239,37.55996],[127.0782,37.57187],[127.07646,37.57934],[127.07216,37.58496],[127.06948,37.59724],[127.07198,37.5996],[127.07241,37.60288],[127.07153,37.60464],[127.07106,37.60762],[127.07067,37.60756],[127.06985,37.60728]]]},"properties":{"SIGUNGU_CD":"11060","SIGUNGU_NM":"동대문구","BASE_DATE":"20250630"}},
{"type":"Feature","geometry":{"type":"Polygon","coordinates":[[[127.1009,37.57439],[127.10344,37.5806],[127.10897,37.58338],[127.11334,37.59326],[127.11688,37.5955],[127.11406,37.59952],[127.11805,37.6046],[127.11715,37.61789],[127.11052,37.62105],[127.10556,37.62016],[127.10492,37.62003],[127.10381,37.62029],[127.10169,37.62002],[127.09364,37.61807],[127.08607,37.62029],[127.07098,37.61582],[127.07114,37.61481],[127.07171,37.61351],[127.07153,37.60464],[127.07241,37.60288],[127.07198,37.5996],[127.06948,37.59724],[127.07216,37.58496],[127.07646,37.57934],[127.0782,37.57187],[127.09049,37.5697],[127.09944,37.57274],[127.1009,37.57439]]]},"properties":{"SIGUNGU_CD":"11070","SIGUNGU_NM":"중랑구","BASE_DATE":"20250630"}},
{"type":"Feature","geometry":{"type":"Polygon","coordinates":[[[126.98591,37.6358],[126.98359,37.63641],[126.97701,37.63297],[126.97468,37.62981],[126.97842,37.62929],[126.98658,37.61397],[126.98676,37.60609],[126.98667,37.60402],[126.97672,37.5979],[126.98922,37.59126],[127.00098,37.59232],[127.00864,37.58046],[127.01639,37.58194],[127.01905,37.57797],[127.02179,37.57888],[127.02253,37.57809],[127.02328,37.57798],[127.03876,37.59127],[127.04063,37.59568],[127.04733,37.59614],[127.0512,37.60122],[127.05917,37.60104],[127.0622,37.60513],[127.06985,37.60728],[127.07067,37.60756],[127.07106,37.60762],[127.07171,37.61351],[127.07114,37.61481],[127.06971,37.61572],[127.06231,37.61432],[127.06106,37.61488],[127.06094,37.61538],[127.05742,37.61748],[127.05224,37.62224],[127.04974,37.62427],[127.03678,37.61243],[127.03025,37.60897],[127.03018,37.61236],[127.0222,37.61137],[127.01095,37.61629],[127.00993,37.61777],[127.00789,37.62403],[126.99927,37.6262],[126.98591,37.6358]]]},"properties":{"SIGUNGU_CD":"11080","SIGUNGU_NM":"성북구","BASE_DATE":"20250630"}},
{"type":"Feature","geometry":{"type":"Polygon","coordinates":[[[127.00553,37.68487],[127.00378,37.68482],[127.00051,37.68397],[126.99731,37.68347],[126.9922,37.67963],[126.99398,37.67491],[126.99222,37.66523],[126.97966,37.65604],[126.98394,37.64961],[126.98508,37.63731],[126.98591,37.6358],[126.99927,37.6262],[127.00789,37.62403],[127.00993,37.61777],[127.01095,37.61629],[127.0222,37.61137],[127.03018,37.61236],[127.03025,37.60897],[127.03678,37.61243],[127.04974,37.62427],[127.04869,37.62587],[127.04712,37.62754],[127.04441,37.62894],[127.04253,37.63042],[127.03457,37.63778],[127.02755,37.64496],[127.02266,37.64784],[127.02021,37.64908],[127.0151,37.64928],[127.01427,37.6504],[127.01402,37.65923],[127.01535,37.66555],[127.01573,37.66647],[127.0184,37.66888],[127.00842,37.68324],[127.00866,37.68445],[127.00766,37.68447],[127.00605,37.68505],[127.00553,37.68487]]]},"properties":{"SIGUNGU_CD":"11090","SIGUNGU_NM":"강북구","BASE_DATE":"20250630"}},
{"type":"Feature","geometry":{"type":"Polygon","coordinates":[[[127.04982,37.68798],[127.04863,37.69406],[127.04111,37.6953],[127.03241,37.69184],[127.02929,37.69929],[127.01542,37.70146],[127.00967,37.6967],[127.00844,37.68543],[127.00867,37.68449],[127.00842,37.68324],[127.0184,37.66888],[127.01573,37.66647],[127.01535,37.66555],[127.01402,37.65923],[127.01427,37.6504],[127.0151,37.64928],[127.02021,37.64908],[127.02266,37.64784],[127.02755,37.64496],[127.03457,37.63778],[127.04253,37.63042],[127.04264,37.63091],[127.04659,37.64112],[127.05136,37.64482],[127.05473,37.64013],[127.05583,37.64705],[127.05164,37.66398],[127.04819,37.6705],[127.04971,37.67672],[127.05236,37.68433],[127.0518,37.68581],[127.04982,37.68798]]]},"properties":{"SIGUNGU_CD":"11100","SIGUNGU_NM":"도봉구","BASE_DATE":"20250630"}},
{"type":"Feature","geometry":{"type":"Polygon","coordinates":[[[127.09194,37.67869],[127.09642,37.68564],[127.096,37.68907],[127.08653,37.68991],[127.0811,37.69614],[127.07266,37.6938],[127.06273,37.69468],[127.06121,37.69217],[127.0518,37.68707],[127.0518,37.68581],[127.05236,37.68433],[127.04971,37.67672],[127.04819,37.6705],[127.05164,37.66398],[127.05583,37.64705],[127.05473,37.64013],[127.05136,37.64482],[127.04659,37.64112],[127.04264,37.63091],[127.04441,37.62894],[127.04712,37.62754],[127.04869,37.62587],[127.05224,37.62224],[127.05742,37.61748],[127.06094,37.61538],[127.06106,37.61488],[127.06231,37.61432],[127.06971,37.61572],[127.07098,37.61582],[127.08607,37.62029],[127.09364,37.61807],[127.10169,37.62002],[127.10381,37.62029],[127.10492,37.62003],[127.10566,37.62042],[127.10591,37.62759],[127.1122,37.63264],[127.11142,37.64209],[127.11075,37.64273],[127.10387,37.64549],[127.09457,37.64457],[127.09337,37.65123],[127.09307,37.65378],[127.09121,37.65933],[127.09414,37.6633],[127.09624,37.66883],[127.09353,37.67674],[127.09194,37.67869]]]},"properties":{"SIGUNGU_CD":"11110","SIGUNGU_NM":"노원구","BASE_DATE":"20250630"}},
{"type":"Feature","geometry":{"type":"Polygon","coordinates":[[[126.94804,37.65789],[126.94756,37.65922],[126.94034,37.65677],[126.93716,37.65232],[126.9319,37.65023],[126.9297,37.65005],[126.92412,37.64611],[126.91519,37.64512],[126.91228,37.64432],[126.91121,37.63591],[126.9071,37.6334],[126.90861,37.62627],[126.9003,37.61119],[126.90183,37.59514],[126.89686,37.58857],[126.88716,37.58853],[126.88358,37.59185],[126.88268,37.59138],[126.88203,37.59082],[126.88574,37.58718],[126.88889,37.58465],[126.90208,37.57601],[126.90264,37.57639],[126.90417,37.57874],[126.91284,37.58722],[126.91594,37.58309],[126.92086,37.58294],[126.92801,37.58839],[126.9328,37.5963],[126.94088,37.5987],[126.93985,37.60187],[126.94906,37.60982],[126.94983,37.61166],[126.949,37.62434],[126.95401,37.62736],[126.95557,37.62828],[126.95881,37.62959],[126.9598,37.62973],[126.96333,37.63325],[126.95711,37.65284],[126.94804,37.65789]]]},"properties":{"SIGUNGU_CD":"11120","SIGUNGU_NM":"은평구","BASE_DATE":"20250630"}},
{"type":"Feature","geometry":{"type":"Polygon","coordinates":[[[126.9527,37.60591],[126.9517,37.60739],[126.95034,37.60909],[126.94906,37.60982],[126.93985,37.60187],[126.94088,37.5987],[126.9328,37.5963],[126.92801,37.58839],[126.92086,37.58294],[126.91594,37.58309],[126.91284,37.58722],[126.90417,37.57874],[126.90264,37.57639],[126.90208,37.57601],[126.90909,37.57128],[126.91844,37.56712],[126.92828,37.56333],[126.92659,37.55885],[126.93686,37.5551],[126.94137,37.55655],[126.95913,37.55724],[126.96165,37.55909],[126.9633,37.55921],[126.96946,37.56198],[126.9667,37.56582],[126.95356,37.57875],[126.95817,37.58098],[126.95827,37.59779],[126.95306,37.59876],[126.9527,37.60591]]]},"properties":{"SIGUNGU_CD":"11130","SIGUNGU_NM":"서대문구","BASE_DATE":"20250630"}},
{"type":"Feature","geometry":{"type":"Polygon","coordinates":[[[126.91844,37.56712],[126.90877,37.57145],[126.90632,37.57323],[126.89769,37.57899],[126.88936,37.58435],[126.88616,37.5868],[126.88206,37.59079],[126.88189,37.59064],[126.87754,37.58625],[126.87626,37.57819],[126.86494,37.57747],[126.85363,37.5738],[126.85363,37.57179],[126.85502,37.57026],[126.85607,37.56944],[126.86629,37.56305],[126.87304,37.56005],[126.88682,37.55309],[126.89894,37.54801],[126.90483,37.54142],[126.92241,37.54143],[126.92767,37.53908],[126.93034,37.54136],[126.94422,37.53424],[126.94459,37.53379],[126.94544,37.53518],[126.94641,37.53574],[126.95336,37.53749],[126.96233,37.55154],[126.96205,37.55385],[126.96157,37.55842],[126.96165,37.55909],[126.95913,37.55724],[126.94137,37.55655],[126.93686,37.5551],[126.92659,37.55885],[126.92828,37.56333],[126.91844,37.56712]]]},"properties":{"SIGUNGU_CD":"11140","SIGUNGU_NM":"마포구","BASE_DATE":"20250630"}},
{"type":"Feature","geometry":{"type":"Polygon","coordinates":[[[126.87796,37.5471],[126.87243,37.54711],[126.86581,37.55061],[126.86211,37.54436],[126.86398,37.52979],[126.84048,37.52648],[126.82998,37.54166],[126.82763,37.54769],[126.82741,37.5469],[126.82543,37.54171],[126.82159,37.53971],[126.82187,37.5349],[126.82843,37.5267],[126.82582,37.52371],[126.82566,37.52223],[126.8231,37.51622],[126.82426,37.51447],[126.8239,37.5091],[126.82469,37.50832],[126.82627,37.50877],[126.83102,37.50783],[126.8353,37.50282],[126.84468,37.50575],[126.84727,37.50952],[126.85834,37.50987],[126.86264,37.50679],[126.86298,37.50652],[126.87231,37.50408],[126.87374,37.50472],[126.8751,37.51242],[126.87896,37.51693],[126.87874,37.51794],[126.8791,37.52002],[126.87928,37.52572],[126.88117,37.52655],[126.88272,37.52724],[126.89013,37.53423],[126.88824,37.5367],[126.88213,37.54672],[126.87992,37.54814],[126.87796,37.5471]]]},"properties":{"SIGUNGU_CD":"11150","SIGUNGU_NM":"양천구","BASE_DATE":"20250630"}},
{"type":"Feature","geometry":{"type":"Polygon","coordinates":[[[126.81137,37.59896],[126.80586,37.60258],[126.80258,37.60503],[126.79994,37.60254],[126.79979,37.60191],[126.79922,37.60112],[126.79708,37.59774],[126.80123,37.58935],[126.7963,37.58374],[126.79572,37.58312],[126.79493,37.5852],[126.79493,37.58343],[126.79391,37.58296],[126.79331,37.58025],[126.78241,37.57361],[126.78032,37.5675],[126.77177,37.55863],[126.76601,37.55613],[126.76478,37.55507],[126.76634,37.55487],[126.7662,37.55424],[126.76673,37.55406],[126.76729,37.55368],[126.77155,37.54832],[126.78726,37.54608],[126.79494,37.54137],[126.79443,37.53583],[126.79946,37.53773],[126.80185,37.54272],[126.80919,37.54257],[126.81233,37.54074],[126.81631,37.54055],[126.81932,37.54074],[126.82543,37.54171],[126.82741,37.5469],[126.82763,37.54769],[126.82998,37.54166],[126.84048,37.52648],[126.86398,37.52979],[126.86211,37.54436],[126.86581,37.55061],[126.87243,37.54711],[126.87796,37.5471],[126.87992,37.54814],[126.88036,37.54846],[126.87924,37.55475],[126.88046,37.55627],[126.86629,37.56305],[126.85607,37.56944],[126.85502,37.57026],[126.84838,37.57516],[126.8193,37.59285],[126.81137,37.59896]]]},"properties":{"SIGUNGU_CD":"11160","SIGUNGU_NM":"강서구","BASE_DATE":"20250630"}},
{"type":"Feature","geometry":{"type":"Polygon","coordinates":[[[126.8793,37.51796],[126.87896,37.51693],[126.8751,37.51242],[126.87374,37.50472],[126.87231,37.50408],[126.86298,37.50652],[126.86264,37.50679],[126.85834,37.50987],[126.84727,37.50952],[126.84468,37.50575],[126.8353,37.50282],[126.83102,37.50783],[126.82627,37.50877],[126.82222,37.50769],[126.82255,37.50568],[126.81964,37.49921],[126.81301,37.4964],[126.82098,37.49079],[126.82096,37.49067],[126.82359,37.48774],[126.81463,37.47465],[126.82962,37.4769],[126.83175,37.47765],[126.83348,37.47716],[126.84536,37.47381],[126.84599,37.4807],[126.84702,37.48191],[126.8527,37.48182],[126.86704,37.49395],[126.86823,37.49513],[126.8695,37.49433],[126.87007,37.49349],[126.86958,37.49311],[126.86946,37.49211],[126.86999,37.49102],[126.87413,37.49134],[126.87597,37.48691],[126.87766,37.48607],[126.88135,37.48556],[126.88988,37.47939],[126.89899,37.47915],[126.9032,37.485],[126.89612,37.48934],[126.89269,37.50331],[126.89303,37.50726],[126.89145,37.51035],[126.88202,37.5161],[126.8793,37.51796]]]},"properties":{"SIGUNGU_CD":"11170","SIGUNGU_NM":"구로구","BASE_DATE":"20250630"}},
{"type":"Feature","geometry":{"type":"Polygon","coordinates":[[[126.89899,37.47915],[126.88988,37.47939],[126.88135,37.48556],[126.87766,37.48607],[126.87422,37.48519],[126.87244,37.48611],[126.87176,37.48527],[126.87221,37.48443],[126.87801,37.47383],[126.88425,37.46653],[126.88275,37.46439],[126.88888,37.46095],[126.88587,37.45759],[126.88724,37.4555],[126.89398,37.45272],[126.89928,37.43964],[126.89898,37.4387],[126.90034,37.43773],[126.90085,37.43698],[126.90275,37.43586],[126.90299,37.43407],[126.9094,37.43386],[126.91231,37.43858],[126.91926,37.43985],[126.92828,37.44935],[126.92851,37.45054],[126.92251,37.45633],[126.91403,37.45791],[126.91441,37.46161],[126.9082,37.47268],[126.91075,37.47362],[126.90979,37.48077],[126.89894,37.47894],[126.89899,37.47915]]]},"properties":{"SIGUNGU_CD":"11180","SIGUNGU_NM":"금천구","BASE_DATE":"20250630"}},
{"type":"Feature","geometry":{"type":"Polygon","coordinates":[[[126.88682,37.55309],[126.87924,37.55475],[126.88036,37.54846],[126.88213,37.54672],[126.88824,37.5367],[126.89013,37.53423],[126.88272,37.52724],[126.88117,37.52655],[126.87928,37.52572],[126.8791,37.52002],[126.87874,37.51794],[126.8793,37.51796],[126.88202,37.5161],[126.89145,37.51035],[126.89303,37.50726],[126.89269,37.50331],[126.89612,37.48934],[126.9032,37.485],[126.9067,37.48928],[126.91196,37.49604],[126.91941,37.4976],[126.92687,37.51554],[126.93928,37.51608],[126.94989,37.51751],[126.94988,37.52703],[126.94422,37.53424],[126.93034,37.54136],[126.92767,37.53908],[126.92241,37.54143],[126.90483,37.54142],[126.89894,37.54801],[126.88682,37.55309]]]},"properties":{"SIGUNGU_CD":"11190","SIGUNGU_NM":"영등포구","BASE_DATE":"20250630"}},
{"type":"Feature","geometry":{"type":"Polygon","coordinates":[[[126.9547,37.51606],[126.94969,37.51757],[126.93928,37.51608],[126.92687,37.51554],[126.91941,37.4976],[126.91196,37.49604],[126.9067,37.48928],[126.9032,37.485],[126.91127,37.48627],[126.92552,37.49268],[126.92748,37.49502],[126.92791,37.49508],[126.93134,37.49323],[126.94451,37.4925],[126.94696,37.49413],[126.95373,37.49064],[126.96138,37.49287],[126.96107,37.48356],[126.97052,37.47538],[126.9817,37.47653],[126.98293,37.49699],[126.98539,37.49986],[126.98041,37.50654],[126.97903,37.50666],[126.96501,37.5108],[126.9547,37.51606]]]},"properties":{"SIGUNGU_CD":"11200","SIGUNGU_NM":"동작구","BASE_DATE":"20250630"}},
{"type":"Feature","geometry":{"type":"Polygon","coordinates":[[[126.92791,37.49508],[126.92748,37.49502],[126.92552,37.49268],[126.91127,37.48627],[126.9032,37.485],[126.89894,37.47894],[126.90979,37.48077],[126.91075,37.47362],[126.9082,37.47268],[126.91441,37.46161],[126.91403,37.45791],[126.92251,37.45633],[126.92851,37.45054],[126.9284,37.45021],[126.92891,37.44987],[126.93037,37.4477],[126.93175,37.44498],[126.9349,37.44321],[126.93665,37.44175],[126.93786,37.4402],[126.93862,37.43603],[126.94679,37.43817],[126.94836,37.43871],[126.94877,37.43865],[126.95511,37.43869],[126.95897,37.43907],[126.96294,37.44028],[126.9638,37.44079],[126.96442,37.44431],[126.96429,37.44627],[126.97057,37.44945],[126.97458,37.45441],[126.98678,37.4574],[126.98787,37.45927],[126.98834,37.464],[126.98217,37.47372],[126.9817,37.47653],[126.97052,37.47538],[126.96107,37.48356],[126.96138,37.49287],[126.95373,37.49064],[126.94696,37.49413],[126.94451,37.4925],[126.93134,37.49323],[126.92791,37.49508]]]},"properties":{"SIGUNGU_CD":"11210","SIGUNGU_NM":"관악구","BASE_DATE":"20250630"}},
{"type":"Feature","geometry":{"type":"Polygon","coordinates":[[[127.00858,37.5256],[127.00646,37.52344],[126.9907,37.51309],[126.98555,37.50654],[126.98041,37.50654],[126.98539,37.49986],[126.98293,37.49699],[126.98217,37.47372],[126.98834,37.464],[126.98787,37.45927],[126.9895,37.45852],[126.99677,37.46187],[126.99623,37.46661],[127.00368,37.46772],[127.00871,37.45776],[127.01451,37.45486],[127.01629,37.45523],[127.01695,37.45597],[127.01755,37.45614],[127.026,37.45782],[127.02953,37.46537],[127.03348,37.46464],[127.03461,37.46371],[127.03453,37.46334],[127.03375,37.46118],[127.03781,37.44892],[127.03557,37.439],[127.04005,37.43824],[127.04631,37.43345],[127.04722,37.43204],[127.04737,37.4307],[127.04987,37.43031],[127.06568,37.42899],[127.07033,37.43048],[127.07117,37.43042],[127.07376,37.43779],[127.07163,37.44152],[127.08017,37.44105],[127.08786,37.44489],[127.09354,37.45589],[127.09544,37.45756],[127.09566,37.46102],[127.08414,37.473],[127.08494,37.47566],[127.07692,37.47524],[127.06568,37.46959],[127.0508,37.46725],[127.0509,37.47181],[127.04519,37.47736],[127.04175,37.48544],[127.03409,37.48437],[127.02052,37.5128],[127.01782,37.52181],[127.00858,37.5256]]]},"properties":{"SIGUNGU_CD":"11220","SIGUNGU_NM":"서초구","BASE_DATE":"20250630"}},
{"type":"Feature","geometry":{"type":"Polygon","coordinates":[[[127.02118,37.53582],[127.01553,37.53244],[127.0149,37.53221],[127.00858,37.5256],[127.01782,37.52181],[127.02052,37.5128],[127.03409,37.48437],[127.04175,37.48544],[127.04519,37.47736],[127.0509,37.47181],[127.0508,37.46725],[127.06568,37.46959],[127.07692,37.47524],[127.08494,37.47566],[127.08414,37.473],[127.09566,37.46102],[127.09544,37.45756],[127.09577,37.45652],[127.0991,37.45622],[127.10561,37.46218],[127.1073,37.46218],[127.10989,37.46194],[127.11333,37.46109],[127.1169,37.45864],[127.12186,37.46514],[127.12421,37.46652],[127.11297,37.48172],[127.10701,37.49029],[127.09976,37.49451],[127.07699,37.50207],[127.06981,37.50274],[127.06767,37.51987],[127.06748,37.52458],[127.06543,37.52506],[127.06032,37.52703],[127.05512,37.52866],[127.04039,37.53582],[127.02118,37.53582]]]},"properties":{"SIGUNGU_CD":"11230","SIGUNGU_NM":"강남구","BASE_DATE":"20250630"}},
{"type":"Feature","geometry":{"type":"Polygon","coordinates":[[[127.14383,37.51703],[127.11909,37.52796],[127.12344,37.53865],[127.1131,37.54317],[127.10924,37.54317],[127.10828,37.54141],[127.09014,37.52701],[127.07997,37.52295],[127.07432,37.52287],[127.06866,37.52387],[127.06748,37.52458],[127.06767,37.51987],[127.06981,37.50274],[127.07699,37.50207],[127.09976,37.49451],[127.10701,37.49029],[127.11297,37.48172],[127.12421,37.46652],[127.12505,37.46726],[127.1328,37.46839],[127.13286,37.47463],[127.1364,37.47417],[127.14353,37.47393],[127.14715,37.47722],[127.14868,37.48404],[127.15851,37.48967],[127.16143,37.50002],[127.1502,37.50474],[127.14105,37.50541],[127.13993,37.50852],[127.14544,37.51606],[127.14383,37.51703]]]},"properties":{"SIGUNGU_CD":"11240","SIGUNGU_NM":"송파구","BASE_DATE":"20250630"}},
{"type":"Feature","geometry":{"type":"Polygon","coordinates":[[[127.17542,37.5783],[127.17715,37.5812],[127.17025,37.57902],[127.16675,37.57898],[127.14895,37.56843],[127.13767,37.56842],[127.12296,37.56349],[127.11565,37.5577],[127.11409,37.55408],[127.11147,37.54693],[127.10924,37.54317],[127.1131,37.54317],[127.12344,37.53865],[127.11909,37.52796],[127.14383,37.51703],[127.14509,37.51683],[127.14479,37.51962],[127.15316,37.52911],[127.15357,37.53367],[127.16316,37.54499],[127.16689,37.54427],[127.18169,37.54644],[127.182,37.56099],[127.17542,37.5783]]]},"properties":{"SIGUNGU_CD":"11250","SIGUNGU_NM":"강동구","BASE_DATE":"20250630"}},
{"type":"Feature","geometry":{"type":"Polygon","coordinates":[[[129.03275,35.1163],[129.0317,35.11606],[129.02826,35.11546],[129.02745,35.11554],[129.02793,35.11448],[129.02808,35.11215],[129.02139,35.10589],[129.02556,35.09724],[129.02645,35.0957],[129.03739,35.09666],[129.03944,35.10325],[129.042,35.10166],[129.04403,35.10761],[129.03275,35.1163]]]},"properties":{"SIGUNGU_CD":"21010","SIGUNGU_NM":"중구","BASE_DATE":"20250630"}},
{"type":"Feature","geometry":{"type":"Polygon","coordinates":[[[129.01056,35.13883],[128.99603,35.14041],[129.00433,35.13641],[129.00404,35.12804],[129.00303,35.12546],[129.00001,35.1237],[128.99936,35.12206],[128.99879,35.1198],[128.99902,35.11854],[129.00272,35.11725],[129.00355,35.11126],[129.01048,35.10569],[129.00733,35.10116],[129.01421,35.09374],[129.01117,35.07679],[129.00446,35.07844],[129.0055,35.0711],[129.01165,35.05246],[129.02232,35.06186],[129.02129,35.06967],[129.01694,35.07452],[129.02463,35.07616],[129.02705,35.08534],[129.02645,35.0957],[129.02556,35.09724],[129.02139,35.10589],[129.02808,35.11215],[129.02793,35.11448],[129.02745,35.11554],[129.02621,35.11657],[129.0243,35.11879],[129.02556,35.13456],[129.02246,35.13679],[129.01273,35.13702],[129.01056,35.13883]]]},"properties":{"SIGUNGU_CD":"21020","SIGUNGU_NM":"서구","BASE_DATE":"20250630"}},
{"type":"Feature","geometry":{"type":"Polygon","coordinates":[[[129.04327,35.14587],[129.04037,35.14551],[129.03999,35.14499],[129.03905,35.14354],[129.03875,35.1403],[129.03771,35.13973],[129.03599,35.13855],[129.03452,35.13772],[129.03317,35.1371],[129.02563,35.13566],[129.02556,35.13456],[129.0243,35.11879],[129.02621,35.11657],[129.02826,35.11546],[129.0317,35.11606],[129.03275,35.1163],[129.04403,35.10761],[129.05251,35.11296],[129.04865,35.12071],[129.05537,35.12532],[129.05234,35.12051],[129.05607,35.11803],[129.06554,35.129],[129.06612,35.13034],[129.06547,35.13564],[129.0662,35.13836],[129.06576,35.13966],[129.06454,35.14142],[129.05173,35.1423],[129.04327,35.14587]]]},"properties":{"SIGUNGU_CD":"21030","SIGUNGU_NM":"동구","BASE_DATE":"20250630"}},
{"type":"Feature","geometry":{"type":"Polygon","coordinates":[[[129.06311,35.10336],[129.04002,35.09556],[129.03711,35.09186],[129.03144,35.09393],[129.0344,35.08502],[129.05203,35.07226],[129.06563,35.06756],[129.06452,35.06191],[129.07088,35.05852],[129.07721,35.06042],[129.08183,35.05547],[129.08204,35.05111],[129.08642,35.04927],[129.09305,35.0522],[129.09643,35.05978],[129.08792,35.06268],[129.0848,35.06969],[129.07998,35.07139],[129.09471,35.07651],[129.09258,35.08035],[129.08423,35.07388],[129.07754,35.08345],[129.07937,35.08477],[129.06841,35.09595],[129.05913,35.1004],[129.06311,35.10336]]]},"properties":{"SIGUNGU_CD":"21040","SIGUNGU_NM":"영도구","BASE_DATE":"20250630"}},
{"type":"Feature","geometry":{"type":"Polygon","coordinates":[[[129.04398,35.19925],[129.03984,35.20008],[129.0288,35.19436],[129.02586,35.19299],[129.02107,35.18747],[129.02106,35.18203],[129.0105,35.17318],[129.01323,35.16591],[129.0106,35.15875],[129.01543,35.15629],[129.01645,35.15362],[129.01625,35.14335],[129.01273,35.13702],[129.02246,35.13679],[129.02563,35.13566],[129.03317,35.1371],[129.03452,35.13772],[129.03599,35.13855],[129.03771,35.13973],[129.03875,35.1403],[129.03905,35.14354],[129.03999,35.14499],[129.04037,35.14551],[129.04327,35.14587],[129.05173,35.1423],[129.06454,35.14142],[129.06328,35.14337],[129.06301,35.14871],[129.0707,35.14813],[129.07867,35.15054],[129.08284,35.15817],[129.0781,35.16438],[129.08198,35.1715],[129.07198,35.17956],[129.067,35.17513],[129.06627,35.17542],[129.06261,35.17736],[129.06001,35.18436],[129.05128,35.18489],[129.04733,35.19217],[129.04459,35.19842],[129.04413,35.19944],[129.04398,35.19925]]]},"properties":{"SIGUNGU_CD":"21050","SIGUNGU_NM":"부산진구","BASE_DATE":"20250630"}},
{"type":"Feature","geometry":{"type":"Polygon","coordinates":[[[129.07755,35.22634],[129.062,35.22484],[129.06076,35.22536],[129.05122,35.21299],[129.05001,35.20661],[129.04422,35.20173],[129.04413,35.19944],[129.04459,35.19842],[129.04824,35.19452],[129.05029,35.19342],[129.05437,35.1926],[129.06082,35.19165],[129.07189,35.19525],[129.07422,35.1981],[129.08036,35.19915],[129.08738,35.19367],[129.11176,35.18887],[129.11415,35.18446],[129.11527,35.18598],[129.11473,35.18799],[129.1145,35.18992],[129.11637,35.20093],[129.11085,35.20398],[129.11031,35.2086],[129.10941,35.21016],[129.10637,35.20956],[129.09494,35.21559],[129.08452,35.21806],[129.08727,35.22186],[129.07972,35.22428],[129.07755,35.22634]]]},"properties":{"SIGUNGU_CD":"21060","SIGUNGU_NM":"동래구","BASE_DATE":"20250630"}},
{"type":"Feature","geometry":{"type":"Polygon","coordinates":[[[129.11175,35.13632],[129.10215,35.14269],[129.10122,35.15184],[129.09578,35.16068],[129.0944,35.16088],[129.08284,35.15817],[129.07867,35.15054],[129.0707,35.14813],[129.06301,35.14871],[129.06328,35.14337],[129.06576,35.13966],[129.0662,35.13836],[129.06547,35.13564],[129.06612,35.13034],[129.06554,35.129],[129.06533,35.12289],[129.07304,35.12218],[129.06738,35.10819],[129.07499,35.10362],[129.09035,35.10362],[129.09379,35.10737],[129.09521,35.09388],[129.09963,35.09118],[129.11289,35.10298],[129.11906,35.09925],[129.12363,35.10198],[129.12822,35.11117],[129.12885,35.11771],[129.1229,35.12574],[129.12075,35.13368],[129.1178,35.13211],[129.11175,35.13632]]]},"properties":{"SIGUNGU_CD":"21070","SIGUNGU_NM":"남구","BASE_DATE":"20250630"}},
{"type":"Feature","geometry":{"type":"Polygon","coordinates":[[[129.03591,35.27547],[129.03068,35.27688],[129.02151,35.2761],[129.01712,35.27546],[129.01348,35.27376],[129.01482,35.27053],[129.01162,35.26332],[128.9988,35.23808],[128.99676,35.23608],[128.99822,35.23291],[128.99683,35.22242],[128.99388,35.20811],[128.99119,35.20442],[128.98774,35.20146],[128.99055,35.19389],[128.99251,35.1944],[128.99382,35.19533],[129.0079,35.18812],[129.02107,35.18747],[129.02586,35.19299],[129.0288,35.19436],[129.03984,35.20008],[129.04398,35.19925],[129.04422,35.20173],[129.05001,35.20661],[129.05122,35.21299],[129.06076,35.22536],[129.06113,35.22898],[129.04893,35.22865],[129.04432,35.23069],[129.05038,35.24125],[129.04536,35.25154],[129.04854,35.25525],[129.03674,35.26054],[129.037,35.26149],[129.04237,35.26395],[129.04653,35.27281],[129.0475,35.27421],[129.03873,35.27536],[129.03591,35.27547]]]},"properties":{"SIGUNGU_CD":"21080","SIGUNGU_NM":"북구","BASE_DATE":"20250630"}},
{"type":"Feature","geometry":{"type":"Polygon","coordinates":[[[129.14863,35.24606],[129.14705,35.24943],[129.1446,35.25094],[129.14347,35.24844],[129.14371,35.24695],[129.14099,35.24389],[129.14158,35.24251],[129.13102,35.23534],[129.12701,35.22714],[129.11682,35.22232],[129.11891,35.2135],[129.11024,35.21015],[129.11031,35.2086],[129.11085,35.20398],[129.11637,35.20093],[129.1145,35.18992],[129.11473,35.18799],[129.11795,35.18097],[129.11778,35.17991],[129.12115,35.17336],[129.12602,35.16534],[129.13006,35.16243],[129.13087,35.16125],[129.13584,35.16271],[129.14632,35.1534],[129.15117,35.15648],[129.17004,35.15897],[129.1814,35.15469],[129.18671,35.15924],[129.19439,35.16021],[129.19822,35.17149],[129.19761,35.17513],[129.20172,35.17989],[129.20842,35.18198],[129.207,35.19565],[129.20414,35.19808],[129.19486,35.19854],[129.18815,35.18931],[129.18319,35.19004],[129.18545,35.19545],[129.17214,35.20222],[129.16966,35.20098],[129.1601,35.20641],[129.16039,35.2119],[129.16491,35.21516],[129.16905,35.22779],[129.16065,35.23589],[129.15539,35.23588],[129.15637,35.24427],[129.15148,35.24534],[129.14863,35.24606]]]},"properties":{"SIGUNGU_CD":"21090","SIGUNGU_NM":"해운대구","BASE_DATE":"20250630"}},
{"type":"Feature","geometry":{"type":"MultiPolygon","coordinates":[[[[128.95347,35.06199],[128.94461,35.0745],[128.93021,35.05833],[128.93514,35.05061],[128.92866,35.05686],[128.92442,35.0552],[128.92723,35.05153],[128.93842,35.04826],[128.9566,35.04714],[128.95373,35.05316],[128.94588,35.05555],[128.95411,35.05562],[128.95347,35.06199]]],[[[128.9816,35.11967],[128.97588,35.11705],[128.96369,35.12193],[128.95944,35.11771],[128.95746,35.1243],[128.96057,35.13105],[128.96196,35.13526],[128.96223,35.13683],[128.95675,35.13511],[128.94778,35.1227],[128.93487,35.1119],[128.93908,35.10867],[128.93628,35.1064],[128.93098,35.09065],[128.93216,35.08488],[128.92857,35.07871],[128.93267,35.07399],[128.94407,35.08844],[128.94882,35.10713],[128.95636,35.10589],[128.9548,35.09344],[128.95092,35.08499],[128.95073,35.0792],[128.95755,35.05287],[128.96003,35.04762],[128.9677,35.04298],[128.96432,35.03507],[128.9764,35.04212],[128.96958,35.04507],[128.97304,35.04923],[128.9825,35.04635],[128.9826,35.0517],[128.97239,35.05447],[128.98458,35.05978],[128.98837,35.05797],[128.99253,35.04871],[128.99649,35.04426],[129.00138,35.04911],[128.99536,35.06339],[128.99496,35.07576],[128.99306,35.08395],[129.00524,35.08444],[129.00446,35.07844],[129.01117,35.07679],[129.01421,35.09374],[129.00733,35.10116],[129.01048,35.10569],[129.00355,35.11126],[129.00272,35.11725],[128.99902,35.11854],[128.99879,35.1198],[128.99936,35.12206],[128.99681,35.12363],[128.98995,35.1246],[128.98465,35.12226],[128.9816,35.11967]]]]},"properties":{"SIGUNGU_CD":"21100","SIGUNGU_NM":"사하구","BASE_DATE":"20250630"}},
{"type":"Feature","geometry":{"type":"Polygon","coordinates":[[[129.1086,35.30555],[129.10561,35.30658],[129.10067,35.30397],[129.09055,35.30342],[129.0861,35.30137],[129.07427,35.29076],[129.06933,35.29379],[129.05836,35.29484],[129.05217,35.28586],[129.05387,35.28287],[129.04775,35.27452],[129.04653,35.27281],[129.04237,35.26395],[129.037,35.26149],[129.03674,35.26054],[129.04854,35.25525],[129.04536,35.25154],[129.05038,35.24125],[129.04432,35.23069],[129.04893,35.22865],[129.06113,35.22898],[129.062,35.22484],[129.07755,35.22634],[129.07972,35.22428],[129.08727,35.22186],[129.08452,35.21806],[129.09494,35.21559],[129.10637,35.20956],[129.10941,35.21016],[129.11024,35.21015],[129.11891,35.2135],[129.11682,35.22232],[129.12701,35.22714],[129.13102,35.23534],[129.14158,35.24251],[129.14099,35.24389],[129.14371,35.24695],[129.14347,35.24844],[129.1446,35.25094],[129.14416,35.25116],[129.13827,35.25431],[129.1396,35.25963],[129.12258,35.2619],[129.12073,35.26726],[129.12602,35.27849],[129.12423,35.28127],[129.12818,35.28934],[129.13214,35.29189],[129.12953,35.29827],[129.12174,35.30205],[129.10856,35.30458],[129.1086,35.30555]]]},"properties":{"SIGUNGU_CD":"21110","SIGUNGU_NM":"금정구","BASE_DATE":"20250630"}},
{"type":"Feature","geometry":{"type":"MultiPolygon","coordinates":[[[[128.76869,35.01605],[128.76554,35.01194],[128.77139,35.01389],[128.76869,35.01605]]],[[[128.91084,35.0636],[128.90526,35.06226],[128.90842,35.05862],[128.91696,35.05619],[128.91999,35.06126],[128.91084,35.0636]]],[[[128.89202,35.06158],[128.88784,35.06499],[128.88658,35.06111],[128.89166,35.05867],[128.91774,35.05439],[128.8991,35.06056],[128.89169,35.06441],[128.89202,35.06158]]],[[[128.86832,35.0722],[128.8589,35.07076],[128.85784,35.06865],[128.86992,35.06462],[128.88017,35.06376],[128.88556,35.06855],[128.86832,35.0722]]],[[[128.81151,35.07758],[128.83238,35.07761],[128.83239,35.07131],[128.79385,35.06485],[128.79096,35.06169],[128.79095,35.05341],[128.79634,35.05339],[128.7995,35.04763],[128.80565,35.04746],[128.81242,35.0397],[128.80784,35.03125],[128.81534,35.02804],[128.81228,35.02349],[128.80734,35.02493],[128.80617,35.02119],[128.82338,35.01683],[128.82647,35.0104],[128.82033,35.00944],[128.82316,35.00465],[128.8222,34.99451],[128.83018,34.99449],[128.82853,34.98862],[128.83904,34.99736],[128.8374,35.00004],[128.84114,35.00532],[128.83473,35.0107],[128.84363,35.02847],[128.8486,35.03381],[128.85035,35.03924],[128.85023,35.05129],[128.84577,35.05964],[128.84967,35.06229],[128.85829,35.06379],[128.85494,35.06907],[128.84225,35.06955],[128.83751,35.0748],[128.83647,35.06814],[128.84777,35.0625],[128.84542,35.06099],[128.84591,35.05645],[128.83793,35.0536],[128.8338,35.05583],[128.83528,35.06307],[128.83516,35.08638],[128.8287,35.08997],[128.82643,35.08621],[128.81853,35.083],[128.8115,35.08299],[128.81151,35.07758]]],[[[128.99676,35.23608],[128.99429,35.23404],[128.98416,35.22976],[128.97274,35.22723],[128.94853,35.22524],[128.944,35.22833],[128.93669,35.22546],[128.92924,35.22003],[128.92013,35.21642],[128.9125,35.22252],[128.90502,35.22007],[128.90969,35.21546],[128.89661,35.21314],[128.8864,35.21448],[128.87899,35.20999],[128.87035,35.20156],[128.87619,35.19263],[128.87645,35.18754],[128.88142,35.18282],[128.88085,35.17145],[128.87348,35.17414],[128.87812,35.16849],[128.87604,35.16554],[128.88139,35.16134],[128.87421,35.15842],[128.87666,35.15128],[128.87166,35.15046],[128.86518,35.15819],[128.87273,35.16178],[128.86739,35.16771],[128.85974,35.16817],[128.84629,35.16469],[128.84293,35.15799],[128.83601,35.15914],[128.82753,35.15559],[128.81597,35.16016],[128.80587,35.16044],[128.79367,35.15716],[128.79464,35.15589],[128.80177,35.1466],[128.80213,35.1419],[128.81536,35.13263],[128.82423,35.13103],[128.82727,35.12816],[128.83298,35.12994],[128.83742,35.12409],[128.83785,35.12337],[128.83788,35.1229],[128.83739,35.12148],[128.83704,35.12059],[128.8361,35.11959],[128.83683,35.11855],[128.84278,35.11351],[128.8417,35.10599],[128.83392,35.10181],[128.82486,35.10234],[128.82178,35.09792],[128.82035,35.09642],[128.82178,35.09774],[128.83209,35.08838],[128.8352,35.08842],[128.83738,35.08329],[128.86823,35.08322],[128.8703,35.08079],[128.88416,35.07933],[128.8833,35.08233],[128.88784,35.09005],[128.88947,35.10784],[128.89395,35.11572],[128.8945,35.1218],[128.90563,35.11806],[128.90064,35.11138],[128.89844,35.09531],[128.89526,35.08642],[128.89524,35.07892],[128.91119,35.07893],[128.91228,35.08638],[128.91691,35.08973],[128.93019,35.09272],[128.93079,35.10489],[128.93487,35.1119],[128.94778,35.1227],[128.95675,35.13511],[128.95964,35.13665],[128.96064,35.15422],[128.96289,35.16438],[128.96329,35.18364],[128.96632,35.1879],[128.98188,35.19666],[128.99119,35.20442],[128.99388,35.20811],[128.99683,35.22242],[128.99822,35.23291],[128.99676,35.23608]]]]},"properties":{"SIGUNGU_CD":"21120","SIGUNGU_NM":"강서구","BASE_DATE":"20250630"}},
{"type":"Feature","geometry":{"type":"Polygon","coordinates":[[[129.08036,35.19915],[129.07422,35.1981],[129.07189,35.19525],[129.06082,35.19165],[129.05437,35.1926],[129.05029,35.19342],[129.04824,35.19452],[129.04733,35.19217],[129.05128,35.18489],[129.06001,35.18436],[129.06261,35.17736],[129.06627,35.17542],[129.067,35.17513],[129.07198,35.17956],[129.08198,35.1715],[129.0781,35.16438],[129.08284,35.15817],[129.0944,35.16088],[129.09496,35.16216],[129.09158,35.16549],[129.09714,35.17163],[129.09747,35.17942],[129.10357,35.18087],[129.11138,35.17588],[129.11519,35.18355],[129.11415,35.18446],[129.11176,35.18887],[129.08738,35.19367],[129.08036,35.19915]]]},"properties":{"SIGUNGU_CD":"21130","SIGUNGU_NM":"연제구","BASE_DATE":"20250630"}},
{"type":"Feature","geometry":{"type":"Polygon","coordinates":[[[129.11527,35.18598],[129.11519,35.18355],[129.11138,35.17588],[129.10357,35.18087],[129.09747,35.17942],[129.09714,35.17163],[129.09158,35.16549],[129.09496,35.16216],[129.09578,35.16068],[129.10122,35.15184],[129.10215,35.14269],[129.11175,35.13632],[129.11781,35.13986],[129.11564,35.14933],[129.12146,35.15441],[129.12426,35.15272],[129.1345,35.15477],[129.13087,35.16125],[129.13006,35.16243],[129.12602,35.16534],[129.12115,35.17336],[129.11778,35.17991],[129.11795,35.18097],[129.11527,35.18598]]]},"properties":{"SIGUNGU_CD":"21140","SIGUNGU_NM":"수영구","BASE_DATE":"20250630"}},
{"type":"Feature","geometry":{"type":"Polygon","coordinates":[[[128.99251,35.1944],[128.99055,35.19389],[128.98774,35.20146],[128.98188,35.19666],[128.96632,35.1879],[128.96329,35.18364],[128.96289,35.16438],[128.96064,35.15422],[128.95964,35.13665],[128.96223,35.13683],[128.96196,35.13526],[128.96057,35.13105],[128.95746,35.1243],[128.95944,35.11771],[128.96369,35.12193],[128.97588,35.11705],[128.9816,35.11967],[128.98465,35.12226],[128.98995,35.1246],[128.99681,35.12363],[129.00001,35.1237],[129.00303,35.12546],[129.00404,35.12804],[129.00433,35.13641],[128.99603,35.14041],[129.01056,35.13883],[129.01625,35.14335],[129.01645,35.15362],[129.01543,35.15629],[129.0106,35.15875],[129.01323,35.16591],[129.0105,35.17318],[129.02106,35.18203],[129.02107,35.18747],[129.0079,35.18812],[128.99382,35.19533],[128.99251,35.1944]]]},"properties":{"SIGUNGU_CD":"21150","SIGUNGU_NM":"사상구","BASE_DATE":"20250630"}},
{"type":"Feature","geometry":{"type":"Polygon","coordinates":[[[129.30181,35.33673],[129.29189,35.33682],[129.28909,35.34047],[129.27966,35.34137],[129.28493,35.35073],[129.28052,35.35622],[129.28203,35.36396],[129.27734,35.37136],[129.26798,35.3801],[129.26552,35.38714],[129.25797,35.38412],[129.25064,35.38737],[129.24681,35.38275],[129.24097,35.38507],[129.2354,35.38026],[129.2302,35.38114],[129.21854,35.37895],[129.21156,35.38078],[129.20117,35.38778],[129.19937,35.38904],[129.19359,35.38209],[129.19918,35.37598],[129.19876,35.3665],[129.19337,35.36124],[129.18573,35.35857],[129.17819,35.35177],[129.17435,35.35172],[129.16281,35.35681],[129.16111,35.3594],[129.14876,35.36425],[129.12757,35.36773],[129.1212,35.36736],[129.13468,35.35301],[129.12714,35.3454],[129.12396,35.33714],[129.12595,35.33342],[129.11814,35.32248],[129.11218,35.31735],[129.11241,35.31014],[129.10856,35.30458],[129.12174,35.30205],[129.12953,35.29827],[129.13214,35.29189],[129.12818,35.28934],[129.12423,35.28127],[129.12602,35.27849],[129.12073,35.26726],[129.12258,35.2619],[129.1396,35.25963],[129.13827,35.25431],[129.14416,35.25116],[129.14705,35.24943],[129.14863,35.24606],[129.15148,35.24534],[129.15637,35.24427],[129.15539,35.23588],[129.16065,35.23589],[129.16905,35.22779],[129.16491,35.21516],[129.16039,35.2119],[129.1601,35.20641],[129.16966,35.20098],[129.17214,35.20222],[129.18545,35.19545],[129.18319,35.19004],[129.18815,35.18931],[129.19486,35.19854],[129.20414,35.19808],[129.207,35.19565],[129.20842,35.18198],[129.21201,35.18124],[129.217,35.18728],[129.2192,35.18383],[129.2241,35.18582],[129.22579,35.19686],[129.22959,35.19694],[129.23017,35.20404],[129.22201,35.21255],[129.23082,35.22048],[129.23918,35.22109],[129.24063,35.22928],[129.24557,35.23093],[129.24306,35.23825],[129.24875,35.23956],[129.24686,35.24471],[129.25295,35.24611],[129.25264,35.2594],[129.23517,35.25831],[129.23529,35.26455],[129.24406,35.26511],[129.24561,35.27236],[129.25351,35.27175],[129.25558,35.28037],[129.26051,35.28281],[129.25721,35.28855],[129.26118,35.29659],[129.25793,35.30579],[129.26412,35.31836],[129.26815,35.32169],[129.28054,35.32651],[129.28818,35.3234],[129.28865,35.31895],[129.29919,35.31836],[129.30483,35.32989],[129.30367,35.33562],[129.30181,35.33673]]]},"properties":{"SIGUNGU_CD":"21510","SIGUNGU_NM":"기장군","BASE_DATE":"20250630"}},
{"type":"Feature","geometry":{"type":"Polygon","coordinates":[[[128.57773,35.8796],[128.57695,35.87622],[128.57632,35.87535],[128.57626,35.87453],[128.57558,35.8731],[128.57967,35.87038],[128.57377,35.86537],[128.57445,35.86007],[128.58286,35.85633],[128.59808,35.85552],[128.60813,35.85563],[128.60799,35.8583],[128.60867,35.86079],[128.61423,35.8664],[128.61418,35.86769],[128.61369,35.87],[128.61248,35.87411],[128.60729,35.87399],[128.58754,35.87771],[128.57773,35.8796]]]},"properties":{"SIGUNGU_CD":"22010","SIGUNGU_NM":"중구","BASE_DATE":"20250630"}},
{"type":"Feature","geometry":{"type":"Polygon","coordinates":[[[128.6956,36.01617],[128.68708,36.01413],[128.68009,36.01482],[128.66952,36.01327],[128.66544,36.01051],[128.65419,36.00946],[128.65101,36.00731],[128.64286,36.0103],[128.63996,36.00957],[128.63058,36.00712],[128.61749,36.00674],[128.60336,35.98799],[128.60338,35.98782],[128.61293,35.98254],[128.61745,35.97728],[128.61891,35.97649],[128.6183,35.97057],[128.62326,35.96548],[128.62656,35.95656],[128.62345,35.95229],[128.62332,35.94619],[128.62658,35.94537],[128.62518,35.93555],[128.6318,35.92643],[128.63234,35.92056],[128.63207,35.91188],[128.62704,35.90497],[128.63165,35.89312],[128.62794,35.88946],[128.62216,35.89243],[128.6174,35.88931],[128.60867,35.87614],[128.61248,35.87411],[128.61369,35.87],[128.61466,35.86814],[128.62976,35.86665],[128.63415,35.87164],[128.64955,35.8784],[128.65091,35.87849],[128.65205,35.87808],[128.65641,35.87602],[128.65779,35.87632],[128.65904,35.87659],[128.66736,35.87243],[128.67578,35.87331],[128.68265,35.86081],[128.68602,35.85897],[128.68866,35.8595],[128.70306,35.85752],[128.71143,35.86082],[128.72411,35.85994],[128.7256,35.85773],[128.72661,35.85686],[128.73502,35.85144],[128.73857,35.8513],[128.75075,35.85751],[128.7598,35.86607],[128.75773,35.87003],[128.7611,35.87474],[128.75751,35.87597],[128.76127,35.88784],[128.75751,35.89627],[128.75673,35.90467],[128.7598,35.90683],[128.7553,35.91501],[128.74268,35.9204],[128.73667,35.92963],[128.74409,35.94396],[128.73981,35.9548],[128.74299,35.95995],[128.74534,35.97403],[128.73803,35.97752],[128.73097,35.98536],[128.73486,35.99296],[128.7336,35.99392],[128.72821,35.99836],[128.72688,36.00323],[128.72576,36.00395],[128.71786,36.00813],[128.70138,36.01085],[128.69678,36.01459],[128.6956,36.01617]]]},"properties":{"SIGUNGU_CD":"22020","SIGUNGU_NM":"동구","BASE_DATE":"20250630"}},
{"type":"Feature","geometry":{"type":"Polygon","coordinates":[[[128.58,35.87913],[128.58184,35.8851],[128.57593,35.8876],[128.55493,35.89084],[128.55189,35.89722],[128.54088,35.89352],[128.5347,35.88582],[128.52888,35.88596],[128.52799,35.88666],[128.52636,35.88834],[128.52481,35.88643],[128.51765,35.88466],[128.51879,35.87976],[128.52035,35.87641],[128.51879,35.86964],[128.51927,35.86931],[128.52067,35.86748],[128.52546,35.86585],[128.5277,35.86456],[128.5276,35.86164],[128.53391,35.86206],[128.53327,35.85875],[128.54809,35.8543],[128.5585,35.85822],[128.56677,35.86072],[128.57418,35.8626],[128.57377,35.86537],[128.57967,35.87038],[128.57558,35.8731],[128.57626,35.87453],[128.57632,35.87535],[128.57695,35.87622],[128.57773,35.8796],[128.58,35.87913]]]},"properties":{"SIGUNGU_CD":"22030","SIGUNGU_NM":"서구","BASE_DATE":"20250630"}},
{"type":"Feature","geometry":{"type":"Polygon","coordinates":[[[128.58286,35.85633],[128.57445,35.86007],[128.5736,35.85111],[128.5621,35.84354],[128.55599,35.83555],[128.56312,35.82433],[128.56861,35.82493],[128.57078,35.81941],[128.57504,35.81718],[128.58417,35.80719],[128.58784,35.80785],[128.5878,35.80767],[128.58953,35.80794],[128.59042,35.80843],[128.59192,35.80964],[128.59983,35.81479],[128.60766,35.8271],[128.60572,35.83536],[128.60776,35.84643],[128.60869,35.85426],[128.59808,35.85552],[128.58286,35.85633]]]},"properties":{"SIGUNGU_CD":"22040","SIGUNGU_NM":"남구","BASE_DATE":"20250630"}},
{"type":"Feature","geometry":{"type":"Polygon","coordinates":[[[128.61745,35.97728],[128.61293,35.98254],[128.60338,35.98782],[128.6035,35.98601],[128.59293,35.98336],[128.59304,35.98084],[128.58234,35.97825],[128.57284,35.97831],[128.56471,35.97294],[128.55637,35.97174],[128.55665,35.96976],[128.55332,35.96076],[128.54634,35.96634],[128.54374,35.97444],[128.53612,35.97944],[128.52835,35.98035],[128.5269,35.97585],[128.5305,35.96199],[128.53481,35.95838],[128.53255,35.95054],[128.53528,35.93838],[128.52946,35.92359],[128.5258,35.92292],[128.52316,35.91757],[128.5169,35.91184],[128.51012,35.90993],[128.50486,35.89933],[128.50465,35.89801],[128.50495,35.89169],[128.50483,35.89145],[128.50517,35.89128],[128.50696,35.89293],[128.50775,35.89323],[128.51329,35.89324],[128.52436,35.88917],[128.52645,35.88831],[128.52799,35.88666],[128.52888,35.88596],[128.5347,35.88582],[128.54088,35.89352],[128.55189,35.89722],[128.55493,35.89084],[128.57593,35.8876],[128.58184,35.8851],[128.58,35.87913],[128.58754,35.87771],[128.60729,35.87399],[128.60867,35.87614],[128.6174,35.88931],[128.62216,35.89243],[128.62794,35.88946],[128.63165,35.89312],[128.62704,35.90497],[128.63207,35.91188],[128.63234,35.92056],[128.6318,35.92643],[128.62518,35.93555],[128.62658,35.94537],[128.62332,35.94619],[128.62345,35.95229],[128.62656,35.95656],[128.62326,35.96548],[128.6183,35.97057],[128.61891,35.97649],[128.61745,35.97728]]]},"properties":{"SIGUNGU_CD":"22050","SIGUNGU_NM":"북구","BASE_DATE":"20250630"}},
{"type":"Feature","geometry":{"type":"Polygon","coordinates":[[[128.65091,35.87849],[128.64955,35.8784],[128.63415,35.87164],[128.62976,35.86665],[128.61466,35.86814],[128.61418,35.86769],[128.61423,35.8664],[128.60867,35.86079],[128.60799,35.8583],[128.60813,35.85563],[128.60869,35.85426],[128.60776,35.84643],[128.60572,35.83536],[128.60766,35.8271],[128.59983,35.81479],[128.59192,35.80964],[128.59148,35.80927],[128.59843,35.80569],[128.6024,35.8063],[128.61692,35.80275],[128.62051,35.80599],[128.62914,35.80254],[128.63452,35.80369],[128.64271,35.80212],[128.6513,35.80283],[128.65349,35.79926],[128.66253,35.79839],[128.6749,35.79517],[128.68205,35.78997],[128.68519,35.79098],[128.69456,35.79678],[128.69747,35.79435],[128.70788,35.80039],[128.71016,35.80425],[128.71606,35.80528],[128.71389,35.81751],[128.70906,35.8216],[128.70864,35.82657],[128.71977,35.83606],[128.72507,35.83605],[128.72687,35.84721],[128.72187,35.85695],[128.72435,35.858],[128.7256,35.85773],[128.72411,35.85994],[128.71143,35.86082],[128.70306,35.85752],[128.68866,35.8595],[128.68602,35.85897],[128.68265,35.86081],[128.67578,35.87331],[128.66736,35.87243],[128.65904,35.87659],[128.65779,35.87632],[128.65641,35.87602],[128.65205,35.87808],[128.65091,35.87849]]]},"properties":{"SIGUNGU_CD":"22060","SIGUNGU_NM":"수성구","BASE_DATE":"20250630"}},
{"type":"Feature","geometry":{"type":"Polygon","coordinates":[[[128.51563,35.86768],[128.51154,35.86836],[128.50187,35.86407],[128.49833,35.86409],[128.48674,35.8681],[128.48173,35.86793],[128.47616,35.86016],[128.47312,35.85972],[128.47102,35.84692],[128.46869,35.83846],[128.47416,35.83254],[128.48122,35.83009],[128.48296,35.82301],[128.48268,35.81546],[128.49029,35.81987],[128.50003,35.81797],[128.50655,35.81468],[128.51338,35.80989],[128.50789,35.80619],[128.51452,35.80579],[128.51664,35.7994],[128.52881,35.78814],[128.53319,35.78665],[128.54146,35.78815],[128.55205,35.7793],[128.55447,35.77294],[128.5637,35.77386],[128.567,35.77646],[128.57027,35.7799],[128.56852,35.79283],[128.56935,35.79739],[128.57644,35.79592],[128.58523,35.79895],[128.58761,35.80673],[128.58784,35.80785],[128.58417,35.80719],[128.57504,35.81718],[128.57078,35.81941],[128.56861,35.82493],[128.56312,35.82433],[128.55599,35.83555],[128.5621,35.84354],[128.5736,35.85111],[128.57453,35.86],[128.57418,35.8626],[128.56677,35.86072],[128.5585,35.85822],[128.54809,35.8543],[128.53327,35.85875],[128.53391,35.86206],[128.5276,35.86164],[128.5277,35.86456],[128.52546,35.86585],[128.52067,35.86748],[128.51913,35.86942],[128.51848,35.86867],[128.51563,35.86768]]]},"properties":{"SIGUNGU_CD":"22070","SIGUNGU_NM":"달서구","BASE_DATE":"20250630"}},
{"type":"Feature","geometry":{"type":"MultiPolygon","coordinates":[[[[128.49029,35.81987],[128.48268,35.81546],[128.48154,35.81601],[128.47043,35.80592],[128.44103,35.80602],[128.44095,35.80929],[128.42083,35.80935],[128.40812,35.79921],[128.39634,35.77713],[128.39212,35.77329],[128.38343,35.75826],[128.39125,35.74835],[128.42165,35.73313],[128.43321,35.72333],[128.43489,35.71476],[128.43398,35.70707],[128.42546,35.69923],[128.4122,35.69584],[128.39706,35.70022],[128.38197,35.70155],[128.35888,35.7087],[128.3518,35.70402],[128.35155,35.69746],[128.35719,35.6822],[128.36232,35.67557],[128.37251,35.66662],[128.39227,35.65345],[128.40004,35.64555],[128.40125,35.63273],[128.38838,35.61793],[128.37341,35.61249],[128.37115,35.61023],[128.37245,35.60885],[128.38239,35.60697],[128.39929,35.61592],[128.4065,35.61419],[128.413,35.61656],[128.41667,35.62196],[128.42171,35.62398],[128.42387,35.62484],[128.43098,35.62164],[128.44107,35.63399],[128.44648,35.63841],[128.45335,35.6369],[128.46111,35.64066],[128.46626,35.63674],[128.47619,35.64021],[128.48134,35.63527],[128.50003,35.63919],[128.50124,35.63892],[128.5038,35.63878],[128.50624,35.63956],[128.50656,35.64005],[128.50723,35.64095],[128.51061,35.64657],[128.50681,35.65015],[128.50946,35.67471],[128.5148,35.67542],[128.51817,35.67943],[128.52793,35.68316],[128.52991,35.6835],[128.53526,35.69405],[128.53186,35.69662],[128.53389,35.70326],[128.5279,35.71274],[128.53331,35.71647],[128.54409,35.71943],[128.5525,35.7266],[128.56099,35.72971],[128.56355,35.73588],[128.57084,35.73453],[128.58242,35.73833],[128.5896,35.7315],[128.59424,35.73708],[128.6,35.73634],[128.6075,35.739],[128.61389,35.73689],[128.61455,35.72962],[128.6101,35.72621],[128.61582,35.72017],[128.61392,35.70984],[128.624,35.7023],[128.6305,35.70667],[128.63825,35.70579],[128.64621,35.70817],[128.64727,35.71149],[128.66352,35.7205],[128.68324,35.72145],[128.68314,35.72558],[128.68929,35.72973],[128.69096,35.73089],[128.68908,35.73811],[128.69211,35.74229],[128.69366,35.74365],[128.69273,35.74546],[128.69244,35.7467],[128.69549,35.75574],[128.69143,35.76395],[128.68635,35.76872],[128.68707,35.7755],[128.6832,35.78138],[128.6814,35.78586],[128.68233,35.78984],[128.68205,35.78997],[128.6749,35.79517],[128.66253,35.79839],[128.65349,35.79926],[128.6513,35.80283],[128.64271,35.80212],[128.63452,35.80369],[128.62914,35.80254],[128.62051,35.80599],[128.61692,35.80275],[128.6024,35.8063],[128.59843,35.80569],[128.59148,35.80927],[128.58986,35.80806],[128.5878,35.80767],[128.58761,35.80673],[128.58523,35.79895],[128.57644,35.79592],[128.56935,35.79739],[128.56852,35.79283],[128.57027,35.7799],[128.567,35.77646],[128.5637,35.77386],[128.55447,35.77294],[128.55205,35.7793],[128.54146,35.78815],[128.53319,35.78665],[128.52881,35.78814],[128.51664,35.7994],[128.51452,35.80579],[128.50789,35.80619],[128.51338,35.80989],[128.50655,35.81468],[128.50003,35.81797],[128.49029,35.81987]]],[[[128.4582,35.94122],[128.45607,35.94216],[128.45416,35.94315],[128.45034,35.93504],[128.44111,35.93494],[128.44013,35.93253],[128.4249,35.92804],[128.42378,35.92311],[128.41809,35.92129],[128.41829,35.91663],[128.40713,35.90072],[128.39898,35.89993],[128.39913,35.89632],[128.38845,35.87176],[128.38359,35.86255],[128.38351,35.85283],[128.38654,35.85131],[128.38759,35.85241],[128.41598,35.85176],[128.45,35.84666],[128.4666,35.83973],[128.47102,35.84692],[128.47312,35.85972],[128.47616,35.86016],[128.48173,35.86793],[128.48674,35.8681],[128.49833,35.86409],[128.50187,35.86407],[128.51154,35.86836],[128.51563,35.86768],[128.51848,35.86867],[128.51913,35.86942],[128.51879,35.86964],[128.52035,35.87641],[128.51879,35.87976],[128.51765,35.88466],[128.52481,35.88643],[128.52636,35.88834],[128.52436,35.88917],[128.51329,35.89324],[128.50775,35.89323],[128.50696,35.89293],[128.50517,35.89128],[128.50483,35.89145],[128.50391,35.88946],[128.50034,35.88645],[128.49062,35.89758],[128.48462,35.89393],[128.47848,35.89682],[128.47527,35.89446],[128.46775,35.90022],[128.4654,35.90859],[128.47276,35.91444],[128.47326,35.92321],[128.47617,35.92821],[128.47584,35.93547],[128.46963,35.93861],[128.46303,35.93854],[128.4582,35.94122]]]]},"properties":{"SIGUNGU_CD":"22510","SIGUNGU_NM":"달성군","BASE_DATE":"20250630"}},
{"type":"Feature","geometry":{"type":"Polygon","coordinates":[[[128.47103,36.32093],[128.45163,36.3272],[128.44511,36.3184],[128.43804,36.31404],[128.43733,36.30432],[128.43461,36.30569],[128.42789,36.29891],[128.41651,36.29872],[128.41044,36.2872],[128.42644,36.27541],[128.42074,36.26619],[128.41765,36.24586],[128.42382,36.24225],[128.42545,36.23616],[128.434,36.23435],[128.44095,36.21836],[128.44386,36.22122],[128.4509,36.22174],[128.46739,36.23026],[128.4716,36.22916],[128.47845,36.23471],[128.4851,36.2331],[128.48561,36.23026],[128.47974,36.22562],[128.48916,36.22028],[128.48792,36.21472],[128.49156,36.21272],[128.49407,36.20622],[128.49321,36.2007],[128.49887,36.19601],[128.50294,36.18488],[128.50711,36.18557],[128.51342,36.19223],[128.51601,36.1997],[128.52278,36.20142],[128.5275,36.19749],[128.53661,36.19493],[128.54864,36.18004],[128.55688,36.17717],[128.55237,36.16491],[128.54487,36.1661],[128.54008,36.16109],[128.54241,36.15467],[128.55019,36.15065],[128.54827,36.1407],[128.55291,36.13906],[128.54859,36.13216],[128.55488,36.12162],[128.56159,36.11937],[128.56284,36.11112],[128.56522,36.10962],[128.56336,36.09833],[128.56756,36.09555],[128.56901,36.0885],[128.56772,36.07984],[128.56384,36.06976],[128.56892,36.062],[128.5694,36.05823],[128.57199,36.05985],[128.58347,36.06789],[128.58698,36.06365],[128.59446,36.06283],[128.59759,36.06689],[128.59788,36.07496],[128.61821,36.07694],[128.62776,36.08016],[128.63136,36.07671],[128.62759,36.06901],[128.63269,36.06684],[128.62844,36.05995],[128.62773,36.04505],[128.62259,36.03781],[128.62135,36.02524],[128.6369,36.01689],[128.63923,36.01287],[128.64286,36.0103],[128.65101,36.00731],[128.65419,36.00946],[128.66544,36.01051],[128.66952,36.01327],[128.68009,36.01482],[128.68708,36.01413],[128.6956,36.01617],[128.69416,36.01821],[128.69984,36.02866],[128.69644,36.03513],[128.70411,36.04441],[128.70287,36.05551],[128.71146,36.06782],[128.71404,36.07548],[128.72144,36.07313],[128.72372,36.07352],[128.72939,36.08097],[128.7275,36.08681],[128.72293,36.09027],[128.73361,36.09426],[128.73634,36.09941],[128.74413,36.10235],[128.74501,36.10931],[128.75164,36.10305],[128.75367,36.09078],[128.76452,36.10066],[128.76943,36.09691],[128.77648,36.09567],[128.78762,36.08914],[128.78848,36.08614],[128.79853,36.08532],[128.81131,36.08933],[128.81883,36.09413],[128.82228,36.10047],[128.83262,36.10199],[128.83784,36.11305],[128.84314,36.11292],[128.85095,36.11818],[128.85344,36.12842],[128.85087,36.13805],[128.85857,36.14497],[128.86798,36.14524],[128.8743,36.14284],[128.88986,36.14253],[128.89161,36.15504],[128.9002,36.16238],[128.89445,36.16941],[128.89501,36.1732],[128.89094,36.17622],[128.89105,36.18083],[128.88508,36.18401],[128.88076,36.19023],[128.88257,36.19701],[128.88077,36.19886],[128.87436,36.19981],[128.87122,36.20516],[128.85837,36.20781],[128.84851,36.21471],[128.84205,36.21614],[128.83422,36.2146],[128.82656,36.21824],[128.81337,36.21053],[128.8041,36.20981],[128.80379,36.20318],[128.79645,36.19082],[128.78066,36.19438],[128.76996,36.19343],[128.75798,36.20286],[128.75269,36.20281],[128.74959,36.19596],[128.74592,36.19445],[128.735,36.20073],[128.72748,36.20076],[128.71913,36.19808],[128.71863,36.20011],[128.70857,36.19858],[128.69633,36.20215],[128.69989,36.20884],[128.69421,36.21396],[128.69017,36.21219],[128.68271,36.21529],[128.67389,36.21194],[128.67193,36.20834],[128.66741,36.21215],[128.66464,36.21896],[128.65976,36.22138],[128.65303,36.21713],[128.6487,36.21807],[128.63941,36.20748],[128.63541,36.209],[128.63182,36.21621],[128.63489,36.21847],[128.63665,36.2331],[128.63313,36.23866],[128.64137,36.2448],[128.63849,36.25183],[128.6406,36.25751],[128.63614,36.26151],[128.62993,36.26241],[128.62562,36.26607],[128.62065,36.26746],[128.60891,36.27121],[128.59763,36.27133],[128.5945,36.27772],[128.58881,36.27728],[128.57581,36.27993],[128.56675,36.27421],[128.55183,36.27503],[128.54986,36.28424],[128.5428,36.29389],[128.53567,36.29583],[128.52994,36.29383],[128.52588,36.29931],[128.51805,36.30193],[128.51078,36.30067],[128.50851,36.30332],[128.49115,36.30403],[128.47319,36.31218],[128.47182,36.31866],[128.47103,36.32093]]]},"properties":{"SIGUNGU_CD":"22520","SIGUNGU_NM":"군위군","BASE_DATE":"20250630"}},
{"type":"Feature","geometry":{"type":"MultiPolygon","coordinates":[[[[126.44625,37.3753],[126.44001,37.37166],[126.44584,37.371],[126.44625,37.3753]]],[[[126.39338,37.40596],[126.38876,37.40261],[126.39029,37.39578],[126.39691,37.40563],[126.39338,37.40596]]],[[[126.40953,37.41195],[126.40034,37.40145],[126.40027,37.3957],[126.3965,37.39129],[126.40369,37.39179],[126.40707,37.38894],[126.41016,37.3759],[126.40676,37.37266],[126.41644,37.36479],[126.42421,37.36863],[126.4338,37.36878],[126.4345,37.37502],[126.4401,37.37677],[126.43472,37.38174],[126.44148,37.38162],[126.44054,37.38602],[126.4297,37.39111],[126.42244,37.39839],[126.42271,37.40125],[126.41339,37.40573],[126.40953,37.41195]]],[[[126.61822,37.48285],[126.60512,37.48011],[126.60981,37.48293],[126.60807,37.48681],[126.60282,37.48433],[126.595,37.47075],[126.60374,37.46564],[126.60992,37.46915],[126.60698,37.47563],[126.61241,37.47716],[126.61563,37.47022],[126.62505,37.46656],[126.62408,37.46487],[126.61529,37.46829],[126.61423,37.46656],[126.62674,37.46171],[126.62423,37.45768],[126.61216,37.46236],[126.60334,37.46007],[126.60476,37.46474],[126.5957,37.46425],[126.59572,37.45804],[126.60015,37.45982],[126.60322,37.45674],[126.5934,37.45485],[126.59682,37.44947],[126.59303,37.44877],[126.59427,37.43831],[126.60105,37.43834],[126.61092,37.4543],[126.61385,37.4531],[126.61062,37.44796],[126.61867,37.44469],[126.61666,37.44159],[126.60994,37.44433],[126.60785,37.44106],[126.6138,37.43806],[126.6102,37.43011],[126.63236,37.42995],[126.62887,37.44865],[126.62941,37.4519],[126.63271,37.45364],[126.6434,37.46797],[126.64169,37.46871],[126.63745,37.47101],[126.62836,37.47887],[126.62583,37.48077],[126.62046,37.48073],[126.61822,37.48285]]],[[[126.50243,37.531],[126.49733,37.52773],[126.49418,37.50779],[126.47576,37.49972],[126.47059,37.49877],[126.45242,37.49982],[126.41688,37.49646],[126.3743,37.47231],[126.36467,37.47502],[126.35895,37.473],[126.35522,37.46741],[126.36084,37.45749],[126.3682,37.4566],[126.37046,37.44407],[126.36398,37.44263],[126.37662,37.4416],[126.37901,37.4373],[126.38338,37.44037],[126.39012,37.43892],[126.39006,37.44324],[126.39504,37.44606],[126.40545,37.43791],[126.41071,37.43732],[126.41606,37.43193],[126.41969,37.4222],[126.42736,37.42275],[126.44322,37.42117],[126.48135,37.44272],[126.48762,37.44721],[126.49416,37.45633],[126.50631,37.46571],[126.51918,37.46929],[126.53054,37.4741],[126.55026,37.47636],[126.56449,37.47936],[126.57009,37.48418],[126.58233,37.48977],[126.57434,37.50574],[126.56923,37.50787],[126.56486,37.51437],[126.55408,37.5181],[126.54702,37.51758],[126.53156,37.52464],[126.52487,37.52494],[126.52253,37.53046],[126.51201,37.53397],[126.50243,37.531]]],[[[126.55904,37.54814],[126.54846,37.54758],[126.54199,37.54387],[126.54331,37.53818],[126.53553,37.5303],[126.54554,37.52509],[126.55805,37.52113],[126.57528,37.52117],[126.57517,37.53735],[126.57646,37.54357],[126.5678,37.54091],[126.55904,37.54814]]]]},"properties":{"SIGUNGU_CD":"23010","SIGUNGU_NM":"중구","BASE_DATE":"20250630"}},
{"type":"Feature","geometry":{"type":"Polygon","coordinates":[[[126.64076,37.49577],[126.63633,37.4959],[126.60985,37.4874],[126.61166,37.4835],[126.61946,37.48595],[126.61822,37.48285],[126.62046,37.48073],[126.62583,37.48077],[126.62836,37.47887],[126.63745,37.47101],[126.64169,37.46871],[126.64266,37.4683],[126.64227,37.47029],[126.65217,37.46965],[126.65133,37.47405],[126.65498,37.48403],[126.67031,37.47684],[126.67435,37.47561],[126.67443,37.47695],[126.67132,37.47779],[126.66427,37.48309],[126.64076,37.49577]]]},"properties":{"SIGUNGU_CD":"23020","SIGUNGU_NM":"동구","BASE_DATE":"20250630"}},
{"type":"Feature","geometry":{"type":"Polygon","coordinates":[[[126.70499,37.43896],[126.70262,37.43942],[126.70221,37.43935],[126.69813,37.43883],[126.69535,37.4382],[126.69774,37.4336],[126.68725,37.43358],[126.68552,37.43021],[126.6758,37.43037],[126.65973,37.43558],[126.64708,37.43466],[126.63854,37.43039],[126.63336,37.4319],[126.63681,37.41897],[126.63463,37.41807],[126.63279,37.42692],[126.60803,37.42683],[126.60107,37.41972],[126.59214,37.42288],[126.58969,37.4194],[126.59546,37.41672],[126.60974,37.41621],[126.60984,37.39875],[126.6081,37.39761],[126.60991,37.38714],[126.61616,37.37948],[126.65443,37.35604],[126.64889,37.35503],[126.58291,37.35484],[126.58295,37.3472],[126.59626,37.34725],[126.59104,37.33941],[126.58067,37.33925],[126.58064,37.33731],[126.59399,37.3373],[126.59497,37.34332],[126.62258,37.34307],[126.62277,37.3418],[126.64067,37.34196],[126.64363,37.34422],[126.65458,37.3432],[126.66306,37.34601],[126.66761,37.35426],[126.67643,37.35289],[126.69717,37.37512],[126.69524,37.38278],[126.6845,37.38576],[126.66743,37.39225],[126.68604,37.40902],[126.69185,37.41464],[126.70403,37.4249],[126.70527,37.42726],[126.70499,37.43896]],[[126.65482,37.35578],[126.66283,37.35085],[126.65892,37.34891],[126.65214,37.35305],[126.65482,37.35578]]]},"properties":{"SIGUNGU_CD":"23040","SIGUNGU_NM":"연수구","BASE_DATE":"20250630"}},
{"type":"Feature","geometry":{"type":"Polygon","coordinates":[[[126.76605,37.46971],[126.75706,37.46908],[126.75426,37.46549],[126.74625,37.46444],[126.74185,37.46937],[126.73094,37.473],[126.72196,37.47011],[126.71087,37.47994],[126.708,37.46932],[126.69776,37.46807],[126.68846,37.47083],[126.68623,37.47227],[126.68435,37.46952],[126.6868,37.46619],[126.69269,37.4657],[126.69723,37.46126],[126.6946,37.45877],[126.69321,37.44666],[126.70294,37.44319],[126.70241,37.43938],[126.70262,37.43942],[126.70499,37.43896],[126.70527,37.42726],[126.70403,37.4249],[126.69185,37.41464],[126.68604,37.40902],[126.66743,37.39225],[126.6845,37.38576],[126.6852,37.3867],[126.71708,37.38111],[126.72637,37.38624],[126.73664,37.39652],[126.74441,37.40189],[126.74327,37.40522],[126.7485,37.4074],[126.75169,37.41105],[126.7527,37.41646],[126.75504,37.41795],[126.75325,37.4227],[126.75898,37.4269],[126.76921,37.42751],[126.77114,37.43477],[126.76828,37.44356],[126.77374,37.45052],[126.77902,37.45102],[126.77737,37.45716],[126.77982,37.46583],[126.77787,37.47002],[126.77776,37.47182],[126.76955,37.47198],[126.76769,37.47146],[126.76605,37.46971]]]},"properties":{"SIGUNGU_CD":"23050","SIGUNGU_NM":"남동구","BASE_DATE":"20250630"}},
{"type":"Feature","geometry":{"type":"Polygon","coordinates":[[[126.76023,37.52315],[126.76031,37.52408],[126.68919,37.52357],[126.68881,37.52282],[126.68615,37.52174],[126.68437,37.51881],[126.68327,37.51702],[126.6833,37.51453],[126.68514,37.51344],[126.68682,37.50911],[126.69217,37.50168],[126.68909,37.49921],[126.69751,37.49039],[126.69952,37.48498],[126.69395,37.48554],[126.69233,37.4851],[126.691,37.4794],[126.69071,37.47911],[126.68423,37.47356],[126.68846,37.47083],[126.69776,37.46807],[126.708,37.46932],[126.71087,37.47994],[126.72196,37.47011],[126.73094,37.473],[126.74185,37.46937],[126.74625,37.46444],[126.75426,37.46549],[126.75706,37.46908],[126.76605,37.46971],[126.76769,37.47146],[126.76761,37.47282],[126.75916,37.47692],[126.7544,37.48366],[126.75238,37.4846],[126.74231,37.48695],[126.74241,37.49056],[126.74376,37.50162],[126.74147,37.50899],[126.74593,37.51521],[126.75291,37.51632],[126.75375,37.51685],[126.76028,37.51592],[126.76051,37.51686],[126.7601,37.51742],[126.76021,37.5191],[126.75999,37.51935],[126.76058,37.5227],[126.76023,37.52315]]]},"properties":{"SIGUNGU_CD":"23060","SIGUNGU_NM":"부평구","BASE_DATE":"20250630"}},
{"type":"Feature","geometry":{"type":"Polygon","coordinates":[[[126.73901,37.5937],[126.73675,37.59099],[126.72725,37.5919],[126.72226,37.59067],[126.71909,37.58808],[126.71874,37.58778],[126.71821,37.58288],[126.7136,37.57757],[126.68781,37.58336],[126.68519,37.58419],[126.68212,37.5833],[126.68106,37.58003],[126.68204,37.5774],[126.69914,37.57326],[126.6984,37.56894],[126.70319,37.56478],[126.69954,37.55906],[126.70649,37.5571],[126.71201,37.5526],[126.70635,37.5419],[126.69269,37.54113],[126.69165,37.53613],[126.6845,37.53562],[126.6825,37.53223],[126.6869,37.53067],[126.68859,37.52501],[126.68916,37.52357],[126.76031,37.52408],[126.76011,37.52541],[126.76153,37.542],[126.76641,37.55346],[126.76566,37.55393],[126.76634,37.55487],[126.76478,37.55507],[126.76601,37.55613],[126.77177,37.55863],[126.78032,37.5675],[126.78241,37.57361],[126.79331,37.58025],[126.78705,37.58558],[126.78011,37.58435],[126.77996,37.58402],[126.76752,37.5884],[126.75603,37.58353],[126.7547,37.58014],[126.74953,37.58108],[126.74432,37.5925],[126.73941,37.59291],[126.73901,37.5937]]]},"properties":{"SIGUNGU_CD":"23070","SIGUNGU_NM":"계양구","BASE_DATE":"20250630"}},
{"type":"Feature","geometry":{"type":"MultiPolygon","coordinates":[[[[126.55552,37.57889],[126.55532,37.57553],[126.56469,37.57097],[126.57153,37.57185],[126.55552,37.57889]]],[[[126.65742,37.63795],[126.65401,37.63821],[126.65255,37.63949],[126.64711,37.62748],[126.63685,37.62811],[126.63657,37.62049],[126.63166,37.61734],[126.62574,37.60259],[126.61691,37.60355],[126.61436,37.60629],[126.59172,37.59266],[126.57484,37.58835],[126.58876,37.56982],[126.58664,37.56668],[126.59221,37.56089],[126.6011,37.5615],[126.60654,37.55337],[126.59666,37.54858],[126.59929,37.53327],[126.60263,37.53328],[126.60286,37.51423],[126.60456,37.49588],[126.62634,37.49673],[126.63078,37.50424],[126.63947,37.50422],[126.64076,37.49577],[126.66427,37.48309],[126.67132,37.47779],[126.67443,37.47695],[126.67435,37.47561],[126.67812,37.47472],[126.68503,37.47257],[126.68576,37.47159],[126.68623,37.47227],[126.68423,37.47356],[126.69071,37.47911],[126.691,37.4794],[126.69233,37.4851],[126.69395,37.48554],[126.69952,37.48498],[126.69751,37.49039],[126.68909,37.49921],[126.69217,37.50168],[126.68682,37.50911],[126.68514,37.51344],[126.6833,37.51453],[126.68327,37.51702],[126.68437,37.51881],[126.68615,37.52174],[126.68881,37.52282],[126.68919,37.52357],[126.68859,37.52501],[126.6869,37.53067],[126.6825,37.53223],[126.6845,37.53562],[126.69165,37.53613],[126.69269,37.54113],[126.70635,37.5419],[126.71201,37.5526],[126.70649,37.5571],[126.69954,37.55906],[126.70319,37.56478],[126.6984,37.56894],[126.69914,37.57326],[126.68204,37.5774],[126.68106,37.58003],[126.68212,37.5833],[126.68519,37.58419],[126.68781,37.58336],[126.7136,37.57757],[126.71821,37.58288],[126.71874,37.58778],[126.71909,37.58808],[126.72226,37.59067],[126.72526,37.59217],[126.7163,37.59949],[126.71562,37.60381],[126.70841,37.60491],[126.70468,37.60247],[126.70545,37.61215],[126.69447,37.62034],[126.69062,37.62072],[126.68086,37.62753],[126.67471,37.62988],[126.67242,37.63384],[126.65742,37.63795]]]]},"properties":{"SIGUNGU_CD":"23080","SIGUNGU_NM":"서구","BASE_DATE":"20250630"}},
{"type":"Feature","geometry":{"type":"Polygon","coordinates":[[[126.67031,37.47684],[126.65498,37.48403],[126.65133,37.47405],[126.65217,37.46965],[126.64227,37.47029],[126.64266,37.4683],[126.6434,37.46797],[126.63271,37.45364],[126.62941,37.4519],[126.62887,37.44865],[126.63236,37.42995],[126.63336,37.4319],[126.63854,37.43039],[126.64708,37.43466],[126.65973,37.43558],[126.6758,37.43037],[126.68552,37.43021],[126.68725,37.43358],[126.69774,37.4336],[126.69535,37.4382],[126.69813,37.43883],[126.70221,37.43935],[126.70241,37.43938],[126.70294,37.44319],[126.69321,37.44666],[126.6946,37.45877],[126.69723,37.46126],[126.69269,37.4657],[126.6868,37.46619],[126.68435,37.46952],[126.68503,37.47257],[126.67812,37.47472],[126.67411,37.47565],[126.67031,37.47684]]]},"properties":{"SIGUNGU_CD":"23090","SIGUNGU_NM":"미추홀구","BASE_DATE":"20250630"}},
{"type":"Feature","geometry":{"type":"MultiPolygon","coordinates":[[[[125.97691,37.61152],[125.972,37.60642],[125.97886,37.60961],[125.97691,37.61152]]],[[[126.23285,37.6557],[126.22561,37.65051],[126.23365,37.6398],[126.24618,37.63182],[126.25636,37.62926],[126.25091,37.6378],[126.25405,37.64867],[126.25345,37.6535],[126.23911,37.652],[126.23285,37.6557]]],[[[126.22467,37.66578],[126.22341,37.6584],[126.24033,37.66213],[126.23235,37.662],[126.22467,37.66578]]],[[[126.19453,37.68834],[126.18879,37.68396],[126.1747,37.67681],[126.16771,37.67913],[126.15646,37.6749],[126.15603,37.67276],[126.16847,37.66675],[126.16836,37.66876],[126.17878,37.6706],[126.1901,37.66449],[126.1945,37.65936],[126.20508,37.65697],[126.20581,37.66132],[126.2112,37.66641],[126.20492,37.66954],[126.1959,37.68162],[126.19453,37.68834]]],[[[126.12934,37.69068],[126.12278,37.68995],[126.12691,37.68196],[126.1297,37.68389],[126.13897,37.68074],[126.14435,37.68155],[126.14336,37.68528],[126.13592,37.68646],[126.12934,37.69068]]],[[[126.23491,37.73248],[126.23233,37.73328],[126.22378,37.72252],[126.21839,37.72031],[126.23346,37.71628],[126.24802,37.71849],[126.2396,37.72209],[126.23491,37.73248]]],[[[126.26549,37.73827],[126.25845,37.73369],[126.25837,37.72506],[126.26493,37.72399],[126.26812,37.72741],[126.26549,37.73827]]],[[[126.32056,37.75239],[126.31733,37.75229],[126.30309,37.74578],[126.29252,37.74469],[126.28981,37.74072],[126.28758,37.71398],[126.28204,37.70899],[126.27214,37.71233],[126.26935,37.71065],[126.28669,37.69987],[126.28878,37.69531],[126.30178,37.68942],[126.31568,37.68458],[126.32429,37.67315],[126.32872,37.67017],[126.32797,37.6621],[126.32463,37.65951],[126.32598,37.65314],[126.33343,37.65146],[126.34223,37.64326],[126.34242,37.65081],[126.34799,37.65109],[126.35652,37.65565],[126.36143,37.66066],[126.36942,37.66336],[126.37535,37.66892],[126.379,37.68195],[126.37645,37.68614],[126.36688,37.69143],[126.3629,37.69569],[126.34932,37.69569],[126.33839,37.69929],[126.3282,37.70718],[126.31999,37.71164],[126.31726,37.7234],[126.32076,37.7372],[126.32964,37.74634],[126.32056,37.75239]]],[[[126.26452,37.81779],[126.25691,37.81459],[126.24673,37.81455],[126.24052,37.8173],[126.23371,37.81087],[126.22322,37.80504],[126.22398,37.80025],[126.21876,37.79554],[126.22294,37.79159],[126.21654,37.77841],[126.21064,37.77412],[126.2038,37.77236],[126.20756,37.76834],[126.22666,37.75352],[126.23301,37.75118],[126.2403,37.75781],[126.24043,37.76178],[126.24827,37.7656],[126.25999,37.76424],[126.26443,37.76763],[126.27987,37.7688],[126.29084,37.76287],[126.29234,37.76468],[126.3175,37.77505],[126.31852,37.77926],[126.32525,37.78647],[126.33131,37.78965],[126.33009,37.79384],[126.33511,37.79761],[126.32429,37.8082],[126.32168,37.80441],[126.31322,37.80197],[126.30266,37.80292],[126.29452,37.80158],[126.29387,37.80392],[126.28316,37.808],[126.26452,37.81779]]],[[[126.4298,37.83045],[126.42469,37.82928],[126.41389,37.82189],[126.39066,37.82312],[126.39266,37.82145],[126.38696,37.80706],[126.38203,37.80428],[126.36985,37.80143],[126.34951,37.78971],[126.3532,37.78645],[126.35392,37.77009],[126.3561,37.76185],[126.35313,37.7448],[126.35675,37.74052],[126.35195,37.74011],[126.35299,37.7178],[126.35098,37.71678],[126.35592,37.7061],[126.38551,37.69998],[126.3921,37.69457],[126.38799,37.69079],[126.39036,37.68643],[126.3986,37.6809],[126.4052,37.67244],[126.41079,37.65274],[126.40288,37.64289],[126.39478,37.63957],[126.39057,37.64124],[126.37675,37.63642],[126.36974,37.63714],[126.36563,37.63496],[126.37262,37.63269],[126.37754,37.61928],[126.37639,37.61482],[126.37007,37.6135],[126.38582,37.60782],[126.38948,37.60215],[126.4027,37.59439],[126.43715,37.59257],[126.4471,37.59454],[126.45635,37.5934],[126.46156,37.58932],[126.46436,37.59581],[126.47831,37.59891],[126.48067,37.60488],[126.4896,37.6001],[126.50427,37.59629],[126.51059,37.59647],[126.51353,37.5935],[126.5034,37.59082],[126.51027,37.58199],[126.51604,37.57989],[126.5253,37.58549],[126.52489,37.58993],[126.52033,37.58984],[126.51835,37.59383],[126.52402,37.59702],[126.51495,37.59674],[126.51585,37.60394],[126.5204,37.61071],[126.53528,37.61418],[126.53559,37.6176],[126.54396,37.61837],[126.54016,37.62449],[126.5353,37.6222],[126.53186,37.63545],[126.52915,37.63795],[126.52523,37.65076],[126.52221,37.65335],[126.52597,37.65944],[126.53252,37.661],[126.53191,37.66561],[126.52279,37.66781],[126.51863,37.67133],[126.517,37.67883],[126.52003,37.68261],[126.51866,37.68696],[126.5216,37.6983],[126.52502,37.70297],[126.51674,37.70858],[126.51259,37.71563],[126.51413,37.72634],[126.52507,37.74017],[126.52648,37.74733],[126.51993,37.75178],[126.51131,37.76275],[126.51303,37.77041],[126.50876,37.7746],[126.50589,37.78333],[126.49908,37.78683],[126.48779,37.78973],[126.4672,37.80253],[126.45442,37.80924],[126.43866,37.82462],[126.43727,37.82896],[126.4298,37.83045]]]]},"properties":{"SIGUNGU_CD":"23510","SIGUNGU_NM":"강화군","BASE_DATE":"20250630"}},
{"type":"Feature","geometry":{"type":"MultiPolygon","coordinates":[[[[125.98616,37.04071],[125.98074,37.04025],[125.97869,37.03348],[125.98441,37.02819],[125.99331,37.02445],[125.99221,37.01966],[125.9968,37.01723],[126.01559,37.02454],[126.01783,37.02796],[126.00525,37.02347],[125.9946,37.02676],[125.99058,37.03061],[125.99447,37.0371],[125.98616,37.04071]]],[[[125.99518,37.06583],[125.99219,37.06295],[125.99421,37.05837],[126.00032,37.05974],[125.99518,37.06583]]],[[[126.02007,37.0789],[126.0156,37.07648],[126.01421,37.06711],[126.0208,37.06924],[126.02007,37.0789]]],[[[125.99919,37.08393],[125.99126,37.08159],[125.99626,37.07927],[125.99919,37.08393]]],[[[125.9501,37.09345],[125.9469,37.08276],[125.9412,37.07966],[125.94795,37.07434],[125.9451,37.07147],[125.9524,37.06762],[125.94921,37.07518],[125.95365,37.07483],[125.9518,37.08131],[125.95344,37.08659],[125.96447,37.08076],[125.96751,37.08767],[125.95992,37.0892],[125.95606,37.09294],[125.9501,37.09345]]],[[[126.07975,37.10814],[126.06872,37.1055],[126.06041,37.09508],[126.06439,37.09761],[126.06687,37.0932],[126.06281,37.08974],[126.06426,37.08546],[126.07311,37.08328],[126.08658,37.09367],[126.09035,37.0997],[126.08678,37.10583],[126.07975,37.10814]]],[[[126.0217,37.13548],[126.01792,37.12771],[126.02081,37.12372],[126.02482,37.13074],[126.0217,37.13548]]],[[[126.29905,37.1397],[126.30609,37.13121],[126.30637,37.1376],[126.29905,37.1397]]],[[[126.2775,37.15041],[126.27165,37.14738],[126.27561,37.14426],[126.2775,37.15041]]],[[[126.00976,37.15651],[126.00766,37.15395],[126.01265,37.1494],[126.00976,37.15651]]],[[[126.29474,37.17497],[126.29105,37.17029],[126.30609,37.163],[126.30561,37.15944],[126.31468,37.16087],[126.32157,37.15915],[126.32504,37.16173],[126.31418,37.16796],[126.31212,37.17213],[126.3057,37.17086],[126.29474,37.17497]]],[[[126.25621,37.18121],[126.25439,37.17784],[126.24847,37.1788],[126.24356,37.17399],[126.24758,37.17069],[126.25506,37.17163],[126.26388,37.16903],[126.27318,37.16323],[126.27342,37.15954],[126.27997,37.15741],[126.28344,37.16323],[126.27309,37.16499],[126.27109,37.1756],[126.26833,37.17497],[126.26174,37.18102],[126.25621,37.18121]]],[[[126.21655,37.18904],[126.21541,37.18239],[126.22745,37.17789],[126.23318,37.18037],[126.23909,37.17884],[126.24436,37.18387],[126.23833,37.18654],[126.22705,37.18758],[126.22721,37.18428],[126.22096,37.18189],[126.21655,37.18904]]],[[[126.09523,37.18845],[126.08884,37.18415],[126.08489,37.17635],[126.09422,37.16712],[126.10935,37.16553],[126.11271,37.17055],[126.1088,37.17105],[126.11069,37.17924],[126.10433,37.17979],[126.10313,37.18458],[126.09523,37.18845]]],[[[126.13926,37.20318],[126.13815,37.19754],[126.14274,37.19904],[126.13926,37.20318]]],[[[125.98605,37.20415],[125.98265,37.20245],[125.98575,37.1959],[125.98003,37.19336],[125.97128,37.19449],[125.97293,37.18879],[125.96553,37.1882],[125.96084,37.18239],[125.96772,37.18263],[125.97858,37.18667],[125.98327,37.18434],[125.98463,37.19202],[125.99103,37.19534],[125.9948,37.19437],[125.99635,37.20014],[125.98676,37.19843],[125.98605,37.20415]]],[[[126.17008,37.22869],[126.1596,37.2185],[126.16211,37.21236],[126.16934,37.20869],[126.17783,37.21068],[126.18216,37.19511],[126.19081,37.20759],[126.18781,37.21045],[126.18263,37.20845],[126.18009,37.2172],[126.17302,37.22119],[126.17008,37.22869]]],[[[126.3938,37.24572],[126.39026,37.24125],[126.39831,37.2411],[126.3938,37.24572]]],[[[126.52342,37.26143],[126.51422,37.25775],[126.51057,37.25416],[126.52215,37.24968],[126.52573,37.24583],[126.5248,37.23715],[126.51197,37.23321],[126.51269,37.22768],[126.51904,37.23114],[126.52366,37.23679],[126.53353,37.23269],[126.53869,37.23437],[126.52647,37.24899],[126.52906,37.25026],[126.52342,37.26143]]],[[[126.28673,37.27223],[126.28383,37.26596],[126.27843,37.26244],[126.28069,37.25891],[126.28636,37.2603],[126.28987,37.25453],[126.29411,37.25618],[126.29635,37.25232],[126.30703,37.25248],[126.30843,37.24832],[126.31674,37.24814],[126.31695,37.24454],[126.3255,37.24838],[126.33064,37.24574],[126.3418,37.25006],[126.34887,37.2596],[126.33857,37.26359],[126.33521,37.26306],[126.33524,37.25643],[126.33071,37.25535],[126.32862,37.26083],[126.32678,37.25688],[126.31577,37.26246],[126.30652,37.2627],[126.30348,37.26529],[126.28928,37.26722],[126.28673,37.27223]]],[[[126.10376,37.27436],[126.10023,37.27203],[126.1026,37.26573],[126.09661,37.25995],[126.09587,37.25332],[126.08942,37.24719],[126.08992,37.23837],[126.09289,37.23841],[126.09012,37.22673],[126.08472,37.22187],[126.09126,37.22202],[126.09685,37.23053],[126.10503,37.22691],[126.09982,37.22289],[126.10373,37.21985],[126.11118,37.22318],[126.11612,37.21612],[126.11051,37.21401],[126.11705,37.20917],[126.12572,37.21242],[126.14843,37.21659],[126.14326,37.222],[126.14958,37.22547],[126.15224,37.22215],[126.15513,37.22769],[126.16579,37.23256],[126.15446,37.23583],[126.14843,37.23955],[126.14002,37.23826],[126.14265,37.24098],[126.13752,37.24652],[126.12823,37.25197],[126.12047,37.24677],[126.11603,37.25108],[126.1197,37.25262],[126.11834,37.25822],[126.11194,37.25772],[126.10916,37.26587],[126.10928,37.27341],[126.10376,37.27436]]],[[[126.47031,37.28824],[126.46624,37.28396],[126.45719,37.28297],[126.4558,37.28603],[126.45097,37.27957],[126.4541,37.2782],[126.4467,37.27158],[126.4357,37.27529],[126.43625,37.26666],[126.42947,37.26361],[126.43156,37.25652],[126.43169,37.23404],[126.4354,37.23117],[126.45332,37.23121],[126.4525,37.22847],[126.45868,37.22652],[126.46845,37.23247],[126.46892,37.23697],[126.47363,37.24047],[126.48248,37.24181],[126.4825,37.24779],[126.47562,37.25206],[126.48497,37.25883],[126.4925,37.25884],[126.49627,37.25365],[126.50184,37.25805],[126.49748,37.26241],[126.49415,37.27315],[126.49746,37.27709],[126.48942,37.28362],[126.48183,37.28125],[126.47494,37.28271],[126.47031,37.28824]]],[[[126.07965,37.28987],[126.07522,37.28658],[126.07905,37.28267],[126.08632,37.28103],[126.08736,37.27564],[126.09835,37.27868],[126.07965,37.28987]]],[[[126.27248,37.3195],[126.27029,37.31645],[126.27674,37.31422],[126.27248,37.3195]]],[[[126.26842,37.33181],[126.26381,37.325],[126.26955,37.32898],[126.26842,37.33181]]],[[[126.33439,37.50367],[126.32678,37.50274],[126.3271,37.5],[126.33439,37.50367]]],[[[126.46167,37.54434],[126.45675,37.54443],[126.45358,37.53695],[126.44854,37.53328],[126.43828,37.5305],[126.43103,37.52516],[126.43042,37.5156],[126.439,37.51442],[126.4458,37.51981],[126.45569,37.51831],[126.46323,37.51344],[126.46736,37.51516],[126.47046,37.52213],[126.46685,37.52858],[126.47337,37.52851],[126.47316,37.53764],[126.46639,37.53867],[126.46167,37.54434]]],[[[126.43158,37.54496],[126.42626,37.54833],[126.42024,37.53687],[126.41473,37.53621],[126.41097,37.53945],[126.40399,37.53572],[126.40153,37.5313],[126.40481,37.5277],[126.41158,37.52715],[126.41217,37.53488],[126.41914,37.5366],[126.42212,37.53311],[126.41581,37.52302],[126.42613,37.52178],[126.42653,37.52631],[126.43165,37.53072],[126.43443,37.54259],[126.44177,37.54457],[126.43158,37.54496]]],[[[126.26955,37.54905],[126.27148,37.54512],[126.27693,37.54423],[126.26955,37.54905]]],[[[126.25908,37.55717],[126.26089,37.55075],[126.26622,37.55168],[126.25908,37.55717]]],[[[126.3089,37.56036],[126.30938,37.55621],[126.31766,37.5502],[126.32077,37.54538],[126.32835,37.54249],[126.33021,37.53655],[126.32617,37.52395],[126.33525,37.52706],[126.34002,37.52637],[126.35223,37.52986],[126.36788,37.53037],[126.3819,37.52744],[126.38411,37.53919],[126.36609,37.53478],[126.35235,37.53549],[126.34597,37.53813],[126.33962,37.54466],[126.33732,37.55193],[126.32868,37.55057],[126.32784,37.55258],[126.3089,37.56036]]],[[[125.71456,37.61525],[125.70717,37.61121],[125.70992,37.60562],[125.71296,37.60752],[125.71904,37.60397],[125.72042,37.61435],[125.71456,37.61525]]],[[[125.70675,37.68091],[125.69234,37.67621],[125.6829,37.68039],[125.67798,37.67893],[125.67784,37.67375],[125.68457,37.67067],[125.68575,37.66425],[125.68153,37.66249],[125.68424,37.65282],[125.69281,37.652],[125.69321,37.65419],[125.70261,37.65982],[125.71608,37.67346],[125.71427,37.68097],[125.70675,37.68091]]],[[[124.77062,37.77881],[124.74811,37.77553],[124.74241,37.77604],[124.74063,37.77198],[124.73378,37.77165],[124.73412,37.76607],[124.72725,37.76204],[124.72951,37.7588],[124.73728,37.76211],[124.74048,37.7671],[124.75219,37.77124],[124.75608,37.76871],[124.76834,37.76829],[124.76786,37.77518],[124.77062,37.77881]]],[[[124.70696,37.8471],[124.70207,37.84912],[124.70365,37.84338],[124.69953,37.83992],[124.69356,37.83934],[124.68332,37.83198],[124.67871,37.82139],[124.6712,37.81997],[124.66251,37.82173],[124.67534,37.81583],[124.67979,37.81663],[124.6854,37.8107],[124.67953,37.80251],[124.68327,37.8027],[124.69049,37.80819],[124.69661,37.80953],[124.70276,37.80474],[124.71788,37.81384],[124.71996,37.82103],[124.7166,37.82343],[124.71425,37.83225],[124.71946,37.83699],[124.72811,37.83948],[124.72136,37.8447],[124.70696,37.8471]]],[[[124.68173,37.92255],[124.68887,37.91532],[124.69633,37.91706],[124.70016,37.92045],[124.69811,37.925],[124.7036,37.93099],[124.70253,37.93532],[124.708,37.94458],[124.71365,37.94636],[124.7239,37.95399],[124.73014,37.95448],[124.7349,37.95146],[124.73552,37.95644],[124.73049,37.95698],[124.7299,37.96083],[124.73444,37.9625],[124.74103,37.95704],[124.74542,37.95745],[124.74413,37.96254],[124.74053,37.96136],[124.73276,37.96572],[124.72979,37.97812],[124.72173,37.98222],[124.69984,37.98338],[124.69502,37.98018],[124.68292,37.98116],[124.67864,37.97938],[124.67086,37.98104],[124.67003,37.97864],[124.65204,37.97422],[124.63862,37.9684],[124.63412,37.97205],[124.62059,37.97792],[124.60972,37.96995],[124.61169,37.96141],[124.62301,37.95697],[124.62858,37.94126],[124.63272,37.93626],[124.63737,37.92393],[124.64639,37.92296],[124.65637,37.92404],[124.65773,37.92163],[124.66441,37.92375],[124.67194,37.92017],[124.67428,37.92278],[124.68173,37.92255]]]]},"properties":{"SIGUNGU_CD":"23520","SIGUNGU_NM":"옹진군","BASE_DATE":"20250630"}},
{"type":"Feature","geometry":{"type":"Polygon","coordinates":[[[126.93552,35.16178],[126.92975,35.16159],[126.91632,35.16549],[126.91254,35.15572],[126.90716,35.15145],[126.91349,35.14493],[126.92963,35.12642],[126.92429,35.1247],[126.91936,35.11771],[126.91183,35.11564],[126.91358,35.11375],[126.91249,35.11056],[126.91455,35.10516],[126.91639,35.1038],[126.92136,35.09724],[126.92061,35.0947],[126.91971,35.09342],[126.91982,35.09289],[126.91941,35.09228],[126.91942,35.09155],[126.92058,35.09169],[126.92228,35.09054],[126.9323,35.07439],[126.94379,35.07351],[126.9486,35.07282],[126.95499,35.07484],[126.95947,35.07913],[126.96132,35.08545],[126.96401,35.08741],[126.97403,35.09186],[126.98895,35.09499],[126.98635,35.10595],[126.98934,35.11074],[126.99993,35.11405],[127.00395,35.11969],[127.00428,35.12111],[126.99261,35.12266],[126.9878,35.12825],[126.98349,35.13698],[126.97814,35.13844],[126.96776,35.13693],[126.96309,35.13987],[126.95525,35.14054],[126.95164,35.14324],[126.95522,35.15219],[126.9457,35.1556],[126.94438,35.15872],[126.93552,35.16178]]]},"properties":{"SIGUNGU_CD":"24010","SIGUNGU_NM":"동구","BASE_DATE":"20250630"}},
{"type":"Feature","geometry":{"type":"Polygon","coordinates":[[[126.84009,35.17861],[126.83872,35.17843],[126.83769,35.17667],[126.83738,35.17079],[126.82793,35.16801],[126.82513,35.16583],[126.82449,35.16272],[126.82521,35.16135],[126.82528,35.15365],[126.82902,35.14905],[126.82969,35.14148],[126.81903,35.12977],[126.82224,35.12667],[126.81723,35.12148],[126.81672,35.11665],[126.80959,35.11629],[126.80927,35.11229],[126.80281,35.11227],[126.80633,35.10287],[126.80093,35.1009],[126.80063,35.09729],[126.80349,35.09387],[126.80643,35.09752],[126.81109,35.09095],[126.81628,35.09371],[126.82008,35.09093],[126.83141,35.09801],[126.83515,35.09798],[126.83683,35.09922],[126.84401,35.10407],[126.86056,35.10913],[126.87056,35.11022],[126.86801,35.11305],[126.87433,35.11994],[126.88336,35.11599],[126.88764,35.11693],[126.88733,35.13439],[126.88341,35.13899],[126.88831,35.14279],[126.8854,35.14657],[126.8943,35.15146],[126.90048,35.15249],[126.90175,35.15177],[126.90887,35.14888],[126.90217,35.15509],[126.90027,35.15705],[126.89577,35.15924],[126.88778,35.1614],[126.88417,35.16973],[126.87565,35.17137],[126.85986,35.17231],[126.8426,35.17692],[126.84009,35.17861]]]},"properties":{"SIGUNGU_CD":"24020","SIGUNGU_NM":"서구","BASE_DATE":"20250630"}},
{"type":"Feature","geometry":{"type":"Polygon","coordinates":[[[126.90175,35.15177],[126.90048,35.15249],[126.8943,35.15146],[126.8854,35.14657],[126.88831,35.14279],[126.88341,35.13899],[126.88733,35.13439],[126.88764,35.11693],[126.88336,35.11599],[126.87433,35.11994],[126.86801,35.11305],[126.87056,35.11022],[126.86056,35.10913],[126.84401,35.10407],[126.83683,35.09922],[126.83515,35.09798],[126.83141,35.09801],[126.82008,35.09093],[126.81628,35.09371],[126.81109,35.09095],[126.80643,35.09752],[126.80349,35.09387],[126.80268,35.09274],[126.80222,35.09162],[126.79598,35.08799],[126.78608,35.0749],[126.77913,35.07155],[126.77329,35.07091],[126.77135,35.07018],[126.767,35.06818],[126.75698,35.06838],[126.75333,35.06445],[126.75585,35.05909],[126.75963,35.06245],[126.76151,35.06353],[126.76281,35.06398],[126.76511,35.06436],[126.76685,35.06351],[126.76843,35.06141],[126.76863,35.0602],[126.76787,35.05888],[126.76734,35.05636],[126.77062,35.05368],[126.7749,35.05267],[126.78159,35.05384],[126.79157,35.06049],[126.79594,35.06076],[126.80319,35.05601],[126.80244,35.05599],[126.8019,35.05636],[126.80744,35.0509],[126.81138,35.05299],[126.81273,35.05258],[126.81778,35.0527],[126.81881,35.05325],[126.82186,35.05995],[126.83597,35.06386],[126.83692,35.06623],[126.84414,35.06544],[126.84818,35.07195],[126.85338,35.07381],[126.85561,35.07836],[126.87168,35.07434],[126.8854,35.08159],[126.88996,35.07879],[126.89336,35.07889],[126.89989,35.08071],[126.90305,35.08133],[126.91064,35.08866],[126.91857,35.09159],[126.91942,35.09155],[126.91941,35.09228],[126.91982,35.09289],[126.91971,35.09342],[126.92061,35.0947],[126.92136,35.09724],[126.91639,35.1038],[126.91455,35.10516],[126.91249,35.11056],[126.91358,35.11375],[126.91183,35.11564],[126.91936,35.11771],[126.92429,35.1247],[126.92963,35.12642],[126.91349,35.14493],[126.90887,35.14888],[126.90175,35.15177]]]},"properties":{"SIGUNGU_CD":"24030","SIGUNGU_NM":"남구","BASE_DATE":"20250630"}},
{"type":"Feature","geometry":{"type":"Polygon","coordinates":[[[126.91466,35.2582],[126.9074,35.25821],[126.90343,35.25742],[126.90016,35.25382],[126.8914,35.24988],[126.88962,35.24666],[126.87883,35.24841],[126.87926,35.25049],[126.87823,35.25127],[126.86914,35.24618],[126.86254,35.24524],[126.86002,35.24034],[126.84081,35.23439],[126.83636,35.22981],[126.83581,35.22737],[126.83631,35.22735],[126.83805,35.22399],[126.84174,35.22492],[126.84473,35.2259],[126.84619,35.22197],[126.85305,35.22194],[126.85701,35.21749],[126.85311,35.21366],[126.85533,35.20136],[126.85197,35.19831],[126.85278,35.19663],[126.85545,35.1961],[126.85844,35.1949],[126.8604,35.18568],[126.85086,35.1798],[126.84711,35.17957],[126.84477,35.1822],[126.83915,35.17944],[126.83872,35.17843],[126.84009,35.17861],[126.8426,35.17692],[126.85986,35.17231],[126.87565,35.17137],[126.88417,35.16973],[126.88778,35.1614],[126.89577,35.15924],[126.90027,35.15705],[126.90217,35.15509],[126.90715,35.15144],[126.91254,35.15572],[126.91632,35.16549],[126.92975,35.16159],[126.93552,35.16178],[126.94438,35.15872],[126.9457,35.1556],[126.95522,35.15219],[126.95164,35.14324],[126.95525,35.14054],[126.96309,35.13987],[126.96776,35.13693],[126.97814,35.13844],[126.98349,35.13698],[126.9878,35.12825],[126.99261,35.12266],[127.00428,35.12111],[127.00459,35.12176],[127.01061,35.12431],[127.01183,35.12782],[127.00963,35.13079],[127.00888,35.13262],[127.00868,35.1335],[127.00883,35.13459],[127.00718,35.14387],[127.00967,35.14962],[127.00774,35.15593],[127.01107,35.15882],[127.01136,35.16617],[127.02087,35.16726],[127.02142,35.17304],[127.0158,35.17563],[127.01339,35.18038],[126.99997,35.18882],[126.99314,35.18647],[126.9872,35.18887],[126.98298,35.18417],[126.97822,35.18621],[126.97212,35.18495],[126.97169,35.17984],[126.95965,35.19038],[126.96554,35.20336],[126.95652,35.20815],[126.94896,35.2209],[126.95184,35.22459],[126.9428,35.2355],[126.93228,35.24065],[126.93346,35.246],[126.93274,35.24888],[126.92936,35.25245],[126.9214,35.25323],[126.91466,35.2582]]]},"properties":{"SIGUNGU_CD":"24040","SIGUNGU_NM":"북구","BASE_DATE":"20250630"}},
{"type":"Feature","geometry":{"type":"Polygon","coordinates":[[[126.75385,35.23709],[126.7556,35.24334],[126.76063,35.24715],[126.76371,35.25337],[126.76118,35.25855],[126.74945,35.25589],[126.74177,35.25081],[126.73724,35.25292],[126.72996,35.2436],[126.71848,35.2218],[126.72078,35.21878],[126.71769,35.21239],[126.7107,35.21227],[126.70256,35.20756],[126.68705,35.21519],[126.68454,35.20984],[126.67774,35.20286],[126.67715,35.19103],[126.67206,35.19426],[126.66811,35.19264],[126.65451,35.19336],[126.65383,35.19166],[126.66368,35.18222],[126.67207,35.1723],[126.66265,35.1664],[126.65397,35.1642],[126.65356,35.15301],[126.64864,35.14707],[126.64756,35.14404],[126.65332,35.14396],[126.65495,35.13701],[126.65166,35.12041],[126.6552,35.11486],[126.65754,35.11325],[126.66339,35.1148],[126.6693,35.11202],[126.66942,35.1046],[126.68444,35.10764],[126.6849,35.11202],[126.68988,35.11122],[126.6917,35.11004],[126.69597,35.10749],[126.7054,35.11301],[126.70883,35.10947],[126.71585,35.11074],[126.72359,35.10835],[126.73075,35.10774],[126.73244,35.11293],[126.73427,35.11106],[126.73544,35.10906],[126.74908,35.10162],[126.75504,35.09148],[126.76187,35.09103],[126.7648,35.07875],[126.77135,35.07018],[126.77329,35.07091],[126.77913,35.07155],[126.78608,35.0749],[126.79598,35.08799],[126.80222,35.09162],[126.80268,35.09274],[126.80063,35.09729],[126.80093,35.1009],[126.80633,35.10287],[126.80281,35.11227],[126.80927,35.11229],[126.80959,35.11629],[126.81672,35.11665],[126.81723,35.12148],[126.82224,35.12667],[126.81903,35.12977],[126.82969,35.14148],[126.82902,35.14905],[126.82528,35.15365],[126.82521,35.16135],[126.82449,35.16272],[126.82513,35.16583],[126.82793,35.16801],[126.83738,35.17079],[126.83769,35.17667],[126.83915,35.17944],[126.84477,35.1822],[126.84711,35.17957],[126.85086,35.1798],[126.8604,35.18568],[126.85844,35.1949],[126.85545,35.1961],[126.85278,35.19663],[126.85197,35.19831],[126.85533,35.20136],[126.85311,35.21366],[126.85701,35.21749],[126.85305,35.22194],[126.84619,35.22197],[126.84473,35.2259],[126.83817,35.22393],[126.83631,35.22735],[126.83581,35.22737],[126.83326,35.22838],[126.82783,35.23096],[126.82463,35.23146],[126.82487,35.22883],[126.82496,35.22698],[126.81566,35.2247],[126.80539,35.21827],[126.8044,35.22132],[126.79538,35.21978],[126.78954,35.22389],[126.78164,35.22478],[126.77536,35.23057],[126.75449,35.23535],[126.75385,35.23709]]]},"properties":{"SIGUNGU_CD":"24050","SIGUNGU_NM":"광산구","BASE_DATE":"20250630"}},
{"type":"Feature","geometry":{"type":"Polygon","coordinates":[[[127.49243,36.43937],[127.48766,36.4385],[127.48159,36.43065],[127.47602,36.41898],[127.46633,36.40832],[127.45532,36.40003],[127.45484,36.38677],[127.45154,36.37929],[127.46388,36.36148],[127.46605,36.36079],[127.46368,36.35073],[127.45498,36.35302],[127.45395,36.35324],[127.45463,36.35445],[127.44908,36.35406],[127.44517,36.3508],[127.44138,36.35234],[127.43828,36.35998],[127.43067,36.35906],[127.42495,36.34888],[127.41958,36.34831],[127.42114,36.34435],[127.41366,36.34392],[127.41973,36.33893],[127.42548,36.33287],[127.43269,36.3257],[127.44047,36.31235],[127.44658,36.31067],[127.45551,36.30132],[127.45749,36.29411],[127.44815,36.29206],[127.44666,36.29688],[127.4273,36.28869],[127.43538,36.28167],[127.43231,36.27931],[127.43954,36.27026],[127.4293,36.26154],[127.42704,36.25449],[127.43352,36.25398],[127.44325,36.23858],[127.43771,36.23663],[127.43383,36.22781],[127.42404,36.22775],[127.42664,36.21847],[127.42234,36.20806],[127.42273,36.20729],[127.42937,36.20521],[127.43353,36.19858],[127.44369,36.19475],[127.45588,36.20109],[127.45409,36.20659],[127.46028,36.21292],[127.46892,36.21456],[127.46963,36.21524],[127.46779,36.21807],[127.46759,36.21985],[127.46792,36.22304],[127.47036,36.22351],[127.47683,36.226],[127.47798,36.22687],[127.47786,36.22967],[127.48997,36.23348],[127.49254,36.23732],[127.49265,36.23949],[127.49176,36.24517],[127.48761,36.25144],[127.48998,36.25734],[127.48631,36.25922],[127.48875,36.27271],[127.49899,36.28308],[127.49268,36.295],[127.49184,36.29616],[127.4912,36.29659],[127.49161,36.2993],[127.49602,36.29941],[127.49898,36.30567],[127.4941,36.3121],[127.49687,36.31945],[127.50296,36.32562],[127.50134,36.34007],[127.51937,36.35035],[127.5224,36.35432],[127.52309,36.35635],[127.52658,36.37007],[127.52493,36.38751],[127.53916,36.39719],[127.55264,36.39524],[127.55402,36.39487],[127.55968,36.39822],[127.5532,36.40122],[127.5501,36.40712],[127.54289,36.41208],[127.54228,36.41928],[127.53012,36.41913],[127.5248,36.42313],[127.51993,36.41982],[127.51614,36.42249],[127.51451,36.42247],[127.51138,36.41114],[127.51102,36.41031],[127.5095,36.40862],[127.50155,36.40865],[127.49742,36.41536],[127.49556,36.4231],[127.48972,36.43413],[127.49243,36.43937]]]},"properties":{"SIGUNGU_CD":"25010","SIGUNGU_NM":"동구","BASE_DATE":"20250630"}},
{"type":"Feature","geometry":{"type":"Polygon","coordinates":[[[127.40391,36.34963],[127.40262,36.34621],[127.40383,36.34218],[127.40287,36.33836],[127.38926,36.32822],[127.38555,36.31844],[127.38716,36.31238],[127.38024,36.30497],[127.38213,36.30093],[127.38069,36.29545],[127.3793,36.29404],[127.37323,36.29332],[127.36748,36.28493],[127.37302,36.2746],[127.37246,36.27218],[127.38333,36.26859],[127.39026,36.26227],[127.38641,36.25067],[127.39086,36.24276],[127.38734,36.23415],[127.39662,36.23212],[127.40071,36.23316],[127.40248,36.22589],[127.41063,36.21755],[127.408,36.21289],[127.42029,36.20795],[127.42234,36.20806],[127.42664,36.21847],[127.42404,36.22775],[127.43383,36.22781],[127.43771,36.23663],[127.44325,36.23858],[127.43352,36.25398],[127.42704,36.25449],[127.4293,36.26154],[127.43954,36.27026],[127.43231,36.27931],[127.43538,36.28167],[127.4273,36.28869],[127.44666,36.29688],[127.44815,36.29206],[127.45749,36.29411],[127.45551,36.30132],[127.44658,36.31067],[127.44047,36.31235],[127.43269,36.3257],[127.42548,36.33287],[127.41973,36.33893],[127.41296,36.34303],[127.41259,36.34411],[127.41135,36.34653],[127.40994,36.34777],[127.40956,36.34776],[127.40391,36.34963]]]},"properties":{"SIGUNGU_CD":"25020","SIGUNGU_NM":"중구","BASE_DATE":"20250630"}},
{"type":"Feature","geometry":{"type":"Polygon","coordinates":[[[127.37638,36.37188],[127.37471,36.3715],[127.3702,36.36895],[127.36793,36.36579],[127.36279,36.36338],[127.35807,36.35713],[127.35269,36.3543],[127.35067,36.35343],[127.34929,36.35082],[127.35457,36.33499],[127.35375,36.33215],[127.33814,36.33221],[127.33591,36.33014],[127.33775,36.31781],[127.33988,36.31462],[127.33261,36.30788],[127.33248,36.3016],[127.32214,36.29707],[127.31997,36.28839],[127.3113,36.28251],[127.31051,36.27244],[127.30075,36.27033],[127.2933,36.26416],[127.29187,36.26355],[127.28455,36.25989],[127.27915,36.25311],[127.27958,36.25233],[127.28092,36.24671],[127.28142,36.24565],[127.2803,36.24435],[127.28325,36.23689],[127.2923,36.2298],[127.29357,36.22312],[127.29826,36.22132],[127.30639,36.22616],[127.31446,36.22241],[127.32155,36.21295],[127.32395,36.20316],[127.32814,36.20408],[127.33357,36.19982],[127.32981,36.19418],[127.33195,36.18796],[127.3317,36.18406],[127.33758,36.18561],[127.33815,36.18909],[127.33947,36.18905],[127.34073,36.18891],[127.34174,36.19251],[127.34759,36.19757],[127.34687,36.20413],[127.35297,36.21184],[127.35943,36.21392],[127.3642,36.2189],[127.36011,36.22668],[127.3634,36.2323],[127.36416,36.25156],[127.36002,36.25381],[127.3595,36.26259],[127.36367,36.26979],[127.37246,36.27218],[127.37302,36.2746],[127.36748,36.28493],[127.37323,36.29332],[127.3793,36.29404],[127.38069,36.29545],[127.38213,36.30093],[127.38024,36.30497],[127.38716,36.31238],[127.38555,36.31844],[127.38926,36.32822],[127.40287,36.33836],[127.40383,36.34218],[127.40262,36.34621],[127.40461,36.35327],[127.39719,36.3666],[127.39375,36.37035],[127.39308,36.37134],[127.3899,36.37114],[127.38577,36.37148],[127.3799,36.37197],[127.37638,36.37188]]]},"properties":{"SIGUNGU_CD":"25030","SIGUNGU_NM":"서구","BASE_DATE":"20250630"}},
{"type":"Feature","geometry":{"type":"Polygon","coordinates":[[[127.40301,36.48548],[127.39335,36.49356],[127.38386,36.50023],[127.38034,36.49954],[127.37421,36.49254],[127.36792,36.48829],[127.36099,36.49088],[127.35811,36.48253],[127.36388,36.47522],[127.35607,36.46402],[127.35862,36.4559],[127.35342,36.44787],[127.34428,36.44329],[127.34016,36.43616],[127.34101,36.43097],[127.3263,36.42209],[127.3217,36.4237],[127.31645,36.42046],[127.3103,36.42488],[127.29642,36.42321],[127.29109,36.41615],[127.28878,36.41576],[127.2846,36.4152],[127.28196,36.41411],[127.2774,36.38702],[127.2803,36.3787],[127.27768,36.36529],[127.27072,36.36118],[127.27241,36.35412],[127.27742,36.34991],[127.27912,36.34482],[127.27313,36.34427],[127.26573,36.33804],[127.26785,36.33225],[127.26088,36.32714],[127.25977,36.32725],[127.25842,36.31764],[127.25842,36.30351],[127.25985,36.29565],[127.25118,36.29568],[127.24665,36.29096],[127.25482,36.28004],[127.25877,36.27605],[127.26535,36.27436],[127.27964,36.26589],[127.28776,36.26549],[127.29113,36.26541],[127.2933,36.26416],[127.30075,36.27033],[127.31051,36.27244],[127.3113,36.28251],[127.31997,36.28839],[127.32214,36.29707],[127.33248,36.3016],[127.33261,36.30788],[127.33988,36.31462],[127.33775,36.31781],[127.33591,36.33014],[127.33814,36.33221],[127.35375,36.33215],[127.35457,36.33499],[127.34929,36.35082],[127.35067,36.35343],[127.35269,36.3543],[127.35807,36.35713],[127.36279,36.36338],[127.36793,36.36579],[127.3702,36.36895],[127.37471,36.3715],[127.37638,36.37188],[127.3799,36.37197],[127.38577,36.37148],[127.3899,36.37114],[127.39308,36.37134],[127.39285,36.37217],[127.4099,36.37861],[127.41121,36.38037],[127.41164,36.38129],[127.41178,36.38225],[127.41192,36.38698],[127.41138,36.38897],[127.41117,36.39108],[127.41173,36.39584],[127.41741,36.4076],[127.42026,36.41268],[127.41868,36.41661],[127.41322,36.42388],[127.40271,36.42919],[127.39122,36.43878],[127.38947,36.44185],[127.3893,36.44412],[127.39178,36.44871],[127.39694,36.45112],[127.40209,36.45604],[127.4009,36.45757],[127.3992,36.46268],[127.40416,36.47657],[127.40301,36.48548]]]},"properties":{"SIGUNGU_CD":"25040","SIGUNGU_NM":"유성구","BASE_DATE":"20250630"}},
{"type":"Feature","geometry":{"type":"Polygon","coordinates":[[[127.48403,36.47662],[127.47613,36.47633],[127.47243,36.47502],[127.46668,36.47007],[127.46351,36.4603],[127.46096,36.45448],[127.45476,36.45027],[127.44716,36.44919],[127.43677,36.4564],[127.42745,36.45687],[127.40796,36.45474],[127.4031,36.45531],[127.40255,36.45556],[127.40209,36.45604],[127.39694,36.45112],[127.39178,36.44871],[127.3893,36.44412],[127.38947,36.44185],[127.39122,36.43878],[127.40271,36.42919],[127.41322,36.42388],[127.41868,36.41661],[127.42026,36.41268],[127.41741,36.4076],[127.41173,36.39584],[127.41148,36.39458],[127.41118,36.39046],[127.41193,36.38674],[127.41176,36.3818],[127.4111,36.38018],[127.4099,36.37861],[127.39285,36.37217],[127.39375,36.37035],[127.39719,36.3666],[127.40461,36.35327],[127.40391,36.34963],[127.40841,36.34828],[127.41013,36.34763],[127.41165,36.34611],[127.41296,36.34303],[127.41366,36.34392],[127.42114,36.34435],[127.41958,36.34831],[127.42495,36.34888],[127.43067,36.35906],[127.43828,36.35998],[127.44138,36.35234],[127.44517,36.3508],[127.44908,36.35406],[127.45463,36.35445],[127.45395,36.35324],[127.45498,36.35302],[127.46368,36.35073],[127.46605,36.36079],[127.46388,36.36148],[127.45154,36.37929],[127.45484,36.38677],[127.45532,36.40003],[127.46633,36.40832],[127.47602,36.41898],[127.48159,36.43065],[127.48766,36.4385],[127.49243,36.43937],[127.4935,36.44119],[127.50348,36.44936],[127.50059,36.4562],[127.49162,36.45335],[127.48211,36.45389],[127.47746,36.45913],[127.48161,36.46641],[127.48454,36.47454],[127.48403,36.47662]]]},"properties":{"SIGUNGU_CD":"25050","SIGUNGU_NM":"대덕구","BASE_DATE":"20250630"}},
{"type":"Feature","geometry":{"type":"Polygon","coordinates":[[[129.33111,35.59661],[129.33174,35.59875],[129.32988,35.59888],[129.32459,35.59865],[129.32285,35.59821],[129.30958,35.58903],[129.30398,35.59315],[129.30286,35.59416],[129.29045,35.59325],[129.29387,35.58543],[129.29081,35.57856],[129.28366,35.57861],[129.28178,35.58396],[129.27063,35.58739],[129.26632,35.58523],[129.25273,35.59026],[129.25683,35.57857],[129.25925,35.57764],[129.25683,35.56709],[129.26118,35.56133],[129.26391,35.55867],[129.26534,35.55741],[129.26811,35.55464],[129.27084,35.55342],[129.27486,35.55412],[129.28404,35.55117],[129.28737,35.55017],[129.28916,35.549],[129.2899,35.54779],[129.29342,35.54593],[129.29467,35.54519],[129.2969,35.54491],[129.30283,35.54646],[129.30322,35.55136],[129.30716,35.55289],[129.31495,35.55066],[129.33074,35.5502],[129.3404,35.54906],[129.34812,35.54925],[129.34931,35.55794],[129.35322,35.56026],[129.35155,35.57663],[129.34818,35.58556],[129.34844,35.59528],[129.33316,35.59421],[129.33111,35.59661]]]},"properties":{"SIGUNGU_CD":"26010","SIGUNGU_NM":"중구","BASE_DATE":"20250630"}},
{"type":"Feature","geometry":{"type":"Polygon","coordinates":[[[129.26811,35.55464],[129.26523,35.55666],[129.26038,35.55174],[129.25592,35.55435],[129.2532,35.55159],[129.25227,35.54849],[129.25117,35.54759],[129.24949,35.5447],[129.23881,35.53987],[129.23654,35.53617],[129.2456,35.5361],[129.24779,35.53335],[129.25721,35.53436],[129.2621,35.52912],[129.26437,35.53084],[129.27485,35.52839],[129.27408,35.52376],[129.28826,35.51497],[129.29375,35.50281],[129.30292,35.49473],[129.30618,35.49761],[129.31048,35.4926],[129.31886,35.49111],[129.32008,35.48744],[129.32693,35.48921],[129.33038,35.48566],[129.33688,35.48277],[129.33988,35.47866],[129.33958,35.47538],[129.35054,35.46828],[129.35451,35.45919],[129.36869,35.45424],[129.37359,35.46229],[129.37756,35.46094],[129.38324,35.46825],[129.38069,35.47154],[129.38552,35.47753],[129.38472,35.48428],[129.38893,35.48751],[129.37923,35.49991],[129.36753,35.49795],[129.363,35.5043],[129.37012,35.50116],[129.38037,35.50259],[129.38676,35.50114],[129.38583,35.51641],[129.37502,35.51757],[129.37599,35.52243],[129.37244,35.52361],[129.37763,35.52843],[129.37664,35.53806],[129.37455,35.53953],[129.37241,35.53861],[129.3683,35.54002],[129.36321,35.54399],[129.35139,35.54763],[129.3404,35.54906],[129.33074,35.5502],[129.31495,35.55066],[129.30716,35.55289],[129.30322,35.55136],[129.30283,35.54646],[129.2969,35.54491],[129.29467,35.54519],[129.29342,35.54593],[129.2899,35.54779],[129.28916,35.549],[129.28737,35.55017],[129.28404,35.55117],[129.27486,35.55412],[129.27084,35.55342],[129.26811,35.55464]]]},"properties":{"SIGUNGU_CD":"26020","SIGUNGU_NM":"남구","BASE_DATE":"20250630"}},
{"type":"Feature","geometry":{"type":"Polygon","coordinates":[[[129.45291,35.5716],[129.44517,35.56734],[129.42953,35.567],[129.42006,35.56375],[129.41332,35.5588],[129.41184,35.55318],[129.40708,35.55006],[129.40852,35.54531],[129.40663,35.53746],[129.40121,35.5294],[129.41037,35.52406],[129.40834,35.51601],[129.40336,35.52016],[129.39593,35.52185],[129.39188,35.52297],[129.39022,35.52543],[129.38763,35.52739],[129.39704,35.5122],[129.39576,35.50125],[129.40322,35.49982],[129.40844,35.49326],[129.40425,35.48565],[129.40432,35.47717],[129.41191,35.47202],[129.4162,35.47593],[129.41502,35.47949],[129.41972,35.48243],[129.42516,35.48168],[129.4289,35.48481],[129.43194,35.48036],[129.4389,35.48557],[129.44161,35.49572],[129.43419,35.49217],[129.4312,35.49519],[129.43502,35.49932],[129.44353,35.50241],[129.4435,35.50571],[129.43202,35.50536],[129.43283,35.51097],[129.44562,35.51162],[129.45016,35.52413],[129.44019,35.52227],[129.43875,35.52858],[129.44857,35.5289],[129.45429,35.52601],[129.4513,35.53625],[129.45239,35.54344],[129.4576,35.55219],[129.4581,35.56412],[129.45291,35.5716]]]},"properties":{"SIGUNGU_CD":"26030","SIGUNGU_NM":"동구","BASE_DATE":"20250630"}},
{"type":"Feature","geometry":{"type":"Polygon","coordinates":[[[129.35644,35.67927],[129.35356,35.67938],[129.34006,35.66964],[129.33409,35.66976],[129.32864,35.66269],[129.32907,35.65818],[129.31936,35.65636],[129.31114,35.66052],[129.30569,35.65757],[129.30408,35.65664],[129.30294,35.64778],[129.29626,35.64474],[129.29729,35.64258],[129.29814,35.63142],[129.29478,35.62641],[129.29453,35.61865],[129.29978,35.61504],[129.29951,35.61063],[129.28939,35.59555],[129.29045,35.59325],[129.30286,35.59416],[129.30398,35.59315],[129.30958,35.58903],[129.32285,35.59821],[129.32459,35.59865],[129.32988,35.59888],[129.33174,35.59875],[129.33111,35.59661],[129.33316,35.59421],[129.34844,35.59528],[129.34818,35.58556],[129.35155,35.57663],[129.35322,35.56026],[129.34931,35.55794],[129.34812,35.54925],[129.35139,35.54763],[129.36321,35.54399],[129.3683,35.54002],[129.37241,35.53861],[129.37455,35.53953],[129.37811,35.53693],[129.38418,35.53048],[129.39022,35.52543],[129.39188,35.52297],[129.39593,35.52185],[129.40336,35.52016],[129.40834,35.51601],[129.41037,35.52406],[129.40121,35.5294],[129.40663,35.53746],[129.40852,35.54531],[129.40708,35.55006],[129.41184,35.55318],[129.41332,35.5588],[129.42006,35.56375],[129.42953,35.567],[129.44517,35.56734],[129.45291,35.5716],[129.45289,35.57915],[129.457,35.58404],[129.46465,35.58639],[129.46262,35.59325],[129.46441,35.59938],[129.46278,35.60689],[129.45714,35.60928],[129.45748,35.61406],[129.45238,35.61393],[129.45241,35.61852],[129.44592,35.62251],[129.44091,35.63254],[129.44338,35.63534],[129.44244,35.6456],[129.44987,35.65111],[129.44534,35.65343],[129.43927,35.65524],[129.43508,35.65245],[129.4328,35.65665],[129.4284,35.65558],[129.41097,35.66383],[129.40342,35.66297],[129.40074,35.6672],[129.38185,35.67118],[129.37265,35.66923],[129.36407,35.67893],[129.35644,35.67927]]]},"properties":{"SIGUNGU_CD":"26040","SIGUNGU_NM":"북구","BASE_DATE":"20250630"}},
{"type":"Feature","geometry":{"type":"Polygon","coordinates":[[[129.293,35.645],[129.2829,35.65173],[129.27495,35.65309],[129.26978,35.65108],[129.26044,35.65464],[129.2555,35.66046],[129.25475,35.66641],[129.2591,35.67111],[129.26103,35.67907],[129.25864,35.68311],[129.26186,35.68532],[129.26188,35.6934],[129.25685,35.7007],[129.24137,35.70387],[129.23401,35.70387],[129.23298,35.70763],[129.22437,35.70956],[129.20939,35.71862],[129.20894,35.72108],[129.2017,35.71889],[129.20083,35.71599],[129.18665,35.71952],[129.18129,35.72379],[129.17646,35.71566],[129.16031,35.71481],[129.15405,35.72197],[129.14721,35.72467],[129.14131,35.7241],[129.13951,35.71824],[129.13416,35.71211],[129.12621,35.71357],[129.12421,35.70828],[129.1157,35.70848],[129.09029,35.70268],[129.08029,35.69628],[129.06988,35.68237],[129.07303,35.67738],[129.06715,35.67135],[129.06727,35.66199],[129.0711,35.65708],[129.07618,35.65092],[129.07976,35.64911],[129.08085,35.64325],[129.07555,35.64036],[129.0693,35.64541],[129.0469,35.65052],[129.04334,35.64097],[129.03549,35.63202],[129.02661,35.6364],[129.02067,35.63497],[129.01802,35.62965],[129.00967,35.62589],[129.00274,35.62026],[129.00792,35.61619],[129.01667,35.61629],[129.02302,35.61344],[129.02265,35.60295],[129.02462,35.59992],[129.02275,35.59126],[129.0189,35.58382],[129.00793,35.58019],[128.99581,35.56789],[128.97791,35.56345],[128.97119,35.5603],[128.98092,35.54637],[128.98935,35.5516],[128.99699,35.54497],[128.99883,35.53854],[128.99466,35.53043],[128.99539,35.52782],[129.00969,35.52806],[129.00903,35.52555],[129.01296,35.52314],[129.02734,35.52711],[129.03246,35.52568],[129.05582,35.53227],[129.05657,35.52711],[129.05211,35.5244],[129.05264,35.51445],[129.06161,35.50963],[129.08033,35.50284],[129.08626,35.50202],[129.09062,35.49831],[129.1026,35.49767],[129.10672,35.49514],[129.10882,35.48789],[129.10832,35.48107],[129.1174,35.47589],[129.12127,35.47011],[129.12177,35.46344],[129.12638,35.46168],[129.13809,35.45211],[129.13959,35.44853],[129.15204,35.44187],[129.16081,35.43512],[129.16805,35.43179],[129.18555,35.43518],[129.19051,35.43509],[129.19698,35.4389],[129.19994,35.43511],[129.19964,35.4352],[129.20211,35.43207],[129.20016,35.42415],[129.21024,35.41975],[129.21888,35.40697],[129.20892,35.39943],[129.20282,35.39261],[129.20117,35.38778],[129.21156,35.38078],[129.21854,35.37895],[129.2302,35.38114],[129.2354,35.38026],[129.24097,35.38507],[129.24681,35.38275],[129.25064,35.38737],[129.25797,35.38412],[129.26552,35.38714],[129.26798,35.3801],[129.27734,35.37136],[129.28203,35.36396],[129.28052,35.35622],[129.28493,35.35073],[129.27966,35.34137],[129.28909,35.34047],[129.29189,35.33682],[129.30181,35.33673],[129.30367,35.33562],[129.30483,35.32989],[129.31279,35.32987],[129.3193,35.34296],[129.32513,35.34765],[129.33217,35.34736],[129.33517,35.3559],[129.34055,35.3566],[129.34506,35.35181],[129.35056,35.35533],[129.35886,35.35546],[129.36229,35.35948],[129.36039,35.36467],[129.35467,35.36688],[129.35533,35.37176],[129.34514,35.37497],[129.34629,35.38898],[129.35439,35.39302],[129.35431,35.39839],[129.36278,35.40166],[129.36422,35.42481],[129.37144,35.43529],[129.36649,35.43705],[129.37339,35.44718],[129.36912,35.4491],[129.36457,35.44144],[129.35523,35.43826],[129.35979,35.44791],[129.34989,35.44824],[129.34738,35.46431],[129.33699,35.4734],[129.33891,35.47917],[129.33038,35.48566],[129.32693,35.48921],[129.32008,35.48744],[129.31886,35.49111],[129.31048,35.4926],[129.30618,35.49761],[129.30292,35.49473],[129.29375,35.50281],[129.28826,35.51497],[129.27408,35.52376],[129.27485,35.52839],[129.26437,35.53084],[129.2621,35.52912],[129.25721,35.53436],[129.24779,35.53335],[129.2456,35.5361],[129.23654,35.53617],[129.23881,35.53987],[129.24949,35.5447],[129.25117,35.54759],[129.25227,35.54849],[129.2532,35.55159],[129.25592,35.55435],[129.26038,35.55174],[129.26523,35.55666],[129.26534,35.55741],[129.26391,35.55867],[129.26118,35.56133],[129.25683,35.56709],[129.25925,35.57764],[129.25683,35.57857],[129.25273,35.59026],[129.26632,35.58523],[129.27063,35.58739],[129.28178,35.58396],[129.28366,35.57861],[129.29081,35.57856],[129.29387,35.58543],[129.29045,35.59325],[129.28939,35.59555],[129.29951,35.61063],[129.29978,35.61504],[129.29453,35.61865],[129.29478,35.62641],[129.29814,35.63142],[129.29729,35.64258],[129.29556,35.64397],[129.29437,35.64457],[129.293,35.645]]]},"properties":{"SIGUNGU_CD":"26510","SIGUNGU_NM":"울주군","BASE_DATE":"20250630"}},
{"type":"Feature","geometry":{"type":"Polygon","coordinates":[[[127.16469,36.73382],[127.15964,36.73284],[127.15647,36.72722],[127.15193,36.72895],[127.14511,36.71752],[127.14093,36.71685],[127.12777,36.70883],[127.12799,36.70797],[127.13438,36.70679],[127.14383,36.689],[127.16035,36.69273],[127.16366,36.6812],[127.16345,36.67623],[127.15856,36.67303],[127.15436,36.66442],[127.15904,36.66135],[127.16057,36.65612],[127.15429,36.65245],[127.15336,36.64372],[127.1575,36.63954],[127.15629,36.6317],[127.16011,36.62407],[127.15658,36.62392],[127.15499,36.62421],[127.15043,36.61975],[127.15599,36.61515],[127.15588,36.60601],[127.16272,36.60438],[127.17349,36.59603],[127.17831,36.59596],[127.17866,36.59668],[127.18432,36.5912],[127.19135,36.59394],[127.18926,36.58684],[127.19447,36.58066],[127.2004,36.58257],[127.20567,36.58077],[127.20739,36.57626],[127.20639,36.57479],[127.2031,36.56744],[127.19379,36.56481],[127.18927,36.55472],[127.18611,36.55232],[127.19183,36.54603],[127.18504,36.54366],[127.17896,36.54556],[127.17424,36.54219],[127.17267,36.53614],[127.17522,36.52999],[127.18207,36.52077],[127.17353,36.51491],[127.16999,36.50904],[127.17856,36.50258],[127.17324,36.49744],[127.17683,36.49248],[127.18831,36.49262],[127.19468,36.48959],[127.19482,36.48439],[127.19048,36.47947],[127.19475,36.46876],[127.20328,36.46498],[127.20308,36.45427],[127.1984,36.45221],[127.20134,36.44912],[127.19893,36.43988],[127.20712,36.43615],[127.21771,36.43374],[127.22511,36.42665],[127.22564,36.42229],[127.23193,36.41991],[127.24366,36.41884],[127.24328,36.41505],[127.2508,36.40676],[127.25732,36.40803],[127.25865,36.4133],[127.25981,36.41552],[127.26821,36.41676],[127.273,36.41484],[127.27695,36.41389],[127.2821,36.415],[127.2846,36.4152],[127.28878,36.41576],[127.29109,36.41615],[127.29642,36.42321],[127.3103,36.42488],[127.31645,36.42046],[127.3217,36.4237],[127.3263,36.42209],[127.34101,36.43097],[127.34016,36.43616],[127.34428,36.44329],[127.35342,36.44787],[127.35862,36.4559],[127.35607,36.46402],[127.36388,36.47522],[127.35811,36.48253],[127.36099,36.49088],[127.36792,36.48829],[127.37421,36.49254],[127.38034,36.49954],[127.38386,36.50023],[127.39335,36.49356],[127.39612,36.49172],[127.40983,36.49532],[127.4108,36.49775],[127.41033,36.49835],[127.40788,36.50015],[127.40904,36.50975],[127.40375,36.51738],[127.39764,36.52058],[127.40149,36.52365],[127.4086,36.52369],[127.40501,36.53731],[127.40182,36.54124],[127.39782,36.54021],[127.39424,36.54028],[127.38509,36.54105],[127.38319,36.54786],[127.37255,36.55972],[127.3762,36.56156],[127.37707,36.56376],[127.37239,36.56344],[127.37301,36.56462],[127.37584,36.56589],[127.37755,36.56783],[127.37678,36.56786],[127.36866,36.56637],[127.36048,36.56228],[127.351,36.56221],[127.34713,36.56445],[127.33907,36.5628],[127.33702,36.56284],[127.33655,36.56999],[127.32723,36.57603],[127.32144,36.58378],[127.30387,36.5834],[127.30144,36.58556],[127.29945,36.58688],[127.30484,36.59139],[127.30495,36.59664],[127.30618,36.60256],[127.30117,36.60766],[127.2963,36.62424],[127.29201,36.62504],[127.29026,36.63694],[127.2794,36.63352],[127.27565,36.6398],[127.28278,36.64229],[127.28916,36.65932],[127.30101,36.66205],[127.30509,36.66757],[127.30763,36.68202],[127.30183,36.68574],[127.29666,36.68577],[127.28695,36.69042],[127.28425,36.69047],[127.27771,36.69135],[127.27348,36.69527],[127.26523,36.6922],[127.25792,36.69222],[127.25122,36.69701],[127.24805,36.69505],[127.24437,36.70109],[127.23705,36.70441],[127.2364,36.70745],[127.22862,36.7082],[127.22364,36.71166],[127.22363,36.71572],[127.21814,36.71559],[127.20481,36.72088],[127.20422,36.72507],[127.19728,36.72819],[127.18942,36.72778],[127.1873,36.72799],[127.18436,36.73004],[127.17358,36.72869],[127.17186,36.73164],[127.17044,36.73248],[127.16967,36.73243],[127.16697,36.73237],[127.1668,36.7332],[127.16661,36.73348],[127.16469,36.73382]]]},"properties":{"SIGUNGU_CD":"29010","SIGUNGU_NM":"세종시","BASE_DATE":"20250630"}},
{"type":"Feature","geometry":{"type":"Polygon","coordinates":[[[127.01976,37.35104],[127.01732,37.35051],[127.01428,37.34943],[127.0089,37.3393],[127.00066,37.33857],[126.99163,37.33401],[126.98924,37.3298],[126.98292,37.32668],[126.97126,37.33178],[126.96662,37.32395],[126.96497,37.30545],[126.96203,37.30241],[126.96067,37.30219],[126.968,37.29425],[126.96963,37.28663],[126.9784,37.28664],[126.97734,37.28836],[126.9847,37.29103],[126.99049,37.28635],[127.00068,37.28965],[127.00948,37.28551],[127.01402,37.28903],[127.0204,37.28712],[127.02598,37.29084],[127.03165,37.29251],[127.03374,37.29299],[127.03523,37.29419],[127.03258,37.30049],[127.033,37.30283],[127.03311,37.30346],[127.03331,37.30529],[127.03239,37.30964],[127.0379,37.31572],[127.03885,37.32048],[127.03975,37.3211],[127.03746,37.32581],[127.03693,37.32687],[127.03151,37.3368],[127.03346,37.34452],[127.01976,37.35104]]]},"properties":{"SIGUNGU_CD":"31011","SIGUNGU_NM":"수원시 장안구","BASE_DATE":"20250630"}},
{"type":"Feature","geometry":{"type":"Polygon","coordinates":[[[126.94105,37.30161],[126.93927,37.30164],[126.93293,37.30304],[126.93238,37.30086],[126.93936,37.29661],[126.93874,37.29463],[126.93219,37.28916],[126.9313,37.28696],[126.92914,37.28597],[126.92729,37.27881],[126.92706,37.27134],[126.93064,37.26108],[126.93579,37.25686],[126.94676,37.25746],[126.95008,37.25571],[126.95618,37.24676],[126.95757,37.24001],[126.96788,37.23482],[126.96942,37.23043],[126.9729,37.22873],[126.98107,37.23253],[126.98921,37.23213],[126.99769,37.22918],[126.99828,37.22562],[127.0027,37.22994],[127.01578,37.22581],[127.02328,37.22588],[127.0232,37.23089],[127.02999,37.23122],[127.03485,37.23614],[127.03618,37.23656],[127.0372,37.23828],[127.03669,37.23893],[127.04023,37.24425],[127.03924,37.24643],[127.04217,37.25098],[127.03606,37.25508],[127.03668,37.25652],[127.03048,37.25819],[127.03181,37.26166],[127.0206,37.26454],[127.01469,37.26393],[127.00983,37.26785],[127.00703,37.26389],[127.00009,37.26435],[126.99324,37.27736],[126.98666,37.27468],[126.98647,37.27471],[126.98534,37.27546],[126.98536,37.2764],[126.98663,37.27951],[126.98731,37.28215],[126.98481,37.2828],[126.98027,37.28463],[126.9784,37.28664],[126.96963,37.28663],[126.968,37.29425],[126.96067,37.30219],[126.95875,37.30233],[126.95564,37.30287],[126.95353,37.303],[126.95096,37.30042],[126.94105,37.30161]]]},"properties":{"SIGUNGU_CD":"31012","SIGUNGU_NM":"수원시 권선구","BASE_DATE":"20250630"}},
{"type":"Feature","geometry":{"type":"Polygon","coordinates":[[[127.03715,37.29292],[127.03581,37.29343],[127.03437,37.29323],[127.03374,37.29299],[127.03165,37.29251],[127.02598,37.29084],[127.0204,37.28712],[127.01402,37.28903],[127.00948,37.28551],[127.00068,37.28965],[126.99049,37.28635],[126.9847,37.29103],[126.97734,37.28836],[126.98027,37.28463],[126.98481,37.2828],[126.98731,37.28215],[126.98663,37.27951],[126.98536,37.2764],[126.98534,37.27546],[126.98647,37.27471],[126.98666,37.27468],[126.99324,37.27736],[127.00009,37.26435],[127.00703,37.26389],[127.00983,37.26785],[127.01469,37.26393],[127.0206,37.26454],[127.03181,37.26166],[127.03048,37.25819],[127.03668,37.25652],[127.04056,37.26516],[127.03318,37.267],[127.03836,37.26947],[127.03726,37.27497],[127.04427,37.2748],[127.04204,37.28593],[127.03882,37.29163],[127.03955,37.29176],[127.03944,37.29212],[127.03808,37.29301],[127.03715,37.29292]]]},"properties":{"SIGUNGU_CD":"31013","SIGUNGU_NM":"수원시 팔달구","BASE_DATE":"20250630"}},
{"type":"Feature","geometry":{"type":"Polygon","coordinates":[[[127.04034,37.32085],[127.03885,37.32048],[127.0379,37.31572],[127.03239,37.30964],[127.03331,37.30529],[127.03311,37.30346],[127.033,37.30283],[127.03258,37.30049],[127.03523,37.29419],[127.03437,37.29323],[127.03581,37.29343],[127.03715,37.29292],[127.03808,37.29301],[127.03944,37.29212],[127.03955,37.29176],[127.03882,37.29163],[127.04204,37.28593],[127.04427,37.2748],[127.03726,37.27497],[127.03836,37.26947],[127.03318,37.267],[127.04056,37.26516],[127.03606,37.25508],[127.04217,37.25098],[127.03924,37.24643],[127.04023,37.24425],[127.03669,37.23893],[127.03923,37.23893],[127.04405,37.23857],[127.04608,37.23285],[127.05153,37.23433],[127.0527,37.23128],[127.06692,37.24019],[127.06658,37.24115],[127.06611,37.24099],[127.06645,37.24299],[127.06631,37.24377],[127.06547,37.24369],[127.0679,37.24468],[127.06929,37.24598],[127.07331,37.24704],[127.08099,37.24835],[127.0825,37.25012],[127.08469,37.25649],[127.08096,37.25849],[127.08622,37.26486],[127.08551,37.2688],[127.08239,37.26817],[127.07732,37.26569],[127.06402,37.26937],[127.07129,37.28059],[127.08931,37.28687],[127.08917,37.29421],[127.08895,37.29626],[127.08904,37.29717],[127.08913,37.29812],[127.08584,37.29862],[127.07918,37.29323],[127.06025,37.29663],[127.06092,37.30914],[127.05769,37.31555],[127.04982,37.31585],[127.04034,37.32085]]]},"properties":{"SIGUNGU_CD":"31014","SIGUNGU_NM":"수원시 영통구","BASE_DATE":"20250630"}},
{"type":"Feature","geometry":{"type":"Polygon","coordinates":[[[127.1364,37.47417],[127.13286,37.47463],[127.1328,37.46839],[127.12505,37.46726],[127.12449,37.46664],[127.12186,37.46514],[127.1169,37.45864],[127.11333,37.46109],[127.10989,37.46194],[127.1073,37.46218],[127.10561,37.46218],[127.0991,37.45622],[127.09577,37.45652],[127.09354,37.45589],[127.08786,37.44489],[127.08017,37.44105],[127.07163,37.44152],[127.07376,37.43779],[127.07117,37.43042],[127.07033,37.43048],[127.06568,37.42899],[127.04987,37.43031],[127.04755,37.43061],[127.04704,37.43082],[127.04247,37.42845],[127.0421,37.42611],[127.04181,37.41638],[127.04298,37.41541],[127.04684,37.41375],[127.04276,37.4083],[127.04325,37.40389],[127.05615,37.40243],[127.06319,37.39851],[127.08351,37.39707],[127.09476,37.40698],[127.10245,37.40972],[127.11144,37.40744],[127.11668,37.40906],[127.11768,37.41487],[127.11921,37.41566],[127.11896,37.4166],[127.11969,37.42034],[127.11711,37.42146],[127.11845,37.43234],[127.1364,37.43533],[127.15643,37.44461],[127.16093,37.45418],[127.16635,37.46053],[127.17388,37.46585],[127.17634,37.47075],[127.17657,37.47152],[127.17563,37.47196],[127.16895,37.46883],[127.1546,37.47352],[127.1364,37.47417]]]},"properties":{"SIGUNGU_CD":"31021","SIGUNGU_NM":"성남시 수정구","BASE_DATE":"20250630"}},
{"type":"Feature","geometry":{"type":"Polygon","coordinates":[[[127.17879,37.47481],[127.17866,37.47438],[127.17692,37.47283],[127.17563,37.47196],[127.17657,37.47152],[127.17634,37.47075],[127.17388,37.46585],[127.16635,37.46053],[127.16093,37.45418],[127.15643,37.44461],[127.1364,37.43533],[127.11845,37.43234],[127.11711,37.42146],[127.11969,37.42034],[127.11896,37.4166],[127.11921,37.41566],[127.12055,37.41646],[127.1313,37.41718],[127.13684,37.41603],[127.14114,37.41561],[127.14337,37.41509],[127.14926,37.4108],[127.15564,37.4111],[127.16506,37.40646],[127.17384,37.40553],[127.17532,37.40727],[127.17712,37.41507],[127.18316,37.41502],[127.19434,37.42467],[127.19414,37.4258],[127.19543,37.43095],[127.19337,37.43793],[127.19582,37.44359],[127.19484,37.45117],[127.18938,37.45835],[127.18476,37.45882],[127.18177,37.46915],[127.1819,37.47082],[127.17879,37.47481]]]},"properties":{"SIGUNGU_CD":"31022","SIGUNGU_NM":"성남시 중원구","BASE_DATE":"20250630"}},
{"type":"Feature","geometry":{"type":"Polygon","coordinates":[[[127.13684,37.41603],[127.1313,37.41718],[127.12055,37.41646],[127.11768,37.41487],[127.11668,37.40906],[127.11144,37.40744],[127.10245,37.40972],[127.09476,37.40698],[127.08351,37.39707],[127.06319,37.39851],[127.05615,37.40243],[127.04325,37.40389],[127.0371,37.4013],[127.03842,37.39051],[127.03467,37.38879],[127.03194,37.3796],[127.0282,37.37919],[127.0277,37.37285],[127.02792,37.37196],[127.02926,37.37232],[127.0321,37.37146],[127.03545,37.37067],[127.03748,37.37019],[127.04483,37.36882],[127.05267,37.36379],[127.05309,37.36092],[127.06318,37.36044],[127.0706,37.35799],[127.07809,37.34961],[127.08595,37.35166],[127.09785,37.34289],[127.10185,37.34311],[127.10379,37.33855],[127.11047,37.33439],[127.11692,37.33338],[127.12277,37.33702],[127.12942,37.33732],[127.13173,37.3385],[127.13655,37.33973],[127.13796,37.33938],[127.13769,37.3398],[127.13408,37.3479],[127.1326,37.34954],[127.13431,37.35178],[127.13426,37.35416],[127.13427,37.35658],[127.1398,37.36009],[127.14094,37.35989],[127.14408,37.35942],[127.14573,37.36],[127.15275,37.36342],[127.16059,37.37268],[127.16182,37.37969],[127.17208,37.38236],[127.17415,37.38319],[127.17672,37.3861],[127.17674,37.38736],[127.17086,37.39129],[127.16862,37.3932],[127.17387,37.4055],[127.17384,37.40553],[127.16506,37.40646],[127.15564,37.4111],[127.14926,37.4108],[127.14337,37.41509],[127.14114,37.41561],[127.13684,37.41603]]]},"properties":{"SIGUNGU_CD":"31023","SIGUNGU_NM":"성남시 분당구","BASE_DATE":"20250630"}},
{"type":"Feature","geometry":{"type":"Polygon","coordinates":[[[127.10574,37.78034],[127.10354,37.77935],[127.09076,37.77597],[127.0733,37.76841],[127.06961,37.7651],[127.05134,37.76095],[127.04149,37.76676],[127.03382,37.76843],[127.02724,37.76645],[127.01744,37.76886],[127.0085,37.76239],[127.00205,37.76262],[127.00242,37.75516],[127.00664,37.7477],[127.00237,37.7408],[127.01223,37.72608],[127.01047,37.72192],[127.01277,37.71246],[127.0182,37.70514],[127.01542,37.70146],[127.02929,37.69929],[127.03241,37.69184],[127.04111,37.6953],[127.04863,37.69406],[127.04982,37.68798],[127.0518,37.68707],[127.06121,37.69217],[127.06273,37.69468],[127.07266,37.6938],[127.0811,37.69614],[127.08403,37.70192],[127.09652,37.70218],[127.10719,37.70758],[127.10895,37.70862],[127.11226,37.71776],[127.12306,37.72193],[127.12578,37.72747],[127.12387,37.73499],[127.12502,37.74257],[127.12864,37.74808],[127.13634,37.74952],[127.13837,37.74742],[127.14726,37.75199],[127.14431,37.75599],[127.13965,37.76402],[127.13371,37.76209],[127.12581,37.76364],[127.12908,37.76713],[127.12635,37.77223],[127.11613,37.77268],[127.1154,37.77682],[127.10574,37.78034]]]},"properties":{"SIGUNGU_CD":"31030","SIGUNGU_NM":"의정부시","BASE_DATE":"20250630"}},
{"type":"Feature","geometry":{"type":"Polygon","coordinates":[[[126.9349,37.44321],[126.93175,37.44498],[126.93037,37.4477],[126.92891,37.44987],[126.9284,37.45021],[126.92828,37.44935],[126.91926,37.43985],[126.91231,37.43858],[126.9094,37.43386],[126.90299,37.43407],[126.90275,37.43586],[126.90085,37.43698],[126.90034,37.43773],[126.89898,37.4387],[126.89969,37.43779],[126.89811,37.43123],[126.89464,37.42943],[126.89453,37.4283],[126.89458,37.42741],[126.89615,37.42787],[126.89689,37.42719],[126.89615,37.42637],[126.89409,37.42253],[126.89359,37.42023],[126.89043,37.42038],[126.88899,37.41142],[126.87837,37.40889],[126.87116,37.41271],[126.87041,37.40704],[126.87721,37.40416],[126.87704,37.40196],[126.87767,37.39979],[126.87759,37.39714],[126.87542,37.3957],[126.88083,37.37943],[126.88212,37.37715],[126.88345,37.37653],[126.88447,37.3769],[126.89062,37.37545],[126.89579,37.36017],[126.8969,37.35929],[126.90644,37.36153],[126.91235,37.37348],[126.91845,37.37694],[126.93234,37.37776],[126.93993,37.37592],[126.94187,37.37852],[126.94125,37.37917],[126.94128,37.38585],[126.93972,37.3935],[126.93149,37.39742],[126.92738,37.4019],[126.92566,37.41182],[126.92976,37.41504],[126.93825,37.41444],[126.94183,37.41912],[126.94859,37.42203],[126.94897,37.43291],[126.94799,37.43565],[126.9484,37.43742],[126.94816,37.43863],[126.94679,37.43817],[126.93862,37.43603],[126.93786,37.4402],[126.93665,37.44175],[126.9349,37.44321]]]},"properties":{"SIGUNGU_CD":"31041","SIGUNGU_NM":"안양시 만안구","BASE_DATE":"20250630"}},
{"type":"Feature","geometry":{"type":"Polygon","coordinates":[[[126.9654,37.44023],[126.96294,37.44028],[126.95897,37.43907],[126.95511,37.43869],[126.94877,37.43865],[126.94816,37.43863],[126.9484,37.43742],[126.94799,37.43565],[126.94897,37.43291],[126.94859,37.42203],[126.94183,37.41912],[126.93825,37.41444],[126.92976,37.41504],[126.92566,37.41182],[126.92738,37.4019],[126.93149,37.39742],[126.93972,37.3935],[126.94128,37.38585],[126.94125,37.37917],[126.94171,37.37866],[126.9438,37.37801],[126.94701,37.37537],[126.94581,37.37308],[126.9518,37.36619],[126.95702,37.36603],[126.96206,37.36164],[126.96261,37.36192],[126.96318,37.36197],[126.96442,37.36178],[126.96501,37.37147],[126.97233,37.38034],[126.9742,37.38882],[126.98258,37.39469],[126.98285,37.40048],[126.98199,37.40074],[126.97587,37.4059],[126.97322,37.41589],[126.96245,37.42091],[126.96093,37.42608],[126.96396,37.43126],[126.9654,37.44023]]]},"properties":{"SIGUNGU_CD":"31042","SIGUNGU_NM":"안양시 동안구","BASE_DATE":"20250630"}},
{"type":"Feature","geometry":{"type":"Polygon","coordinates":[[[126.79514,37.52009],[126.79575,37.52067],[126.79292,37.52234],[126.77132,37.51383],[126.76576,37.51798],[126.76014,37.51801],[126.7601,37.51742],[126.76051,37.51686],[126.76028,37.51592],[126.75375,37.51685],[126.75291,37.51632],[126.74593,37.51521],[126.74147,37.50899],[126.74376,37.50162],[126.74241,37.49056],[126.74251,37.48844],[126.75943,37.48732],[126.76386,37.48687],[126.79175,37.48282],[126.80257,37.48226],[126.81273,37.48534],[126.82098,37.49079],[126.81301,37.4964],[126.81964,37.49921],[126.82255,37.50568],[126.82235,37.50632],[126.79088,37.50668],[126.79024,37.51254],[126.79017,37.51308],[126.79409,37.51586],[126.79531,37.51757],[126.79514,37.52009]]]},"properties":{"SIGUNGU_CD":"31051","SIGUNGU_NM":"부천시 원미구","BASE_DATE":"20250630"}},
{"type":"Feature","geometry":{"type":"Polygon","coordinates":[[[126.82096,37.49067],[126.81273,37.48534],[126.80257,37.48226],[126.79175,37.48282],[126.76386,37.48687],[126.75943,37.48732],[126.74251,37.48844],[126.74231,37.48695],[126.75238,37.4846],[126.7544,37.48366],[126.75916,37.47692],[126.76761,37.47282],[126.76955,37.47198],[126.77776,37.47182],[126.77969,37.47146],[126.78302,37.4721],[126.78921,37.46564],[126.79883,37.46458],[126.80311,37.46173],[126.8089,37.46213],[126.81341,37.45874],[126.82551,37.45906],[126.82651,37.46044],[126.82679,37.46174],[126.82894,37.46415],[126.833,37.46586],[126.83305,37.47725],[126.83175,37.47765],[126.82962,37.4769],[126.81463,37.47465],[126.82359,37.48774],[126.82096,37.49067]]]},"properties":{"SIGUNGU_CD":"31052","SIGUNGU_NM":"부천시 소사구","BASE_DATE":"20250630"}},
{"type":"Feature","geometry":{"type":"Polygon","coordinates":[[[126.76673,37.55406],[126.7662,37.55424],[126.76641,37.55346],[126.76153,37.542],[126.76011,37.52541],[126.76046,37.52355],[126.76023,37.52315],[126.76058,37.5227],[126.75999,37.51935],[126.76021,37.5191],[126.76014,37.51801],[126.76576,37.51798],[126.77132,37.51383],[126.79292,37.52234],[126.79575,37.52067],[126.79514,37.52009],[126.79531,37.51757],[126.79409,37.51586],[126.79017,37.51308],[126.79024,37.51254],[126.79088,37.50668],[126.82235,37.50632],[126.82222,37.50769],[126.82469,37.50832],[126.8239,37.5091],[126.82426,37.51447],[126.8231,37.51622],[126.82566,37.52223],[126.82582,37.52371],[126.82843,37.5267],[126.82187,37.5349],[126.82159,37.53971],[126.81932,37.54074],[126.81631,37.54055],[126.81233,37.54074],[126.80919,37.54257],[126.80185,37.54272],[126.79946,37.53773],[126.79443,37.53583],[126.79494,37.54137],[126.78726,37.54608],[126.77155,37.54832],[126.76729,37.55368],[126.76673,37.55406]]]},"properties":{"SIGUNGU_CD":"31053","SIGUNGU_NM":"부천시 오정구","BASE_DATE":"20250630"}},
{"type":"Feature","geometry":{"type":"Polygon","coordinates":[[[126.8695,37.49433],[126.86823,37.49513],[126.86704,37.49395],[126.8527,37.48182],[126.84702,37.48191],[126.84599,37.4807],[126.84536,37.47381],[126.83348,37.47716],[126.83305,37.47725],[126.833,37.46586],[126.82894,37.46415],[126.82679,37.46174],[126.82651,37.46044],[126.8261,37.45948],[126.83308,37.4603],[126.83828,37.45747],[126.83785,37.43691],[126.84156,37.43371],[126.84182,37.42617],[126.8454,37.42288],[126.84637,37.41234],[126.85291,37.4083],[126.85505,37.40411],[126.85557,37.40322],[126.85615,37.40326],[126.86097,37.40175],[126.86342,37.4018],[126.87633,37.4017],[126.87721,37.40416],[126.87041,37.40704],[126.87116,37.41271],[126.87837,37.40889],[126.88899,37.41142],[126.89043,37.42038],[126.89359,37.42023],[126.89409,37.42253],[126.89615,37.42637],[126.89689,37.42719],[126.89615,37.42787],[126.89458,37.42741],[126.89453,37.4283],[126.89464,37.42943],[126.89811,37.43123],[126.89969,37.43779],[126.89899,37.43864],[126.89876,37.43928],[126.89928,37.43964],[126.89398,37.45272],[126.88724,37.4555],[126.88587,37.45759],[126.88888,37.46095],[126.88275,37.46439],[126.88425,37.46653],[126.87801,37.47383],[126.87221,37.48443],[126.87176,37.48527],[126.87244,37.48611],[126.87422,37.48519],[126.87597,37.48691],[126.87413,37.49134],[126.86999,37.49102],[126.86946,37.49211],[126.86958,37.49311],[126.87007,37.49349],[126.8695,37.49433]]]},"properties":{"SIGUNGU_CD":"31060","SIGUNGU_NM":"광명시","BASE_DATE":"20250630"}},
{"type":"Feature","geometry":{"type":"MultiPolygon","coordinates":[[[[126.82914,36.94754],[126.83185,36.94145],[126.8405,36.94374],[126.83662,36.95013],[126.82914,36.94754]]],[[[127.1172,37.14463],[127.11452,37.14438],[127.10434,37.14173],[127.10304,37.14386],[127.09765,37.13679],[127.0915,37.13724],[127.08972,37.13255],[127.09322,37.12993],[127.09145,37.13122],[127.09101,37.13102],[127.09294,37.12959],[127.09252,37.12955],[127.07924,37.12572],[127.06677,37.12671],[127.06493,37.13194],[127.05566,37.1336],[127.04567,37.1268],[127.04565,37.12582],[127.0437,37.12724],[127.04066,37.12947],[127.03575,37.13641],[127.03599,37.13682],[127.03521,37.13575],[127.01335,37.12903],[127.00142,37.12801],[126.99819,37.12559],[126.9979,37.11852],[126.9979,37.11645],[126.99748,37.11596],[126.99636,37.11653],[126.99754,37.11469],[126.99888,37.11576],[126.9984,37.11428],[126.99613,37.11424],[126.9945,37.11355],[127.00007,37.11142],[127.00029,37.11007],[126.99668,37.10131],[126.99804,37.09275],[126.99556,37.08955],[126.99989,37.08693],[126.99967,37.08488],[126.99792,37.08483],[126.99049,37.08749],[126.99082,37.08602],[126.99614,37.07939],[126.99095,37.07753],[126.99724,37.07148],[126.99688,37.07014],[126.99586,37.06954],[126.99119,37.07069],[126.98985,37.07003],[126.97745,37.07085],[126.97777,37.07101],[126.96914,37.07317],[126.96465,37.06784],[126.94905,37.06877],[126.94853,37.06163],[126.93151,37.06262],[126.92849,37.0681],[126.9189,37.06528],[126.91147,37.06891],[126.90136,37.07009],[126.89109,37.06701],[126.88374,37.06699],[126.87744,37.05273],[126.85479,37.0217],[126.84211,37.01432],[126.83402,37.01338],[126.79767,37.01341],[126.78716,37.01297],[126.77886,37.00743],[126.78967,36.99462],[126.79466,36.99746],[126.80871,36.99616],[126.80414,36.99026],[126.80884,36.98874],[126.81211,36.99497],[126.8234,36.99127],[126.82054,36.98555],[126.82351,36.98429],[126.84961,36.94647],[126.86551,36.93931],[126.86743,36.93327],[126.88709,36.93627],[126.89919,36.92993],[126.90305,36.9257],[126.90358,36.91542],[126.90721,36.91224],[126.90961,36.90159],[126.91674,36.90621],[126.93963,36.91733],[126.97375,36.92586],[126.98555,36.93249],[126.99518,36.93536],[127.00263,36.93363],[127.01502,36.93542],[127.02083,36.9346],[127.0258,36.92875],[127.03345,36.92873],[127.03738,36.93233],[127.04758,36.93322],[127.0585,36.9374],[127.06549,36.94193],[127.06836,36.94026],[127.07155,36.94068],[127.07277,36.94056],[127.07359,36.93896],[127.07408,36.93863],[127.08621,36.94774],[127.09576,36.94237],[127.097,36.94799],[127.103,36.95316],[127.09641,36.95569],[127.09661,36.95865],[127.09701,36.95968],[127.10146,36.96343],[127.10251,36.96476],[127.11191,36.97213],[127.11366,36.97296],[127.1144,36.97147],[127.12021,36.97035],[127.12531,36.97592],[127.13395,36.97686],[127.14114,36.97974],[127.13641,36.98476],[127.13138,36.98559],[127.13566,36.99328],[127.14457,36.99718],[127.1541,36.99784],[127.15134,37.00466],[127.14613,37.00939],[127.14529,37.01686],[127.15244,37.02167],[127.15236,37.02657],[127.15231,37.02729],[127.14381,37.03268],[127.12637,37.03361],[127.12221,37.03514],[127.1151,37.02713],[127.11255,37.02698],[127.10566,37.0349],[127.10572,37.0361],[127.10983,37.04089],[127.11932,37.04615],[127.12756,37.05303],[127.13014,37.05824],[127.12498,37.06472],[127.11894,37.06204],[127.11503,37.06472],[127.10607,37.06509],[127.10202,37.06863],[127.10362,37.07589],[127.12027,37.07646],[127.12302,37.07735],[127.12637,37.08171],[127.12428,37.08917],[127.12373,37.09031],[127.12304,37.09043],[127.113,37.11259],[127.11224,37.11404],[127.11096,37.11584],[127.10964,37.11733],[127.10938,37.11839],[127.10978,37.11872],[127.10934,37.12039],[127.10873,37.12385],[127.11012,37.12621],[127.11489,37.12984],[127.12018,37.12894],[127.1206,37.13944],[127.12204,37.14247],[127.12294,37.14449],[127.12218,37.14428],[127.1172,37.14463]]]]},"properties":{"SIGUNGU_CD":"31070","SIGUNGU_NM":"평택시","BASE_DATE":"20250630"}},
{"type":"Feature","geometry":{"type":"Polygon","coordinates":[[[127.09023,37.97152],[127.08084,37.97639],[127.06614,37.97523],[127.06415,37.97917],[127.05368,37.98105],[127.04497,37.97309],[127.04543,37.97006],[127.03952,37.95784],[127.0384,37.95741],[127.02883,37.95588],[127.02777,37.94375],[127.02041,37.94002],[127.01367,37.92984],[127.01068,37.92856],[127.01008,37.92792],[127.01357,37.92089],[127.00622,37.91522],[127.0105,37.91016],[127.01028,37.90581],[127.01216,37.90462],[127.02141,37.89865],[127.02878,37.89887],[127.0372,37.89541],[127.04585,37.89463],[127.04821,37.88318],[127.05968,37.87097],[127.0605,37.86927],[127.07227,37.87162],[127.07374,37.87276],[127.07817,37.87019],[127.08836,37.87221],[127.09526,37.8678],[127.10102,37.86693],[127.10802,37.86061],[127.10957,37.86078],[127.11162,37.86482],[127.12323,37.86698],[127.12684,37.87317],[127.14684,37.87622],[127.14945,37.88569],[127.15537,37.89562],[127.14927,37.89813],[127.14547,37.91202],[127.13318,37.91598],[127.1215,37.91652],[127.11553,37.92942],[127.10858,37.93961],[127.09544,37.94426],[127.09927,37.95293],[127.09237,37.95881],[127.09418,37.96681],[127.09169,37.97107],[127.09023,37.97152]]]},"properties":{"SIGUNGU_CD":"31080","SIGUNGU_NM":"동두천시","BASE_DATE":"20250630"}},
{"type":"Feature","geometry":{"type":"Polygon","coordinates":[[[126.88447,37.3769],[126.88345,37.37653],[126.88212,37.37715],[126.88125,37.37747],[126.87231,37.36717],[126.86564,37.36235],[126.85583,37.35945],[126.84827,37.36477],[126.84183,37.36314],[126.84085,37.36181],[126.83663,37.35574],[126.83473,37.34783],[126.84257,37.34305],[126.83675,37.33821],[126.84181,37.33356],[126.84098,37.32032],[126.84257,37.3153],[126.84178,37.30642],[126.84109,37.30571],[126.83635,37.30389],[126.82416,37.30418],[126.82153,37.30335],[126.81715,37.29941],[126.8168,37.29804],[126.81426,37.29499],[126.82578,37.28635],[126.82803,37.27961],[126.8381,37.27613],[126.84391,37.26748],[126.85285,37.27238],[126.86314,37.2741],[126.86282,37.27905],[126.86239,37.27975],[126.8632,37.28122],[126.86715,37.2817],[126.87223,37.27946],[126.87904,37.28561],[126.88984,37.28199],[126.89307,37.28659],[126.90093,37.29143],[126.91545,37.28976],[126.91797,37.28531],[126.92729,37.27881],[126.92914,37.28597],[126.9313,37.28696],[126.93219,37.28916],[126.93874,37.29463],[126.93936,37.29661],[126.93238,37.30086],[126.9327,37.30351],[126.93058,37.30522],[126.93072,37.30598],[126.93024,37.30722],[126.9291,37.30703],[126.92863,37.30676],[126.92367,37.30648],[126.92207,37.30627],[126.91634,37.30505],[126.91536,37.31457],[126.91574,37.31568],[126.90759,37.32186],[126.89154,37.31991],[126.88795,37.31774],[126.88321,37.3209],[126.87429,37.32108],[126.87278,37.32634],[126.87705,37.3327],[126.88185,37.33436],[126.88608,37.33992],[126.88689,37.34694],[126.8939,37.35376],[126.89583,37.35897],[126.89579,37.36017],[126.89062,37.37545],[126.88447,37.3769]]]},"properties":{"SIGUNGU_CD":"31091","SIGUNGU_NM":"안산시 상록구","BASE_DATE":"20250630"}},
{"type":"Feature","geometry":{"type":"MultiPolygon","coordinates":[[[[126.44878,37.10449],[126.44683,37.10052],[126.44907,37.09551],[126.45349,37.09765],[126.44878,37.10449]]],[[[126.38821,37.11512],[126.37985,37.1138],[126.38027,37.10621],[126.39219,37.09912],[126.39448,37.10055],[126.39268,37.11269],[126.38821,37.11512]]],[[[126.61491,37.31389],[126.6075,37.31322],[126.60497,37.30913],[126.57785,37.2931],[126.5772,37.29015],[126.56818,37.28308],[126.56774,37.28062],[126.55777,37.27709],[126.55569,37.28353],[126.55165,37.28159],[126.53782,37.28675],[126.5396,37.2825],[126.54824,37.28007],[126.55004,37.27406],[126.55859,37.26686],[126.55887,37.25994],[126.56284,37.25703],[126.56294,37.25186],[126.5588,37.24758],[126.56122,37.24204],[126.5673,37.23702],[126.55857,37.23609],[126.55381,37.23334],[126.5429,37.23412],[126.54082,37.2289],[126.54794,37.22126],[126.54961,37.22364],[126.55711,37.21788],[126.55354,37.21443],[126.54323,37.21461],[126.54558,37.20925],[126.53982,37.20709],[126.5338,37.1992],[126.53722,37.19787],[126.54229,37.20552],[126.54962,37.20553],[126.56067,37.19823],[126.56316,37.19304],[126.56958,37.19925],[126.5694,37.20672],[126.57221,37.20869],[126.57742,37.22194],[126.58674,37.22063],[126.58934,37.21386],[126.60029,37.2175],[126.6013,37.21418],[126.61407,37.20784],[126.6113,37.21894],[126.60238,37.22394],[126.60259,37.23044],[126.61035,37.2294],[126.61087,37.23394],[126.61894,37.22954],[126.62094,37.23564],[126.62699,37.21859],[126.6374,37.21665],[126.64482,37.21266],[126.64694,37.20844],[126.6416,37.20439],[126.64275,37.18961],[126.64575,37.18963],[126.65173,37.19852],[126.65499,37.20962],[126.65462,37.2251],[126.65211,37.23033],[126.64342,37.24004],[126.63679,37.25515],[126.64409,37.26628],[126.63826,37.27155],[126.62534,37.26801],[126.62443,37.26408],[126.61597,37.26981],[126.59829,37.27759],[126.57805,37.29282],[126.61491,37.31389]]],[[[126.82713,37.36445],[126.82586,37.36506],[126.81871,37.36107],[126.81628,37.35545],[126.81354,37.35722],[126.80472,37.3531],[126.79541,37.35507],[126.79029,37.35027],[126.79318,37.34357],[126.78441,37.33676],[126.78355,37.34036],[126.76484,37.34241],[126.74941,37.33305],[126.74655,37.32472],[126.73854,37.32967],[126.7179,37.30861],[126.72147,37.30589],[126.73285,37.30266],[126.73267,37.30076],[126.74488,37.29908],[126.76764,37.29253],[126.78253,37.29171],[126.8025,37.29577],[126.81174,37.29543],[126.8168,37.29804],[126.81715,37.29941],[126.82153,37.30335],[126.82416,37.30418],[126.83635,37.30389],[126.84116,37.30575],[126.84161,37.30612],[126.84183,37.30661],[126.84257,37.3153],[126.84098,37.32032],[126.84181,37.33356],[126.83675,37.33821],[126.84257,37.34305],[126.83473,37.34783],[126.83663,37.35574],[126.84085,37.36181],[126.84164,37.36322],[126.83032,37.36208],[126.82713,37.36445]]]]},"properties":{"SIGUNGU_CD":"31092","SIGUNGU_NM":"안산시 단원구","BASE_DATE":"20250630"}},
{"type":"Feature","geometry":{"type":"Polygon","coordinates":[[[126.9291,37.74849],[126.92289,37.74702],[126.90936,37.7469],[126.90092,37.73721],[126.90272,37.72902],[126.89411,37.72711],[126.88853,37.72296],[126.88214,37.72586],[126.87366,37.72596],[126.86494,37.73264],[126.85603,37.73559],[126.84089,37.73105],[126.83748,37.72796],[126.83676,37.72746],[126.84119,37.7204],[126.84058,37.71635],[126.84814,37.70146],[126.85568,37.69466],[126.85607,37.69273],[126.85384,37.68796],[126.84913,37.69043],[126.84808,37.68604],[126.83475,37.68316],[126.83355,37.6778],[126.82066,37.67096],[126.82276,37.6632],[126.81741,37.66428],[126.81069,37.65841],[126.81641,37.65702],[126.81783,37.64974],[126.81364,37.64445],[126.81187,37.64803],[126.80384,37.64329],[126.79788,37.64386],[126.79463,37.63889],[126.7946,37.62931],[126.79181,37.62621],[126.79094,37.62562],[126.78983,37.62652],[126.78974,37.62659],[126.78834,37.62776],[126.78298,37.63044],[126.76287,37.63533],[126.75952,37.62969],[126.78881,37.61333],[126.79717,37.60777],[126.80199,37.60541],[126.80586,37.60258],[126.81137,37.59896],[126.8193,37.59285],[126.84838,37.57516],[126.85363,37.57179],[126.85363,37.5738],[126.86494,37.57747],[126.87626,37.57819],[126.87754,37.58625],[126.88189,37.59064],[126.88232,37.59113],[126.88358,37.59185],[126.88716,37.58853],[126.89686,37.58857],[126.90183,37.59514],[126.9003,37.61119],[126.90861,37.62627],[126.9071,37.6334],[126.91121,37.63591],[126.91228,37.64432],[126.91519,37.64512],[126.92412,37.64611],[126.9297,37.65005],[126.9319,37.65023],[126.93716,37.65232],[126.94034,37.65677],[126.94756,37.65922],[126.94804,37.65789],[126.95711,37.65284],[126.96333,37.63325],[126.9598,37.62973],[126.96144,37.62996],[126.97367,37.63203],[126.97701,37.63297],[126.98359,37.63641],[126.98508,37.63731],[126.98394,37.64961],[126.97966,37.65604],[126.99222,37.66523],[126.99398,37.67491],[126.9922,37.67963],[126.98241,37.68518],[126.97495,37.68665],[126.96513,37.69282],[126.95373,37.69262],[126.95139,37.68804],[126.94521,37.68582],[126.94288,37.67199],[126.93881,37.67021],[126.92035,37.67162],[126.91122,37.66869],[126.90844,37.66983],[126.90763,37.67039],[126.90843,37.67184],[126.91245,37.67552],[126.91526,37.6882],[126.92232,37.70035],[126.92535,37.70865],[126.9205,37.7138],[126.92485,37.71981],[126.92183,37.73049],[126.92332,37.73286],[126.93063,37.73604],[126.9291,37.74849]]]},"properties":{"SIGUNGU_CD":"31101","SIGUNGU_NM":"고양시 덕양구","BASE_DATE":"20250630"}},
{"type":"Feature","geometry":{"type":"Polygon","coordinates":[[[126.80112,37.73452],[126.79845,37.73704],[126.79393,37.73458],[126.79383,37.72613],[126.7801,37.71775],[126.77443,37.71144],[126.77342,37.70387],[126.78183,37.69913],[126.77715,37.69083],[126.77837,37.68118],[126.77207,37.67085],[126.77186,37.67095],[126.76269,37.66329],[126.75809,37.66608],[126.75529,37.66203],[126.74846,37.665],[126.74332,37.65753],[126.74589,37.65713],[126.74542,37.65478],[126.74306,37.65508],[126.73629,37.65074],[126.73247,37.64752],[126.73468,37.64636],[126.73632,37.64311],[126.74604,37.63524],[126.7551,37.63196],[126.75952,37.62969],[126.76287,37.63533],[126.78298,37.63044],[126.78834,37.62776],[126.78974,37.62659],[126.78983,37.62652],[126.79094,37.62562],[126.79181,37.62621],[126.7946,37.62931],[126.79463,37.63889],[126.79788,37.64386],[126.80384,37.64329],[126.81187,37.64803],[126.81364,37.64445],[126.81783,37.64974],[126.81641,37.65702],[126.81069,37.65841],[126.81741,37.66428],[126.82276,37.6632],[126.82066,37.67096],[126.83355,37.6778],[126.83475,37.68316],[126.84808,37.68604],[126.84913,37.69043],[126.85384,37.68796],[126.85607,37.69273],[126.85568,37.69466],[126.84814,37.70146],[126.84058,37.71635],[126.84119,37.7204],[126.83676,37.72746],[126.83605,37.7275],[126.8316,37.72899],[126.81373,37.72348],[126.80057,37.73075],[126.80101,37.73287],[126.80112,37.73452]]]},"properties":{"SIGUNGU_CD":"31103","SIGUNGU_NM":"고양시 일산동구","BASE_DATE":"20250630"}},
{"type":"Feature","geometry":{"type":"Polygon","coordinates":[[[126.77153,37.70505],[126.76608,37.70728],[126.75973,37.70304],[126.75568,37.70529],[126.75023,37.703],[126.74007,37.70663],[126.73853,37.70441],[126.72758,37.70367],[126.72634,37.70454],[126.71633,37.70012],[126.70072,37.69696],[126.68992,37.68861],[126.68288,37.69599],[126.67395,37.7003],[126.67036,37.68512],[126.67259,37.67804],[126.67797,37.67152],[126.69201,37.66411],[126.72484,37.64894],[126.73153,37.64822],[126.73247,37.64752],[126.73629,37.65074],[126.74306,37.65508],[126.74542,37.65478],[126.74589,37.65713],[126.74332,37.65753],[126.74846,37.665],[126.75529,37.66203],[126.75809,37.66608],[126.76269,37.66329],[126.77186,37.67095],[126.77207,37.67085],[126.77837,37.68118],[126.77715,37.69083],[126.78183,37.69913],[126.77342,37.70387],[126.77153,37.70505]]]},"properties":{"SIGUNGU_CD":"31104","SIGUNGU_NM":"고양시 일산서구","BASE_DATE":"20250630"}},
{"type":"Feature","geometry":{"type":"Polygon","coordinates":[[[127.01451,37.45486],[127.00871,37.45776],[127.00368,37.46772],[126.99623,37.46661],[126.99677,37.46187],[126.9895,37.45852],[126.98678,37.4574],[126.97458,37.45441],[126.97057,37.44945],[126.96429,37.44627],[126.96442,37.44431],[126.9638,37.44079],[126.9654,37.44023],[126.96396,37.43126],[126.96093,37.42608],[126.96245,37.42091],[126.97322,37.41589],[126.97587,37.4059],[126.98199,37.40074],[126.9831,37.40144],[126.98424,37.40221],[126.98516,37.40586],[126.98819,37.40796],[126.99968,37.40462],[127.01332,37.41387],[127.02788,37.41199],[127.03898,37.41419],[127.04126,37.415],[127.04149,37.41553],[127.04181,37.41638],[127.0421,37.42611],[127.04247,37.42845],[127.04704,37.43082],[127.04737,37.4307],[127.04722,37.43204],[127.04631,37.43345],[127.04005,37.43824],[127.03557,37.439],[127.03781,37.44892],[127.03375,37.46118],[127.03453,37.46334],[127.03461,37.46371],[127.03348,37.46464],[127.02953,37.46537],[127.026,37.45782],[127.01755,37.45614],[127.01695,37.45597],[127.01629,37.45523],[127.01451,37.45486]]]},"properties":{"SIGUNGU_CD":"31110","SIGUNGU_NM":"과천시","BASE_DATE":"20250630"}},
{"type":"Feature","geometry":{"type":"Polygon","coordinates":[[[127.14866,37.64082],[127.14606,37.64425],[127.14042,37.64608],[127.13915,37.64589],[127.12724,37.64121],[127.11648,37.64335],[127.11126,37.64238],[127.11142,37.64209],[127.1122,37.63264],[127.10591,37.62759],[127.10566,37.62042],[127.10556,37.62016],[127.11052,37.62105],[127.11715,37.61789],[127.11805,37.6046],[127.11406,37.59952],[127.11688,37.5955],[127.11334,37.59326],[127.10897,37.58338],[127.10344,37.5806],[127.1009,37.57439],[127.10094,37.57336],[127.10423,37.57139],[127.10167,37.56263],[127.10112,37.56105],[127.10493,37.55642],[127.11331,37.55683],[127.11565,37.5577],[127.12296,37.56349],[127.13767,37.56842],[127.14895,37.56843],[127.16675,37.57898],[127.16865,37.579],[127.16843,37.57977],[127.1706,37.58103],[127.16359,37.5843],[127.16126,37.58537],[127.16067,37.58777],[127.16129,37.58853],[127.16847,37.59083],[127.16886,37.5925],[127.16665,37.59482],[127.16326,37.5959],[127.16049,37.59555],[127.15612,37.59629],[127.1506,37.59994],[127.14283,37.62322],[127.14473,37.63006],[127.14882,37.63358],[127.14866,37.64082]]]},"properties":{"SIGUNGU_CD":"31120","SIGUNGU_NM":"구리시","BASE_DATE":"20250630"}},
{"type":"Feature","geometry":{"type":"Polygon","coordinates":[[[127.26573,37.78053],[127.259,37.76869],[127.23618,37.76124],[127.22512,37.75346],[127.22174,37.75821],[127.21287,37.76154],[127.21325,37.76773],[127.21027,37.76944],[127.2072,37.76389],[127.20175,37.76522],[127.19669,37.76166],[127.18532,37.7645],[127.17904,37.76272],[127.17252,37.75773],[127.17286,37.75005],[127.16381,37.74693],[127.14677,37.75602],[127.14726,37.75199],[127.13837,37.74742],[127.13634,37.74952],[127.12864,37.74808],[127.12502,37.74257],[127.12387,37.73499],[127.12578,37.72747],[127.12306,37.72193],[127.11226,37.71776],[127.10895,37.70862],[127.10719,37.70758],[127.09652,37.70218],[127.08403,37.70192],[127.0811,37.69614],[127.08653,37.68991],[127.096,37.68907],[127.09642,37.68564],[127.09194,37.67869],[127.09353,37.67674],[127.09624,37.66883],[127.09414,37.6633],[127.09121,37.65933],[127.09307,37.65378],[127.09337,37.65123],[127.09457,37.64457],[127.10387,37.64549],[127.11075,37.64273],[127.11126,37.64238],[127.11648,37.64335],[127.12724,37.64121],[127.13915,37.64589],[127.14042,37.64608],[127.14606,37.64425],[127.14866,37.64082],[127.14882,37.63358],[127.14473,37.63006],[127.14283,37.62322],[127.1506,37.59994],[127.15612,37.59629],[127.16049,37.59555],[127.16326,37.5959],[127.16665,37.59482],[127.16886,37.5925],[127.16847,37.59083],[127.16129,37.58853],[127.16067,37.58777],[127.16126,37.58537],[127.16359,37.5843],[127.1706,37.58103],[127.17833,37.58655],[127.18164,37.58992],[127.18517,37.59177],[127.19649,37.59108],[127.20216,37.58911],[127.21352,37.57677],[127.22003,37.57335],[127.22047,37.56636],[127.23223,37.55987],[127.2375,37.54722],[127.24217,37.54292],[127.24681,37.54156],[127.2587,37.53599],[127.26487,37.53206],[127.28128,37.52511],[127.2857,37.5144],[127.28989,37.5057],[127.3005,37.50772],[127.3054,37.51223],[127.30676,37.51951],[127.30592,37.52187],[127.30693,37.53074],[127.30791,37.53385],[127.31492,37.54757],[127.32415,37.55866],[127.33645,37.58085],[127.34182,37.5931],[127.34537,37.61303],[127.3502,37.62453],[127.35818,37.63428],[127.36732,37.64052],[127.37126,37.64663],[127.37151,37.64765],[127.37124,37.64766],[127.3723,37.64899],[127.37559,37.65523],[127.38099,37.67726],[127.37747,37.675],[127.37432,37.6821],[127.36756,37.68634],[127.37005,37.69303],[127.35865,37.69457],[127.35873,37.69924],[127.35335,37.70436],[127.3555,37.72335],[127.3429,37.72921],[127.34224,37.7383],[127.34114,37.73905],[127.33599,37.74282],[127.3325,37.75008],[127.33395,37.75272],[127.3282,37.75973],[127.3158,37.76899],[127.31113,37.76781],[127.30431,37.77348],[127.29326,37.77592],[127.2735,37.7738],[127.26743,37.77953],[127.26573,37.78053]]]},"properties":{"SIGUNGU_CD":"31130","SIGUNGU_NM":"남양주시","BASE_DATE":"20250630"}},
{"type":"Feature","geometry":{"type":"Polygon","coordinates":[[[127.02687,37.20087],[127.02646,37.19948],[127.02228,37.19746],[127.01168,37.19361],[127.00994,37.19284],[127.00952,37.19366],[127.00779,37.19237],[127.00911,37.19055],[127.00913,37.18684],[127.00834,37.18584],[127.00274,37.1818],[127.00476,37.18051],[127.00072,37.17743],[126.99893,37.17848],[126.99513,37.17715],[126.99527,37.17482],[127.00625,37.16828],[127.01658,37.16796],[127.0247,37.16528],[127.02726,37.16071],[127.03002,37.1573],[127.0278,37.15286],[127.0357,37.13649],[127.03599,37.13682],[127.03575,37.13641],[127.04066,37.12947],[127.0437,37.12724],[127.04565,37.12582],[127.04567,37.1268],[127.05566,37.1336],[127.06493,37.13194],[127.06677,37.12671],[127.07924,37.12572],[127.09252,37.12955],[127.09294,37.12959],[127.09101,37.13102],[127.09145,37.13122],[127.09322,37.12993],[127.08972,37.13255],[127.0915,37.13724],[127.09765,37.13679],[127.10304,37.14386],[127.0981,37.15573],[127.09371,37.15947],[127.07619,37.16211],[127.0713,37.16824],[127.07118,37.18404],[127.06643,37.18419],[127.06837,37.19081],[127.06444,37.19905],[127.04786,37.1962],[127.04426,37.19715],[127.03706,37.19988],[127.02736,37.2004],[127.02687,37.20087]]]},"properties":{"SIGUNGU_CD":"31140","SIGUNGU_NM":"오산시","BASE_DATE":"20250630"}},
{"type":"Feature","geometry":{"type":"Polygon","coordinates":[[[126.82551,37.45906],[126.81341,37.45874],[126.8089,37.46213],[126.80311,37.46173],[126.79883,37.46458],[126.78921,37.46564],[126.78302,37.4721],[126.77969,37.47146],[126.77787,37.47002],[126.77982,37.46583],[126.77737,37.45716],[126.77902,37.45102],[126.77374,37.45052],[126.76828,37.44356],[126.77114,37.43477],[126.76921,37.42751],[126.75898,37.4269],[126.75325,37.4227],[126.75505,37.41821],[126.7554,37.41344],[126.7534,37.40709],[126.749,37.40359],[126.75052,37.40067],[126.76385,37.39932],[126.76677,37.39491],[126.78002,37.39478],[126.77684,37.39192],[126.77279,37.39414],[126.76432,37.39411],[126.76222,37.39738],[126.74465,37.39848],[126.73949,37.3953],[126.7342,37.38793],[126.7409,37.387],[126.74207,37.38259],[126.73097,37.38657],[126.70071,37.3548],[126.70141,37.35044],[126.68855,37.34878],[126.68573,37.34112],[126.69122,37.33928],[126.6895,37.33497],[126.6205,37.31571],[126.61704,37.31391],[126.67124,37.32904],[126.67645,37.32021],[126.69218,37.31891],[126.70557,37.31076],[126.7179,37.30861],[126.73854,37.32967],[126.74655,37.32472],[126.74941,37.33305],[126.76484,37.34241],[126.78355,37.34036],[126.78441,37.33676],[126.79318,37.34357],[126.79029,37.35027],[126.79541,37.35507],[126.80472,37.3531],[126.81354,37.35722],[126.81628,37.35545],[126.81871,37.36107],[126.82586,37.36506],[126.82713,37.36445],[126.83032,37.36208],[126.84164,37.36322],[126.84183,37.36314],[126.84827,37.36477],[126.85583,37.35945],[126.86564,37.36235],[126.87231,37.36717],[126.88125,37.37747],[126.88083,37.37943],[126.87542,37.3957],[126.87759,37.39714],[126.87767,37.39979],[126.87704,37.40196],[126.87633,37.4017],[126.86342,37.4018],[126.86097,37.40175],[126.85615,37.40326],[126.85557,37.40322],[126.85505,37.40411],[126.85291,37.4083],[126.84637,37.41234],[126.8454,37.42288],[126.84182,37.42617],[126.84156,37.43371],[126.83785,37.43691],[126.83828,37.45747],[126.83308,37.4603],[126.8261,37.45948],[126.82551,37.45906]]]},"properties":{"SIGUNGU_CD":"31150","SIGUNGU_NM":"시흥시","BASE_DATE":"20250630"}},
{"type":"Feature","geometry":{"type":"Polygon","coordinates":[[[126.94187,37.37852],[126.93993,37.37592],[126.93234,37.37776],[126.91845,37.37694],[126.91235,37.37348],[126.90644,37.36153],[126.8969,37.35929],[126.89583,37.35897],[126.8939,37.35376],[126.88689,37.34694],[126.88608,37.33992],[126.88185,37.33436],[126.87705,37.3327],[126.87278,37.32634],[126.87429,37.32108],[126.88321,37.3209],[126.88795,37.31774],[126.89154,37.31991],[126.90759,37.32186],[126.91574,37.31568],[126.91536,37.31457],[126.91634,37.30505],[126.92207,37.30627],[126.92367,37.30648],[126.92863,37.30676],[126.9291,37.30703],[126.93134,37.30734],[126.92974,37.31723],[126.93795,37.32292],[126.94527,37.3202],[126.94659,37.3263],[126.94671,37.32598],[126.94832,37.34032],[126.95768,37.34437],[126.96237,37.35536],[126.96191,37.36022],[126.96206,37.36164],[126.95702,37.36603],[126.9518,37.36619],[126.94581,37.37308],[126.94701,37.37537],[126.9438,37.37801],[126.94171,37.37866],[126.94187,37.37852]]]},"properties":{"SIGUNGU_CD":"31160","SIGUNGU_NM":"군포시","BASE_DATE":"20250630"}},
{"type":"Feature","geometry":{"type":"Polygon","coordinates":[[[127.04149,37.41553],[127.04126,37.415],[127.03898,37.41419],[127.02788,37.41199],[127.01332,37.41387],[126.99968,37.40462],[126.98819,37.40796],[126.98516,37.40586],[126.98424,37.40221],[126.9831,37.40144],[126.98285,37.40048],[126.98258,37.39469],[126.9742,37.38882],[126.97233,37.38034],[126.96501,37.37147],[126.96442,37.36178],[126.96318,37.36197],[126.96261,37.36192],[126.96191,37.36022],[126.96237,37.35536],[126.95768,37.34437],[126.94832,37.34032],[126.94671,37.32598],[126.94659,37.3263],[126.94527,37.3202],[126.93795,37.32292],[126.92974,37.31723],[126.93134,37.30734],[126.93024,37.30722],[126.93072,37.30598],[126.93058,37.30522],[126.9327,37.30351],[126.93293,37.30304],[126.93927,37.30164],[126.94105,37.30161],[126.95096,37.30042],[126.95353,37.303],[126.95564,37.30287],[126.95875,37.30233],[126.96203,37.30241],[126.96497,37.30545],[126.96662,37.32395],[126.97126,37.33178],[126.98292,37.32668],[126.98924,37.3298],[126.99163,37.33401],[127.00066,37.33857],[127.0089,37.3393],[127.01428,37.34943],[127.01732,37.35051],[127.01819,37.35095],[127.0177,37.35968],[127.02337,37.3635],[127.02617,37.36861],[127.02789,37.36941],[127.0277,37.37285],[127.0282,37.37919],[127.03194,37.3796],[127.03467,37.38879],[127.03842,37.39051],[127.0371,37.4013],[127.04325,37.40389],[127.04276,37.4083],[127.04684,37.41375],[127.04298,37.41541],[127.04149,37.41553]]]},"properties":{"SIGUNGU_CD":"31170","SIGUNGU_NM":"의왕시","BASE_DATE":"20250630"}},
{"type":"Feature","geometry":{"type":"Polygon","coordinates":[[[127.19649,37.59108],[127.18517,37.59177],[127.18164,37.58992],[127.17833,37.58655],[127.1706,37.58103],[127.16843,37.57977],[127.16865,37.579],[127.17025,37.57902],[127.17715,37.5812],[127.17542,37.5783],[127.182,37.56099],[127.18169,37.54644],[127.16689,37.54427],[127.16316,37.54499],[127.15357,37.53367],[127.15316,37.52911],[127.14479,37.51962],[127.14509,37.51683],[127.14544,37.51606],[127.13993,37.50852],[127.14105,37.50541],[127.1502,37.50474],[127.16143,37.50002],[127.15851,37.48967],[127.14868,37.48404],[127.14715,37.47722],[127.14353,37.47393],[127.1546,37.47352],[127.16895,37.46883],[127.17692,37.47283],[127.17866,37.47438],[127.17756,37.47522],[127.17539,37.47674],[127.17506,37.47787],[127.17503,37.47984],[127.17568,37.48534],[127.18858,37.48034],[127.1984,37.4796],[127.20209,37.48407],[127.20405,37.48058],[127.21555,37.4823],[127.22598,37.47981],[127.22839,37.47748],[127.24264,37.47659],[127.2446,37.47665],[127.24695,37.48102],[127.24443,37.4851],[127.2537,37.48657],[127.25861,37.48982],[127.25324,37.50323],[127.25462,37.50631],[127.2683,37.50636],[127.27614,37.50844],[127.28028,37.51314],[127.2857,37.5144],[127.28128,37.52511],[127.26487,37.53206],[127.2587,37.53599],[127.24681,37.54156],[127.24217,37.54292],[127.2375,37.54722],[127.23223,37.55987],[127.22047,37.56636],[127.22003,37.57335],[127.21352,37.57677],[127.20216,37.58911],[127.19649,37.59108]]]},"properties":{"SIGUNGU_CD":"31180","SIGUNGU_NM":"하남시","BASE_DATE":"20250630"}},
{"type":"Feature","geometry":{"type":"Polygon","coordinates":[[[127.28098,37.29858],[127.27727,37.30885],[127.28301,37.31587],[127.2795,37.33127],[127.28296,37.3363],[127.28311,37.34511],[127.27501,37.34261],[127.26483,37.34256],[127.26141,37.34826],[127.25363,37.3504],[127.24721,37.35564],[127.24231,37.35362],[127.23873,37.36012],[127.22845,37.35885],[127.22263,37.35447],[127.21946,37.35449],[127.21847,37.35574],[127.21693,37.35467],[127.21735,37.35292],[127.22004,37.3505],[127.22156,37.34939],[127.22262,37.34793],[127.22234,37.34636],[127.22053,37.34737],[127.21361,37.33826],[127.214,37.338],[127.20813,37.33062],[127.20051,37.32871],[127.1973,37.33362],[127.1982,37.34115],[127.19182,37.34724],[127.17883,37.34318],[127.17726,37.34447],[127.1621,37.3434],[127.14226,37.33662],[127.1422,37.33615],[127.14166,37.33517],[127.14244,37.32571],[127.13785,37.32428],[127.13671,37.32277],[127.14268,37.31702],[127.14307,37.31288],[127.14844,37.30598],[127.16331,37.30424],[127.16987,37.2997],[127.17027,37.29186],[127.17446,37.28956],[127.17713,37.28226],[127.17158,37.26933],[127.17539,37.25861],[127.17015,37.25502],[127.16292,37.2547],[127.15901,37.25327],[127.1581,37.24778],[127.15143,37.24337],[127.14957,37.24195],[127.15021,37.2366],[127.15621,37.22762],[127.15076,37.22292],[127.14978,37.2217],[127.15069,37.22001],[127.15201,37.21817],[127.15149,37.21433],[127.15733,37.20695],[127.15206,37.19954],[127.16084,37.19239],[127.1585,37.1837],[127.16066,37.17984],[127.15389,37.17587],[127.15197,37.17172],[127.13302,37.16897],[127.13408,37.16509],[127.12901,37.162],[127.13022,37.15259],[127.13037,37.15129],[127.12949,37.15057],[127.12786,37.14744],[127.12553,37.14532],[127.12371,37.14485],[127.12328,37.14477],[127.12294,37.14449],[127.12204,37.14247],[127.1206,37.13944],[127.12018,37.12894],[127.11489,37.12984],[127.11012,37.12621],[127.10873,37.12385],[127.10934,37.12039],[127.10978,37.11872],[127.10938,37.11839],[127.10964,37.11733],[127.11153,37.11509],[127.11265,37.11329],[127.12304,37.09043],[127.12373,37.09031],[127.12348,37.09124],[127.13578,37.0917],[127.14249,37.08774],[127.14487,37.09101],[127.16166,37.0894],[127.1661,37.08629],[127.17633,37.08771],[127.18595,37.08364],[127.19502,37.08929],[127.19748,37.09627],[127.20948,37.10584],[127.20832,37.11106],[127.22522,37.11349],[127.23361,37.11747],[127.23577,37.12141],[127.25014,37.12272],[127.25307,37.12899],[127.25049,37.13415],[127.25382,37.13801],[127.25069,37.1454],[127.25536,37.15129],[127.26372,37.15589],[127.26885,37.15431],[127.26791,37.14936],[127.27357,37.1432],[127.27425,37.13366],[127.287,37.13235],[127.29303,37.1233],[127.2974,37.11997],[127.29941,37.11177],[127.31059,37.10531],[127.31578,37.10871],[127.32647,37.11936],[127.33008,37.11856],[127.33362,37.11198],[127.33981,37.10995],[127.34477,37.10332],[127.35179,37.10045],[127.35906,37.10759],[127.37312,37.10586],[127.37687,37.10116],[127.38077,37.10583],[127.39332,37.10659],[127.39886,37.09539],[127.40745,37.09378],[127.4153,37.08893],[127.41604,37.09603],[127.4241,37.10002],[127.42102,37.10636],[127.42504,37.11327],[127.41652,37.11464],[127.41229,37.11921],[127.42101,37.12613],[127.42678,37.13729],[127.42745,37.1468],[127.4214,37.15221],[127.41663,37.15145],[127.41194,37.15495],[127.41002,37.16089],[127.40966,37.1644],[127.4104,37.16532],[127.41043,37.16663],[127.41386,37.17334],[127.40999,37.18387],[127.40762,37.18306],[127.40159,37.17995],[127.38417,37.18201],[127.37216,37.18581],[127.37853,37.19523],[127.36911,37.20483],[127.36123,37.20023],[127.3474,37.20453],[127.34161,37.20821],[127.3374,37.21722],[127.33003,37.22205],[127.33364,37.22745],[127.33485,37.23868],[127.331,37.24319],[127.33241,37.2482],[127.33871,37.25282],[127.3387,37.25294],[127.33505,37.25724],[127.34047,37.26202],[127.339,37.27042],[127.33796,37.27079],[127.33039,37.27024],[127.3281,37.27168],[127.31896,37.27457],[127.3138,37.27361],[127.31099,37.27357],[127.30373,37.27066],[127.29836,37.26502],[127.29653,37.2653],[127.29207,37.27164],[127.28166,37.26867],[127.27599,37.27349],[127.28173,37.27794],[127.27763,37.28997],[127.2813,37.29685],[127.28098,37.29858]]]},"properties":{"SIGUNGU_CD":"31191","SIGUNGU_NM":"용인시 처인구","BASE_DATE":"20250630"}},
{"type":"Feature","geometry":{"type":"Polygon","coordinates":[[[127.13753,37.3242],[127.13126,37.32172],[127.12956,37.32033],[127.11319,37.32095],[127.11101,37.32417],[127.10411,37.32372],[127.10072,37.32218],[127.10232,37.32021],[127.09161,37.30904],[127.09316,37.30157],[127.09078,37.2994],[127.08904,37.29717],[127.08895,37.29626],[127.08917,37.29421],[127.08931,37.28687],[127.07129,37.28059],[127.06402,37.26937],[127.07732,37.26569],[127.08239,37.26817],[127.08551,37.2688],[127.08622,37.26486],[127.08096,37.25849],[127.08469,37.25649],[127.0825,37.25012],[127.08099,37.24835],[127.07331,37.24704],[127.06929,37.24598],[127.0679,37.24468],[127.06547,37.24369],[127.06631,37.24377],[127.06645,37.24299],[127.06611,37.24099],[127.06658,37.24115],[127.06692,37.24019],[127.06772,37.2401],[127.0697,37.22865],[127.07482,37.22819],[127.07959,37.22178],[127.08881,37.21618],[127.10464,37.21983],[127.11758,37.22002],[127.13747,37.21567],[127.15069,37.22001],[127.14978,37.2217],[127.15076,37.22292],[127.15621,37.22762],[127.15021,37.2366],[127.14957,37.24195],[127.15143,37.24337],[127.1581,37.24778],[127.15901,37.25327],[127.16292,37.2547],[127.17015,37.25502],[127.17539,37.25861],[127.17158,37.26933],[127.17713,37.28226],[127.17446,37.28956],[127.17027,37.29186],[127.16987,37.2997],[127.16331,37.30424],[127.14844,37.30598],[127.14307,37.31288],[127.14268,37.31702],[127.13671,37.32277],[127.13753,37.3242]]]},"properties":{"SIGUNGU_CD":"31192","SIGUNGU_NM":"용인시 기흥구","BASE_DATE":"20250630"}},
{"type":"Feature","geometry":{"type":"Polygon","coordinates":[[[127.0321,37.37146],[127.02926,37.37232],[127.02792,37.37196],[127.02789,37.36941],[127.02617,37.36861],[127.02337,37.3635],[127.0177,37.35968],[127.01819,37.35095],[127.01976,37.35104],[127.03346,37.34452],[127.03151,37.3368],[127.03693,37.32687],[127.03746,37.32581],[127.03975,37.3211],[127.04034,37.32085],[127.04982,37.31585],[127.05769,37.31555],[127.06092,37.30914],[127.06025,37.29663],[127.07918,37.29323],[127.08584,37.29862],[127.08913,37.29812],[127.09078,37.2994],[127.09316,37.30157],[127.09161,37.30904],[127.10232,37.32021],[127.10072,37.32218],[127.10411,37.32372],[127.11101,37.32417],[127.11319,37.32095],[127.12956,37.32033],[127.13126,37.32172],[127.13753,37.3242],[127.13785,37.32428],[127.14244,37.32571],[127.14166,37.33517],[127.1422,37.33615],[127.14226,37.33662],[127.14022,37.33878],[127.1387,37.33972],[127.13796,37.33938],[127.13655,37.33973],[127.13173,37.3385],[127.12942,37.33732],[127.12277,37.33702],[127.11692,37.33338],[127.11047,37.33439],[127.10379,37.33855],[127.10185,37.34311],[127.09785,37.34289],[127.08595,37.35166],[127.07809,37.34961],[127.0706,37.35799],[127.06318,37.36044],[127.05309,37.36092],[127.05267,37.36379],[127.04483,37.36882],[127.03748,37.37019],[127.03545,37.37067],[127.0321,37.37146]]]},"properties":{"SIGUNGU_CD":"31193","SIGUNGU_NM":"용인시 수지구","BASE_DATE":"20250630"}},
{"type":"Feature","geometry":{"type":"Polygon","coordinates":[[[126.98915,38.00845],[126.98938,38.01059],[126.97529,38.00688],[126.96016,37.99643],[126.95525,37.98957],[126.93818,37.98087],[126.93249,37.98178],[126.91213,37.9883],[126.90402,37.99439],[126.89562,37.9949],[126.89243,37.99188],[126.89218,37.98468],[126.89551,37.96974],[126.88623,37.96614],[126.87383,37.97024],[126.86004,37.98104],[126.8528,37.986],[126.84711,37.98608],[126.84143,37.98154],[126.8391,37.97547],[126.83751,37.96299],[126.83082,37.96455],[126.83044,37.96182],[126.82074,37.95746],[126.81687,37.96098],[126.81876,37.9641],[126.81394,37.9689],[126.80568,37.97287],[126.80625,37.98024],[126.80021,37.9875],[126.80091,37.992],[126.80046,37.99245],[126.79842,37.9928],[126.79639,37.9937],[126.79317,37.99142],[126.79186,37.9897],[126.79044,37.98885],[126.7823,37.98047],[126.77266,37.9844],[126.77535,37.98042],[126.76314,37.98507],[126.75238,37.98186],[126.74817,37.97631],[126.74069,37.97337],[126.73688,37.96604],[126.72689,37.96894],[126.71939,37.96495],[126.70948,37.97059],[126.70885,37.97516],[126.70249,37.97432],[126.70066,37.96912],[126.6914,37.96613],[126.68731,37.9572],[126.68279,37.95813],[126.67099,37.95518],[126.67197,37.94823],[126.66911,37.9418],[126.67212,37.93964],[126.66753,37.93446],[126.666,37.91906],[126.67292,37.91367],[126.68177,37.91564],[126.68251,37.91221],[126.67547,37.90656],[126.67735,37.89779],[126.67218,37.88875],[126.67231,37.88309],[126.67647,37.88467],[126.68166,37.87929],[126.67186,37.87743],[126.67683,37.87336],[126.67259,37.87012],[126.68011,37.8704],[126.68342,37.87406],[126.69213,37.86851],[126.6857,37.85828],[126.67986,37.85261],[126.67957,37.84603],[126.67618,37.84404],[126.67066,37.84623],[126.66094,37.84366],[126.66017,37.83889],[126.67135,37.83478],[126.67138,37.8293],[126.66262,37.78072],[126.66303,37.78068],[126.66511,37.76933],[126.67543,37.75295],[126.68029,37.73169],[126.6782,37.71747],[126.67484,37.71148],[126.67395,37.7003],[126.68288,37.69599],[126.68992,37.68861],[126.70072,37.69696],[126.71633,37.70012],[126.72634,37.70454],[126.72758,37.70367],[126.73853,37.70441],[126.74007,37.70663],[126.75023,37.703],[126.75568,37.70529],[126.75973,37.70304],[126.76608,37.70728],[126.77153,37.70505],[126.77342,37.70387],[126.77443,37.71144],[126.7801,37.71775],[126.79383,37.72613],[126.79393,37.73458],[126.79845,37.73704],[126.80112,37.73452],[126.80101,37.73287],[126.80057,37.73075],[126.81373,37.72348],[126.8316,37.72899],[126.83605,37.7275],[126.83748,37.72796],[126.84089,37.73105],[126.85603,37.73559],[126.86494,37.73264],[126.87366,37.72596],[126.88214,37.72586],[126.88853,37.72296],[126.89411,37.72711],[126.90272,37.72902],[126.90092,37.73721],[126.90936,37.7469],[126.92289,37.74702],[126.9291,37.74849],[126.93149,37.75179],[126.93113,37.75516],[126.92797,37.75703],[126.93466,37.77078],[126.93394,37.78056],[126.93795,37.78697],[126.93194,37.78901],[126.92643,37.78518],[126.9202,37.78953],[126.91199,37.79147],[126.90358,37.79071],[126.90553,37.80225],[126.91174,37.80604],[126.90869,37.81072],[126.90998,37.81666],[126.90491,37.81966],[126.9026,37.82658],[126.91101,37.82855],[126.91237,37.84047],[126.92526,37.8415],[126.92728,37.83765],[126.93667,37.84133],[126.93366,37.84608],[126.94601,37.86636],[126.94541,37.88877],[126.94824,37.89684],[126.94666,37.90138],[126.95415,37.91292],[126.94954,37.9184],[126.9566,37.92178],[126.95985,37.92003],[126.96484,37.92873],[126.96468,37.93843],[126.9725,37.94208],[126.97625,37.94533],[126.97727,37.94606],[126.97728,37.95156],[126.98907,37.95751],[126.99092,37.96768],[127.00172,37.96829],[127.00312,37.97007],[127.00347,37.97141],[127.01208,37.97748],[127.01259,37.98461],[127.01645,37.98613],[127.01711,37.98696],[127.01324,37.99367],[127.00131,37.99587],[126.99964,37.99721],[126.9916,38.0058],[126.98915,38.00845]]]},"properties":{"SIGUNGU_CD":"31200","SIGUNGU_NM":"파주시","BASE_DATE":"20250630"}},
{"type":"Feature","geometry":{"type":"Polygon","coordinates":[[[127.52657,37.32957],[127.52131,37.32959],[127.51392,37.33912],[127.50182,37.33823],[127.49646,37.34171],[127.48963,37.3427],[127.4876,37.3473],[127.4705,37.3617],[127.4496,37.35255],[127.44828,37.35296],[127.4425,37.35836],[127.44037,37.35739],[127.43684,37.35544],[127.43511,37.35427],[127.43068,37.34723],[127.4286,37.34622],[127.42104,37.34253],[127.41545,37.33399],[127.4073,37.33119],[127.40509,37.32731],[127.40006,37.32741],[127.38706,37.31877],[127.37595,37.32065],[127.36986,37.31518],[127.36333,37.31593],[127.36481,37.3086],[127.35781,37.30584],[127.35438,37.30146],[127.35692,37.29433],[127.34808,37.29012],[127.34298,37.29117],[127.34003,37.28805],[127.34288,37.28335],[127.34401,37.28215],[127.34517,37.28086],[127.34839,37.27922],[127.34912,37.27694],[127.3479,37.27611],[127.3394,37.27153],[127.33869,37.27055],[127.339,37.27042],[127.34047,37.26202],[127.33505,37.25724],[127.3387,37.25294],[127.33871,37.25282],[127.33241,37.2482],[127.331,37.24319],[127.33485,37.23868],[127.33364,37.22745],[127.33003,37.22205],[127.3374,37.21722],[127.34161,37.20821],[127.3474,37.20453],[127.36123,37.20023],[127.36911,37.20483],[127.37853,37.19523],[127.37216,37.18581],[127.38417,37.18201],[127.40159,37.17995],[127.40762,37.18306],[127.40999,37.18387],[127.41386,37.17334],[127.41043,37.16663],[127.4104,37.16532],[127.40966,37.1644],[127.41002,37.16089],[127.41194,37.15495],[127.41663,37.15145],[127.4214,37.15221],[127.42745,37.1468],[127.43264,37.14892],[127.44173,37.14839],[127.44438,37.14697],[127.44988,37.14314],[127.45554,37.13342],[127.45758,37.13247],[127.45846,37.13033],[127.47169,37.12946],[127.49094,37.12331],[127.49894,37.12318],[127.49986,37.11635],[127.50771,37.10567],[127.51421,37.10308],[127.51569,37.10136],[127.51176,37.09839],[127.51608,37.08835],[127.51326,37.07917],[127.51481,37.07623],[127.51133,37.0702],[127.50692,37.0696],[127.50883,37.06447],[127.49787,37.05727],[127.48699,37.05444],[127.48947,37.05264],[127.49908,37.04758],[127.50889,37.04942],[127.51251,37.05635],[127.51826,37.0584],[127.52299,37.05546],[127.5328,37.0552],[127.555,37.04402],[127.55485,37.04382],[127.55683,37.04125],[127.56954,37.04817],[127.56826,37.05591],[127.56472,37.05924],[127.57798,37.07534],[127.58927,37.07282],[127.59523,37.07386],[127.60411,37.07054],[127.60507,37.07574],[127.59955,37.08157],[127.60119,37.08773],[127.61194,37.08725],[127.63181,37.09648],[127.6352,37.10405],[127.63627,37.11446],[127.6331,37.12016],[127.6364,37.13249],[127.63744,37.14202],[127.62731,37.15226],[127.62917,37.15669],[127.633,37.16198],[127.62678,37.16603],[127.61916,37.16125],[127.61515,37.16398],[127.61142,37.17453],[127.60525,37.17798],[127.59799,37.18837],[127.58044,37.18747],[127.57831,37.18934],[127.57249,37.18453],[127.5776,37.17724],[127.57083,37.17018],[127.56383,37.1785],[127.55906,37.18077],[127.55775,37.17743],[127.54773,37.17382],[127.54719,37.17324],[127.53928,37.17547],[127.53659,37.17348],[127.52681,37.17358],[127.52375,37.17985],[127.51763,37.18471],[127.53125,37.20021],[127.53157,37.20545],[127.52861,37.22239],[127.52603,37.22761],[127.52557,37.23992],[127.53599,37.24519],[127.53805,37.25294],[127.53324,37.25636],[127.52886,37.27413],[127.53419,37.2894],[127.54245,37.29435],[127.54623,37.30135],[127.54616,37.30982],[127.54592,37.31114],[127.54272,37.31311],[127.52838,37.31617],[127.52513,37.32349],[127.52546,37.32558],[127.5276,37.32765],[127.52657,37.32957]]]},"properties":{"SIGUNGU_CD":"31210","SIGUNGU_NM":"이천시","BASE_DATE":"20250630"}},
{"type":"Feature","geometry":{"type":"Polygon","coordinates":[[[127.42745,37.1468],[127.42678,37.13729],[127.42101,37.12613],[127.41229,37.11921],[127.41652,37.11464],[127.42504,37.11327],[127.42102,37.10636],[127.4241,37.10002],[127.41604,37.09603],[127.4153,37.08893],[127.40745,37.09378],[127.39886,37.09539],[127.39332,37.10659],[127.38077,37.10583],[127.37687,37.10116],[127.37312,37.10586],[127.35906,37.10759],[127.35179,37.10045],[127.34477,37.10332],[127.33981,37.10995],[127.33362,37.11198],[127.33008,37.11856],[127.32647,37.11936],[127.31578,37.10871],[127.31059,37.10531],[127.29941,37.11177],[127.2974,37.11997],[127.29303,37.1233],[127.287,37.13235],[127.27425,37.13366],[127.27357,37.1432],[127.26791,37.14936],[127.26885,37.15431],[127.26372,37.15589],[127.25536,37.15129],[127.25069,37.1454],[127.25382,37.13801],[127.25049,37.13415],[127.25307,37.12899],[127.25014,37.12272],[127.23577,37.12141],[127.23361,37.11747],[127.22522,37.11349],[127.20832,37.11106],[127.20948,37.10584],[127.19748,37.09627],[127.19502,37.08929],[127.18595,37.08364],[127.17633,37.08771],[127.1661,37.08629],[127.16166,37.0894],[127.14487,37.09101],[127.14249,37.08774],[127.13578,37.0917],[127.12348,37.09124],[127.12428,37.08917],[127.12637,37.08171],[127.12302,37.07735],[127.12027,37.07646],[127.10362,37.07589],[127.10202,37.06863],[127.10607,37.06509],[127.11503,37.06472],[127.11894,37.06204],[127.12498,37.06472],[127.13014,37.05824],[127.12756,37.05303],[127.11932,37.04615],[127.10983,37.04089],[127.10572,37.0361],[127.10566,37.0349],[127.11255,37.02698],[127.1151,37.02713],[127.12221,37.03514],[127.12637,37.03361],[127.14381,37.03268],[127.15231,37.02729],[127.15236,37.02657],[127.15244,37.02167],[127.14529,37.01686],[127.14613,37.00939],[127.15134,37.00466],[127.1541,36.99784],[127.14457,36.99718],[127.13566,36.99328],[127.13138,36.98559],[127.13641,36.98476],[127.14114,36.97974],[127.13395,36.97686],[127.12531,36.97592],[127.12021,36.97035],[127.12074,36.96899],[127.12195,36.96823],[127.13546,36.96573],[127.13715,36.9659],[127.13849,36.96886],[127.14676,36.97101],[127.1592,36.96974],[127.15585,36.9643],[127.16564,36.96213],[127.17667,36.96221],[127.17777,36.96251],[127.1805,36.95667],[127.19075,36.95249],[127.20214,36.95171],[127.20427,36.94984],[127.20573,36.94202],[127.21125,36.93856],[127.21165,36.93013],[127.21949,36.93036],[127.22838,36.92451],[127.23635,36.92372],[127.24405,36.9176],[127.25313,36.92244],[127.25861,36.91587],[127.27305,36.91401],[127.27457,36.90868],[127.27884,36.90625],[127.27916,36.90041],[127.28455,36.89532],[127.2875,36.89379],[127.2903,36.89433],[127.29032,36.8977],[127.29643,36.90268],[127.30336,36.91639],[127.29497,36.93067],[127.30899,36.92939],[127.31621,36.93472],[127.32681,36.93594],[127.3332,36.94035],[127.34316,36.94432],[127.34326,36.94826],[127.34963,36.95279],[127.354,36.95267],[127.35761,36.94769],[127.3673,36.9503],[127.37566,36.94866],[127.37872,36.95789],[127.38482,36.95962],[127.38727,36.96446],[127.39803,36.96486],[127.40153,36.96768],[127.39432,36.97698],[127.3861,36.98141],[127.39421,36.99838],[127.39979,36.99986],[127.40684,36.99832],[127.41397,36.99948],[127.42035,37.00376],[127.42882,37.00219],[127.43693,37.00783],[127.43764,37.00866],[127.44123,37.01211],[127.44662,37.01071],[127.44715,37.01197],[127.44833,37.01654],[127.45371,37.02125],[127.45837,37.02047],[127.45974,37.02506],[127.45635,37.03114],[127.45964,37.03564],[127.45686,37.04221],[127.46033,37.04616],[127.47349,37.0529],[127.47511,37.05291],[127.47853,37.05335],[127.47984,37.05357],[127.4858,37.05491],[127.48699,37.05444],[127.49787,37.05727],[127.50883,37.06447],[127.50692,37.0696],[127.51133,37.0702],[127.51481,37.07623],[127.51326,37.07917],[127.51608,37.08835],[127.51176,37.09839],[127.51569,37.10136],[127.51421,37.10308],[127.50771,37.10567],[127.49986,37.11635],[127.49894,37.12318],[127.49094,37.12331],[127.47169,37.12946],[127.45846,37.13033],[127.45758,37.13247],[127.45554,37.13342],[127.44988,37.14314],[127.44438,37.14697],[127.44173,37.14839],[127.43264,37.14892],[127.42745,37.1468]]]},"properties":{"SIGUNGU_CD":"31220","SIGUNGU_NM":"안성시","BASE_DATE":"20250630"}},
{"type":"Feature","geometry":{"type":"MultiPolygon","coordinates":[[[[126.54934,37.6047],[126.54721,37.60227],[126.55076,37.59743],[126.54934,37.6047]]],[[[126.66303,37.78068],[126.63208,37.78094],[126.61921,37.77586],[126.60812,37.76657],[126.59377,37.76116],[126.57535,37.7627],[126.55468,37.77762],[126.52278,37.7901],[126.51705,37.77103],[126.5245,37.76846],[126.51834,37.76279],[126.52557,37.75679],[126.53069,37.74999],[126.52994,37.74111],[126.52481,37.72923],[126.52163,37.71441],[126.53029,37.7061],[126.53406,37.6878],[126.53005,37.67761],[126.52683,37.67425],[126.54035,37.66837],[126.5441,37.66272],[126.53772,37.65569],[126.53273,37.65505],[126.53948,37.63952],[126.54728,37.63449],[126.55532,37.61496],[126.55451,37.60934],[126.55979,37.60124],[126.57477,37.58839],[126.59172,37.59266],[126.61436,37.60629],[126.61691,37.60355],[126.62574,37.60259],[126.63166,37.61734],[126.63657,37.62049],[126.63685,37.62811],[126.64711,37.62748],[126.65255,37.63949],[126.65401,37.63821],[126.65742,37.63795],[126.67242,37.63384],[126.67471,37.62988],[126.68086,37.62753],[126.69062,37.62072],[126.69447,37.62034],[126.70545,37.61215],[126.70468,37.60247],[126.70841,37.60491],[126.71562,37.60381],[126.7163,37.59949],[126.72526,37.59217],[126.72725,37.5919],[126.73675,37.59099],[126.73901,37.5937],[126.73941,37.59291],[126.74432,37.5925],[126.74953,37.58108],[126.7547,37.58014],[126.75603,37.58353],[126.76752,37.5884],[126.77996,37.58402],[126.78011,37.58435],[126.78705,37.58558],[126.79391,37.58296],[126.79493,37.58343],[126.79493,37.5852],[126.79572,37.58312],[126.7963,37.58374],[126.80123,37.58935],[126.79708,37.59774],[126.79922,37.60112],[126.79979,37.60191],[126.79994,37.60254],[126.80258,37.60503],[126.79717,37.60777],[126.78881,37.61333],[126.76856,37.62516],[126.7551,37.63196],[126.74604,37.63524],[126.73632,37.64311],[126.73468,37.64636],[126.73246,37.64752],[126.73153,37.64822],[126.72484,37.64894],[126.69201,37.66411],[126.67797,37.67152],[126.67259,37.67804],[126.67036,37.68512],[126.67395,37.7003],[126.67484,37.71148],[126.6782,37.71747],[126.68029,37.73169],[126.67543,37.75295],[126.66511,37.76933],[126.66303,37.78068]]]]},"properties":{"SIGUNGU_CD":"31230","SIGUNGU_NM":"김포시","BASE_DATE":"20250630"}},
{"type":"Feature","geometry":{"type":"MultiPolygon","coordinates":[[[[126.55927,37.06166],[126.5568,37.06462],[126.55231,37.05652],[126.55927,37.06166]]],[[[126.53543,37.11466],[126.53777,37.11264],[126.53923,37.09899],[126.54195,37.10283],[126.54093,37.1119],[126.53543,37.11466]]],[[[126.61529,37.12441],[126.61044,37.11776],[126.62677,37.11951],[126.6283,37.11746],[126.63589,37.11907],[126.64037,37.11504],[126.64434,37.1181],[126.63976,37.12047],[126.62506,37.12207],[126.62056,37.12061],[126.61529,37.12441]]],[[[126.62229,37.17956],[126.61618,37.17287],[126.61913,37.15852],[126.63246,37.1749],[126.62273,37.17708],[126.62229,37.17956]]],[[[126.84391,37.26748],[126.84139,37.26773],[126.83561,37.27657],[126.8281,37.27692],[126.82312,37.28679],[126.81361,37.29297],[126.80475,37.29299],[126.77364,37.28872],[126.77203,37.2871],[126.77354,37.27544],[126.76486,37.28616],[126.75516,37.28616],[126.75717,37.2786],[126.75255,37.2863],[126.73657,37.29206],[126.73163,37.29258],[126.7218,37.28935],[126.72336,37.28325],[126.73859,37.27958],[126.72776,37.27983],[126.72971,37.27315],[126.72153,37.27571],[126.71675,37.28012],[126.69967,37.27636],[126.69578,37.28007],[126.69106,37.27263],[126.68605,37.27275],[126.68027,37.2682],[126.67439,37.26672],[126.67196,37.27318],[126.68045,37.27515],[126.68324,37.28166],[126.67352,37.2884],[126.6617,37.286],[126.65755,37.28281],[126.65202,37.28297],[126.64497,37.27841],[126.65338,37.27088],[126.65295,37.26496],[126.64638,37.25813],[126.64779,37.24385],[126.65971,37.22926],[126.66087,37.22091],[126.6546,37.19795],[126.65194,37.1916],[126.65522,37.19043],[126.65001,37.18524],[126.65286,37.18255],[126.65823,37.19007],[126.666,37.19224],[126.6652,37.18232],[126.66002,37.17642],[126.65346,37.18056],[126.66091,37.16227],[126.64986,37.15432],[126.65451,37.15345],[126.66405,37.15692],[126.66971,37.15601],[126.68245,37.16047],[126.69122,37.15719],[126.69468,37.15227],[126.68267,37.14837],[126.67933,37.14069],[126.6735,37.13772],[126.68196,37.1287],[126.68472,37.11914],[126.68094,37.11732],[126.68256,37.11323],[126.75668,37.05546],[126.74881,37.04886],[126.74532,37.03671],[126.75227,37.02961],[126.78964,37.02964],[126.79517,37.02563],[126.79767,37.01341],[126.83402,37.01338],[126.84211,37.01432],[126.85479,37.0217],[126.87744,37.05273],[126.88374,37.06699],[126.89109,37.06701],[126.90136,37.07009],[126.91147,37.06891],[126.9189,37.06528],[126.92849,37.0681],[126.93151,37.06262],[126.94853,37.06163],[126.94905,37.06877],[126.96465,37.06784],[126.96914,37.07317],[126.97777,37.07101],[126.97745,37.07085],[126.98985,37.07003],[126.99119,37.07069],[126.99586,37.06954],[126.99688,37.07014],[126.99724,37.07148],[126.99095,37.07753],[126.99614,37.07939],[126.99082,37.08602],[126.99049,37.08749],[126.99792,37.08483],[126.99967,37.08488],[126.99989,37.08693],[126.99556,37.08955],[126.99804,37.09275],[126.99668,37.10131],[127.00029,37.11007],[127.00007,37.11142],[126.9945,37.11355],[126.99613,37.11424],[126.9984,37.11428],[126.99888,37.11576],[126.99754,37.11469],[126.99636,37.11653],[126.99748,37.11596],[126.9979,37.11645],[126.9979,37.11852],[126.99819,37.12559],[127.00142,37.12801],[127.01335,37.12903],[127.03521,37.13575],[127.0357,37.13649],[127.0278,37.15286],[127.03002,37.1573],[127.02726,37.16071],[127.0247,37.16528],[127.01658,37.16796],[127.00625,37.16828],[126.99527,37.17482],[126.99513,37.17715],[126.99893,37.17848],[127.00072,37.17743],[127.00476,37.18051],[127.00274,37.1818],[127.00834,37.18584],[127.00913,37.18684],[127.00911,37.19055],[127.00779,37.19237],[127.00952,37.19366],[127.00994,37.19284],[127.01168,37.19361],[127.02228,37.19746],[127.02646,37.19948],[127.02687,37.20087],[127.02736,37.2004],[127.03706,37.19988],[127.04426,37.19715],[127.04786,37.1962],[127.06444,37.19905],[127.06837,37.19081],[127.06643,37.18419],[127.07118,37.18404],[127.0713,37.16824],[127.07619,37.16211],[127.09371,37.15947],[127.0981,37.15573],[127.10304,37.14386],[127.10434,37.14173],[127.11452,37.14438],[127.1172,37.14463],[127.12218,37.14428],[127.12328,37.14477],[127.12371,37.14485],[127.12553,37.14532],[127.12786,37.14744],[127.12949,37.15057],[127.13037,37.15129],[127.13022,37.15259],[127.12901,37.162],[127.13408,37.16509],[127.13302,37.16897],[127.15197,37.17172],[127.15389,37.17587],[127.16066,37.17984],[127.1585,37.1837],[127.16084,37.19239],[127.15206,37.19954],[127.15733,37.20695],[127.15149,37.21433],[127.15201,37.21817],[127.15069,37.22001],[127.13747,37.21567],[127.11758,37.22002],[127.10464,37.21983],[127.08881,37.21618],[127.07959,37.22178],[127.07482,37.22819],[127.0697,37.22865],[127.06772,37.2401],[127.06692,37.24019],[127.0527,37.23128],[127.05153,37.23433],[127.04608,37.23285],[127.04405,37.23857],[127.03923,37.23893],[127.0372,37.23828],[127.03618,37.23656],[127.03485,37.23614],[127.02999,37.23122],[127.0232,37.23089],[127.02328,37.22588],[127.01578,37.22581],[127.0027,37.22994],[126.99828,37.22562],[126.99769,37.22918],[126.98921,37.23213],[126.98107,37.23253],[126.9729,37.22873],[126.96942,37.23043],[126.96788,37.23482],[126.95757,37.24001],[126.95618,37.24676],[126.95008,37.25571],[126.94676,37.25746],[126.93579,37.25686],[126.93064,37.26108],[126.92706,37.27134],[126.92729,37.27881],[126.91797,37.28531],[126.91545,37.28976],[126.90093,37.29143],[126.89307,37.28659],[126.88984,37.28199],[126.87904,37.28561],[126.87223,37.27946],[126.86715,37.2817],[126.8632,37.28122],[126.86239,37.27975],[126.86282,37.27905],[126.86314,37.2741],[126.87437,37.27523],[126.86384,37.27221],[126.85744,37.27267],[126.84984,37.266],[126.84868,37.26066],[126.84391,37.26748]],[[126.7898,37.17512],[126.7918,37.17429],[126.78817,37.16651],[126.77426,37.15606],[126.75892,37.15447],[126.74976,37.15102],[126.7376,37.14123],[126.73869,37.13961],[126.75615,37.14497],[126.8027,37.15056],[126.80352,37.14881],[126.7701,37.14335],[126.76064,37.14238],[126.74772,37.13859],[126.72943,37.12497],[126.72533,37.1184],[126.73038,37.08576],[126.73528,37.07641],[126.73243,37.07513],[126.68612,37.11163],[126.68405,37.11461],[126.69536,37.11545],[126.70326,37.11821],[126.72516,37.1328],[126.73688,37.14422],[126.75129,37.15512],[126.746,37.16043],[126.74599,37.16641],[126.75002,37.1681],[126.75933,37.16611],[126.75942,37.15673],[126.77393,37.15788],[126.78496,37.1657],[126.7898,37.17512]]]]},"properties":{"SIGUNGU_CD":"31240","SIGUNGU_NM":"화성시","BASE_DATE":"20250630"}},
{"type":"Feature","geometry":{"type":"Polygon","coordinates":[[[127.38675,37.47824],[127.38038,37.49004],[127.38664,37.49726],[127.37918,37.50659],[127.37261,37.51997],[127.36329,37.53115],[127.34961,37.53586],[127.34042,37.53474],[127.32641,37.53567],[127.31497,37.52852],[127.30893,37.52713],[127.30849,37.51971],[127.3054,37.51223],[127.3005,37.50772],[127.28989,37.5057],[127.2857,37.5144],[127.28028,37.51314],[127.27614,37.50844],[127.2683,37.50636],[127.25462,37.50631],[127.25324,37.50323],[127.25861,37.48982],[127.2537,37.48657],[127.24443,37.4851],[127.24695,37.48102],[127.2446,37.47665],[127.24264,37.47659],[127.22839,37.47748],[127.22598,37.47981],[127.21555,37.4823],[127.20405,37.48058],[127.20209,37.48407],[127.1984,37.4796],[127.18858,37.48034],[127.17568,37.48534],[127.17503,37.47984],[127.17506,37.47787],[127.17539,37.47674],[127.17756,37.47522],[127.17879,37.47481],[127.1819,37.47082],[127.18177,37.46915],[127.18476,37.45882],[127.18938,37.45835],[127.19484,37.45117],[127.19582,37.44359],[127.19337,37.43793],[127.19543,37.43095],[127.19414,37.4258],[127.19434,37.42467],[127.18316,37.41502],[127.17712,37.41507],[127.17532,37.40727],[127.17387,37.4055],[127.16862,37.3932],[127.17086,37.39129],[127.17674,37.38736],[127.17672,37.3861],[127.17415,37.38319],[127.17208,37.38236],[127.16182,37.37969],[127.16059,37.37268],[127.15275,37.36342],[127.14573,37.36],[127.14408,37.35942],[127.14094,37.35989],[127.1398,37.36009],[127.13427,37.35658],[127.13426,37.35416],[127.13431,37.35178],[127.1326,37.34954],[127.13408,37.3479],[127.13769,37.3398],[127.1387,37.33972],[127.14022,37.33878],[127.14226,37.33662],[127.1621,37.3434],[127.17726,37.34447],[127.17883,37.34318],[127.19182,37.34724],[127.1982,37.34115],[127.1973,37.33362],[127.20051,37.32871],[127.20813,37.33062],[127.214,37.338],[127.21361,37.33826],[127.22053,37.34737],[127.22234,37.34636],[127.22262,37.34793],[127.22156,37.34939],[127.22004,37.3505],[127.21735,37.35292],[127.21693,37.35467],[127.21847,37.35574],[127.21946,37.35449],[127.22263,37.35447],[127.22845,37.35885],[127.23873,37.36012],[127.24231,37.35362],[127.24721,37.35564],[127.25363,37.3504],[127.26141,37.34826],[127.26483,37.34256],[127.27501,37.34261],[127.28311,37.34511],[127.28296,37.3363],[127.2795,37.33127],[127.28301,37.31587],[127.27727,37.30885],[127.28098,37.29858],[127.2813,37.29685],[127.27763,37.28997],[127.28173,37.27794],[127.27599,37.27349],[127.28166,37.26867],[127.29207,37.27164],[127.29653,37.2653],[127.29836,37.26502],[127.30373,37.27066],[127.31099,37.27357],[127.3138,37.27361],[127.31896,37.27457],[127.3281,37.27168],[127.33039,37.27024],[127.33796,37.27079],[127.33869,37.27055],[127.3394,37.27153],[127.3479,37.27611],[127.34912,37.27694],[127.34839,37.27922],[127.34517,37.28086],[127.34401,37.28215],[127.34288,37.28335],[127.34003,37.28805],[127.34298,37.29117],[127.34808,37.29012],[127.35692,37.29433],[127.35438,37.30146],[127.35781,37.30584],[127.36481,37.3086],[127.36333,37.31593],[127.36986,37.31518],[127.37595,37.32065],[127.38706,37.31877],[127.40006,37.32741],[127.40509,37.32731],[127.4073,37.33119],[127.41545,37.33399],[127.42104,37.34253],[127.4286,37.34622],[127.43068,37.34723],[127.43511,37.35427],[127.43684,37.35544],[127.44037,37.35739],[127.44353,37.35954],[127.44464,37.38563],[127.44233,37.38737],[127.42024,37.38686],[127.41294,37.39808],[127.4122,37.40043],[127.41149,37.40623],[127.41011,37.40753],[127.40868,37.40814],[127.40603,37.4091],[127.40585,37.40943],[127.40409,37.41021],[127.39822,37.41572],[127.40124,37.42024],[127.39835,37.42279],[127.39845,37.42367],[127.39568,37.42614],[127.39235,37.42747],[127.38622,37.43274],[127.38406,37.43492],[127.38365,37.43943],[127.38306,37.44115],[127.38274,37.44147],[127.38175,37.44366],[127.37239,37.44497],[127.37246,37.45185],[127.36916,37.45516],[127.36782,37.45659],[127.38544,37.45999],[127.3887,37.47427],[127.38876,37.47585],[127.38793,37.47745],[127.38675,37.47824]]]},"properties":{"SIGUNGU_CD":"31250","SIGUNGU_NM":"광주시","BASE_DATE":"20250630"}},
{"type":"Feature","geometry":{"type":"Polygon","coordinates":[[[126.99828,37.93465],[126.98855,37.93602],[126.98612,37.93855],[126.97995,37.93736],[126.9725,37.94208],[126.96468,37.93843],[126.96484,37.92873],[126.95985,37.92003],[126.9566,37.92178],[126.94954,37.9184],[126.95415,37.91292],[126.94666,37.90138],[126.94824,37.89684],[126.94541,37.88877],[126.94601,37.86636],[126.93366,37.84608],[126.93667,37.84133],[126.92728,37.83765],[126.92526,37.8415],[126.91237,37.84047],[126.91101,37.82855],[126.9026,37.82658],[126.90491,37.81966],[126.90998,37.81666],[126.90869,37.81072],[126.91174,37.80604],[126.90553,37.80225],[126.90358,37.79071],[126.91199,37.79147],[126.9202,37.78953],[126.92643,37.78518],[126.93194,37.78901],[126.93795,37.78697],[126.93394,37.78056],[126.93466,37.77078],[126.92797,37.75703],[126.93113,37.75516],[126.93149,37.75179],[126.9291,37.74849],[126.93063,37.73604],[126.92332,37.73286],[126.92183,37.73049],[126.92485,37.71981],[126.9205,37.7138],[126.92535,37.70865],[126.92232,37.70035],[126.91526,37.6882],[126.91245,37.67552],[126.90843,37.67184],[126.90763,37.67039],[126.90844,37.66983],[126.91122,37.66869],[126.92035,37.67162],[126.93881,37.67021],[126.94288,37.67199],[126.94521,37.68582],[126.95139,37.68804],[126.95373,37.69262],[126.96513,37.69282],[126.97495,37.68665],[126.98241,37.68518],[126.9922,37.67963],[126.99731,37.68347],[127.00051,37.68397],[127.00378,37.68482],[127.00553,37.68487],[127.00605,37.68505],[127.00766,37.68447],[127.00866,37.68445],[127.00844,37.68543],[127.00967,37.6967],[127.01542,37.70146],[127.0182,37.70514],[127.01277,37.71246],[127.01047,37.72192],[127.01223,37.72608],[127.00237,37.7408],[127.00664,37.7477],[127.00242,37.75516],[127.00205,37.76262],[127.0085,37.76239],[127.01744,37.76886],[127.02724,37.76645],[127.03382,37.76843],[127.04149,37.76676],[127.05134,37.76095],[127.06961,37.7651],[127.0733,37.76841],[127.09076,37.77597],[127.10354,37.77935],[127.10603,37.78164],[127.1132,37.78878],[127.11771,37.79599],[127.11703,37.80439],[127.12196,37.81205],[127.12013,37.81711],[127.12219,37.82547],[127.11718,37.83456],[127.1148,37.85052],[127.11069,37.85364],[127.10886,37.86038],[127.10802,37.86061],[127.10102,37.86693],[127.09526,37.8678],[127.08836,37.87221],[127.07817,37.87019],[127.07374,37.87276],[127.07227,37.87162],[127.0605,37.86927],[127.05968,37.87097],[127.04821,37.88318],[127.04585,37.89463],[127.0372,37.89541],[127.02878,37.89887],[127.02141,37.89865],[127.01216,37.90462],[127.01028,37.90581],[127.0105,37.91016],[127.00622,37.91522],[127.01357,37.92089],[127.01008,37.92792],[127.00861,37.92906],[127.00003,37.93632],[126.99828,37.93465]]]},"properties":{"SIGUNGU_CD":"31260","SIGUNGU_NM":"양주시","BASE_DATE":"20250630"}},
{"type":"Feature","geometry":{"type":"Polygon","coordinates":[[[127.42991,38.11482],[127.42507,38.10901],[127.41442,38.10217],[127.40552,38.10295],[127.40345,38.11296],[127.38389,38.1146],[127.37861,38.11843],[127.36594,38.10693],[127.34813,38.10483],[127.33927,38.10077],[127.33762,38.09007],[127.32872,38.09438],[127.32067,38.09468],[127.31627,38.09864],[127.30982,38.11803],[127.29255,38.11415],[127.28275,38.11649],[127.28057,38.12514],[127.27581,38.12418],[127.27591,38.1389],[127.28195,38.14374],[127.28641,38.15264],[127.28384,38.15807],[127.28857,38.16456],[127.289,38.16946],[127.29619,38.17248],[127.29774,38.17628],[127.2885,38.1768],[127.28392,38.18259],[127.27115,38.18195],[127.26468,38.17852],[127.26448,38.17174],[127.25883,38.16954],[127.25605,38.16299],[127.24046,38.15715],[127.23458,38.14706],[127.22381,38.14703],[127.22204,38.13743],[127.21245,38.14349],[127.19848,38.15598],[127.18924,38.16124],[127.18586,38.17388],[127.18901,38.18108],[127.18923,38.18832],[127.1819,38.1858],[127.1802,38.18601],[127.17458,38.18038],[127.17248,38.16991],[127.17673,38.14915],[127.17289,38.14118],[127.17554,38.12891],[127.17312,38.1202],[127.18063,38.11837],[127.1825,38.11506],[127.1841,38.09158],[127.19102,38.0857],[127.1888,38.06454],[127.18354,38.06378],[127.17286,38.06631],[127.16775,38.06226],[127.15677,38.06333],[127.1476,38.05844],[127.14749,38.0695],[127.14173,38.07282],[127.13819,38.06645],[127.12659,38.05955],[127.11572,38.06029],[127.11189,38.05112],[127.11807,38.04356],[127.11464,38.03979],[127.12436,38.03819],[127.12712,38.03736],[127.13748,38.03809],[127.13526,38.02961],[127.13948,38.02104],[127.14665,38.01448],[127.14731,38.00704],[127.14503,37.99244],[127.14057,37.9922],[127.1316,37.98745],[127.13074,37.98455],[127.12027,37.97894],[127.1174,37.98522],[127.11144,37.98888],[127.10055,37.98966],[127.09695,37.98531],[127.0898,37.98329],[127.09276,37.97453],[127.09123,37.97163],[127.09169,37.97107],[127.09418,37.96681],[127.09237,37.95881],[127.09927,37.95293],[127.09544,37.94426],[127.10858,37.93961],[127.11553,37.92942],[127.1215,37.91652],[127.13318,37.91598],[127.14547,37.91202],[127.14927,37.89813],[127.15537,37.89562],[127.14945,37.88569],[127.14684,37.87622],[127.12684,37.87317],[127.12323,37.86698],[127.11162,37.86482],[127.10957,37.86078],[127.10886,37.86038],[127.11069,37.85364],[127.1148,37.85052],[127.11718,37.83456],[127.12219,37.82547],[127.12013,37.81711],[127.12196,37.81205],[127.11703,37.80439],[127.11771,37.79599],[127.1132,37.78878],[127.10603,37.78164],[127.10574,37.78034],[127.1154,37.77682],[127.11613,37.77268],[127.12635,37.77223],[127.12908,37.76713],[127.12581,37.76364],[127.13371,37.76209],[127.13965,37.76402],[127.14431,37.75599],[127.14677,37.75602],[127.16381,37.74693],[127.17286,37.75005],[127.17252,37.75773],[127.17904,37.76272],[127.18532,37.7645],[127.19669,37.76166],[127.20175,37.76522],[127.2072,37.76389],[127.21027,37.76944],[127.21325,37.76773],[127.21287,37.76154],[127.22174,37.75821],[127.22512,37.75346],[127.23618,37.76124],[127.259,37.76869],[127.26573,37.78053],[127.26691,37.77987],[127.27305,37.78996],[127.27072,37.7937],[127.27851,37.80469],[127.2768,37.80732],[127.27933,37.81634],[127.27413,37.82699],[127.27877,37.84196],[127.28655,37.84802],[127.28048,37.85393],[127.28666,37.86749],[127.29213,37.87526],[127.29582,37.86886],[127.30886,37.86807],[127.31274,37.86576],[127.31977,37.87169],[127.32289,37.87137],[127.32322,37.88927],[127.32848,37.89401],[127.32643,37.90237],[127.32957,37.90932],[127.32662,37.91157],[127.32991,37.91632],[127.32866,37.92193],[127.3327,37.926],[127.33832,37.92309],[127.34396,37.92612],[127.34877,37.92293],[127.35075,37.92128],[127.35647,37.92163],[127.36573,37.92623],[127.37372,37.93572],[127.38458,37.94327],[127.38519,37.94694],[127.37665,37.95319],[127.37934,37.9572],[127.37669,37.96162],[127.38484,37.97545],[127.38416,37.98043],[127.39572,37.98784],[127.40524,37.99034],[127.41284,37.99782],[127.4145,38.00562],[127.41984,38.01745],[127.42715,38.02744],[127.42513,38.03375],[127.4315,38.03541],[127.44084,38.04375],[127.44539,38.05003],[127.446,38.0518],[127.44458,38.05726],[127.44674,38.07122],[127.44448,38.07478],[127.44708,38.08073],[127.4448,38.08798],[127.44517,38.09747],[127.44045,38.10883],[127.43294,38.11151],[127.43093,38.11536],[127.42991,38.11482]]]},"properties":{"SIGUNGU_CD":"31270","SIGUNGU_NM":"포천시","BASE_DATE":"20250630"}},
{"type":"Feature","geometry":{"type":"Polygon","coordinates":[[[127.52055,37.4358],[127.51591,37.43724],[127.50685,37.44043],[127.49692,37.4323],[127.48955,37.43364],[127.48271,37.42998],[127.47948,37.42377],[127.47322,37.42229],[127.46876,37.42597],[127.45549,37.42844],[127.44248,37.43428],[127.43554,37.4344],[127.42281,37.43945],[127.415,37.43208],[127.40723,37.43015],[127.40027,37.42142],[127.40124,37.42024],[127.39822,37.41572],[127.40409,37.41021],[127.40585,37.40943],[127.40603,37.4091],[127.40868,37.40814],[127.41011,37.40753],[127.41149,37.40623],[127.4122,37.40043],[127.41294,37.39808],[127.42024,37.38686],[127.44233,37.38737],[127.44464,37.38563],[127.44353,37.35954],[127.4425,37.35836],[127.44828,37.35296],[127.4496,37.35255],[127.4705,37.3617],[127.4876,37.3473],[127.48963,37.3427],[127.49646,37.34171],[127.50182,37.33823],[127.51392,37.33912],[127.52131,37.32959],[127.52657,37.32957],[127.5276,37.32765],[127.52546,37.32558],[127.52513,37.32349],[127.52838,37.31617],[127.54272,37.31311],[127.54592,37.31114],[127.54616,37.30982],[127.54623,37.30135],[127.54245,37.29435],[127.53419,37.2894],[127.52886,37.27413],[127.53324,37.25636],[127.53805,37.25294],[127.53599,37.24519],[127.52557,37.23992],[127.52603,37.22761],[127.52861,37.22239],[127.53157,37.20545],[127.53125,37.20021],[127.51763,37.18471],[127.52375,37.17985],[127.52681,37.17358],[127.53659,37.17348],[127.53928,37.17547],[127.54719,37.17324],[127.54773,37.17382],[127.55775,37.17743],[127.55906,37.18077],[127.56383,37.1785],[127.57083,37.17018],[127.5776,37.17724],[127.57249,37.18453],[127.57831,37.18934],[127.58044,37.18747],[127.59799,37.18837],[127.60525,37.17798],[127.61142,37.17453],[127.61515,37.16398],[127.61916,37.16125],[127.62678,37.16603],[127.633,37.16198],[127.62917,37.15669],[127.6297,37.15459],[127.64809,37.1506],[127.65637,37.14488],[127.65994,37.13992],[127.666,37.13946],[127.67021,37.13611],[127.6774,37.13676],[127.6868,37.13506],[127.69283,37.13853],[127.69453,37.14126],[127.6945,37.14883],[127.70427,37.15765],[127.70485,37.16752],[127.71764,37.18383],[127.72641,37.18254],[127.72835,37.19179],[127.7325,37.1958],[127.73314,37.20166],[127.73384,37.20227],[127.73674,37.21019],[127.74464,37.21439],[127.74475,37.21365],[127.74893,37.21834],[127.74718,37.22716],[127.74688,37.23997],[127.74997,37.24821],[127.75695,37.25782],[127.76066,37.26901],[127.75908,37.27705],[127.75004,37.29196],[127.75066,37.29798],[127.75461,37.29774],[127.76214,37.30224],[127.76819,37.30152],[127.76828,37.30934],[127.75978,37.3301],[127.76297,37.33443],[127.75798,37.34577],[127.76076,37.35264],[127.75991,37.36628],[127.7596,37.36706],[127.75899,37.36741],[127.75676,37.36701],[127.75226,37.36946],[127.74573,37.36889],[127.73212,37.37606],[127.72415,37.37156],[127.71636,37.37006],[127.71021,37.37221],[127.70736,37.36986],[127.70125,37.37405],[127.70524,37.39326],[127.71433,37.39841],[127.71411,37.4049],[127.70765,37.41029],[127.70601,37.40976],[127.70489,37.40911],[127.69889,37.40753],[127.695,37.40304],[127.68398,37.39822],[127.68703,37.41224],[127.68558,37.41346],[127.68487,37.41382],[127.68081,37.41348],[127.66794,37.41164],[127.65829,37.41684],[127.65235,37.40794],[127.64738,37.40485],[127.63535,37.41346],[127.62643,37.41359],[127.62004,37.40944],[127.61767,37.41383],[127.61101,37.41556],[127.60139,37.42101],[127.58727,37.42112],[127.58836,37.41736],[127.58302,37.41694],[127.57184,37.41168],[127.56528,37.41126],[127.56283,37.41568],[127.55631,37.41673],[127.5506,37.41142],[127.5433,37.40987],[127.53609,37.41436],[127.53403,37.42009],[127.53288,37.42257],[127.52958,37.42882],[127.52055,37.4358]]]},"properties":{"SIGUNGU_CD":"31280","SIGUNGU_NM":"여주시","BASE_DATE":"20250630"}},
{"type":"Feature","geometry":{"type":"Polygon","coordinates":[[[127.09504,38.28108],[127.08299,38.28019],[127.07478,38.27747],[127.07695,38.273],[127.07271,38.27183],[127.06621,38.26365],[127.05789,38.26219],[127.05418,38.25857],[127.04695,38.25961],[127.04022,38.25666],[127.03497,38.24878],[127.02813,38.24499],[127.0204,38.24583],[127.02351,38.24161],[127.01364,38.23708],[127.00931,38.22615],[127.00524,38.22288],[126.99962,38.22325],[126.99159,38.22947],[126.98877,38.22536],[126.9819,38.22748],[126.97882,38.22187],[126.98365,38.2106],[126.97976,38.2053],[126.9744,38.20455],[126.97493,38.19943],[126.96653,38.19895],[126.96658,38.19283],[126.96257,38.19075],[126.96863,38.18541],[126.96544,38.17096],[126.94944,38.1596],[126.96798,38.14746],[126.96649,38.13906],[126.96086,38.13968],[126.95753,38.13465],[126.94944,38.13545],[126.93235,38.13165],[126.92782,38.12741],[126.91706,38.13672],[126.90559,38.138],[126.90207,38.13413],[126.88841,38.12889],[126.88414,38.11671],[126.87329,38.11356],[126.86237,38.10833],[126.8565,38.09691],[126.86324,38.09438],[126.85869,38.09011],[126.86019,38.08527],[126.86891,38.08016],[126.86753,38.06959],[126.85845,38.06208],[126.85854,38.05332],[126.85253,38.0531],[126.85238,38.03509],[126.85541,38.03209],[126.84073,38.03291],[126.8186,38.0091],[126.82292,38.00716],[126.81122,37.99945],[126.79008,37.99895],[126.7858,37.98803],[126.79044,37.98885],[126.79186,37.9897],[126.79317,37.99142],[126.79639,37.9937],[126.79842,37.9928],[126.80046,37.99245],[126.80091,37.992],[126.80021,37.9875],[126.80625,37.98024],[126.80568,37.97287],[126.81394,37.9689],[126.81876,37.9641],[126.81687,37.96098],[126.82074,37.95746],[126.83044,37.96182],[126.83082,37.96455],[126.83751,37.96299],[126.8391,37.97547],[126.84143,37.98154],[126.84711,37.98608],[126.8528,37.986],[126.86004,37.98104],[126.87383,37.97024],[126.88623,37.96614],[126.89551,37.96974],[126.89218,37.98468],[126.89243,37.99188],[126.89562,37.9949],[126.90402,37.99439],[126.91213,37.9883],[126.93249,37.98178],[126.93818,37.98087],[126.95525,37.98957],[126.96016,37.99643],[126.97529,38.00688],[126.98938,38.01059],[126.98915,38.00845],[126.9916,38.0058],[126.99964,37.99721],[127.00131,37.99587],[127.01324,37.99367],[127.01711,37.98696],[127.01645,37.98613],[127.01259,37.98461],[127.01208,37.97748],[127.00347,37.97141],[127.00312,37.97007],[127.00172,37.96829],[126.99092,37.96768],[126.98907,37.95751],[126.97728,37.95156],[126.97727,37.94606],[126.97625,37.94533],[126.9725,37.94208],[126.97995,37.93736],[126.98612,37.93855],[126.98855,37.93602],[126.99828,37.93465],[127.00003,37.93632],[127.00861,37.92906],[127.01068,37.92856],[127.01367,37.92984],[127.02041,37.94002],[127.02777,37.94375],[127.02883,37.95588],[127.0384,37.95741],[127.03952,37.95784],[127.04543,37.97006],[127.04497,37.97309],[127.05368,37.98105],[127.06415,37.97917],[127.06614,37.97523],[127.08084,37.97639],[127.09023,37.97152],[127.09123,37.97163],[127.09276,37.97453],[127.0898,37.98329],[127.09695,37.98531],[127.10055,37.98966],[127.11144,37.98888],[127.1174,37.98522],[127.12027,37.97894],[127.13074,37.98455],[127.1316,37.98745],[127.14057,37.9922],[127.14503,37.99244],[127.14731,38.00704],[127.14665,38.01448],[127.13948,38.02104],[127.13526,38.02961],[127.13748,38.03809],[127.12712,38.03736],[127.12436,38.03819],[127.11464,38.03979],[127.11807,38.04356],[127.11189,38.05112],[127.11572,38.06029],[127.12659,38.05955],[127.13819,38.06645],[127.14173,38.07282],[127.14749,38.0695],[127.1476,38.05844],[127.15677,38.06333],[127.16775,38.06226],[127.17286,38.06631],[127.18354,38.06378],[127.1888,38.06454],[127.19102,38.0857],[127.1841,38.09158],[127.1825,38.11506],[127.18063,38.11837],[127.17312,38.1202],[127.17554,38.12891],[127.17289,38.14118],[127.17673,38.14915],[127.17248,38.16991],[127.17458,38.18038],[127.1802,38.18601],[127.17995,38.18696],[127.16962,38.19812],[127.17514,38.20548],[127.17117,38.21349],[127.16027,38.2199],[127.16329,38.23848],[127.14892,38.24234],[127.14323,38.23768],[127.13508,38.2365],[127.13509,38.23413],[127.12305,38.2328],[127.11442,38.23635],[127.1099,38.24184],[127.11157,38.24739],[127.10807,38.2583],[127.10965,38.27165],[127.10205,38.27315],[127.10321,38.28079],[127.09504,38.28108]]]},"properties":{"SIGUNGU_CD":"31550","SIGUNGU_NM":"연천군","BASE_DATE":"20250630"}},
{"type":"Feature","geometry":{"type":"Polygon","coordinates":[[[127.45271,38.03375],[127.45204,38.03539],[127.45291,38.04719],[127.44624,38.05121],[127.44539,38.05003],[127.44084,38.04375],[127.4315,38.03541],[127.42513,38.03375],[127.42715,38.02744],[127.41984,38.01745],[127.4145,38.00562],[127.41284,37.99782],[127.40524,37.99034],[127.39572,37.98784],[127.38416,37.98043],[127.38484,37.97545],[127.37669,37.96162],[127.37934,37.9572],[127.37665,37.95319],[127.38519,37.94694],[127.38458,37.94327],[127.37372,37.93572],[127.36573,37.92623],[127.35647,37.92163],[127.35075,37.92128],[127.34877,37.92293],[127.34396,37.92612],[127.33832,37.92309],[127.3327,37.926],[127.32866,37.92193],[127.32991,37.91632],[127.32662,37.91157],[127.32957,37.90932],[127.32643,37.90237],[127.32848,37.89401],[127.32322,37.88927],[127.32289,37.87137],[127.31977,37.87169],[127.31274,37.86576],[127.30886,37.86807],[127.29582,37.86886],[127.29213,37.87526],[127.28666,37.86749],[127.28048,37.85393],[127.28655,37.84802],[127.27877,37.84196],[127.27413,37.82699],[127.27933,37.81634],[127.2768,37.80732],[127.27851,37.80469],[127.27072,37.7937],[127.27305,37.78996],[127.26691,37.77987],[127.26743,37.77953],[127.2735,37.7738],[127.29326,37.77592],[127.30431,37.77348],[127.31113,37.76781],[127.3158,37.76899],[127.3282,37.75973],[127.33395,37.75272],[127.3325,37.75008],[127.33599,37.74282],[127.34114,37.73905],[127.34224,37.7383],[127.3429,37.72921],[127.3555,37.72335],[127.35335,37.70436],[127.35873,37.69924],[127.35865,37.69457],[127.37005,37.69303],[127.36756,37.68634],[127.37432,37.6821],[127.37747,37.675],[127.38099,37.67726],[127.37559,37.65523],[127.3723,37.64899],[127.37124,37.64767],[127.37285,37.64744],[127.37993,37.65164],[127.39074,37.65045],[127.39977,37.65168],[127.40116,37.65562],[127.40733,37.6596],[127.40884,37.66022],[127.41154,37.66025],[127.4251,37.66558],[127.42815,37.67079],[127.44147,37.65965],[127.43485,37.65372],[127.44052,37.64407],[127.4542,37.64141],[127.45882,37.6288],[127.46242,37.62509],[127.46853,37.62483],[127.47289,37.61552],[127.47201,37.59643],[127.46963,37.5925],[127.47041,37.58001],[127.47816,37.57672],[127.49709,37.57115],[127.51118,37.57654],[127.52189,37.58638],[127.53598,37.58581],[127.53815,37.58435],[127.55337,37.58668],[127.55992,37.58349],[127.56155,37.58767],[127.55936,37.59459],[127.56268,37.60461],[127.56912,37.60806],[127.57042,37.61227],[127.5704,37.6136],[127.5597,37.62287],[127.5594,37.6285],[127.55873,37.62862],[127.54826,37.63321],[127.54725,37.63771],[127.53794,37.64148],[127.53568,37.64502],[127.53524,37.64716],[127.53566,37.65069],[127.54385,37.65173],[127.54622,37.65786],[127.55282,37.66153],[127.54905,37.66861],[127.55083,37.68458],[127.55085,37.68834],[127.55863,37.70604],[127.55805,37.71391],[127.56186,37.72007],[127.55935,37.72493],[127.55993,37.72667],[127.55991,37.72858],[127.5566,37.72923],[127.54017,37.71946],[127.52962,37.72642],[127.5247,37.72647],[127.51343,37.71759],[127.50951,37.71693],[127.50615,37.72415],[127.50711,37.73136],[127.51687,37.74027],[127.53408,37.7486],[127.54209,37.75466],[127.54499,37.76363],[127.54092,37.77088],[127.52226,37.78895],[127.52305,37.79617],[127.53735,37.81054],[127.53494,37.81771],[127.52564,37.82287],[127.52562,37.83292],[127.52944,37.83972],[127.54046,37.84655],[127.54965,37.84654],[127.55009,37.85193],[127.55853,37.85645],[127.56324,37.85588],[127.5686,37.86697],[127.57789,37.87401],[127.58349,37.87581],[127.58664,37.87589],[127.60059,37.87437],[127.60321,37.8742],[127.6091,37.88352],[127.6074,37.88966],[127.61705,37.906],[127.61658,37.9119],[127.61214,37.92092],[127.61205,37.92406],[127.61658,37.92827],[127.61267,37.94048],[127.60374,37.94449],[127.60244,37.955],[127.58472,37.96175],[127.57934,37.96114],[127.57133,37.964],[127.56189,37.96277],[127.54738,37.96646],[127.54431,37.96939],[127.54717,37.97828],[127.53988,38.00057],[127.53109,38.00239],[127.51237,38.00021],[127.50392,37.99795],[127.4974,38.00371],[127.48152,38.00623],[127.47232,38.00628],[127.46296,38.01172],[127.45753,38.01699],[127.45636,38.02672],[127.45271,38.03375]]]},"properties":{"SIGUNGU_CD":"31570","SIGUNGU_NM":"가평군","BASE_DATE":"20250630"}},
{"type":"Feature","geometry":{"type":"Polygon","coordinates":[[[127.57042,37.61227],[127.56912,37.60806],[127.56268,37.60461],[127.55936,37.59459],[127.56155,37.58767],[127.55992,37.58349],[127.55337,37.58668],[127.53815,37.58435],[127.53598,37.58581],[127.52189,37.58638],[127.51118,37.57654],[127.49709,37.57115],[127.47816,37.57672],[127.47041,37.58001],[127.46963,37.5925],[127.47201,37.59643],[127.47289,37.61552],[127.46853,37.62483],[127.46242,37.62509],[127.45882,37.6288],[127.4542,37.64141],[127.44052,37.64407],[127.43485,37.65372],[127.44147,37.65965],[127.42815,37.67079],[127.4251,37.66558],[127.41154,37.66025],[127.40884,37.66022],[127.40733,37.6596],[127.40116,37.65562],[127.39977,37.65168],[127.39074,37.65045],[127.37993,37.65164],[127.37285,37.64744],[127.37153,37.64766],[127.37124,37.64767],[127.37151,37.64765],[127.37135,37.64681],[127.37078,37.64571],[127.36732,37.64052],[127.35818,37.63428],[127.3502,37.62453],[127.34537,37.61303],[127.34182,37.5931],[127.33645,37.58085],[127.32415,37.55866],[127.31492,37.54757],[127.30791,37.53385],[127.30693,37.53074],[127.30592,37.52187],[127.30676,37.51951],[127.30849,37.51971],[127.30893,37.52713],[127.31497,37.52852],[127.32641,37.53567],[127.34042,37.53474],[127.34961,37.53586],[127.36329,37.53115],[127.37261,37.51997],[127.37918,37.50659],[127.38664,37.49726],[127.38038,37.49004],[127.38675,37.47824],[127.38793,37.47745],[127.38876,37.47585],[127.3887,37.47427],[127.38544,37.45999],[127.36782,37.45659],[127.36916,37.45516],[127.37246,37.45185],[127.37239,37.44497],[127.38175,37.44366],[127.38274,37.44147],[127.38306,37.44115],[127.38365,37.43943],[127.38406,37.43492],[127.38622,37.43274],[127.39235,37.42747],[127.39568,37.42614],[127.39845,37.42367],[127.39835,37.42279],[127.40027,37.42142],[127.40723,37.43015],[127.415,37.43208],[127.42281,37.43945],[127.43554,37.4344],[127.44248,37.43428],[127.45549,37.42844],[127.46876,37.42597],[127.47322,37.42229],[127.47948,37.42377],[127.48271,37.42998],[127.48955,37.43364],[127.49692,37.4323],[127.50685,37.44043],[127.51591,37.43724],[127.52055,37.4358],[127.52958,37.42882],[127.53288,37.42257],[127.53403,37.42009],[127.53609,37.41436],[127.5433,37.40987],[127.5506,37.41142],[127.55631,37.41673],[127.56283,37.41568],[127.56528,37.41126],[127.57184,37.41168],[127.58302,37.41694],[127.58836,37.41736],[127.58727,37.42112],[127.60139,37.42101],[127.61101,37.41556],[127.61767,37.41383],[127.62004,37.40944],[127.62643,37.41359],[127.63535,37.41346],[127.64738,37.40485],[127.65235,37.40794],[127.65829,37.41684],[127.66794,37.41164],[127.68081,37.41348],[127.68487,37.41382],[127.68558,37.41346],[127.68703,37.41224],[127.68398,37.39822],[127.695,37.40304],[127.69889,37.40753],[127.70489,37.40911],[127.70601,37.40976],[127.70765,37.41029],[127.71411,37.4049],[127.71433,37.39841],[127.70524,37.39326],[127.70125,37.37405],[127.70736,37.36986],[127.71021,37.37221],[127.71636,37.37006],[127.72415,37.37156],[127.73212,37.37606],[127.74573,37.36889],[127.75226,37.36946],[127.75676,37.36701],[127.75899,37.36741],[127.7596,37.36706],[127.75948,37.36729],[127.76287,37.36998],[127.77894,37.37077],[127.77579,37.37896],[127.77862,37.38575],[127.78409,37.38883],[127.78168,37.39304],[127.78364,37.39867],[127.78783,37.40113],[127.79218,37.41845],[127.79502,37.42498],[127.80401,37.42885],[127.80243,37.43487],[127.80169,37.4364],[127.8009,37.43842],[127.79993,37.4387],[127.79938,37.45177],[127.79647,37.46372],[127.79943,37.46556],[127.79979,37.47238],[127.78958,37.4748],[127.78217,37.48168],[127.78019,37.48865],[127.77469,37.49175],[127.76019,37.49222],[127.76003,37.50166],[127.75991,37.50331],[127.7614,37.50326],[127.76466,37.50266],[127.77485,37.50666],[127.78112,37.51306],[127.7837,37.51214],[127.78879,37.51855],[127.7964,37.52311],[127.79634,37.52858],[127.80647,37.53117],[127.81006,37.53806],[127.82204,37.53845],[127.82827,37.53664],[127.83297,37.53894],[127.84202,37.5389],[127.84793,37.55165],[127.848,37.55245],[127.83951,37.55922],[127.82339,37.5631],[127.82137,37.56339],[127.81704,37.56374],[127.81607,37.56389],[127.81573,37.56364],[127.81413,37.56415],[127.81377,37.56527],[127.80408,37.57931],[127.7929,37.58529],[127.79008,37.58061],[127.78444,37.57812],[127.76657,37.58267],[127.76128,37.58759],[127.75798,37.58681],[127.75411,37.59206],[127.7394,37.58709],[127.72313,37.59063],[127.7079,37.58635],[127.69743,37.59185],[127.70084,37.59612],[127.69619,37.60079],[127.69168,37.60133],[127.68338,37.60823],[127.66752,37.61725],[127.66171,37.62432],[127.65339,37.62231],[127.64949,37.62465],[127.64699,37.63274],[127.64132,37.63244],[127.63089,37.63936],[127.60903,37.64988],[127.60219,37.65154],[127.60031,37.64786],[127.58326,37.64013],[127.58065,37.6334],[127.57142,37.632],[127.56468,37.63316],[127.56016,37.62984],[127.5594,37.6285],[127.5597,37.62287],[127.5704,37.6136],[127.57042,37.61227]]]},"properties":{"SIGUNGU_CD":"31580","SIGUNGU_NM":"양평군","BASE_DATE":"20250630"}},
{"type":"Feature","geometry":{"type":"Polygon","coordinates":[[[127.89947,38.04992],[127.89503,38.05109],[127.879,38.04734],[127.86725,38.05025],[127.85913,38.04998],[127.85516,38.05231],[127.8512,38.04555],[127.84919,38.03626],[127.85081,38.03085],[127.8581,38.01882],[127.8474,38.01432],[127.83981,38.01383],[127.83038,38.00838],[127.8271,38.00078],[127.82031,38.00388],[127.81324,38.00367],[127.80317,38.0005],[127.79464,37.99571],[127.78821,37.99429],[127.78785,37.99828],[127.77916,38.01366],[127.77382,38.01357],[127.77369,38.02177],[127.76958,38.02824],[127.76093,38.02985],[127.75901,38.03424],[127.74756,38.0381],[127.73803,38.0383],[127.72925,38.03281],[127.72539,38.0251],[127.71353,38.02393],[127.70943,38.03233],[127.70022,38.0382],[127.69438,38.03557],[127.68159,38.03415],[127.67844,38.03589],[127.66956,38.03418],[127.66537,38.03039],[127.65076,38.02701],[127.64811,38.0334],[127.6489,38.04457],[127.65326,38.05213],[127.64614,38.05661],[127.6412,38.05198],[127.63289,38.05005],[127.62366,38.05155],[127.61803,38.05718],[127.61168,38.05652],[127.6054,38.06105],[127.60776,38.07167],[127.59817,38.07686],[127.59684,38.0799],[127.58566,38.0802],[127.57558,38.08481],[127.56611,38.08386],[127.56417,38.07168],[127.5666,38.06644],[127.57409,38.06402],[127.57693,38.06157],[127.57957,38.05577],[127.57411,38.05091],[127.57398,38.04712],[127.57864,38.03977],[127.56695,38.03192],[127.56385,38.02199],[127.54476,38.01953],[127.53988,38.00057],[127.54717,37.97828],[127.54431,37.96939],[127.54738,37.96646],[127.56189,37.96277],[127.57133,37.964],[127.57934,37.96114],[127.58472,37.96175],[127.60244,37.955],[127.60374,37.94449],[127.61267,37.94048],[127.61658,37.92827],[127.61205,37.92406],[127.61214,37.92092],[127.61658,37.9119],[127.61705,37.906],[127.6074,37.88966],[127.6091,37.88352],[127.60321,37.8742],[127.60059,37.87437],[127.58664,37.87589],[127.58349,37.87581],[127.57789,37.87401],[127.5686,37.86697],[127.56324,37.85588],[127.55853,37.85645],[127.55009,37.85193],[127.54965,37.84654],[127.54046,37.84655],[127.52944,37.83972],[127.52562,37.83292],[127.52564,37.82287],[127.53494,37.81771],[127.53735,37.81054],[127.52305,37.79617],[127.52226,37.78895],[127.54092,37.77088],[127.54499,37.76363],[127.54209,37.75466],[127.53408,37.7486],[127.51687,37.74027],[127.50711,37.73136],[127.50615,37.72415],[127.50951,37.71693],[127.51343,37.71759],[127.5247,37.72647],[127.52962,37.72642],[127.54017,37.71946],[127.5566,37.72923],[127.55891,37.72885],[127.56229,37.72795],[127.56505,37.72836],[127.56755,37.73269],[127.57366,37.73266],[127.58921,37.7254],[127.59458,37.71974],[127.593,37.71658],[127.59154,37.71299],[127.59371,37.70549],[127.59479,37.70407],[127.60706,37.70381],[127.61048,37.69842],[127.60794,37.68766],[127.60788,37.67686],[127.61577,37.67645],[127.6211,37.67911],[127.6237,37.68397],[127.62335,37.69122],[127.62609,37.69477],[127.63818,37.69849],[127.64149,37.69463],[127.64132,37.68392],[127.64523,37.67888],[127.6495,37.68025],[127.65216,37.68592],[127.65103,37.69824],[127.65839,37.70005],[127.67033,37.69569],[127.67783,37.69515],[127.68414,37.70192],[127.67952,37.71137],[127.68746,37.71628],[127.70098,37.71655],[127.70749,37.72123],[127.71075,37.72678],[127.74645,37.74192],[127.75472,37.73246],[127.76403,37.73783],[127.77146,37.73772],[127.78181,37.74232],[127.78749,37.73668],[127.79486,37.73501],[127.80118,37.74109],[127.81099,37.74717],[127.8139,37.74837],[127.818,37.74775],[127.81905,37.74706],[127.82537,37.74196],[127.82651,37.74173],[127.83152,37.74209],[127.83325,37.74188],[127.83599,37.74567],[127.84481,37.74946],[127.84286,37.75292],[127.8406,37.75502],[127.84171,37.75697],[127.8462,37.75748],[127.85486,37.7634],[127.8574,37.76852],[127.8466,37.78077],[127.84324,37.78969],[127.83733,37.79042],[127.82489,37.79825],[127.82716,37.80864],[127.82501,37.81569],[127.82761,37.82046],[127.81363,37.83328],[127.81548,37.84099],[127.82136,37.84543],[127.83227,37.84364],[127.84826,37.83563],[127.85463,37.8348],[127.8716,37.83744],[127.87272,37.84462],[127.87881,37.85204],[127.87651,37.85649],[127.88075,37.86069],[127.89067,37.86312],[127.89604,37.85939],[127.90882,37.85456],[127.90567,37.84941],[127.91849,37.84422],[127.92447,37.83832],[127.92927,37.82771],[127.93181,37.82647],[127.93523,37.82851],[127.93705,37.83558],[127.9461,37.84108],[127.94373,37.8469],[127.94361,37.84918],[127.94443,37.85136],[127.94822,37.8602],[127.9577,37.87311],[127.95915,37.87447],[127.97278,37.88248],[127.97001,37.89266],[127.97191,37.89999],[127.97964,37.90816],[127.98633,37.91231],[127.98363,37.92342],[127.99292,37.9309],[127.99511,37.9412],[127.98964,37.94521],[127.98728,37.95182],[127.97751,37.95707],[127.98397,37.96377],[127.98475,37.98004],[127.98179,37.9835],[127.98402,37.98876],[127.9996,37.99138],[128.00343,37.99563],[128.0153,37.99664],[128.01878,38.00057],[128.01959,38.00737],[128.02961,38.01465],[128.02878,38.01536],[128.02333,38.01979],[128.01432,38.01932],[128.00774,38.01574],[128.00065,38.00528],[127.99333,38.00162],[127.98382,38.0103],[127.98713,38.0201],[127.98543,38.02686],[127.96902,38.0309],[127.95543,38.03868],[127.95175,38.0382],[127.94701,38.03133],[127.94714,38.02258],[127.94333,38.01672],[127.93447,38.01382],[127.93137,38.01789],[127.91515,38.02217],[127.90407,38.03033],[127.90186,38.03822],[127.90277,38.04895],[127.89947,38.04992]]]},"properties":{"SIGUNGU_CD":"32010","SIGUNGU_NM":"춘천시","BASE_DATE":"20250630"}},
{"type":"Feature","geometry":{"type":"Polygon","coordinates":[[[127.93423,37.50376],[127.92915,37.50691],[127.91875,37.49797],[127.91913,37.49287],[127.90969,37.48644],[127.90611,37.47327],[127.89587,37.47235],[127.88895,37.46619],[127.88452,37.4702],[127.87699,37.46692],[127.87465,37.45501],[127.86565,37.44695],[127.86394,37.42533],[127.87126,37.41565],[127.868,37.39963],[127.8565,37.39865],[127.85099,37.39533],[127.84764,37.40079],[127.85127,37.40858],[127.84491,37.42381],[127.83884,37.43424],[127.8345,37.434],[127.81983,37.44658],[127.81344,37.44527],[127.8105,37.44139],[127.80047,37.43864],[127.8009,37.43842],[127.80169,37.4364],[127.80243,37.43487],[127.80401,37.42885],[127.79502,37.42498],[127.79218,37.41845],[127.78783,37.40113],[127.78364,37.39867],[127.78168,37.39304],[127.78409,37.38883],[127.77862,37.38575],[127.77579,37.37896],[127.77894,37.37077],[127.76287,37.36998],[127.75948,37.36729],[127.75991,37.36628],[127.76076,37.35264],[127.75798,37.34577],[127.76297,37.33443],[127.75978,37.3301],[127.76828,37.30934],[127.76819,37.30152],[127.76214,37.30224],[127.75461,37.29774],[127.75066,37.29798],[127.75004,37.29196],[127.75908,37.27705],[127.76066,37.26901],[127.75695,37.25782],[127.74997,37.24821],[127.74688,37.23997],[127.74718,37.22716],[127.74893,37.21834],[127.74475,37.21365],[127.74482,37.21304],[127.74426,37.20755],[127.74785,37.20033],[127.75104,37.18246],[127.75286,37.17886],[127.75553,37.17144],[127.76019,37.16613],[127.76549,37.15914],[127.78952,37.14341],[127.79336,37.14574],[127.80165,37.14426],[127.80694,37.14706],[127.81685,37.147],[127.8252,37.15224],[127.83741,37.15158],[127.84925,37.15366],[127.85223,37.15992],[127.8613,37.15535],[127.86196,37.16105],[127.86959,37.16383],[127.87332,37.16393],[127.88657,37.16107],[127.89543,37.15609],[127.89889,37.1498],[127.90164,37.1518],[127.90346,37.16005],[127.90863,37.16712],[127.91505,37.16888],[127.92384,37.16363],[127.92633,37.16553],[127.9273,37.16978],[127.93363,37.1758],[127.9326,37.18237],[127.93626,37.18877],[127.93092,37.20113],[127.93247,37.20699],[127.9271,37.22015],[127.92158,37.22505],[127.92662,37.2316],[127.93888,37.24074],[127.94519,37.24056],[127.95268,37.24792],[127.96455,37.25101],[127.96974,37.2557],[127.9799,37.25833],[127.98141,37.25688],[127.98261,37.25685],[127.98546,37.25814],[127.99423,37.25357],[127.99973,37.25446],[128.00797,37.25212],[128.01922,37.24438],[128.0211,37.2303],[128.02302,37.22563],[128.03213,37.2238],[128.03344,37.21952],[128.03875,37.21604],[128.03308,37.21081],[128.0283,37.20232],[128.03222,37.19388],[128.03391,37.19141],[128.03587,37.18979],[128.04981,37.18958],[128.06047,37.19409],[128.06356,37.19282],[128.07754,37.1937],[128.09926,37.20187],[128.10317,37.20286],[128.10505,37.20377],[128.10634,37.20487],[128.10935,37.20661],[128.11036,37.20691],[128.11182,37.20893],[128.11223,37.21078],[128.11551,37.22027],[128.12236,37.2252],[128.1208,37.2273],[128.12532,37.23454],[128.1329,37.2298],[128.14204,37.2286],[128.14232,37.22434],[128.15086,37.22074],[128.15467,37.21567],[128.16404,37.21331],[128.17307,37.21906],[128.17362,37.23101],[128.19317,37.24524],[128.19658,37.24574],[128.2002,37.24724],[128.20581,37.24871],[128.20859,37.2489],[128.21307,37.26206],[128.21074,37.27507],[128.21846,37.27856],[128.21412,37.28815],[128.20657,37.28783],[128.19608,37.29742],[128.19025,37.29346],[128.17882,37.29186],[128.17783,37.27952],[128.17328,37.27921],[128.16341,37.27392],[128.1502,37.27256],[128.14599,37.27212],[128.13577,37.27213],[128.12384,37.27463],[128.11555,37.27248],[128.1142,37.2783],[128.11042,37.27924],[128.10984,37.28117],[128.10716,37.29276],[128.1088,37.29832],[128.10724,37.2996],[128.09814,37.30126],[128.0882,37.30087],[128.08686,37.30095],[128.07365,37.30439],[128.06811,37.3085],[128.05198,37.30846],[128.04085,37.31835],[128.03971,37.31956],[128.03368,37.33248],[128.03775,37.3376],[128.03939,37.34469],[128.03686,37.34661],[128.03919,37.35596],[128.0458,37.35926],[128.04965,37.36601],[128.05642,37.36396],[128.06437,37.36448],[128.07268,37.36742],[128.07679,37.37374],[128.07447,37.37965],[128.07631,37.38462],[128.0718,37.39185],[128.07871,37.4],[128.08841,37.40128],[128.09745,37.40632],[128.09605,37.41024],[128.08858,37.41429],[128.08424,37.42673],[128.06217,37.43577],[128.06261,37.44077],[128.05893,37.44513],[128.04272,37.44332],[128.03852,37.4471],[128.02741,37.44859],[128.01424,37.44525],[128.01202,37.44977],[128.00677,37.45011],[128.00262,37.45684],[127.99423,37.45616],[127.98271,37.46019],[127.97427,37.45763],[127.96817,37.45187],[127.9493,37.45444],[127.94858,37.45838],[127.94162,37.46689],[127.93847,37.47607],[127.93846,37.48251],[127.93289,37.48705],[127.93967,37.50115],[127.93618,37.50216],[127.93423,37.50376]]]},"properties":{"SIGUNGU_CD":"32020","SIGUNGU_NM":"원주시","BASE_DATE":"20250630"}},
{"type":"Feature","geometry":{"type":"Polygon","coordinates":[[[129.07488,37.60486],[129.06309,37.61482],[129.05973,37.62047],[129.05419,37.62137],[129.04449,37.63877],[129.04412,37.64287],[129.04988,37.65209],[129.05576,37.65507],[129.05472,37.66468],[129.05699,37.67283],[129.04462,37.68465],[129.02722,37.69623],[129.01316,37.70853],[129.01099,37.71348],[128.996,37.72552],[128.989,37.73609],[128.98945,37.7395],[128.96907,37.7531],[128.95521,37.76461],[128.95462,37.76923],[128.94668,37.77358],[128.92221,37.79272],[128.90884,37.80566],[128.90283,37.80954],[128.88141,37.82718],[128.87547,37.83439],[128.87707,37.84071],[128.85858,37.85547],[128.84878,37.86444],[128.84825,37.86883],[128.84246,37.87146],[128.83014,37.88451],[128.82951,37.89271],[128.83484,37.89739],[128.82506,37.90724],[128.81,37.91753],[128.80575,37.91552],[128.80079,37.91314],[128.79315,37.91221],[128.78301,37.91469],[128.77314,37.91106],[128.75999,37.91007],[128.75695,37.91232],[128.7466,37.9092],[128.74466,37.90421],[128.73638,37.90341],[128.73241,37.89988],[128.72705,37.90267],[128.7192,37.90279],[128.70881,37.89729],[128.70217,37.89841],[128.68283,37.88991],[128.67634,37.88982],[128.66708,37.88573],[128.66483,37.8905],[128.65976,37.89177],[128.64777,37.89093],[128.64294,37.89489],[128.6348,37.88762],[128.62356,37.88052],[128.62077,37.87235],[128.60118,37.87071],[128.5977,37.86596],[128.59197,37.8656],[128.58818,37.86202],[128.58879,37.861],[128.58606,37.84514],[128.58161,37.83773],[128.58036,37.828],[128.58274,37.82139],[128.59192,37.81604],[128.59996,37.80882],[128.59979,37.79161],[128.60141,37.78133],[128.59879,37.7745],[128.60167,37.76993],[128.6104,37.76621],[128.6147,37.77058],[128.62562,37.77055],[128.63144,37.77436],[128.63496,37.78128],[128.63898,37.78244],[128.64309,37.77732],[128.66063,37.77052],[128.66738,37.76979],[128.67085,37.76688],[128.67984,37.77303],[128.69097,37.76972],[128.69837,37.77133],[128.7089,37.76805],[128.71806,37.75607],[128.72236,37.75513],[128.72536,37.7495],[128.7303,37.74795],[128.73966,37.74163],[128.7438,37.74143],[128.74567,37.72677],[128.74848,37.71995],[128.74783,37.7141],[128.75494,37.70755],[128.75456,37.69965],[128.75858,37.69417],[128.76071,37.68284],[128.76395,37.6807],[128.76511,37.67352],[128.75247,37.66978],[128.74576,37.66503],[128.74367,37.65883],[128.73347,37.6549],[128.73377,37.64684],[128.72863,37.63793],[128.73602,37.62768],[128.7371,37.61402],[128.73552,37.60909],[128.72302,37.61132],[128.71665,37.60427],[128.71635,37.59338],[128.71207,37.58864],[128.70344,37.59],[128.69892,37.59352],[128.69197,37.59204],[128.68396,37.59385],[128.68036,37.57188],[128.67918,37.57044],[128.67896,37.56986],[128.68358,37.56341],[128.6835,37.55715],[128.68776,37.55432],[128.69405,37.54125],[128.7071,37.53219],[128.71716,37.53101],[128.71978,37.52871],[128.72289,37.53489],[128.73708,37.5473],[128.74979,37.54659],[128.76201,37.5415],[128.76703,37.54363],[128.78093,37.54349],[128.78823,37.53989],[128.79082,37.53922],[128.79203,37.53276],[128.79815,37.52745],[128.79762,37.51845],[128.80801,37.51306],[128.8145,37.50632],[128.81375,37.5033],[128.83049,37.51009],[128.83396,37.51314],[128.84311,37.51257],[128.84908,37.51555],[128.84815,37.52144],[128.85426,37.5242],[128.85551,37.53729],[128.85993,37.54242],[128.85916,37.54778],[128.86203,37.55363],[128.85879,37.56122],[128.86255,37.56465],[128.86379,37.57522],[128.86856,37.57907],[128.87354,37.58967],[128.87771,37.58849],[128.88249,37.59244],[128.88879,37.59223],[128.89025,37.58855],[128.89263,37.58841],[128.89776,37.58669],[128.90139,37.5715],[128.90573,37.5671],[128.90447,37.55547],[128.90574,37.55262],[128.91446,37.55193],[128.91622,37.54801],[128.92549,37.54664],[128.93438,37.53814],[128.94394,37.54069],[128.95513,37.54144],[128.96123,37.54875],[128.96278,37.54316],[128.97338,37.53374],[128.97641,37.53425],[128.98764,37.53387],[128.99106,37.53842],[128.99848,37.5428],[129.01976,37.53863],[129.02586,37.54552],[129.03573,37.5478],[129.04591,37.54626],[129.04707,37.547],[129.04981,37.55265],[129.04822,37.5583],[129.05059,37.5671],[129.05103,37.5764],[129.05669,37.58235],[129.05964,37.58995],[129.05567,37.59711],[129.06874,37.5989],[129.07488,37.60486]]]},"properties":{"SIGUNGU_CD":"32030","SIGUNGU_NM":"강릉시","BASE_DATE":"20250630"}},
{"type":"Feature","geometry":{"type":"Polygon","coordinates":[[[129.07488,37.60486],[129.06874,37.5989],[129.05567,37.59711],[129.05964,37.58995],[129.05669,37.58235],[129.05103,37.5764],[129.05059,37.5671],[129.04822,37.5583],[129.04981,37.55265],[129.04707,37.547],[129.04591,37.54626],[129.03573,37.5478],[129.02586,37.54552],[129.01976,37.53863],[128.99848,37.5428],[128.99106,37.53842],[128.98764,37.53387],[128.97641,37.53425],[128.97338,37.53374],[128.9692,37.53038],[128.96846,37.5227],[128.96098,37.51258],[128.96514,37.50541],[128.97252,37.50572],[128.97468,37.50273],[128.97002,37.49473],[128.97251,37.49164],[128.98679,37.49312],[128.98966,37.48451],[128.98471,37.47041],[128.97737,37.46862],[128.96898,37.46076],[128.96416,37.45917],[128.96434,37.45475],[128.95762,37.44664],[128.95815,37.44601],[128.95856,37.44425],[128.97093,37.43847],[128.97589,37.43302],[128.98463,37.43393],[128.99942,37.42987],[129.00444,37.4268],[129.0102,37.43593],[129.03556,37.44953],[129.0363,37.45227],[129.03815,37.45327],[129.05435,37.45858],[129.06565,37.46038],[129.07406,37.45628],[129.0833,37.46042],[129.09585,37.46343],[129.1074,37.4558],[129.11616,37.46066],[129.13478,37.45318],[129.13819,37.46284],[129.14176,37.4665],[129.1508,37.46571],[129.15517,37.47419],[129.16011,37.47563],[129.15663,37.4826],[129.14195,37.49504],[129.12677,37.48762],[129.12441,37.49069],[129.13618,37.49642],[129.13122,37.5014],[129.13559,37.50407],[129.12426,37.51722],[129.12222,37.52174],[129.12493,37.5253],[129.1171,37.53299],[129.11183,37.54887],[129.11778,37.54952],[129.12216,37.56052],[129.11637,37.57078],[129.11547,37.57868],[129.07488,37.60486]]]},"properties":{"SIGUNGU_CD":"32040","SIGUNGU_NM":"동해시","BASE_DATE":"20250630"}},
{"type":"Feature","geometry":{"type":"Polygon","coordinates":[[[129.00268,37.32749],[129.01428,37.33839],[129.01036,37.33966],[129.00831,37.34554],[129.00236,37.34374],[128.99932,37.3385],[128.98926,37.33528],[128.97811,37.33641],[128.97103,37.33442],[128.958,37.32231],[128.95097,37.30779],[128.94328,37.30554],[128.94231,37.29765],[128.94645,37.29023],[128.94154,37.28889],[128.94104,37.27937],[128.93396,37.27312],[128.92433,37.27254],[128.92904,37.26761],[128.93538,37.24536],[128.9296,37.24072],[128.92389,37.24275],[128.91811,37.24005],[128.91707,37.22553],[128.90785,37.21662],[128.9092,37.21581],[128.91607,37.21185],[128.91608,37.20669],[128.91151,37.19689],[128.91486,37.18078],[128.91185,37.17726],[128.91775,37.16233],[128.91194,37.14926],[128.90182,37.14777],[128.90051,37.14706],[128.89861,37.14704],[128.894,37.14623],[128.88818,37.14107],[128.88714,37.13561],[128.88763,37.13266],[128.88924,37.12471],[128.87615,37.11459],[128.87046,37.11363],[128.86716,37.10886],[128.86817,37.10725],[128.87528,37.10819],[128.8788,37.10447],[128.88603,37.10274],[128.88694,37.09962],[128.88856,37.09171],[128.88092,37.08056],[128.87454,37.0786],[128.87641,37.07202],[128.89162,37.06204],[128.89876,37.06666],[128.90512,37.06597],[128.91032,37.06832],[128.91037,37.06962],[128.91693,37.0787],[128.91506,37.08371],[128.92332,37.09212],[128.92452,37.09177],[128.93206,37.09087],[128.94566,37.09378],[128.95343,37.08492],[128.95482,37.07959],[128.95927,37.07758],[128.97539,37.08101],[128.98417,37.08469],[129.00063,37.08036],[129.02085,37.07654],[129.02435,37.07835],[129.03241,37.07492],[129.03667,37.07617],[129.04187,37.07106],[129.05343,37.07019],[129.05944,37.06525],[129.06398,37.06814],[129.06742,37.07619],[129.0656,37.07875],[129.07013,37.08746],[129.07695,37.09299],[129.0944,37.09939],[129.09566,37.10031],[129.08815,37.11492],[129.09196,37.11947],[129.08906,37.12357],[129.09537,37.13843],[129.0887,37.14394],[129.08857,37.15821],[129.08475,37.16035],[129.07192,37.16019],[129.07453,37.16596],[129.07183,37.16992],[129.05841,37.17131],[129.05128,37.16994],[129.03655,37.17589],[129.0304,37.17452],[129.01655,37.18142],[129.01134,37.18653],[129.00827,37.19375],[129.00901,37.19851],[129.00132,37.20331],[128.99876,37.20781],[128.99998,37.21792],[129.01049,37.22082],[129.00438,37.22706],[129.00792,37.23264],[129.00499,37.23511],[128.99319,37.23526],[128.98997,37.24079],[128.99395,37.24462],[129.00177,37.24466],[129.00162,37.25056],[129.00798,37.25351],[129.00746,37.25506],[129.00704,37.25537],[129.00729,37.25596],[129.00897,37.25595],[129.01008,37.25509],[129.0103,37.25517],[129.01029,37.25843],[129.0056,37.26425],[129.00799,37.26939],[129.01513,37.27418],[129.00385,37.28837],[129.00561,37.29215],[129.01844,37.30352],[129.01102,37.31167],[128.99844,37.31899],[128.99823,37.32488],[129.00268,37.32749]]]},"properties":{"SIGUNGU_CD":"32050","SIGUNGU_NM":"태백시","BASE_DATE":"20250630"}},
{"type":"Feature","geometry":{"type":"Polygon","coordinates":[[[128.60871,38.16128],[128.6092,38.17793],[128.61412,38.17987],[128.60721,38.18602],[128.59774,38.19789],[128.59342,38.20059],[128.5935,38.19155],[128.58336,38.19208],[128.58349,38.1994],[128.59233,38.2014],[128.59451,38.21067],[128.60059,38.21059],[128.58488,38.22931],[128.57432,38.22179],[128.56123,38.22095],[128.55553,38.21802],[128.5337,38.21581],[128.52206,38.20755],[128.51245,38.20746],[128.49924,38.20221],[128.49776,38.19793],[128.4903,38.19399],[128.48455,38.18797],[128.4772,38.18889],[128.47711,38.1928],[128.46663,38.19862],[128.46354,38.19711],[128.46261,38.19694],[128.45199,38.19901],[128.44426,38.20358],[128.44141,38.20313],[128.43845,38.19256],[128.42651,38.18915],[128.42114,38.17669],[128.43319,38.16861],[128.43903,38.16258],[128.43792,38.15487],[128.44306,38.1496],[128.46596,38.13692],[128.46424,38.12867],[128.46582,38.12131],[128.46486,38.11921],[128.46925,38.12027],[128.48129,38.13068],[128.49129,38.13649],[128.50048,38.13495],[128.50881,38.13653],[128.51588,38.13553],[128.52507,38.13816],[128.52987,38.13609],[128.53506,38.14855],[128.56136,38.14894],[128.56971,38.15381],[128.56985,38.16189],[128.59365,38.16099],[128.6034,38.15895],[128.60871,38.16128]]]},"properties":{"SIGUNGU_CD":"32060","SIGUNGU_NM":"속초시","BASE_DATE":"20250630"}},
{"type":"Feature","geometry":{"type":"Polygon","coordinates":[[[129.16011,37.47563],[129.15517,37.47419],[129.1508,37.46571],[129.14176,37.4665],[129.13819,37.46284],[129.13478,37.45318],[129.11616,37.46066],[129.1074,37.4558],[129.09585,37.46343],[129.0833,37.46042],[129.07406,37.45628],[129.06565,37.46038],[129.05435,37.45858],[129.03815,37.45327],[129.0363,37.45227],[129.03556,37.44953],[129.0102,37.43593],[129.00444,37.4268],[128.99942,37.42987],[128.98463,37.43393],[128.97589,37.43302],[128.97093,37.43847],[128.95856,37.44425],[128.95815,37.44601],[128.95677,37.44722],[128.95508,37.44942],[128.94385,37.4493],[128.93872,37.45103],[128.93429,37.4476],[128.92756,37.44856],[128.91061,37.43634],[128.90407,37.43807],[128.90123,37.43554],[128.89786,37.43029],[128.89838,37.42396],[128.89859,37.42104],[128.89543,37.40956],[128.88954,37.40484],[128.88282,37.4044],[128.87072,37.4003],[128.86852,37.39102],[128.86537,37.39035],[128.86137,37.38202],[128.85784,37.38035],[128.85343,37.36612],[128.85163,37.36564],[128.85158,37.36488],[128.85217,37.35949],[128.84603,37.33973],[128.84915,37.34147],[128.86685,37.33896],[128.86998,37.3294],[128.87795,37.32381],[128.87013,37.31901],[128.85973,37.30723],[128.85928,37.29979],[128.8598,37.29808],[128.8698,37.29215],[128.87223,37.29038],[128.87169,37.28445],[128.87488,37.28075],[128.8771,37.27869],[128.88874,37.27593],[128.88216,37.27146],[128.87995,37.26478],[128.88681,37.26176],[128.8947,37.25349],[128.9008,37.24291],[128.89865,37.23595],[128.9044,37.22784],[128.90546,37.21792],[128.90797,37.21655],[128.90785,37.21662],[128.91707,37.22553],[128.91811,37.24005],[128.92389,37.24275],[128.9296,37.24072],[128.93538,37.24536],[128.92904,37.26761],[128.92433,37.27254],[128.93396,37.27312],[128.94104,37.27937],[128.94154,37.28889],[128.94645,37.29023],[128.94231,37.29765],[128.94328,37.30554],[128.95097,37.30779],[128.958,37.32231],[128.97103,37.33442],[128.97811,37.33641],[128.98926,37.33528],[128.99932,37.3385],[129.00236,37.34374],[129.00831,37.34554],[129.01036,37.33966],[129.01428,37.33839],[129.00268,37.32749],[128.99823,37.32488],[128.99844,37.31899],[129.01102,37.31167],[129.01844,37.30352],[129.00561,37.29215],[129.00385,37.28837],[129.01513,37.27418],[129.00799,37.26939],[129.0056,37.26425],[129.01029,37.25843],[129.0103,37.25517],[129.01008,37.25509],[129.00897,37.25595],[129.00729,37.25596],[129.00704,37.25537],[129.00746,37.25506],[129.00798,37.25351],[129.00162,37.25056],[129.00177,37.24466],[128.99395,37.24462],[128.98997,37.24079],[128.99319,37.23526],[129.00499,37.23511],[129.00792,37.23264],[129.00438,37.22706],[129.01049,37.22082],[128.99998,37.21792],[128.99876,37.20781],[129.00132,37.20331],[129.00901,37.19851],[129.00827,37.19375],[129.01134,37.18653],[129.01655,37.18142],[129.0304,37.17452],[129.03655,37.17589],[129.05128,37.16994],[129.05841,37.17131],[129.07183,37.16992],[129.07453,37.16596],[129.07192,37.16019],[129.08475,37.16035],[129.08857,37.15821],[129.0887,37.14394],[129.09537,37.13843],[129.08906,37.12357],[129.09196,37.11947],[129.08815,37.11492],[129.09566,37.10031],[129.09625,37.10041],[129.1004,37.09944],[129.10173,37.09916],[129.10778,37.0935],[129.11799,37.09273],[129.12658,37.08894],[129.12649,37.08506],[129.13358,37.08178],[129.13947,37.08227],[129.14427,37.07658],[129.14805,37.07613],[129.15524,37.07028],[129.16614,37.06916],[129.1704,37.06036],[129.17571,37.0578],[129.18503,37.04658],[129.18541,37.04172],[129.19475,37.04063],[129.20505,37.04497],[129.2138,37.04303],[129.22531,37.04456],[129.23359,37.0404],[129.23177,37.05426],[129.22954,37.05474],[129.23307,37.06388],[129.22538,37.07372],[129.23086,37.07662],[129.24046,37.08504],[129.24903,37.09615],[129.25908,37.10105],[129.26566,37.10215],[129.27024,37.10692],[129.27124,37.11638],[129.27674,37.11855],[129.282,37.1161],[129.29459,37.11437],[129.29523,37.1203],[129.30387,37.12824],[129.30889,37.12794],[129.3118,37.13221],[129.31815,37.13295],[129.32483,37.14229],[129.33057,37.1405],[129.33644,37.14198],[129.33975,37.1466],[129.34099,37.1446],[129.34279,37.14508],[129.34461,37.14602],[129.35485,37.14574],[129.3575,37.14503],[129.36277,37.14577],[129.35857,37.15745],[129.3518,37.16516],[129.35668,37.16738],[129.34987,37.17385],[129.34515,37.17132],[129.3428,37.17612],[129.34755,37.17705],[129.34532,37.19439],[129.34315,37.2006],[129.34648,37.20269],[129.34782,37.21005],[129.34102,37.22163],[129.34342,37.2296],[129.34971,37.231],[129.35666,37.23564],[129.35006,37.23888],[129.34889,37.24772],[129.34198,37.2487],[129.34128,37.2549],[129.33718,37.25585],[129.32717,37.26551],[129.32932,37.27246],[129.32912,37.2804],[129.32048,37.28234],[129.31756,37.28673],[129.31012,37.28653],[129.30986,37.2908],[129.30043,37.29287],[129.30198,37.30329],[129.29547,37.31203],[129.28865,37.30952],[129.27034,37.32159],[129.26669,37.33096],[129.26699,37.34333],[129.26223,37.34528],[129.26056,37.35283],[129.25082,37.36302],[129.25106,37.37315],[129.25367,37.37852],[129.23967,37.38749],[129.22475,37.39455],[129.2032,37.41041],[129.19827,37.41525],[129.19308,37.42411],[129.18944,37.43714],[129.19365,37.44095],[129.18975,37.44547],[129.18761,37.45568],[129.16011,37.47563]]]},"properties":{"SIGUNGU_CD":"32070","SIGUNGU_NM":"삼척시","BASE_DATE":"20250630"}},
{"type":"Feature","geometry":{"type":"Polygon","coordinates":[[[128.09131,37.8983],[128.08261,37.90171],[128.07722,37.9067],[128.06362,37.91123],[128.04973,37.92197],[128.04611,37.92217],[128.03452,37.93676],[128.03011,37.94446],[128.01614,37.94269],[128.01272,37.93832],[128.00122,37.93727],[127.99511,37.9412],[127.99292,37.9309],[127.98363,37.92342],[127.98633,37.91231],[127.97964,37.90816],[127.97191,37.89999],[127.97001,37.89266],[127.97278,37.88248],[127.95915,37.87447],[127.9577,37.87311],[127.94822,37.8602],[127.94443,37.85136],[127.94361,37.84918],[127.94373,37.8469],[127.9461,37.84108],[127.93705,37.83558],[127.93523,37.82851],[127.93181,37.82647],[127.92927,37.82771],[127.92447,37.83832],[127.91849,37.84422],[127.90567,37.84941],[127.90882,37.85456],[127.89604,37.85939],[127.89067,37.86312],[127.88075,37.86069],[127.87651,37.85649],[127.87881,37.85204],[127.87272,37.84462],[127.8716,37.83744],[127.85463,37.8348],[127.84826,37.83563],[127.83227,37.84364],[127.82136,37.84543],[127.81548,37.84099],[127.81363,37.83328],[127.82761,37.82046],[127.82501,37.81569],[127.82716,37.80864],[127.82489,37.79825],[127.83733,37.79042],[127.84324,37.78969],[127.8466,37.78077],[127.8574,37.76852],[127.85486,37.7634],[127.8462,37.75748],[127.84171,37.75697],[127.8406,37.75502],[127.84286,37.75292],[127.84481,37.74946],[127.83599,37.74567],[127.83325,37.74188],[127.83152,37.74209],[127.82651,37.74173],[127.82537,37.74196],[127.81905,37.74706],[127.818,37.74775],[127.8139,37.74837],[127.81099,37.74717],[127.80118,37.74109],[127.79486,37.73501],[127.78749,37.73668],[127.78181,37.74232],[127.77146,37.73772],[127.76403,37.73783],[127.75472,37.73246],[127.74645,37.74192],[127.71075,37.72678],[127.70749,37.72123],[127.70098,37.71655],[127.68746,37.71628],[127.67952,37.71137],[127.68414,37.70192],[127.67783,37.69515],[127.67033,37.69569],[127.65839,37.70005],[127.65103,37.69824],[127.65216,37.68592],[127.6495,37.68025],[127.64523,37.67888],[127.64132,37.68392],[127.64149,37.69463],[127.63818,37.69849],[127.62609,37.69477],[127.62335,37.69122],[127.6237,37.68397],[127.6211,37.67911],[127.61577,37.67645],[127.60788,37.67686],[127.60794,37.68766],[127.61048,37.69842],[127.60706,37.70381],[127.59479,37.70407],[127.59371,37.70549],[127.59154,37.71299],[127.593,37.71658],[127.59458,37.71974],[127.58921,37.7254],[127.57366,37.73266],[127.56755,37.73269],[127.56505,37.72836],[127.56229,37.72795],[127.55991,37.72858],[127.55993,37.72667],[127.55935,37.72493],[127.56186,37.72007],[127.55805,37.71391],[127.55863,37.70604],[127.55085,37.68834],[127.55083,37.68458],[127.54905,37.66861],[127.55282,37.66153],[127.54622,37.65786],[127.54385,37.65173],[127.53566,37.65069],[127.53524,37.64716],[127.53568,37.64502],[127.53794,37.64148],[127.54725,37.63771],[127.54826,37.63321],[127.55873,37.62862],[127.56016,37.62984],[127.56468,37.63316],[127.57142,37.632],[127.58065,37.6334],[127.58326,37.64013],[127.60031,37.64786],[127.60219,37.65154],[127.60903,37.64988],[127.63089,37.63936],[127.64132,37.63244],[127.64699,37.63274],[127.64949,37.62465],[127.65339,37.62231],[127.66171,37.62432],[127.66752,37.61725],[127.68338,37.60823],[127.69168,37.60133],[127.69619,37.60079],[127.70084,37.59612],[127.69743,37.59185],[127.7079,37.58635],[127.72313,37.59063],[127.7394,37.58709],[127.75411,37.59206],[127.75798,37.58681],[127.76128,37.58759],[127.76657,37.58267],[127.78444,37.57812],[127.79008,37.58061],[127.7929,37.58529],[127.80408,37.57931],[127.81377,37.56527],[127.81413,37.56415],[127.81573,37.56364],[127.81607,37.56389],[127.81704,37.56374],[127.82137,37.56339],[127.82339,37.5631],[127.83951,37.55922],[127.848,37.55245],[127.84834,37.55229],[127.85955,37.55772],[127.8713,37.55625],[127.87241,37.56217],[127.87874,37.56626],[127.88902,37.5769],[127.89379,37.58508],[127.89504,37.59831],[127.90752,37.59842],[127.92261,37.6057],[127.927,37.60415],[127.93319,37.60982],[127.94524,37.60878],[127.95122,37.61114],[127.95236,37.6178],[127.95652,37.6195],[127.95974,37.62612],[127.96749,37.62694],[127.97121,37.63808],[127.97708,37.63624],[127.97928,37.63185],[127.99784,37.62685],[128.01215,37.62624],[128.01369,37.61606],[128.02012,37.61317],[128.03113,37.62223],[128.04842,37.62779],[128.04998,37.63104],[128.06628,37.63643],[128.06747,37.64134],[128.07556,37.64424],[128.07864,37.64859],[128.09328,37.65308],[128.10408,37.64978],[128.11412,37.65454],[128.10559,37.65941],[128.11247,37.66488],[128.11168,37.67149],[128.11872,37.67862],[128.12539,37.67749],[128.1359,37.68016],[128.13744,37.67961],[128.13997,37.67447],[128.14617,37.67249],[128.15256,37.65914],[128.15424,37.66169],[128.1641,37.6647],[128.16591,37.65929],[128.18128,37.65348],[128.18577,37.64964],[128.18651,37.64441],[128.19956,37.65167],[128.20872,37.64907],[128.21526,37.64382],[128.22854,37.62875],[128.23583,37.62522],[128.2539,37.62737],[128.26631,37.63353],[128.27034,37.63266],[128.27551,37.63916],[128.27325,37.64705],[128.27386,37.65601],[128.27883,37.66396],[128.27658,37.66888],[128.28444,37.67452],[128.28876,37.68013],[128.30445,37.6912],[128.30977,37.70138],[128.31334,37.70316],[128.32139,37.69082],[128.32337,37.69004],[128.3369,37.69555],[128.34616,37.6956],[128.35748,37.69919],[128.36498,37.69779],[128.36915,37.6939],[128.37672,37.69149],[128.39552,37.69181],[128.40443,37.68833],[128.40852,37.69079],[128.41549,37.68798],[128.42486,37.69141],[128.43526,37.69239],[128.43593,37.69527],[128.44395,37.70073],[128.44614,37.71249],[128.4448,37.71733],[128.45438,37.72887],[128.45781,37.73081],[128.46288,37.72835],[128.4787,37.73466],[128.52222,37.72971],[128.528,37.73297],[128.52406,37.74263],[128.52711,37.75281],[128.52406,37.75535],[128.52395,37.76401],[128.53323,37.77096],[128.5332,37.77979],[128.53959,37.78322],[128.54293,37.78958],[128.54376,37.80023],[128.55638,37.80946],[128.56966,37.80741],[128.57818,37.81816],[128.58274,37.82139],[128.58036,37.828],[128.58161,37.83773],[128.58606,37.84514],[128.58879,37.861],[128.58425,37.86296],[128.57376,37.86464],[128.56774,37.8754],[128.56007,37.87539],[128.55525,37.88172],[128.54407,37.8872],[128.53975,37.89114],[128.52998,37.88885],[128.52622,37.88308],[128.51077,37.88053],[128.50593,37.88687],[128.49867,37.88612],[128.48142,37.893],[128.48126,37.89254],[128.47536,37.88529],[128.47214,37.88626],[128.46632,37.88096],[128.44767,37.87348],[128.44423,37.86489],[128.43578,37.86451],[128.43171,37.8667],[128.42839,37.8751],[128.42153,37.88288],[128.41227,37.88467],[128.4132,37.88205],[128.4089,37.87125],[128.40497,37.86961],[128.40059,37.86124],[128.39715,37.8623],[128.3904,37.85885],[128.3824,37.85862],[128.37818,37.85234],[128.36614,37.84705],[128.36281,37.83863],[128.36516,37.83356],[128.35356,37.83072],[128.34681,37.82625],[128.33453,37.82869],[128.32835,37.83388],[128.32012,37.8307],[128.31114,37.8415],[128.30743,37.84368],[128.30512,37.85761],[128.29759,37.86731],[128.29337,37.86977],[128.28752,37.86486],[128.28097,37.86612],[128.27308,37.86071],[128.26922,37.86139],[128.26136,37.85638],[128.26081,37.84959],[128.2561,37.83962],[128.2426,37.83209],[128.23471,37.82217],[128.22851,37.82188],[128.21952,37.81785],[128.21549,37.81314],[128.20866,37.81268],[128.19276,37.82289],[128.18011,37.83501],[128.18114,37.8428],[128.17819,37.84637],[128.1687,37.85125],[128.17169,37.85696],[128.16805,37.8653],[128.169,37.87176],[128.17392,37.87641],[128.17426,37.88492],[128.16423,37.88707],[128.16074,37.89523],[128.14962,37.89531],[128.14495,37.89286],[128.13317,37.89423],[128.13107,37.89836],[128.12603,37.89512],[128.10598,37.90006],[128.10224,37.89767],[128.093,37.89782],[128.09131,37.8983]]]},"properties":{"SIGUNGU_CD":"32510","SIGUNGU_NM":"홍천군","BASE_DATE":"20250630"}},
{"type":"Feature","geometry":{"type":"Polygon","coordinates":[[[128.1359,37.68016],[128.12539,37.67749],[128.11872,37.67862],[128.11168,37.67149],[128.11247,37.66488],[128.10559,37.65941],[128.11412,37.65454],[128.10408,37.64978],[128.09328,37.65308],[128.07864,37.64859],[128.07556,37.64424],[128.06747,37.64134],[128.06628,37.63643],[128.04998,37.63104],[128.04842,37.62779],[128.03113,37.62223],[128.02012,37.61317],[128.01369,37.61606],[128.01215,37.62624],[127.99784,37.62685],[127.97928,37.63185],[127.97708,37.63624],[127.97121,37.63808],[127.96749,37.62694],[127.95974,37.62612],[127.95652,37.6195],[127.95236,37.6178],[127.95122,37.61114],[127.94524,37.60878],[127.93319,37.60982],[127.927,37.60415],[127.92261,37.6057],[127.90752,37.59842],[127.89504,37.59831],[127.89379,37.58508],[127.88902,37.5769],[127.87874,37.56626],[127.87241,37.56217],[127.8713,37.55625],[127.85955,37.55772],[127.84834,37.55229],[127.84793,37.55165],[127.84202,37.5389],[127.83297,37.53894],[127.82827,37.53664],[127.82204,37.53845],[127.81006,37.53806],[127.80647,37.53117],[127.79634,37.52858],[127.7964,37.52311],[127.78879,37.51855],[127.7837,37.51214],[127.78112,37.51306],[127.77485,37.50666],[127.76466,37.50266],[127.7614,37.50326],[127.75991,37.50331],[127.76003,37.50166],[127.76019,37.49222],[127.77469,37.49175],[127.78019,37.48865],[127.78217,37.48168],[127.78958,37.4748],[127.79979,37.47238],[127.79943,37.46556],[127.79647,37.46372],[127.79938,37.45177],[127.79993,37.4387],[127.80047,37.43864],[127.8105,37.44139],[127.81344,37.44527],[127.81983,37.44658],[127.8345,37.434],[127.83884,37.43424],[127.84491,37.42381],[127.85127,37.40858],[127.84764,37.40079],[127.85099,37.39533],[127.8565,37.39865],[127.868,37.39963],[127.87126,37.41565],[127.86394,37.42533],[127.86565,37.44695],[127.87465,37.45501],[127.87699,37.46692],[127.88452,37.4702],[127.88895,37.46619],[127.89587,37.47235],[127.90611,37.47327],[127.90969,37.48644],[127.91913,37.49287],[127.91875,37.49797],[127.92915,37.50691],[127.93423,37.50376],[127.93618,37.50216],[127.93967,37.50115],[127.93289,37.48705],[127.93846,37.48251],[127.93847,37.47607],[127.94162,37.46689],[127.94858,37.45838],[127.9493,37.45444],[127.96817,37.45187],[127.97427,37.45763],[127.98271,37.46019],[127.99423,37.45616],[128.00262,37.45684],[128.00677,37.45011],[128.01202,37.44977],[128.01424,37.44525],[128.02741,37.44859],[128.03852,37.4471],[128.04272,37.44332],[128.05893,37.44513],[128.06261,37.44077],[128.06217,37.43577],[128.08424,37.42673],[128.08858,37.41429],[128.09605,37.41024],[128.09745,37.40632],[128.08841,37.40128],[128.07871,37.4],[128.0718,37.39185],[128.07631,37.38462],[128.07447,37.37965],[128.07679,37.37374],[128.07268,37.36742],[128.06437,37.36448],[128.05642,37.36396],[128.04965,37.36601],[128.0458,37.35926],[128.03919,37.35596],[128.03686,37.34661],[128.03939,37.34469],[128.03775,37.3376],[128.03368,37.33248],[128.03971,37.31956],[128.04085,37.31835],[128.05198,37.30846],[128.06811,37.3085],[128.07365,37.30439],[128.08686,37.30095],[128.0882,37.30087],[128.09814,37.30126],[128.10724,37.2996],[128.10857,37.29878],[128.11802,37.30404],[128.11473,37.31005],[128.11588,37.31823],[128.11995,37.32363],[128.12946,37.32847],[128.14667,37.32295],[128.15268,37.32727],[128.1667,37.32183],[128.17282,37.32523],[128.16766,37.3376],[128.18387,37.33932],[128.18555,37.34277],[128.18306,37.35524],[128.18544,37.35938],[128.18206,37.36345],[128.17805,37.37653],[128.18013,37.37826],[128.18001,37.38763],[128.18744,37.39282],[128.19346,37.39032],[128.20061,37.39097],[128.20811,37.39499],[128.21576,37.39286],[128.22075,37.39423],[128.23618,37.38794],[128.2447,37.39562],[128.25427,37.39402],[128.25593,37.39579],[128.25915,37.40507],[128.26054,37.40649],[128.26366,37.40716],[128.26548,37.40844],[128.25831,37.42319],[128.25409,37.42796],[128.25773,37.4385],[128.25132,37.4409],[128.24898,37.44083],[128.24767,37.44201],[128.24496,37.45396],[128.24667,37.46622],[128.24466,37.46885],[128.24363,37.47998],[128.25537,37.48186],[128.26666,37.48678],[128.26843,37.4926],[128.2748,37.49758],[128.27682,37.50252],[128.29006,37.50739],[128.29099,37.51124],[128.29756,37.51183],[128.29632,37.51784],[128.30082,37.52409],[128.30227,37.53796],[128.29389,37.545],[128.29602,37.55295],[128.29517,37.56528],[128.29089,37.57308],[128.28407,37.57985],[128.27899,37.59562],[128.28599,37.60187],[128.28081,37.60541],[128.28004,37.61467],[128.28367,37.61897],[128.2539,37.62737],[128.23583,37.62522],[128.22854,37.62875],[128.21526,37.64382],[128.20872,37.64907],[128.19956,37.65167],[128.18651,37.64441],[128.18577,37.64964],[128.18128,37.65348],[128.16591,37.65929],[128.1641,37.6647],[128.15424,37.66169],[128.15256,37.65914],[128.14617,37.67249],[128.13997,37.67447],[128.13744,37.67961],[128.1359,37.68016]]]},"properties":{"SIGUNGU_CD":"32520","SIGUNGU_NM":"횡성군","BASE_DATE":"20250630"}},
{"type":"Feature","geometry":{"type":"Polygon","coordinates":[[[128.32379,37.37052],[128.32721,37.37611],[128.31942,37.37965],[128.31676,37.37826],[128.30701,37.38683],[128.29751,37.3887],[128.29341,37.39678],[128.29433,37.40101],[128.27146,37.40896],[128.26787,37.40889],[128.26548,37.40844],[128.26366,37.40716],[128.26054,37.40649],[128.25915,37.40507],[128.25593,37.39579],[128.25427,37.39402],[128.2447,37.39562],[128.23618,37.38794],[128.22075,37.39423],[128.21576,37.39286],[128.20811,37.39499],[128.20061,37.39097],[128.19346,37.39032],[128.18744,37.39282],[128.18001,37.38763],[128.18013,37.37826],[128.17805,37.37653],[128.18206,37.36345],[128.18544,37.35938],[128.18306,37.35524],[128.18555,37.34277],[128.18387,37.33932],[128.16766,37.3376],[128.17282,37.32523],[128.1667,37.32183],[128.15268,37.32727],[128.14667,37.32295],[128.12946,37.32847],[128.11995,37.32363],[128.11588,37.31823],[128.11473,37.31005],[128.11802,37.30404],[128.10857,37.29878],[128.1088,37.29832],[128.10716,37.29276],[128.10984,37.28117],[128.11042,37.27924],[128.1142,37.2783],[128.11555,37.27248],[128.12384,37.27463],[128.13577,37.27213],[128.14599,37.27212],[128.1502,37.27256],[128.16341,37.27392],[128.17328,37.27921],[128.17783,37.27952],[128.17882,37.29186],[128.19025,37.29346],[128.19608,37.29742],[128.20657,37.28783],[128.21412,37.28815],[128.21846,37.27856],[128.21074,37.27507],[128.21307,37.26206],[128.20859,37.2489],[128.2078,37.24882],[128.21465,37.24607],[128.21479,37.24184],[128.22012,37.24019],[128.2285,37.22803],[128.23742,37.22932],[128.24431,37.22654],[128.25093,37.22958],[128.25798,37.22124],[128.26169,37.21412],[128.2684,37.20792],[128.27286,37.20986],[128.28395,37.21018],[128.28818,37.21507],[128.30795,37.21711],[128.31404,37.22269],[128.32707,37.21681],[128.3334,37.21579],[128.32639,37.19729],[128.32176,37.19555],[128.31308,37.19648],[128.3142,37.19],[128.30766,37.186],[128.30264,37.18662],[128.29562,37.18329],[128.29807,37.17166],[128.28968,37.17015],[128.28111,37.1734],[128.27072,37.16636],[128.27039,37.16177],[128.26444,37.16042],[128.27059,37.15423],[128.27329,37.14763],[128.27526,37.14647],[128.27993,37.14246],[128.28469,37.14315],[128.29571,37.13603],[128.30073,37.13527],[128.30636,37.13753],[128.30948,37.14315],[128.31672,37.14756],[128.32444,37.14796],[128.32784,37.15301],[128.33067,37.15034],[128.33709,37.15785],[128.33848,37.15814],[128.34259,37.15594],[128.35398,37.15567],[128.35972,37.15022],[128.36535,37.15764],[128.37816,37.15174],[128.3837,37.15821],[128.38435,37.15812],[128.38608,37.15688],[128.3928,37.1548],[128.39637,37.14857],[128.40087,37.14688],[128.40366,37.13962],[128.396,37.12859],[128.40729,37.12638],[128.41104,37.12213],[128.41847,37.11981],[128.42306,37.10325],[128.43012,37.10367],[128.43614,37.11199],[128.4448,37.10627],[128.45084,37.11236],[128.45805,37.11028],[128.47781,37.11015],[128.491,37.12382],[128.49655,37.12579],[128.50667,37.11544],[128.51076,37.11395],[128.51365,37.10603],[128.51843,37.10189],[128.52184,37.10309],[128.53414,37.09811],[128.53683,37.09014],[128.54975,37.08619],[128.5617,37.09024],[128.57091,37.08622],[128.57441,37.08132],[128.58173,37.08167],[128.59357,37.07884],[128.60162,37.08306],[128.60069,37.07955],[128.60594,37.0768],[128.62264,37.0874],[128.62828,37.08133],[128.62821,37.07516],[128.64267,37.07076],[128.65118,37.06581],[128.65225,37.06558],[128.6574,37.06117],[128.67565,37.05885],[128.68373,37.05144],[128.68907,37.05305],[128.7004,37.04083],[128.70413,37.04092],[128.70506,37.04012],[128.70632,37.04009],[128.7091,37.03936],[128.71101,37.04118],[128.71867,37.04375],[128.73583,37.03975],[128.74908,37.02886],[128.75376,37.02783],[128.75455,37.03196],[128.76218,37.03616],[128.76142,37.04444],[128.75302,37.05372],[128.75258,37.05786],[128.75718,37.07001],[128.76475,37.06355],[128.76839,37.06781],[128.77134,37.07635],[128.77793,37.07893],[128.77784,37.08328],[128.77359,37.08751],[128.78028,37.09234],[128.78581,37.08785],[128.79942,37.08694],[128.79997,37.07897],[128.80787,37.076],[128.81257,37.07871],[128.81943,37.07703],[128.82938,37.07846],[128.83208,37.07508],[128.83167,37.0674],[128.83595,37.06594],[128.84402,37.05717],[128.84687,37.05161],[128.86595,37.04794],[128.87248,37.04395],[128.87684,37.04608],[128.87854,37.05326],[128.88734,37.05036],[128.89642,37.04452],[128.89761,37.04642],[128.89739,37.0489],[128.89807,37.0576],[128.91042,37.06613],[128.91032,37.06832],[128.90512,37.06597],[128.89876,37.06666],[128.89162,37.06204],[128.87641,37.07202],[128.87454,37.0786],[128.88092,37.08056],[128.88856,37.09171],[128.88694,37.09962],[128.88603,37.10274],[128.8788,37.10447],[128.87528,37.10819],[128.86817,37.10725],[128.86716,37.10886],[128.87046,37.11363],[128.87615,37.11459],[128.88924,37.12471],[128.88763,37.13266],[128.88714,37.13561],[128.88818,37.14107],[128.894,37.14623],[128.89861,37.14704],[128.90053,37.14708],[128.89955,37.14774],[128.89825,37.14912],[128.897,37.15109],[128.89317,37.15209],[128.89079,37.16227],[128.88649,37.16784],[128.88485,37.16884],[128.87202,37.16731],[128.86235,37.16834],[128.8455,37.16648],[128.84001,37.16857],[128.83349,37.17573],[128.82034,37.17616],[128.81516,37.18525],[128.80936,37.19059],[128.79703,37.19601],[128.78456,37.19815],[128.77423,37.20256],[128.76775,37.20336],[128.75431,37.21158],[128.74876,37.21195],[128.73979,37.20605],[128.73189,37.19766],[128.72575,37.19842],[128.71505,37.19502],[128.70968,37.19079],[128.69918,37.19001],[128.69439,37.18457],[128.68251,37.18492],[128.67676,37.18707],[128.65528,37.18585],[128.6465,37.18183],[128.64207,37.1824],[128.63552,37.18778],[128.63348,37.19662],[128.62914,37.19604],[128.61754,37.20599],[128.62207,37.21173],[128.61926,37.21863],[128.60437,37.21828],[128.60023,37.21278],[128.58621,37.22115],[128.57735,37.22227],[128.57582,37.23651],[128.57686,37.24463],[128.56588,37.25326],[128.56492,37.26061],[128.56826,37.27088],[128.57579,37.26887],[128.57602,37.26828],[128.579,37.27116],[128.57474,37.27972],[128.56453,37.27927],[128.55643,37.28852],[128.54939,37.28916],[128.53593,37.28388],[128.52902,37.29248],[128.51982,37.28762],[128.50088,37.28929],[128.49669,37.3034],[128.47993,37.30287],[128.47307,37.30623],[128.46471,37.30668],[128.46115,37.31126],[128.46471,37.31935],[128.46303,37.32418],[128.45401,37.3321],[128.45282,37.33569],[128.43561,37.33956],[128.42971,37.33982],[128.41899,37.34337],[128.41396,37.33939],[128.41196,37.33038],[128.40469,37.32085],[128.40735,37.3113],[128.41076,37.30873],[128.40663,37.30542],[128.40846,37.29429],[128.39715,37.29727],[128.38271,37.28895],[128.37121,37.29162],[128.36382,37.29911],[128.35759,37.30857],[128.34313,37.31171],[128.33038,37.32261],[128.32482,37.32087],[128.32428,37.32945],[128.32115,37.33921],[128.32165,37.34736],[128.31648,37.35349],[128.32284,37.36911],[128.32379,37.37052]]]},"properties":{"SIGUNGU_CD":"32530","SIGUNGU_NM":"영월군","BASE_DATE":"20250630"}},
{"type":"Feature","geometry":{"type":"Polygon","coordinates":[[[128.59879,37.7745],[128.60141,37.78133],[128.59979,37.79161],[128.59996,37.80882],[128.59192,37.81604],[128.58274,37.82139],[128.57818,37.81816],[128.56966,37.80741],[128.55638,37.80946],[128.54376,37.80023],[128.54293,37.78958],[128.53959,37.78322],[128.5332,37.77979],[128.53323,37.77096],[128.52395,37.76401],[128.52406,37.75535],[128.52711,37.75281],[128.52406,37.74263],[128.528,37.73297],[128.52222,37.72971],[128.4787,37.73466],[128.46288,37.72835],[128.45781,37.73081],[128.45438,37.72887],[128.4448,37.71733],[128.44614,37.71249],[128.44395,37.70073],[128.43593,37.69527],[128.43526,37.69239],[128.42486,37.69141],[128.41549,37.68798],[128.40852,37.69079],[128.40443,37.68833],[128.39552,37.69181],[128.37672,37.69149],[128.36915,37.6939],[128.36498,37.69779],[128.35748,37.69919],[128.34616,37.6956],[128.3369,37.69555],[128.32337,37.69004],[128.32139,37.69082],[128.31334,37.70316],[128.30977,37.70138],[128.30445,37.6912],[128.28876,37.68013],[128.28444,37.67452],[128.27658,37.66888],[128.27883,37.66396],[128.27386,37.65601],[128.27325,37.64705],[128.27551,37.63916],[128.27034,37.63266],[128.26631,37.63353],[128.2539,37.62737],[128.28367,37.61897],[128.28004,37.61467],[128.28081,37.60541],[128.28599,37.60187],[128.27899,37.59562],[128.28407,37.57985],[128.29089,37.57308],[128.29517,37.56528],[128.29602,37.55295],[128.29389,37.545],[128.30227,37.53796],[128.30082,37.52409],[128.29632,37.51784],[128.29756,37.51183],[128.29099,37.51124],[128.29006,37.50739],[128.27682,37.50252],[128.2748,37.49758],[128.26843,37.4926],[128.26666,37.48678],[128.25537,37.48186],[128.24363,37.47998],[128.24466,37.46885],[128.24667,37.46622],[128.24496,37.45396],[128.24767,37.44201],[128.24898,37.44083],[128.25132,37.4409],[128.25773,37.4385],[128.25409,37.42796],[128.25831,37.42319],[128.26548,37.40844],[128.26787,37.40889],[128.27146,37.40896],[128.29433,37.40101],[128.29341,37.39678],[128.29751,37.3887],[128.30701,37.38683],[128.31676,37.37826],[128.31942,37.37965],[128.32721,37.37611],[128.32379,37.37052],[128.32284,37.36911],[128.31648,37.35349],[128.32165,37.34736],[128.32115,37.33921],[128.32428,37.32945],[128.32482,37.32087],[128.33038,37.32261],[128.34313,37.31171],[128.35759,37.30857],[128.36382,37.29911],[128.37121,37.29162],[128.38271,37.28895],[128.39715,37.29727],[128.40846,37.29429],[128.40663,37.30542],[128.41076,37.30873],[128.40735,37.3113],[128.40469,37.32085],[128.41196,37.33038],[128.41396,37.33939],[128.41899,37.34337],[128.42971,37.33982],[128.43561,37.33956],[128.45282,37.33569],[128.45401,37.3321],[128.46303,37.32418],[128.46471,37.31935],[128.46115,37.31126],[128.46471,37.30668],[128.47307,37.30623],[128.47993,37.30287],[128.49669,37.3034],[128.50088,37.28929],[128.51982,37.28762],[128.52902,37.29248],[128.53593,37.28388],[128.54939,37.28916],[128.55643,37.28852],[128.56453,37.27927],[128.57474,37.27972],[128.579,37.27116],[128.57602,37.26828],[128.57591,37.26712],[128.57864,37.26691],[128.58239,37.26976],[128.58296,37.27151],[128.58508,37.2751],[128.59427,37.27977],[128.59631,37.28109],[128.58637,37.29337],[128.57969,37.29873],[128.58461,37.30656],[128.57359,37.32438],[128.57096,37.3252],[128.56659,37.33958],[128.56621,37.34531],[128.5567,37.35283],[128.54721,37.3549],[128.55252,37.36105],[128.55308,37.36966],[128.54459,37.38251],[128.53889,37.39969],[128.52993,37.39966],[128.51972,37.40374],[128.51393,37.40411],[128.50809,37.4109],[128.50671,37.41873],[128.51353,37.42284],[128.5139,37.42828],[128.51842,37.43284],[128.51786,37.44055],[128.51303,37.44997],[128.51321,37.4551],[128.52201,37.4603],[128.5238,37.46362],[128.55219,37.45645],[128.56343,37.46137],[128.56151,37.47333],[128.55659,37.48903],[128.5655,37.50035],[128.57005,37.4977],[128.57211,37.49023],[128.58335,37.49086],[128.57533,37.49375],[128.57723,37.49808],[128.57717,37.51113],[128.58117,37.52804],[128.58451,37.53722],[128.58939,37.54049],[128.58701,37.54803],[128.58804,37.55638],[128.58864,37.55754],[128.60091,37.56959],[128.61547,37.57551],[128.62517,37.57317],[128.62483,37.56555],[128.62794,37.55375],[128.63207,37.54894],[128.63462,37.53971],[128.6419,37.54149],[128.64511,37.55313],[128.65032,37.55505],[128.66999,37.55757],[128.66732,37.56873],[128.67896,37.56986],[128.67918,37.57044],[128.68036,37.57188],[128.68396,37.59385],[128.69197,37.59204],[128.69892,37.59352],[128.70344,37.59],[128.71207,37.58864],[128.71635,37.59338],[128.71665,37.60427],[128.72302,37.61132],[128.73552,37.60909],[128.7371,37.61402],[128.73602,37.62768],[128.72863,37.63793],[128.73377,37.64684],[128.73347,37.6549],[128.74367,37.65883],[128.74576,37.66503],[128.75247,37.66978],[128.76511,37.67352],[128.76395,37.6807],[128.76071,37.68284],[128.75858,37.69417],[128.75456,37.69965],[128.75494,37.70755],[128.74783,37.7141],[128.74848,37.71995],[128.74567,37.72677],[128.7438,37.74143],[128.73966,37.74163],[128.7303,37.74795],[128.72536,37.7495],[128.72236,37.75513],[128.71806,37.75607],[128.7089,37.76805],[128.69837,37.77133],[128.69097,37.76972],[128.67984,37.77303],[128.67085,37.76688],[128.66738,37.76979],[128.66063,37.77052],[128.64309,37.77732],[128.63898,37.78244],[128.63496,37.78128],[128.63144,37.77436],[128.62562,37.77055],[128.6147,37.77058],[128.6104,37.76621],[128.60167,37.76993],[128.59879,37.7745]]]},"properties":{"SIGUNGU_CD":"32540","SIGUNGU_NM":"평창군","BASE_DATE":"20250630"}},
{"type":"Feature","geometry":{"type":"Polygon","coordinates":[[[128.89263,37.58841],[128.89025,37.58855],[128.88879,37.59223],[128.88249,37.59244],[128.87771,37.58849],[128.87354,37.58967],[128.86856,37.57907],[128.86379,37.57522],[128.86255,37.56465],[128.85879,37.56122],[128.86203,37.55363],[128.85916,37.54778],[128.85993,37.54242],[128.85551,37.53729],[128.85426,37.5242],[128.84815,37.52144],[128.84908,37.51555],[128.84311,37.51257],[128.83396,37.51314],[128.83049,37.51009],[128.81375,37.5033],[128.8145,37.50632],[128.80801,37.51306],[128.79762,37.51845],[128.79815,37.52745],[128.79203,37.53276],[128.79082,37.53922],[128.78823,37.53989],[128.78093,37.54349],[128.76703,37.54363],[128.76201,37.5415],[128.74979,37.54659],[128.73708,37.5473],[128.72289,37.53489],[128.71978,37.52871],[128.71716,37.53101],[128.7071,37.53219],[128.69405,37.54125],[128.68776,37.55432],[128.6835,37.55715],[128.68358,37.56341],[128.67896,37.56986],[128.66732,37.56873],[128.66999,37.55757],[128.65032,37.55505],[128.64511,37.55313],[128.6419,37.54149],[128.63462,37.53971],[128.63207,37.54894],[128.62794,37.55375],[128.62483,37.56555],[128.62517,37.57317],[128.61547,37.57551],[128.60091,37.56959],[128.58864,37.55754],[128.58804,37.55638],[128.58701,37.54803],[128.58939,37.54049],[128.58451,37.53722],[128.58117,37.52804],[128.57717,37.51113],[128.57723,37.49808],[128.57533,37.49375],[128.58335,37.49086],[128.57211,37.49023],[128.57005,37.4977],[128.5655,37.50035],[128.55659,37.48903],[128.56151,37.47333],[128.56343,37.46137],[128.55219,37.45645],[128.5238,37.46362],[128.52201,37.4603],[128.51321,37.4551],[128.51303,37.44997],[128.51786,37.44055],[128.51842,37.43284],[128.5139,37.42828],[128.51353,37.42284],[128.50671,37.41873],[128.50809,37.4109],[128.51393,37.40411],[128.51972,37.40374],[128.52993,37.39966],[128.53889,37.39969],[128.54459,37.38251],[128.55308,37.36966],[128.55252,37.36105],[128.54721,37.3549],[128.5567,37.35283],[128.56621,37.34531],[128.56659,37.33958],[128.57096,37.3252],[128.57359,37.32438],[128.58461,37.30656],[128.57969,37.29873],[128.58637,37.29337],[128.59631,37.28109],[128.59427,37.27977],[128.58508,37.2751],[128.58296,37.27151],[128.58239,37.26976],[128.57864,37.26691],[128.57591,37.26712],[128.57579,37.26887],[128.56826,37.27088],[128.56492,37.26061],[128.56588,37.25326],[128.57686,37.24463],[128.57582,37.23651],[128.57735,37.22227],[128.58621,37.22115],[128.60023,37.21278],[128.60437,37.21828],[128.61926,37.21863],[128.62207,37.21173],[128.61754,37.20599],[128.62914,37.19604],[128.63348,37.19662],[128.63552,37.18778],[128.64207,37.1824],[128.6465,37.18183],[128.65528,37.18585],[128.67676,37.18707],[128.68251,37.18492],[128.69439,37.18457],[128.69918,37.19001],[128.70968,37.19079],[128.71505,37.19502],[128.72575,37.19842],[128.73189,37.19766],[128.73979,37.20605],[128.74876,37.21195],[128.75431,37.21158],[128.76775,37.20336],[128.77423,37.20256],[128.78456,37.19815],[128.79703,37.19601],[128.80936,37.19059],[128.81516,37.18525],[128.82034,37.17616],[128.83349,37.17573],[128.84001,37.16857],[128.8455,37.16648],[128.86235,37.16834],[128.87202,37.16731],[128.88485,37.16884],[128.88649,37.16784],[128.89079,37.16227],[128.89317,37.15209],[128.897,37.15109],[128.89825,37.14912],[128.89955,37.14774],[128.90053,37.14708],[128.90182,37.14777],[128.91194,37.14926],[128.91775,37.16233],[128.91185,37.17726],[128.91486,37.18078],[128.91151,37.19689],[128.91608,37.20669],[128.91607,37.21185],[128.9092,37.21581],[128.90797,37.21655],[128.90546,37.21792],[128.9044,37.22784],[128.89865,37.23595],[128.9008,37.24291],[128.8947,37.25349],[128.88681,37.26176],[128.87995,37.26478],[128.88216,37.27146],[128.88874,37.27593],[128.8771,37.27869],[128.87488,37.28075],[128.87169,37.28445],[128.87223,37.29038],[128.8698,37.29215],[128.8598,37.29808],[128.85928,37.29979],[128.85973,37.30723],[128.87013,37.31901],[128.87795,37.32381],[128.86998,37.3294],[128.86685,37.33896],[128.84915,37.34147],[128.84603,37.33973],[128.85217,37.35949],[128.85158,37.36488],[128.85163,37.36564],[128.85343,37.36612],[128.85784,37.38035],[128.86137,37.38202],[128.86537,37.39035],[128.86852,37.39102],[128.87072,37.4003],[128.88282,37.4044],[128.88954,37.40484],[128.89543,37.40956],[128.89859,37.42104],[128.89838,37.42396],[128.89786,37.43029],[128.90123,37.43554],[128.90407,37.43807],[128.91061,37.43634],[128.92756,37.44856],[128.93429,37.4476],[128.93872,37.45103],[128.94385,37.4493],[128.95508,37.44942],[128.95677,37.44722],[128.95762,37.44664],[128.96434,37.45475],[128.96416,37.45917],[128.96898,37.46076],[128.97737,37.46862],[128.98471,37.47041],[128.98966,37.48451],[128.98679,37.49312],[128.97251,37.49164],[128.97002,37.49473],[128.97468,37.50273],[128.97252,37.50572],[128.96514,37.50541],[128.96098,37.51258],[128.96846,37.5227],[128.9692,37.53038],[128.97338,37.53374],[128.96278,37.54316],[128.96123,37.54875],[128.95513,37.54144],[128.94394,37.54069],[128.93438,37.53814],[128.92549,37.54664],[128.91622,37.54801],[128.91446,37.55193],[128.90574,37.55262],[128.90447,37.55547],[128.90573,37.5671],[128.90139,37.5715],[128.89776,37.58669],[128.89263,37.58841]]]},"properties":{"SIGUNGU_CD":"32550","SIGUNGU_NM":"정선군","BASE_DATE":"20250630"}},
{"type":"Feature","geometry":{"type":"Polygon","coordinates":[[[127.88847,38.30877],[127.87945,38.31217],[127.87486,38.31689],[127.8588,38.31182],[127.8496,38.31425],[127.84238,38.30923],[127.83304,38.30543],[127.82174,38.30379],[127.81909,38.30777],[127.79734,38.32306],[127.79046,38.33446],[127.7854,38.34694],[127.78242,38.349],[127.76934,38.33524],[127.75974,38.33798],[127.75104,38.33387],[127.74382,38.34013],[127.7363,38.34036],[127.7278,38.3347],[127.71455,38.32947],[127.71401,38.33431],[127.70212,38.33623],[127.69619,38.33359],[127.6924,38.32613],[127.68237,38.32578],[127.66955,38.32263],[127.66362,38.32704],[127.65821,38.32353],[127.65294,38.32546],[127.62191,38.32475],[127.61593,38.32678],[127.61544,38.33407],[127.60914,38.33677],[127.6,38.33619],[127.59955,38.33359],[127.58755,38.33709],[127.57784,38.33666],[127.57057,38.33128],[127.54719,38.32546],[127.5435,38.32075],[127.53268,38.31593],[127.51574,38.30468],[127.49818,38.29981],[127.48833,38.30692],[127.48162,38.3068],[127.47623,38.31573],[127.46789,38.31787],[127.45875,38.32634],[127.45156,38.32654],[127.45392,38.31821],[127.44401,38.31709],[127.43555,38.31936],[127.42769,38.32662],[127.41407,38.32846],[127.40141,38.33408],[127.39682,38.332],[127.38372,38.33434],[127.38077,38.33715],[127.37439,38.33166],[127.36196,38.32406],[127.3553,38.32758],[127.34478,38.32738],[127.32843,38.3183],[127.32409,38.31989],[127.30638,38.31736],[127.2995,38.31291],[127.28778,38.32552],[127.27407,38.32547],[127.27187,38.32802],[127.261,38.32689],[127.25277,38.33003],[127.24855,38.3282],[127.2427,38.33314],[127.2301,38.33061],[127.21968,38.3266],[127.21623,38.32019],[127.20402,38.31848],[127.16478,38.30691],[127.15232,38.30444],[127.14749,38.31062],[127.14087,38.31518],[127.13201,38.31422],[127.12872,38.30223],[127.12603,38.29879],[127.11987,38.29889],[127.11157,38.29589],[127.10056,38.28595],[127.09659,38.28577],[127.09504,38.28108],[127.10321,38.28079],[127.10205,38.27315],[127.10965,38.27165],[127.10807,38.2583],[127.11157,38.24739],[127.1099,38.24184],[127.11442,38.23635],[127.12305,38.2328],[127.13509,38.23413],[127.13508,38.2365],[127.14323,38.23768],[127.14892,38.24234],[127.16329,38.23848],[127.16027,38.2199],[127.17117,38.21349],[127.17514,38.20548],[127.16962,38.19812],[127.17995,38.18696],[127.1819,38.1858],[127.18923,38.18832],[127.18901,38.18108],[127.18586,38.17388],[127.18924,38.16124],[127.19848,38.15598],[127.21245,38.14349],[127.22204,38.13743],[127.22381,38.14703],[127.23458,38.14706],[127.24046,38.15715],[127.25605,38.16299],[127.25883,38.16954],[127.26448,38.17174],[127.26468,38.17852],[127.27115,38.18195],[127.28392,38.18259],[127.2885,38.1768],[127.29774,38.17628],[127.29619,38.17248],[127.289,38.16946],[127.28857,38.16456],[127.28384,38.15807],[127.28641,38.15264],[127.28195,38.14374],[127.27591,38.1389],[127.27581,38.12418],[127.28057,38.12514],[127.28275,38.11649],[127.29255,38.11415],[127.30982,38.11803],[127.31627,38.09864],[127.32067,38.09468],[127.32872,38.09438],[127.33762,38.09007],[127.33927,38.10077],[127.34813,38.10483],[127.36594,38.10693],[127.37861,38.11843],[127.38389,38.1146],[127.40345,38.11296],[127.40552,38.10295],[127.41442,38.10217],[127.42507,38.10901],[127.42991,38.11482],[127.43053,38.11537],[127.44132,38.12433],[127.44724,38.11993],[127.44591,38.11712],[127.45384,38.11744],[127.45899,38.12324],[127.46886,38.12522],[127.48428,38.12522],[127.49529,38.13299],[127.49817,38.14171],[127.5028,38.14849],[127.49516,38.15297],[127.4907,38.15919],[127.50422,38.17351],[127.5048,38.18627],[127.50857,38.19915],[127.52451,38.20062],[127.53162,38.2106],[127.53671,38.21062],[127.54242,38.21681],[127.53908,38.22203],[127.54315,38.23094],[127.55874,38.23254],[127.56651,38.23829],[127.57007,38.24897],[127.579,38.25616],[127.58926,38.25743],[127.59733,38.26266],[127.59858,38.26989],[127.59397,38.27792],[127.59943,38.28285],[127.6074,38.28473],[127.6085,38.28046],[127.61296,38.27614],[127.61832,38.27415],[127.61969,38.26946],[127.62708,38.26385],[127.63693,38.26121],[127.6398,38.26255],[127.64814,38.25983],[127.65987,38.26383],[127.67197,38.26385],[127.68099,38.2533],[127.68965,38.24938],[127.70463,38.24811],[127.71378,38.25164],[127.71221,38.25932],[127.72085,38.26499],[127.7233,38.27066],[127.73289,38.27866],[127.73744,38.27799],[127.75062,38.28334],[127.76041,38.28338],[127.78224,38.28806],[127.79584,38.278],[127.80156,38.27715],[127.80898,38.28708],[127.81765,38.28798],[127.83082,38.28614],[127.83882,38.2871],[127.84462,38.28379],[127.85228,38.28465],[127.86214,38.28286],[127.86327,38.28467],[127.87517,38.29212],[127.8774,38.29645],[127.88847,38.30877]]]},"properties":{"SIGUNGU_CD":"32560","SIGUNGU_NM":"철원군","BASE_DATE":"20250630"}},
{"type":"Feature","geometry":{"type":"Polygon","coordinates":[[[127.86214,38.28286],[127.85228,38.28465],[127.84462,38.28379],[127.83882,38.2871],[127.83082,38.28614],[127.81765,38.28798],[127.80898,38.28708],[127.80156,38.27715],[127.79584,38.278],[127.78224,38.28806],[127.76041,38.28338],[127.75062,38.28334],[127.73744,38.27799],[127.73289,38.27866],[127.7233,38.27066],[127.72085,38.26499],[127.71221,38.25932],[127.71378,38.25164],[127.70463,38.24811],[127.68965,38.24938],[127.68099,38.2533],[127.67197,38.26385],[127.65987,38.26383],[127.64814,38.25983],[127.6398,38.26255],[127.63693,38.26121],[127.62708,38.26385],[127.61969,38.26946],[127.61832,38.27415],[127.61296,38.27614],[127.6085,38.28046],[127.6074,38.28473],[127.59943,38.28285],[127.59397,38.27792],[127.59858,38.26989],[127.59733,38.26266],[127.58926,38.25743],[127.579,38.25616],[127.57007,38.24897],[127.56651,38.23829],[127.55874,38.23254],[127.54315,38.23094],[127.53908,38.22203],[127.54242,38.21681],[127.53671,38.21062],[127.53162,38.2106],[127.52451,38.20062],[127.50857,38.19915],[127.5048,38.18627],[127.50422,38.17351],[127.4907,38.15919],[127.49516,38.15297],[127.5028,38.14849],[127.49817,38.14171],[127.49529,38.13299],[127.48428,38.12522],[127.46886,38.12522],[127.45899,38.12324],[127.45384,38.11744],[127.44591,38.11712],[127.44724,38.11993],[127.44132,38.12433],[127.43053,38.11537],[127.43093,38.11536],[127.43294,38.11151],[127.44045,38.10883],[127.44517,38.09747],[127.4448,38.08798],[127.44708,38.08073],[127.44448,38.07478],[127.44674,38.07122],[127.44458,38.05726],[127.446,38.0518],[127.44624,38.05121],[127.45291,38.04719],[127.45204,38.03539],[127.45271,38.03375],[127.45636,38.02672],[127.45753,38.01699],[127.46296,38.01172],[127.47232,38.00628],[127.48152,38.00623],[127.4974,38.00371],[127.50392,37.99795],[127.51237,38.00021],[127.53109,38.00239],[127.53988,38.00057],[127.54476,38.01953],[127.56385,38.02199],[127.56695,38.03192],[127.57864,38.03977],[127.57398,38.04712],[127.57411,38.05091],[127.57957,38.05577],[127.57693,38.06157],[127.57409,38.06402],[127.5666,38.06644],[127.56417,38.07168],[127.56611,38.08386],[127.57558,38.08481],[127.58566,38.0802],[127.59684,38.0799],[127.59817,38.07686],[127.60776,38.07167],[127.6054,38.06105],[127.61168,38.05652],[127.61803,38.05718],[127.62366,38.05155],[127.63289,38.05005],[127.6412,38.05198],[127.64614,38.05661],[127.65326,38.05213],[127.6489,38.04457],[127.64811,38.0334],[127.65076,38.02701],[127.66537,38.03039],[127.66956,38.03418],[127.67844,38.03589],[127.68159,38.03415],[127.69438,38.03557],[127.70022,38.0382],[127.70943,38.03233],[127.71353,38.02393],[127.72539,38.0251],[127.72925,38.03281],[127.73803,38.0383],[127.74756,38.0381],[127.75901,38.03424],[127.76093,38.02985],[127.76958,38.02824],[127.77369,38.02177],[127.77382,38.01357],[127.77916,38.01366],[127.78785,37.99828],[127.78821,37.99429],[127.79464,37.99571],[127.80317,38.0005],[127.81324,38.00367],[127.82031,38.00388],[127.8271,38.00078],[127.83038,38.00838],[127.83981,38.01383],[127.8474,38.01432],[127.8581,38.01882],[127.85081,38.03085],[127.84919,38.03626],[127.8512,38.04555],[127.85516,38.05231],[127.85913,38.04998],[127.86725,38.05025],[127.879,38.04734],[127.89503,38.05109],[127.89947,38.04992],[127.90375,38.05253],[127.91364,38.05854],[127.90435,38.07013],[127.90776,38.08043],[127.90272,38.08857],[127.90111,38.09088],[127.88948,38.09238],[127.88401,38.10945],[127.88783,38.1153],[127.8762,38.11911],[127.87505,38.12711],[127.87688,38.13376],[127.87381,38.1392],[127.87768,38.15316],[127.87596,38.1604],[127.88125,38.16949],[127.8753,38.19124],[127.87816,38.19767],[127.86764,38.20519],[127.85856,38.20333],[127.85175,38.2089],[127.85434,38.21378],[127.85218,38.21703],[127.85266,38.23006],[127.85807,38.23412],[127.85773,38.24053],[127.85384,38.24569],[127.85529,38.25434],[127.85388,38.25901],[127.85854,38.26341],[127.86039,38.2734],[127.8638,38.27666],[127.86334,38.28256],[127.86214,38.28286]]]},"properties":{"SIGUNGU_CD":"32570","SIGUNGU_NM":"화천군","BASE_DATE":"20250630"}},
{"type":"Feature","geometry":{"type":"Polygon","coordinates":[[[128.16962,38.31639],[128.16188,38.32079],[128.1549,38.32933],[128.14466,38.32446],[128.13457,38.32552],[128.12785,38.32848],[128.12347,38.32632],[128.11299,38.3277],[128.09031,38.31422],[128.08735,38.31766],[128.08015,38.31343],[128.06876,38.30996],[128.04915,38.30704],[128.04404,38.30749],[128.043,38.31156],[128.03073,38.31158],[128.03331,38.31567],[128.01821,38.31419],[128.01783,38.30483],[128.01297,38.29417],[128.01596,38.2915],[128.00624,38.2778],[127.99176,38.27875],[127.9858,38.27348],[127.98247,38.28064],[127.97224,38.28991],[127.96314,38.29364],[127.95822,38.30022],[127.94223,38.30638],[127.93509,38.30591],[127.92679,38.30938],[127.91869,38.30875],[127.91491,38.31075],[127.90398,38.30973],[127.89491,38.31291],[127.88847,38.30877],[127.8774,38.29645],[127.87517,38.29212],[127.86327,38.28467],[127.86334,38.28256],[127.8638,38.27666],[127.86039,38.2734],[127.85854,38.26341],[127.85388,38.25901],[127.85529,38.25434],[127.85384,38.24569],[127.85773,38.24053],[127.85807,38.23412],[127.85266,38.23006],[127.85218,38.21703],[127.85434,38.21378],[127.85175,38.2089],[127.85856,38.20333],[127.86764,38.20519],[127.87816,38.19767],[127.8753,38.19124],[127.88125,38.16949],[127.87596,38.1604],[127.87768,38.15316],[127.87381,38.1392],[127.87688,38.13376],[127.87505,38.12711],[127.8762,38.11911],[127.88783,38.1153],[127.88401,38.10945],[127.88948,38.09238],[127.90111,38.09088],[127.90272,38.08857],[127.90776,38.08043],[127.90435,38.07013],[127.91364,38.05854],[127.90375,38.05253],[127.90277,38.04895],[127.90186,38.03822],[127.90407,38.03033],[127.91515,38.02217],[127.93137,38.01789],[127.93447,38.01382],[127.94333,38.01672],[127.94714,38.02258],[127.94701,38.03133],[127.95175,38.0382],[127.95543,38.03868],[127.96902,38.0309],[127.98543,38.02686],[127.98713,38.0201],[127.98382,38.0103],[127.99333,38.00162],[128.00065,38.00528],[128.00774,38.01574],[128.01432,38.01932],[128.02333,38.01979],[128.02878,38.01536],[128.03027,38.01416],[128.03083,38.01398],[128.03598,38.01561],[128.04325,38.02006],[128.0604,38.01509],[128.0619,38.01894],[128.05649,38.03029],[128.05898,38.03533],[128.06094,38.04727],[128.0691,38.04677],[128.07007,38.04365],[128.07762,38.03934],[128.08041,38.0342],[128.08864,38.03314],[128.09451,38.02837],[128.1032,38.02933],[128.11373,38.03702],[128.11297,38.04252],[128.11811,38.04756],[128.11462,38.05293],[128.11543,38.0628],[128.11155,38.07276],[128.10253,38.07603],[128.10148,38.07715],[128.08804,38.09581],[128.09014,38.10116],[128.09735,38.10104],[128.10495,38.10863],[128.10411,38.11502],[128.09814,38.12418],[128.10004,38.12981],[128.09351,38.13089],[128.08778,38.13846],[128.09016,38.14179],[128.08635,38.15222],[128.09697,38.16262],[128.09762,38.17504],[128.10351,38.17719],[128.10548,38.18488],[128.099,38.1923],[128.10715,38.20126],[128.11487,38.20512],[128.12144,38.21343],[128.11724,38.21819],[128.11669,38.22505],[128.11992,38.23291],[128.1247,38.23735],[128.12425,38.24089],[128.14548,38.25014],[128.14691,38.25404],[128.15531,38.25649],[128.16103,38.26199],[128.15923,38.26687],[128.16462,38.27504],[128.17239,38.28144],[128.16825,38.28892],[128.17133,38.29971],[128.16779,38.30236],[128.17043,38.31446],[128.16962,38.31639]]]},"properties":{"SIGUNGU_CD":"32580","SIGUNGU_NM":"양구군","BASE_DATE":"20250630"}},
{"type":"Feature","geometry":{"type":"Polygon","coordinates":[[[128.23204,38.38811],[128.2262,38.38908],[128.21957,38.38512],[128.21245,38.37015],[128.20758,38.37466],[128.19198,38.37289],[128.19076,38.36791],[128.18428,38.3606],[128.175,38.36425],[128.15915,38.34756],[128.15775,38.34255],[128.14441,38.34195],[128.14094,38.33553],[128.12806,38.33225],[128.11895,38.33364],[128.11598,38.3366],[128.09455,38.32482],[128.08735,38.31766],[128.09031,38.31422],[128.11299,38.3277],[128.12347,38.32632],[128.12785,38.32848],[128.13457,38.32552],[128.14466,38.32446],[128.1549,38.32933],[128.16188,38.32079],[128.16962,38.31639],[128.17043,38.31446],[128.16779,38.30236],[128.17133,38.29971],[128.16825,38.28892],[128.17239,38.28144],[128.16462,38.27504],[128.15923,38.26687],[128.16103,38.26199],[128.15531,38.25649],[128.14691,38.25404],[128.14548,38.25014],[128.12425,38.24089],[128.1247,38.23735],[128.11992,38.23291],[128.11669,38.22505],[128.11724,38.21819],[128.12144,38.21343],[128.11487,38.20512],[128.10715,38.20126],[128.099,38.1923],[128.10548,38.18488],[128.10351,38.17719],[128.09762,38.17504],[128.09697,38.16262],[128.08635,38.15222],[128.09016,38.14179],[128.08778,38.13846],[128.09351,38.13089],[128.10004,38.12981],[128.09814,38.12418],[128.10411,38.11502],[128.10495,38.10863],[128.09735,38.10104],[128.09014,38.10116],[128.08804,38.09581],[128.10148,38.07715],[128.10253,38.07603],[128.11155,38.07276],[128.11543,38.0628],[128.11462,38.05293],[128.11811,38.04756],[128.11297,38.04252],[128.11373,38.03702],[128.1032,38.02933],[128.09451,38.02837],[128.08864,38.03314],[128.08041,38.0342],[128.07762,38.03934],[128.07007,38.04365],[128.0691,38.04677],[128.06094,38.04727],[128.05898,38.03533],[128.05649,38.03029],[128.0619,38.01894],[128.0604,38.01509],[128.04325,38.02006],[128.03598,38.01561],[128.03083,38.01398],[128.03027,38.01416],[128.02961,38.01465],[128.01959,38.00737],[128.01878,38.00057],[128.0153,37.99664],[128.00343,37.99563],[127.9996,37.99138],[127.98402,37.98876],[127.98179,37.9835],[127.98475,37.98004],[127.98397,37.96377],[127.97751,37.95707],[127.98728,37.95182],[127.98964,37.94521],[127.99511,37.9412],[128.00122,37.93727],[128.01272,37.93832],[128.01614,37.94269],[128.03011,37.94446],[128.03452,37.93676],[128.04611,37.92217],[128.04973,37.92197],[128.06362,37.91123],[128.07722,37.9067],[128.08261,37.90171],[128.09131,37.8983],[128.093,37.89782],[128.10224,37.89767],[128.10598,37.90006],[128.12603,37.89512],[128.13107,37.89836],[128.13317,37.89423],[128.14495,37.89286],[128.14962,37.89531],[128.16074,37.89523],[128.16423,37.88707],[128.17426,37.88492],[128.17392,37.87641],[128.169,37.87176],[128.16805,37.8653],[128.17169,37.85696],[128.1687,37.85125],[128.17819,37.84637],[128.18114,37.8428],[128.18011,37.83501],[128.19276,37.82289],[128.20866,37.81268],[128.21549,37.81314],[128.21952,37.81785],[128.22851,37.82188],[128.23471,37.82217],[128.2426,37.83209],[128.2561,37.83962],[128.26081,37.84959],[128.26136,37.85638],[128.26922,37.86139],[128.27308,37.86071],[128.28097,37.86612],[128.28752,37.86486],[128.29337,37.86977],[128.29759,37.86731],[128.30512,37.85761],[128.30743,37.84368],[128.31114,37.8415],[128.32012,37.8307],[128.32835,37.83388],[128.33453,37.82869],[128.34681,37.82625],[128.35356,37.83072],[128.36516,37.83356],[128.36281,37.83863],[128.36614,37.84705],[128.37818,37.85234],[128.3824,37.85862],[128.3904,37.85885],[128.39715,37.8623],[128.40059,37.86124],[128.40497,37.86961],[128.4089,37.87125],[128.4132,37.88205],[128.41227,37.88467],[128.42153,37.88288],[128.42839,37.8751],[128.43171,37.8667],[128.43578,37.86451],[128.44423,37.86489],[128.44767,37.87348],[128.46632,37.88096],[128.47214,37.88626],[128.47536,37.88529],[128.48126,37.89254],[128.48177,37.89462],[128.47354,37.90111],[128.47486,37.90952],[128.47513,37.92547],[128.46356,37.93567],[128.46754,37.94029],[128.46636,37.94923],[128.47284,37.95347],[128.47195,37.95943],[128.4773,37.96296],[128.48825,37.96127],[128.49686,37.96743],[128.49789,37.97628],[128.49567,37.98374],[128.50004,37.98483],[128.50218,37.99492],[128.51285,38.00473],[128.51357,38.01295],[128.50812,38.01226],[128.50256,38.01733],[128.50425,38.02018],[128.49981,38.02484],[128.49864,38.03422],[128.50081,38.03807],[128.49624,38.04071],[128.49342,38.04861],[128.48617,38.05394],[128.47656,38.04817],[128.46659,38.05078],[128.46324,38.04915],[128.46011,38.05337],[128.45199,38.05628],[128.44038,38.0579],[128.43502,38.05237],[128.42561,38.04873],[128.42402,38.05391],[128.4179,38.05838],[128.41653,38.06022],[128.41192,38.0676],[128.40886,38.07665],[128.41092,38.07932],[128.40425,38.09607],[128.41028,38.09897],[128.41065,38.11092],[128.42772,38.10799],[128.44042,38.11407],[128.45007,38.11516],[128.46022,38.12127],[128.46166,38.12082],[128.46355,38.11974],[128.46486,38.11921],[128.46582,38.12131],[128.46424,38.12867],[128.46596,38.13692],[128.44306,38.1496],[128.43792,38.15487],[128.43903,38.16258],[128.43319,38.16861],[128.42114,38.17669],[128.42651,38.18915],[128.43845,38.19256],[128.44141,38.20313],[128.44231,38.20372],[128.43997,38.20716],[128.43914,38.20917],[128.43774,38.21408],[128.44074,38.22293],[128.43724,38.23029],[128.43972,38.24127],[128.43294,38.24242],[128.42482,38.25316],[128.41759,38.25428],[128.40388,38.24257],[128.39886,38.24039],[128.39671,38.23935],[128.38836,38.24804],[128.37976,38.24394],[128.37206,38.24265],[128.37068,38.2413],[128.36846,38.23585],[128.36465,38.24203],[128.36568,38.24703],[128.36007,38.2589],[128.35929,38.26569],[128.35579,38.26658],[128.34026,38.26475],[128.33708,38.26312],[128.32621,38.26645],[128.31923,38.26607],[128.31777,38.27027],[128.31992,38.28011],[128.31881,38.28773],[128.32146,38.29092],[128.32045,38.30025],[128.31488,38.3028],[128.31445,38.31002],[128.30861,38.32106],[128.31211,38.33058],[128.30904,38.33328],[128.30087,38.3336],[128.28746,38.34009],[128.28211,38.34],[128.27375,38.33546],[128.26794,38.34015],[128.2676,38.34778],[128.26452,38.35161],[128.26896,38.35637],[128.27254,38.36569],[128.26957,38.37615],[128.26201,38.37647],[128.25766,38.37275],[128.24852,38.37078],[128.23867,38.37629],[128.23368,38.37238],[128.22964,38.38203],[128.23361,38.38733],[128.23204,38.38811]]]},"properties":{"SIGUNGU_CD":"32590","SIGUNGU_NM":"인제군","BASE_DATE":"20250630"}},
{"type":"Feature","geometry":{"type":"Polygon","coordinates":[[[128.58488,38.22931],[128.58494,38.2309],[128.57283,38.24429],[128.57103,38.24855],[128.56353,38.25428],[128.55753,38.26669],[128.55395,38.28072],[128.54709,38.29125],[128.55054,38.29664],[128.54705,38.30009],[128.55091,38.30376],[128.54336,38.30688],[128.54148,38.31148],[128.52858,38.32129],[128.53083,38.32766],[128.52891,38.33317],[128.52211,38.33697],[128.51275,38.34725],[128.514,38.35276],[128.50751,38.36082],[128.50818,38.36575],[128.51283,38.36863],[128.50882,38.37544],[128.5041,38.37688],[128.48171,38.4],[128.47732,38.40075],[128.47619,38.40515],[128.46442,38.41958],[128.45579,38.43327],[128.45513,38.44495],[128.45993,38.4486],[128.46697,38.45009],[128.44921,38.46793],[128.44861,38.47196],[128.44199,38.47442],[128.43741,38.48095],[128.4385,38.4873],[128.43,38.49082],[128.42972,38.49632],[128.42453,38.50017],[128.42994,38.50405],[128.42431,38.50411],[128.41883,38.51129],[128.41934,38.51807],[128.42294,38.5236],[128.41877,38.52348],[128.41697,38.52937],[128.41187,38.53116],[128.41234,38.53498],[128.40512,38.54512],[128.4106,38.54735],[128.41084,38.55588],[128.40454,38.55537],[128.40308,38.56555],[128.39819,38.5655],[128.37205,38.59063],[128.36519,38.60278],[128.3601,38.60489],[128.35631,38.61369],[128.34243,38.61016],[128.33709,38.60169],[128.32125,38.59723],[128.31634,38.59379],[128.30932,38.59286],[128.31061,38.58693],[128.31443,38.58476],[128.31226,38.58089],[128.31492,38.57477],[128.31212,38.57009],[128.31264,38.55468],[128.31069,38.53714],[128.31374,38.52138],[128.3132,38.51236],[128.30439,38.50261],[128.30575,38.49852],[128.30193,38.49253],[128.3014,38.4862],[128.30672,38.47858],[128.29909,38.47159],[128.2947,38.45831],[128.28564,38.4451],[128.28344,38.43616],[128.27196,38.43143],[128.2643,38.4236],[128.2458,38.41498],[128.24325,38.41088],[128.24591,38.40675],[128.24338,38.40268],[128.23473,38.40171],[128.22922,38.39684],[128.2262,38.38908],[128.23204,38.38811],[128.23361,38.38733],[128.22964,38.38203],[128.23368,38.37238],[128.23867,38.37629],[128.24852,38.37078],[128.25766,38.37275],[128.26201,38.37647],[128.26957,38.37615],[128.27254,38.36569],[128.26896,38.35637],[128.26452,38.35161],[128.2676,38.34778],[128.26794,38.34015],[128.27375,38.33546],[128.28211,38.34],[128.28746,38.34009],[128.30087,38.3336],[128.30904,38.33328],[128.31211,38.33058],[128.30861,38.32106],[128.31445,38.31002],[128.31488,38.3028],[128.32045,38.30025],[128.32146,38.29092],[128.31881,38.28773],[128.31992,38.28011],[128.31777,38.27027],[128.31923,38.26607],[128.32621,38.26645],[128.33708,38.26312],[128.34026,38.26475],[128.35579,38.26658],[128.35929,38.26569],[128.36007,38.2589],[128.36568,38.24703],[128.36465,38.24203],[128.36846,38.23585],[128.37068,38.2413],[128.37206,38.24265],[128.37976,38.24394],[128.38836,38.24804],[128.39671,38.23935],[128.39886,38.24039],[128.40388,38.24257],[128.41759,38.25428],[128.42482,38.25316],[128.43294,38.24242],[128.43972,38.24127],[128.43724,38.23029],[128.44074,38.22293],[128.43774,38.21408],[128.43914,38.20917],[128.43997,38.20716],[128.44231,38.20372],[128.44426,38.20358],[128.45199,38.19901],[128.46261,38.19694],[128.46354,38.19711],[128.46663,38.19862],[128.47711,38.1928],[128.4772,38.18889],[128.48455,38.18797],[128.4903,38.19399],[128.49776,38.19793],[128.49924,38.20221],[128.51245,38.20746],[128.52206,38.20755],[128.5337,38.21581],[128.55553,38.21802],[128.56123,38.22095],[128.57432,38.22179],[128.58488,38.22931]]]},"properties":{"SIGUNGU_CD":"32600","SIGUNGU_NM":"고성군","BASE_DATE":"20250630"}},
{"type":"Feature","geometry":{"type":"Polygon","coordinates":[[[128.60871,38.16128],[128.6034,38.15895],[128.59365,38.16099],[128.56985,38.16189],[128.56971,38.15381],[128.56136,38.14894],[128.53506,38.14855],[128.52987,38.13609],[128.52507,38.13816],[128.51588,38.13553],[128.50881,38.13653],[128.50048,38.13495],[128.49129,38.13649],[128.48129,38.13068],[128.46925,38.12027],[128.46724,38.11902],[128.46499,38.11916],[128.46355,38.11974],[128.46166,38.12082],[128.46022,38.12127],[128.45007,38.11516],[128.44042,38.11407],[128.42772,38.10799],[128.41065,38.11092],[128.41028,38.09897],[128.40425,38.09607],[128.41092,38.07932],[128.40886,38.07665],[128.41192,38.0676],[128.41653,38.06022],[128.4179,38.05838],[128.42402,38.05391],[128.42561,38.04873],[128.43502,38.05237],[128.44038,38.0579],[128.45199,38.05628],[128.46011,38.05337],[128.46324,38.04915],[128.46659,38.05078],[128.47656,38.04817],[128.48617,38.05394],[128.49342,38.04861],[128.49624,38.04071],[128.50081,38.03807],[128.49864,38.03422],[128.49981,38.02484],[128.50425,38.02018],[128.50256,38.01733],[128.50812,38.01226],[128.51357,38.01295],[128.51285,38.00473],[128.50218,37.99492],[128.50004,37.98483],[128.49567,37.98374],[128.49789,37.97628],[128.49686,37.96743],[128.48825,37.96127],[128.4773,37.96296],[128.47195,37.95943],[128.47284,37.95347],[128.46636,37.94923],[128.46754,37.94029],[128.46356,37.93567],[128.47513,37.92547],[128.47486,37.90952],[128.47354,37.90111],[128.48177,37.89462],[128.48142,37.893],[128.49867,37.88612],[128.50593,37.88687],[128.51077,37.88053],[128.52622,37.88308],[128.52998,37.88885],[128.53975,37.89114],[128.54407,37.8872],[128.55525,37.88172],[128.56007,37.87539],[128.56774,37.8754],[128.57376,37.86464],[128.58425,37.86296],[128.58818,37.86202],[128.59197,37.8656],[128.5977,37.86596],[128.60118,37.87071],[128.62077,37.87235],[128.62356,37.88052],[128.6348,37.88762],[128.64294,37.89489],[128.64777,37.89093],[128.65976,37.89177],[128.66483,37.8905],[128.66708,37.88573],[128.67634,37.88982],[128.68283,37.88991],[128.70217,37.89841],[128.70881,37.89729],[128.7192,37.90279],[128.72705,37.90267],[128.73241,37.89988],[128.73638,37.90341],[128.74466,37.90421],[128.7466,37.9092],[128.75695,37.91232],[128.75999,37.91007],[128.77314,37.91106],[128.78301,37.91469],[128.79315,37.91221],[128.80079,37.91314],[128.80575,37.91552],[128.81,37.91753],[128.79679,37.92738],[128.7887,37.93555],[128.78672,37.94708],[128.78276,37.94675],[128.76921,37.95807],[128.76933,37.96222],[128.76319,37.96631],[128.76012,37.97723],[128.76359,37.98016],[128.75051,37.98707],[128.74865,37.99246],[128.74434,37.99252],[128.73693,38.00278],[128.73227,38.00515],[128.73127,38.01087],[128.73643,38.02047],[128.72627,38.02289],[128.71276,38.03252],[128.69283,38.04935],[128.67629,38.06673],[128.67738,38.07406],[128.67298,38.0786],[128.67552,38.08228],[128.66802,38.08684],[128.64721,38.10646],[128.63527,38.11671],[128.62917,38.12901],[128.62613,38.12818],[128.61129,38.14558],[128.6086,38.15168],[128.60871,38.16128]]]},"properties":{"SIGUNGU_CD":"32610","SIGUNGU_NM":"양양군","BASE_DATE":"20250630"}},
{"type":"Feature","geometry":{"type":"Polygon","coordinates":[[[127.75104,37.18246],[127.74785,37.20033],[127.74426,37.20755],[127.74482,37.21304],[127.74464,37.21439],[127.73674,37.21019],[127.73384,37.20227],[127.73314,37.20166],[127.7325,37.1958],[127.72835,37.19179],[127.72641,37.18254],[127.71764,37.18383],[127.70485,37.16752],[127.70427,37.15765],[127.6945,37.14883],[127.69453,37.14126],[127.69596,37.13985],[127.70961,37.13569],[127.71202,37.12778],[127.71522,37.12569],[127.71763,37.12532],[127.71823,37.12495],[127.71942,37.12392],[127.72287,37.11592],[127.72082,37.11131],[127.72051,37.11071],[127.71331,37.10905],[127.71266,37.10636],[127.70092,37.10299],[127.69816,37.0994],[127.69934,37.09163],[127.69218,37.08133],[127.6866,37.08095],[127.68325,37.07531],[127.68908,37.06644],[127.69116,37.05308],[127.68651,37.04805],[127.67694,37.04413],[127.67198,37.04021],[127.67203,37.03467],[127.6645,37.03036],[127.66462,37.02319],[127.65736,37.01818],[127.65613,37.01341],[127.66552,37.00307],[127.65505,37.00139],[127.65256,36.99169],[127.65369,36.98656],[127.65085,36.98343],[127.66178,36.97738],[127.66707,36.97866],[127.67031,36.9878],[127.67214,36.98586],[127.68632,36.98589],[127.68662,36.98147],[127.69462,36.97811],[127.69449,36.97497],[127.70378,36.97201],[127.70585,36.96579],[127.71626,36.95841],[127.72685,36.95905],[127.7329,36.95366],[127.73928,36.95238],[127.75296,36.95795],[127.76384,36.94633],[127.76087,36.94509],[127.7741,36.93377],[127.7775,36.93432],[127.78664,36.93699],[127.78899,36.93753],[127.79494,36.94591],[127.80002,36.94733],[127.80278,36.94667],[127.80716,36.94159],[127.82022,36.94145],[127.83294,36.93985],[127.83181,36.93538],[127.83538,36.92995],[127.843,36.92771],[127.84209,36.9174],[127.83793,36.91366],[127.84606,36.90925],[127.85244,36.90928],[127.85833,36.90492],[127.86399,36.89623],[127.88151,36.89585],[127.88305,36.89016],[127.89265,36.89153],[127.90068,36.8974],[127.90359,36.88794],[127.9137,36.88567],[127.91748,36.8811],[127.9243,36.88291],[127.93038,36.88797],[127.9347,36.88795],[127.93419,36.88793],[127.94985,36.887],[127.95176,36.88545],[127.94514,36.87491],[127.95668,36.86843],[127.96342,36.86123],[127.96937,36.85935],[127.9669,36.85095],[127.97434,36.84208],[127.97716,36.83614],[127.97159,36.82806],[127.976,36.82371],[127.98185,36.82343],[127.98241,36.81598],[127.99259,36.81267],[127.99779,36.81294],[128.01158,36.80679],[128.01662,36.80789],[128.01816,36.80827],[128.02362,36.81504],[128.0237,36.81529],[128.02404,36.82599],[128.03638,36.82461],[128.04223,36.8206],[128.04725,36.82223],[128.05924,36.81639],[128.05964,36.81677],[128.0642,36.81744],[128.0718,36.81455],[128.07804,36.8095],[128.0791,36.80853],[128.08537,36.8042],[128.08383,36.7993],[128.0935,36.79678],[128.09296,36.80286],[128.10585,36.80595],[128.10818,36.81044],[128.10988,36.82147],[128.12893,36.8248],[128.13398,36.82844],[128.13357,36.8328],[128.13068,36.83249],[128.12106,36.83364],[128.11071,36.83016],[128.09478,36.8353],[128.09143,36.84918],[128.08713,36.85153],[128.06881,36.8453],[128.06269,36.83812],[128.05813,36.84378],[128.03684,36.85174],[128.03558,36.85503],[128.04254,36.86111],[128.04552,36.8705],[128.05094,36.87219],[128.05543,36.88256],[128.06631,36.89387],[128.06626,36.90943],[128.07225,36.91101],[128.07113,36.91507],[128.0625,36.91997],[128.05818,36.93218],[128.04303,36.93968],[128.04035,36.95439],[128.0483,36.95569],[128.05799,36.96014],[128.06442,36.95798],[128.07512,36.95003],[128.08486,36.94774],[128.0866,36.95097],[128.08647,36.96634],[128.09118,36.98217],[128.09007,36.9895],[128.08494,36.99043],[128.08442,36.99493],[128.07888,36.99634],[128.07651,37.00541],[128.08635,37.01084],[128.08886,37.01795],[128.08557,37.02],[128.09044,37.02332],[128.08614,37.0282],[128.0888,37.03137],[128.08346,37.03895],[128.08449,37.04443],[128.0807,37.04842],[128.08548,37.06356],[128.08443,37.06702],[128.08206,37.07079],[128.08532,37.075],[128.08253,37.07808],[128.07912,37.08232],[128.0691,37.08641],[128.06067,37.08674],[128.05894,37.08946],[128.06323,37.09597],[128.05269,37.09696],[128.04553,37.10481],[128.04849,37.10791],[128.04613,37.11509],[128.03965,37.11248],[128.02382,37.11573],[128.01991,37.1179],[128.01206,37.10764],[128.01313,37.09816],[128.00152,37.10044],[127.99918,37.10822],[127.9854,37.11244],[127.98596,37.13155],[127.9826,37.13119],[127.97692,37.14141],[127.97097,37.14178],[127.97115,37.15068],[127.96832,37.1562],[127.95958,37.16066],[127.94742,37.16262],[127.94265,37.16188],[127.92633,37.16553],[127.92384,37.16363],[127.91505,37.16888],[127.90863,37.16712],[127.90346,37.16005],[127.90164,37.1518],[127.89889,37.1498],[127.89543,37.15609],[127.88657,37.16107],[127.87332,37.16393],[127.86959,37.16383],[127.86196,37.16105],[127.8613,37.15535],[127.85223,37.15992],[127.84925,37.15366],[127.83741,37.15158],[127.8252,37.15224],[127.81685,37.147],[127.80694,37.14706],[127.80165,37.14426],[127.79336,37.14574],[127.78952,37.14341],[127.76549,37.15914],[127.76019,37.16613],[127.75553,37.17144],[127.75286,37.17886],[127.75104,37.18246]]]},"properties":{"SIGUNGU_CD":"33020","SIGUNGU_NM":"충주시","BASE_DATE":"20250630"}},
{"type":"Feature","geometry":{"type":"Polygon","coordinates":[[[127.98141,37.25688],[127.9799,37.25833],[127.96974,37.2557],[127.96455,37.25101],[127.95268,37.24792],[127.94519,37.24056],[127.93888,37.24074],[127.92662,37.2316],[127.92158,37.22505],[127.9271,37.22015],[127.93247,37.20699],[127.93092,37.20113],[127.93626,37.18877],[127.9326,37.18237],[127.93363,37.1758],[127.9273,37.16978],[127.92633,37.16553],[127.94265,37.16188],[127.94742,37.16262],[127.95958,37.16066],[127.96832,37.1562],[127.97115,37.15068],[127.97097,37.14178],[127.97692,37.14141],[127.9826,37.13119],[127.98596,37.13155],[127.9854,37.11244],[127.99918,37.10822],[128.00152,37.10044],[128.01313,37.09816],[128.01206,37.10764],[128.01991,37.1179],[128.02382,37.11573],[128.03965,37.11248],[128.04613,37.11509],[128.04849,37.10791],[128.04553,37.10481],[128.05269,37.09696],[128.06323,37.09597],[128.05894,37.08946],[128.06067,37.08674],[128.0691,37.08641],[128.07912,37.08232],[128.08253,37.07808],[128.08532,37.075],[128.08206,37.07079],[128.08443,37.06702],[128.08548,37.06356],[128.0807,37.04842],[128.08449,37.04443],[128.08346,37.03895],[128.0888,37.03137],[128.08614,37.0282],[128.09044,37.02332],[128.08557,37.02],[128.08886,37.01795],[128.08635,37.01084],[128.07651,37.00541],[128.07888,36.99634],[128.08442,36.99493],[128.08494,36.99043],[128.09007,36.9895],[128.09118,36.98217],[128.08647,36.96634],[128.0866,36.95097],[128.08486,36.94774],[128.07512,36.95003],[128.06442,36.95798],[128.05799,36.96014],[128.0483,36.95569],[128.04035,36.95439],[128.04303,36.93968],[128.05818,36.93218],[128.0625,36.91997],[128.07113,36.91507],[128.07225,36.91101],[128.06626,36.90943],[128.06631,36.89387],[128.05543,36.88256],[128.05094,36.87219],[128.04552,36.8705],[128.04254,36.86111],[128.03558,36.85503],[128.03684,36.85174],[128.05813,36.84378],[128.06269,36.83812],[128.06881,36.8453],[128.08713,36.85153],[128.09143,36.84918],[128.09478,36.8353],[128.11071,36.83016],[128.12106,36.83364],[128.13068,36.83249],[128.13464,36.83294],[128.14106,36.83348],[128.14984,36.82758],[128.15143,36.82324],[128.16263,36.82099],[128.17132,36.8221],[128.1848,36.81663],[128.19368,36.81712],[128.20717,36.81242],[128.21621,36.81246],[128.21733,36.81828],[128.21451,36.83485],[128.21112,36.84117],[128.21254,36.84973],[128.23013,36.84537],[128.23702,36.84535],[128.23871,36.85018],[128.23423,36.85599],[128.23466,36.86283],[128.2395,36.8651],[128.24174,36.8722],[128.24283,36.87345],[128.24251,36.87802],[128.25092,36.88472],[128.2438,36.89097],[128.24627,36.90432],[128.24189,36.91205],[128.23798,36.91376],[128.23557,36.93069],[128.23621,36.9307],[128.23668,36.934],[128.24732,36.93924],[128.24737,36.94464],[128.25112,36.94244],[128.26353,36.94949],[128.25966,36.95485],[128.26659,36.96078],[128.26001,36.96846],[128.25989,36.97576],[128.25584,36.9865],[128.25851,36.99333],[128.25391,36.99748],[128.2576,37.00015],[128.25383,37.00924],[128.23849,37.02509],[128.22805,37.02448],[128.22505,37.02721],[128.22443,37.03431],[128.21712,37.03739],[128.22083,37.042],[128.22103,37.05004],[128.21784,37.05434],[128.22497,37.05872],[128.22537,37.06234],[128.23681,37.06542],[128.23941,37.0736],[128.24679,37.07692],[128.24925,37.07511],[128.25714,37.08279],[128.26626,37.08489],[128.26594,37.08837],[128.26436,37.08816],[128.25961,37.09913],[128.25637,37.10024],[128.26694,37.10864],[128.27052,37.1134],[128.2704,37.11543],[128.2776,37.11581],[128.27778,37.11077],[128.28595,37.10549],[128.29394,37.09806],[128.30383,37.10033],[128.30837,37.11451],[128.30419,37.11731],[128.30374,37.12829],[128.29964,37.13373],[128.29571,37.13603],[128.28469,37.14315],[128.27993,37.14246],[128.27526,37.14647],[128.27329,37.14763],[128.27059,37.15423],[128.26444,37.16042],[128.27039,37.16177],[128.27072,37.16636],[128.28111,37.1734],[128.28968,37.17015],[128.29807,37.17166],[128.29562,37.18329],[128.30264,37.18662],[128.30766,37.186],[128.3142,37.19],[128.31308,37.19648],[128.32176,37.19555],[128.32639,37.19729],[128.3334,37.21579],[128.32707,37.21681],[128.31404,37.22269],[128.30795,37.21711],[128.28818,37.21507],[128.28395,37.21018],[128.27286,37.20986],[128.2684,37.20792],[128.26169,37.21412],[128.25798,37.22124],[128.25093,37.22958],[128.24431,37.22654],[128.23742,37.22932],[128.2285,37.22803],[128.22012,37.24019],[128.21479,37.24184],[128.21465,37.24607],[128.2078,37.24882],[128.20581,37.24871],[128.2002,37.24724],[128.19658,37.24574],[128.19317,37.24524],[128.17362,37.23101],[128.17307,37.21906],[128.16404,37.21331],[128.15467,37.21567],[128.15086,37.22074],[128.14232,37.22434],[128.14204,37.2286],[128.1329,37.2298],[128.12532,37.23454],[128.1208,37.2273],[128.12236,37.2252],[128.11551,37.22027],[128.11223,37.21078],[128.11182,37.20893],[128.11036,37.20691],[128.10935,37.20661],[128.10634,37.20487],[128.10505,37.20377],[128.10317,37.20286],[128.09926,37.20187],[128.07754,37.1937],[128.06356,37.19282],[128.06047,37.19409],[128.04981,37.18958],[128.03587,37.18979],[128.03391,37.19141],[128.03222,37.19388],[128.0283,37.20232],[128.03308,37.21081],[128.03875,37.21604],[128.03344,37.21952],[128.03213,37.2238],[128.02302,37.22563],[128.0211,37.2303],[128.01922,37.24438],[128.00797,37.25212],[127.99973,37.25446],[127.99423,37.25357],[127.98546,37.25814],[127.98261,37.25685],[127.98141,37.25688]]]},"properties":{"SIGUNGU_CD":"33030","SIGUNGU_NM":"제천시","BASE_DATE":"20250630"}},
{"type":"Feature","geometry":{"type":"Polygon","coordinates":[[[127.66724,36.72741],[127.6645,36.72999],[127.6646,36.72954],[127.66185,36.72575],[127.66303,36.71614],[127.65483,36.7044],[127.64775,36.70128],[127.6424,36.70262],[127.63824,36.70797],[127.62737,36.70747],[127.623,36.70462],[127.61905,36.70719],[127.61732,36.70724],[127.61148,36.69977],[127.59761,36.69731],[127.5907,36.69162],[127.59166,36.68809],[127.58588,36.68344],[127.5792,36.6842],[127.56699,36.67436],[127.54862,36.67349],[127.54316,36.6687],[127.53598,36.66915],[127.5338,36.66464],[127.52421,36.65787],[127.51319,36.65299],[127.51048,36.65305],[127.50095,36.64724],[127.49392,36.64783],[127.48808,36.64634],[127.4882,36.64494],[127.48369,36.64509],[127.48278,36.64484],[127.48353,36.64412],[127.48355,36.62916],[127.49364,36.62345],[127.4939,36.61779],[127.49722,36.61537],[127.49697,36.5948],[127.49892,36.58837],[127.4882,36.58194],[127.48487,36.58324],[127.47411,36.58116],[127.46865,36.57298],[127.46724,36.56208],[127.48178,36.56137],[127.47954,36.55723],[127.48635,36.54744],[127.47965,36.54767],[127.4708,36.54283],[127.45697,36.54898],[127.45065,36.54745],[127.44714,36.54981],[127.44743,36.54176],[127.45197,36.54152],[127.45565,36.5256],[127.45461,36.51975],[127.44537,36.5149],[127.44977,36.5005],[127.45375,36.501],[127.45859,36.49529],[127.46744,36.49126],[127.47567,36.49023],[127.4767,36.48243],[127.47716,36.4805],[127.48045,36.47718],[127.48403,36.47662],[127.48454,36.47454],[127.48161,36.46641],[127.47746,36.45913],[127.48211,36.45389],[127.49162,36.45335],[127.50059,36.4562],[127.50348,36.44936],[127.4935,36.44119],[127.48972,36.43413],[127.49556,36.4231],[127.49742,36.41536],[127.50155,36.40865],[127.5095,36.40862],[127.51102,36.41031],[127.51138,36.41114],[127.515,36.42474],[127.51938,36.4348],[127.52869,36.44098],[127.54575,36.44626],[127.546,36.45038],[127.55097,36.45515],[127.56274,36.48024],[127.57679,36.49048],[127.57218,36.49347],[127.57003,36.50322],[127.57354,36.50841],[127.57266,36.51589],[127.56502,36.53057],[127.57076,36.53547],[127.57952,36.53727],[127.58085,36.54196],[127.5909,36.54328],[127.59897,36.54833],[127.60359,36.54791],[127.61236,36.55143],[127.61719,36.5595],[127.61124,36.56679],[127.61121,36.57007],[127.61776,36.57754],[127.63188,36.58947],[127.63017,36.59362],[127.63567,36.60023],[127.64419,36.6056],[127.65238,36.60486],[127.65561,36.60017],[127.66545,36.60241],[127.66862,36.59454],[127.67542,36.59673],[127.67669,36.59669],[127.68053,36.59239],[127.68704,36.59206],[127.69461,36.58849],[127.70966,36.59606],[127.71381,36.60202],[127.7202,36.60267],[127.72644,36.59997],[127.72874,36.60231],[127.73649,36.60002],[127.73734,36.59262],[127.74586,36.58525],[127.7552,36.59008],[127.76919,36.59382],[127.76875,36.60338],[127.76949,36.60399],[127.76463,36.61305],[127.75234,36.62154],[127.73477,36.63965],[127.72585,36.64468],[127.72337,36.6513],[127.71268,36.65033],[127.70936,36.65404],[127.71229,36.6572],[127.71028,36.66277],[127.71256,36.66771],[127.72539,36.67581],[127.72715,36.68251],[127.71289,36.69028],[127.71373,36.69522],[127.7022,36.70378],[127.70279,36.70884],[127.70145,36.71024],[127.69007,36.7141],[127.68605,36.72066],[127.67955,36.71708],[127.67253,36.72188],[127.66988,36.72506],[127.6681,36.72656],[127.66724,36.72741]]]},"properties":{"SIGUNGU_CD":"33041","SIGUNGU_NM":"청주시 상당구","BASE_DATE":"20250630"}},
{"type":"Feature","geometry":{"type":"Polygon","coordinates":[[[127.48353,36.64412],[127.48309,36.64441],[127.48258,36.64515],[127.48248,36.64658],[127.48199,36.64662],[127.48164,36.6454],[127.46897,36.64249],[127.4669,36.63776],[127.45665,36.63799],[127.45621,36.63321],[127.45008,36.62912],[127.4499,36.62466],[127.44308,36.62335],[127.44479,36.61642],[127.43672,36.61065],[127.43332,36.60282],[127.43384,36.59865],[127.42765,36.59955],[127.41948,36.5966],[127.41601,36.60669],[127.41161,36.60491],[127.41037,36.60333],[127.40102,36.59604],[127.39824,36.59072],[127.38878,36.58408],[127.38672,36.57727],[127.37713,36.56787],[127.37755,36.56783],[127.37584,36.56589],[127.37301,36.56462],[127.37239,36.56344],[127.37707,36.56376],[127.3762,36.56156],[127.37255,36.55972],[127.38319,36.54786],[127.38509,36.54105],[127.39424,36.54028],[127.39782,36.54021],[127.40182,36.54124],[127.40501,36.53731],[127.4086,36.52369],[127.40149,36.52365],[127.39764,36.52058],[127.40375,36.51738],[127.40904,36.50975],[127.40788,36.50015],[127.41033,36.49835],[127.4108,36.49775],[127.40983,36.49532],[127.39612,36.49172],[127.40301,36.48548],[127.40416,36.47657],[127.3992,36.46268],[127.4009,36.45757],[127.40255,36.45556],[127.4031,36.45531],[127.40796,36.45474],[127.42745,36.45687],[127.43677,36.4564],[127.44716,36.44919],[127.45476,36.45027],[127.46096,36.45448],[127.46351,36.4603],[127.46668,36.47007],[127.47243,36.47502],[127.47613,36.47633],[127.48045,36.47718],[127.47716,36.4805],[127.4767,36.48243],[127.47567,36.49023],[127.46744,36.49126],[127.45859,36.49529],[127.45375,36.501],[127.44977,36.5005],[127.44537,36.5149],[127.45461,36.51975],[127.45565,36.5256],[127.45197,36.54152],[127.44743,36.54176],[127.44714,36.54981],[127.45065,36.54745],[127.45697,36.54898],[127.4708,36.54283],[127.47965,36.54767],[127.48635,36.54744],[127.47954,36.55723],[127.48178,36.56137],[127.46724,36.56208],[127.46865,36.57298],[127.47411,36.58116],[127.48487,36.58324],[127.4882,36.58194],[127.49892,36.58837],[127.49697,36.5948],[127.49722,36.61537],[127.4939,36.61779],[127.49364,36.62345],[127.48355,36.62916],[127.48353,36.64412]]]},"properties":{"SIGUNGU_CD":"33042","SIGUNGU_NM":"청주시 서원구","BASE_DATE":"20250630"}},
{"type":"Feature","geometry":{"type":"Polygon","coordinates":[[[127.31862,36.7243],[127.31685,36.72438],[127.31242,36.72378],[127.30925,36.7241],[127.30887,36.71446],[127.3061,36.70827],[127.3084,36.70481],[127.29655,36.69765],[127.29201,36.6973],[127.28567,36.69199],[127.28695,36.69042],[127.29666,36.68577],[127.30183,36.68574],[127.30763,36.68202],[127.30509,36.66757],[127.30101,36.66205],[127.28916,36.65932],[127.28278,36.64229],[127.27565,36.6398],[127.2794,36.63352],[127.29026,36.63694],[127.29201,36.62504],[127.2963,36.62424],[127.30117,36.60766],[127.30618,36.60256],[127.30495,36.59664],[127.30484,36.59139],[127.29945,36.58688],[127.30144,36.58556],[127.30387,36.5834],[127.32144,36.58378],[127.32723,36.57603],[127.33655,36.56999],[127.33702,36.56284],[127.33907,36.5628],[127.34713,36.56445],[127.351,36.56221],[127.36048,36.56228],[127.36866,36.56637],[127.37678,36.56786],[127.37713,36.56787],[127.38672,36.57727],[127.38878,36.58408],[127.39824,36.59072],[127.40102,36.59604],[127.41037,36.60333],[127.41161,36.60491],[127.41601,36.60669],[127.41948,36.5966],[127.42765,36.59955],[127.43384,36.59865],[127.43332,36.60282],[127.43672,36.61065],[127.44479,36.61642],[127.44308,36.62335],[127.4499,36.62466],[127.45008,36.62912],[127.45621,36.63321],[127.45665,36.63799],[127.4669,36.63776],[127.46897,36.64249],[127.48164,36.6454],[127.48186,36.64646],[127.47901,36.65025],[127.47225,36.66007],[127.46303,36.66933],[127.46022,36.67153],[127.45436,36.67506],[127.4476,36.6754],[127.44909,36.68315],[127.44664,36.68527],[127.43702,36.68347],[127.43165,36.68463],[127.43146,36.68933],[127.42575,36.68918],[127.4212,36.69621],[127.40886,36.70551],[127.41072,36.71006],[127.39958,36.71385],[127.39493,36.71697],[127.38708,36.71765],[127.37848,36.71329],[127.3721,36.71309],[127.36265,36.71776],[127.3383,36.71913],[127.32618,36.72424],[127.31862,36.7243]]]},"properties":{"SIGUNGU_CD":"33043","SIGUNGU_NM":"청주시 흥덕구","BASE_DATE":"20250630"}},
{"type":"Feature","geometry":{"type":"Polygon","coordinates":[[[127.56737,36.77324],[127.56727,36.77558],[127.56599,36.77874],[127.5648,36.78026],[127.53209,36.77082],[127.51859,36.76934],[127.50902,36.76681],[127.51027,36.77301],[127.505,36.77948],[127.49711,36.78001],[127.49045,36.7738],[127.48353,36.77621],[127.47041,36.76882],[127.46039,36.76991],[127.45844,36.76579],[127.45095,36.761],[127.44868,36.75503],[127.45094,36.74942],[127.44372,36.74873],[127.43808,36.7533],[127.42711,36.75081],[127.42694,36.7576],[127.42004,36.75752],[127.4186,36.75726],[127.41515,36.75661],[127.41256,36.75741],[127.4113,36.75585],[127.4056,36.75026],[127.40441,36.74502],[127.40129,36.74646],[127.39602,36.74793],[127.39365,36.75253],[127.38866,36.75349],[127.38637,36.75929],[127.3723,36.75793],[127.36959,36.76158],[127.36008,36.75972],[127.34784,36.75293],[127.33551,36.75264],[127.3324,36.74751],[127.3374,36.74012],[127.34317,36.7357],[127.3369,36.72935],[127.32965,36.73437],[127.32546,36.73367],[127.31846,36.72525],[127.31862,36.7243],[127.32618,36.72424],[127.3383,36.71913],[127.36265,36.71776],[127.3721,36.71309],[127.37848,36.71329],[127.38708,36.71765],[127.39493,36.71697],[127.39958,36.71385],[127.41072,36.71006],[127.40886,36.70551],[127.4212,36.69621],[127.42575,36.68918],[127.43146,36.68933],[127.43165,36.68463],[127.43702,36.68347],[127.44664,36.68527],[127.44909,36.68315],[127.4476,36.6754],[127.45436,36.67506],[127.46022,36.67153],[127.46303,36.66933],[127.47225,36.66007],[127.47901,36.65025],[127.48186,36.64646],[127.48199,36.64662],[127.48248,36.64658],[127.4825,36.64551],[127.48278,36.64484],[127.48369,36.64509],[127.4882,36.64494],[127.48808,36.64634],[127.49392,36.64783],[127.50095,36.64724],[127.51048,36.65305],[127.51319,36.65299],[127.52421,36.65787],[127.5338,36.66464],[127.53598,36.66915],[127.54316,36.6687],[127.54862,36.67349],[127.56699,36.67436],[127.5792,36.6842],[127.58588,36.68344],[127.59166,36.68809],[127.5907,36.69162],[127.59761,36.69731],[127.61148,36.69977],[127.61732,36.70724],[127.61839,36.70931],[127.61861,36.71686],[127.61542,36.71868],[127.61381,36.72648],[127.60938,36.73037],[127.61056,36.73526],[127.6036,36.74581],[127.59599,36.74465],[127.59082,36.7476],[127.58718,36.75542],[127.58892,36.76061],[127.57505,36.76738],[127.57113,36.77166],[127.56858,36.77186],[127.56829,36.77241],[127.56737,36.77324]]]},"properties":{"SIGUNGU_CD":"33044","SIGUNGU_NM":"청주시 청원구","BASE_DATE":"20250630"}},
{"type":"Feature","geometry":{"type":"Polygon","coordinates":[[[127.79337,36.60806],[127.78626,36.61377],[127.78143,36.60875],[127.77073,36.60491],[127.76875,36.60338],[127.76919,36.59382],[127.7552,36.59008],[127.74586,36.58525],[127.73734,36.59262],[127.73649,36.60002],[127.72874,36.60231],[127.72644,36.59997],[127.7202,36.60267],[127.71381,36.60202],[127.70966,36.59606],[127.69461,36.58849],[127.68704,36.59206],[127.68053,36.59239],[127.67669,36.59669],[127.67542,36.59673],[127.66862,36.59454],[127.66545,36.60241],[127.65561,36.60017],[127.65238,36.60486],[127.64419,36.6056],[127.63567,36.60023],[127.63017,36.59362],[127.63188,36.58947],[127.61776,36.57754],[127.61121,36.57007],[127.61124,36.56679],[127.61719,36.5595],[127.61236,36.55143],[127.60359,36.54791],[127.59897,36.54833],[127.5909,36.54328],[127.58085,36.54196],[127.57952,36.53727],[127.57076,36.53547],[127.56502,36.53057],[127.57266,36.51589],[127.57354,36.50841],[127.57003,36.50322],[127.57218,36.49347],[127.57679,36.49048],[127.56274,36.48024],[127.55097,36.45515],[127.546,36.45038],[127.54575,36.44626],[127.52869,36.44098],[127.51938,36.4348],[127.515,36.42474],[127.51614,36.42249],[127.51993,36.41982],[127.5248,36.42313],[127.53012,36.41913],[127.54228,36.41928],[127.54289,36.41208],[127.5501,36.40712],[127.5532,36.40122],[127.55968,36.39822],[127.55402,36.39487],[127.55369,36.39496],[127.5548,36.39281],[127.55814,36.39526],[127.56831,36.39937],[127.57828,36.40653],[127.58053,36.40847],[127.58173,36.41158],[127.58361,36.41873],[127.5903,36.41186],[127.59884,36.41177],[127.60283,36.40954],[127.60409,36.40397],[127.61182,36.4032],[127.6158,36.40736],[127.61734,36.41736],[127.62467,36.42249],[127.62808,36.42864],[127.63159,36.44025],[127.63761,36.43564],[127.64373,36.44507],[127.64764,36.44309],[127.65009,36.44314],[127.65777,36.43806],[127.66458,36.44493],[127.67618,36.43724],[127.68051,36.43602],[127.67846,36.42701],[127.68132,36.41854],[127.68617,36.4184],[127.70012,36.41384],[127.71007,36.41378],[127.70821,36.40653],[127.71842,36.39629],[127.73145,36.39023],[127.73372,36.39435],[127.74291,36.38691],[127.74811,36.38598],[127.75526,36.39109],[127.7624,36.39347],[127.76563,36.38997],[127.77583,36.38731],[127.78559,36.38704],[127.79065,36.389],[127.80062,36.38245],[127.81856,36.38165],[127.8228,36.37992],[127.83264,36.36915],[127.83722,36.37325],[127.85321,36.3711],[127.85802,36.37373],[127.85949,36.37429],[127.86051,36.37393],[127.86208,36.37399],[127.87049,36.37365],[127.87499,36.37081],[127.87601,36.37154],[127.87891,36.3713],[127.87928,36.37147],[127.8799,36.37145],[127.88047,36.37237],[127.88417,36.38001],[127.8792,36.38336],[127.87572,36.39059],[127.86464,36.39147],[127.86387,36.40304],[127.87367,36.40657],[127.87569,36.41435],[127.87907,36.41661],[127.88272,36.42435],[127.87368,36.42385],[127.8756,36.428],[127.87424,36.43831],[127.87139,36.44157],[127.87968,36.45407],[127.88196,36.46184],[127.87837,36.46708],[127.88238,36.47587],[127.88062,36.48063],[127.87528,36.48317],[127.87609,36.48837],[127.88047,36.49327],[127.88871,36.49314],[127.89486,36.49836],[127.90082,36.50002],[127.90611,36.50614],[127.90486,36.50929],[127.90318,36.51101],[127.90107,36.51946],[127.9026,36.52745],[127.88872,36.53369],[127.87901,36.53471],[127.87048,36.54282],[127.87299,36.55133],[127.87032,36.55915],[127.86647,36.56042],[127.86042,36.56795],[127.85236,36.57115],[127.84326,36.56898],[127.83707,36.5701],[127.83016,36.57428],[127.82447,36.57091],[127.81297,36.57951],[127.8049,36.58139],[127.79848,36.58644],[127.79694,36.59785],[127.7985,36.60208],[127.79429,36.60701],[127.79337,36.60806]]]},"properties":{"SIGUNGU_CD":"33520","SIGUNGU_NM":"보은군","BASE_DATE":"20250630"}},
{"type":"Feature","geometry":{"type":"Polygon","coordinates":[[[127.65009,36.44314],[127.64764,36.44309],[127.64373,36.44507],[127.63761,36.43564],[127.63159,36.44025],[127.62808,36.42864],[127.62467,36.42249],[127.61734,36.41736],[127.6158,36.40736],[127.61182,36.4032],[127.60409,36.40397],[127.60283,36.40954],[127.59884,36.41177],[127.5903,36.41186],[127.58361,36.41873],[127.58173,36.41158],[127.58053,36.40847],[127.57828,36.40653],[127.56831,36.39937],[127.55814,36.39526],[127.5548,36.39281],[127.55369,36.39496],[127.55264,36.39524],[127.53916,36.39719],[127.52493,36.38751],[127.52658,36.37007],[127.52309,36.35635],[127.5224,36.35432],[127.51937,36.35035],[127.50134,36.34007],[127.50296,36.32562],[127.49687,36.31945],[127.4941,36.3121],[127.49898,36.30567],[127.49602,36.29941],[127.49161,36.2993],[127.4912,36.29659],[127.49184,36.29616],[127.49268,36.295],[127.49899,36.28308],[127.48875,36.27271],[127.48631,36.25922],[127.48998,36.25734],[127.48761,36.25144],[127.49176,36.24517],[127.49265,36.23949],[127.49258,36.23795],[127.50498,36.23807],[127.51813,36.24064],[127.52385,36.24649],[127.53681,36.25086],[127.53792,36.24278],[127.54908,36.23973],[127.54986,36.23842],[127.54533,36.22551],[127.56369,36.22769],[127.57024,36.23352],[127.58358,36.2313],[127.58712,36.22486],[127.59802,36.21709],[127.59631,36.21188],[127.59966,36.20509],[127.59246,36.1952],[127.59748,36.18504],[127.60044,36.18465],[127.60825,36.18568],[127.62392,36.18102],[127.62712,36.17797],[127.63419,36.17888],[127.64971,36.17071],[127.65503,36.17823],[127.65,36.18528],[127.65378,36.18882],[127.65271,36.19908],[127.64845,36.2071],[127.65228,36.21569],[127.65077,36.2233],[127.65068,36.22515],[127.65614,36.22935],[127.66327,36.22343],[127.67253,36.22222],[127.68049,36.2257],[127.68489,36.23269],[127.69133,36.23816],[127.69338,36.24887],[127.70177,36.26078],[127.71467,36.26313],[127.71474,36.26885],[127.72168,36.26947],[127.73098,36.27641],[127.73535,36.27294],[127.75582,36.26792],[127.76163,36.27176],[127.76187,36.28011],[127.77433,36.29174],[127.78678,36.28815],[127.79445,36.2905],[127.79471,36.29724],[127.80113,36.29777],[127.80133,36.30371],[127.80907,36.30946],[127.81605,36.30909],[127.81814,36.31182],[127.82098,36.30517],[127.82503,36.31009],[127.83531,36.31275],[127.83819,36.31407],[127.84426,36.31664],[127.84519,36.31644],[127.84591,36.31823],[127.85039,36.32025],[127.85203,36.33041],[127.86576,36.33558],[127.87015,36.34349],[127.88261,36.34592],[127.88564,36.3547],[127.89127,36.35969],[127.88653,36.36361],[127.88367,36.37064],[127.87981,36.37138],[127.8799,36.37145],[127.87928,36.37147],[127.87891,36.3713],[127.87601,36.37154],[127.87499,36.37081],[127.87049,36.37365],[127.86208,36.37399],[127.86051,36.37393],[127.85949,36.37429],[127.85802,36.37373],[127.85321,36.3711],[127.83722,36.37325],[127.83264,36.36915],[127.8228,36.37992],[127.81856,36.38165],[127.80062,36.38245],[127.79065,36.389],[127.78559,36.38704],[127.77583,36.38731],[127.76563,36.38997],[127.7624,36.39347],[127.75526,36.39109],[127.74811,36.38598],[127.74291,36.38691],[127.73372,36.39435],[127.73145,36.39023],[127.71842,36.39629],[127.70821,36.40653],[127.71007,36.41378],[127.70012,36.41384],[127.68617,36.4184],[127.68132,36.41854],[127.67846,36.42701],[127.68051,36.43602],[127.67618,36.43724],[127.66458,36.44493],[127.65777,36.43806],[127.65009,36.44314]]]},"properties":{"SIGUNGU_CD":"33530","SIGUNGU_NM":"옥천군","BASE_DATE":"20250630"}},
{"type":"Feature","geometry":{"type":"Polygon","coordinates":[[[127.84426,36.31664],[127.83819,36.31407],[127.83531,36.31275],[127.82503,36.31009],[127.82098,36.30517],[127.81814,36.31182],[127.81605,36.30909],[127.80907,36.30946],[127.80133,36.30371],[127.80113,36.29777],[127.79471,36.29724],[127.79445,36.2905],[127.78678,36.28815],[127.77433,36.29174],[127.76187,36.28011],[127.76163,36.27176],[127.75582,36.26792],[127.73535,36.27294],[127.73098,36.27641],[127.72168,36.26947],[127.71474,36.26885],[127.71467,36.26313],[127.70177,36.26078],[127.69338,36.24887],[127.69133,36.23816],[127.68489,36.23269],[127.68049,36.2257],[127.67253,36.22222],[127.66327,36.22343],[127.65614,36.22935],[127.65068,36.22515],[127.65077,36.2233],[127.65228,36.21569],[127.64845,36.2071],[127.65271,36.19908],[127.65378,36.18882],[127.65,36.18528],[127.65503,36.17823],[127.64971,36.17071],[127.63419,36.17888],[127.62712,36.17797],[127.62392,36.18102],[127.60825,36.18568],[127.60044,36.18465],[127.59743,36.18433],[127.59306,36.17738],[127.60148,36.16905],[127.60166,36.16002],[127.59502,36.15262],[127.59044,36.14333],[127.58947,36.13514],[127.59026,36.1329],[127.59131,36.13248],[127.59256,36.1301],[127.60599,36.11679],[127.61009,36.11861],[127.61335,36.11159],[127.6191,36.10889],[127.61717,36.10468],[127.61727,36.09358],[127.62334,36.09069],[127.63305,36.08089],[127.6342,36.07362],[127.63739,36.07035],[127.63806,36.06867],[127.6397,36.06834],[127.64842,36.06258],[127.64905,36.05799],[127.65444,36.05662],[127.65942,36.03963],[127.66441,36.03751],[127.6727,36.04195],[127.66917,36.05115],[127.68902,36.06267],[127.69074,36.05803],[127.69461,36.05898],[127.69646,36.0411],[127.70362,36.03441],[127.71164,36.0359],[127.71918,36.03186],[127.72798,36.03091],[127.73484,36.03232],[127.73945,36.02573],[127.74778,36.02966],[127.7552,36.0242],[127.76161,36.02518],[127.76264,36.02157],[127.75929,36.01592],[127.76156,36.01332],[127.76618,36.01221],[127.78362,36.01642],[127.78762,36.0145],[127.79944,36.02607],[127.80108,36.02659],[127.81604,36.02818],[127.81698,36.0281],[127.8304,36.03523],[127.85281,36.03911],[127.85566,36.03293],[127.8606,36.03146],[127.86774,36.02377],[127.87677,36.02251],[127.87731,36.02341],[127.88346,36.02806],[127.88484,36.03589],[127.90303,36.03937],[127.90351,36.04342],[127.90941,36.05001],[127.91634,36.05447],[127.9252,36.05284],[127.93018,36.04944],[127.93629,36.05108],[127.94989,36.05972],[127.9546,36.06727],[127.96087,36.07034],[127.96169,36.08298],[127.95935,36.086],[127.95971,36.09451],[127.96463,36.09555],[127.96898,36.10435],[127.9652,36.11283],[127.97016,36.12188],[127.97711,36.1231],[127.98686,36.12805],[127.98885,36.13266],[127.98748,36.14738],[127.9972,36.15547],[127.99048,36.15888],[127.99018,36.16567],[127.98295,36.16988],[127.98413,36.17817],[127.97533,36.18771],[127.97626,36.19205],[127.9812,36.19588],[127.97802,36.19811],[127.98447,36.20118],[127.99304,36.20003],[127.99878,36.20747],[128.00975,36.20936],[128.02117,36.20768],[128.02668,36.20519],[128.03863,36.19416],[128.0529,36.20082],[128.05738,36.20081],[128.05815,36.20125],[128.05079,36.206],[128.05009,36.21646],[128.04222,36.21755],[128.039,36.22218],[128.03934,36.22868],[128.03313,36.23371],[128.0299,36.24001],[128.03566,36.24347],[128.04026,36.25203],[128.04573,36.25212],[128.04551,36.25232],[128.04735,36.25655],[128.03133,36.262],[128.02622,36.2679],[128.01903,36.26729],[128.01134,36.27195],[128.00907,36.27201],[128.00048,36.26644],[127.99441,36.26744],[127.99053,36.26338],[127.98115,36.26371],[127.97672,36.25929],[127.97832,36.25459],[127.96812,36.25033],[127.96017,36.25237],[127.95461,36.25722],[127.94834,36.25748],[127.94736,36.26724],[127.93793,36.26906],[127.93091,36.27801],[127.92353,36.27871],[127.91153,36.28319],[127.90712,36.28649],[127.90563,36.2986],[127.90288,36.301],[127.8921,36.29193],[127.88871,36.28736],[127.88264,36.27375],[127.87643,36.27579],[127.86087,36.27708],[127.85232,36.27383],[127.84952,36.28119],[127.84918,36.2888],[127.84559,36.29483],[127.84686,36.30076],[127.84266,36.30738],[127.84148,36.31],[127.84532,36.31638],[127.84426,36.31664]]]},"properties":{"SIGUNGU_CD":"33540","SIGUNGU_NM":"영동군","BASE_DATE":"20250630"}},
{"type":"Feature","geometry":{"type":"Polygon","coordinates":[[[127.44662,37.01071],[127.44123,37.01211],[127.43764,37.00866],[127.43693,37.00783],[127.42882,37.00219],[127.42035,37.00376],[127.41397,36.99948],[127.40684,36.99832],[127.39979,36.99986],[127.39421,36.99838],[127.3861,36.98141],[127.39432,36.97698],[127.40153,36.96768],[127.39803,36.96486],[127.38727,36.96446],[127.38482,36.95962],[127.37872,36.95789],[127.37566,36.94866],[127.3673,36.9503],[127.35761,36.94769],[127.354,36.95267],[127.34963,36.95279],[127.34326,36.94826],[127.34316,36.94432],[127.3332,36.94035],[127.32681,36.93594],[127.31621,36.93472],[127.30899,36.92939],[127.29497,36.93067],[127.30336,36.91639],[127.29643,36.90268],[127.29032,36.8977],[127.2903,36.89433],[127.28959,36.8938],[127.29059,36.8922],[127.30782,36.88544],[127.31129,36.87049],[127.30578,36.86335],[127.31273,36.85747],[127.3193,36.85906],[127.32813,36.85816],[127.33654,36.85462],[127.33666,36.84507],[127.33462,36.84214],[127.3341,36.83236],[127.34637,36.82931],[127.34818,36.83036],[127.35174,36.83066],[127.35605,36.82865],[127.35715,36.82356],[127.36661,36.81697],[127.38149,36.81408],[127.40081,36.79909],[127.40172,36.79515],[127.39731,36.79115],[127.3955,36.78248],[127.39982,36.78086],[127.4019,36.77571],[127.41295,36.77322],[127.41764,36.76307],[127.41874,36.76222],[127.41953,36.76178],[127.42011,36.75945],[127.4197,36.75766],[127.42004,36.75752],[127.42694,36.7576],[127.42711,36.75081],[127.43808,36.7533],[127.44372,36.74873],[127.45094,36.74942],[127.44868,36.75503],[127.45095,36.761],[127.45844,36.76579],[127.46039,36.76991],[127.47041,36.76882],[127.48353,36.77621],[127.49045,36.7738],[127.49711,36.78001],[127.505,36.77948],[127.51027,36.77301],[127.50902,36.76681],[127.51859,36.76934],[127.53209,36.77082],[127.5648,36.78026],[127.56295,36.78361],[127.55419,36.79971],[127.54814,36.79835],[127.53733,36.80859],[127.54483,36.81351],[127.55003,36.81286],[127.56054,36.81966],[127.56314,36.81802],[127.5721,36.81999],[127.57528,36.82321],[127.57627,36.82493],[127.57834,36.82961],[127.5714,36.8279],[127.56923,36.82998],[127.56868,36.83854],[127.57281,36.84123],[127.57153,36.85006],[127.57859,36.85228],[127.57828,36.85335],[127.57554,36.85839],[127.57791,36.86654],[127.58511,36.87018],[127.58504,36.87459],[127.57776,36.87978],[127.57229,36.8774],[127.571,36.88257],[127.56143,36.88281],[127.55565,36.88616],[127.55185,36.89392],[127.55481,36.8994],[127.54599,36.90091],[127.5463,36.90097],[127.54609,36.90348],[127.53146,36.91238],[127.52724,36.91087],[127.5194,36.92288],[127.50499,36.93301],[127.49963,36.93213],[127.49281,36.93876],[127.48614,36.93868],[127.48123,36.93371],[127.47064,36.93603],[127.46651,36.93924],[127.46349,36.94842],[127.45762,36.94709],[127.44785,36.95],[127.44789,36.94979],[127.44535,36.95876],[127.44838,36.96323],[127.45422,36.96078],[127.4554,36.96123],[127.45644,36.9633],[127.45604,36.96599],[127.45617,36.96688],[127.45371,36.97283],[127.45123,36.97505],[127.45097,36.97495],[127.4494,36.97665],[127.4493,36.9789],[127.45017,36.9811],[127.44852,36.98605],[127.44755,37.00067],[127.44904,37.00984],[127.44709,37.01089],[127.44662,37.01071]]]},"properties":{"SIGUNGU_CD":"33550","SIGUNGU_NM":"진천군","BASE_DATE":"20250630"}},
{"type":"Feature","geometry":{"type":"Polygon","coordinates":[[[127.80278,36.94667],[127.80002,36.94733],[127.79494,36.94591],[127.78899,36.93753],[127.78803,36.93719],[127.78855,36.92621],[127.78145,36.92416],[127.78674,36.91582],[127.79316,36.91687],[127.79564,36.91339],[127.79622,36.91252],[127.79793,36.90942],[127.79829,36.90817],[127.79774,36.90446],[127.79834,36.90327],[127.79847,36.90275],[127.79288,36.90356],[127.79116,36.90449],[127.78487,36.90588],[127.79211,36.90115],[127.78712,36.89449],[127.78893,36.88579],[127.78904,36.88448],[127.78774,36.88063],[127.77079,36.87756],[127.76667,36.87477],[127.76247,36.87749],[127.7586,36.87384],[127.75054,36.87332],[127.74543,36.87803],[127.72522,36.88007],[127.71624,36.87716],[127.70856,36.87838],[127.70772,36.87592],[127.69397,36.88005],[127.68977,36.87155],[127.68588,36.86849],[127.68716,36.86249],[127.67784,36.85095],[127.66139,36.85979],[127.6524,36.86087],[127.64444,36.85796],[127.63784,36.84789],[127.63733,36.8459],[127.63918,36.84359],[127.6309,36.83041],[127.6301,36.81624],[127.63498,36.81285],[127.63401,36.8073],[127.64162,36.79995],[127.63547,36.79412],[127.63309,36.79386],[127.62824,36.79427],[127.62736,36.79321],[127.62094,36.78787],[127.6207,36.78191],[127.62048,36.77935],[127.62931,36.77346],[127.62367,36.76075],[127.6337,36.75185],[127.63893,36.73814],[127.63867,36.73296],[127.63967,36.73196],[127.65,36.73266],[127.65427,36.73517],[127.66344,36.73154],[127.6645,36.72999],[127.66724,36.72741],[127.6681,36.72656],[127.66988,36.72506],[127.67253,36.72188],[127.67955,36.71708],[127.68605,36.72066],[127.69007,36.7141],[127.70145,36.71024],[127.70279,36.70884],[127.7022,36.70378],[127.71373,36.69522],[127.71289,36.69028],[127.72715,36.68251],[127.72539,36.67581],[127.71256,36.66771],[127.71028,36.66277],[127.71229,36.6572],[127.70936,36.65404],[127.71268,36.65033],[127.72337,36.6513],[127.72585,36.64468],[127.73477,36.63965],[127.75234,36.62154],[127.76463,36.61305],[127.76949,36.60399],[127.77073,36.60491],[127.78143,36.60875],[127.78626,36.61377],[127.79337,36.60806],[127.79429,36.60701],[127.7985,36.60208],[127.79918,36.60238],[127.80648,36.60365],[127.81207,36.60758],[127.81857,36.6083],[127.821,36.61331],[127.82753,36.61077],[127.82994,36.61262],[127.8407,36.60829],[127.84911,36.61282],[127.85519,36.61188],[127.8583,36.61353],[127.85573,36.61758],[127.84981,36.61958],[127.84784,36.62494],[127.85056,36.63125],[127.84675,36.63399],[127.86197,36.6361],[127.86353,36.6407],[127.87013,36.64552],[127.87496,36.65546],[127.88012,36.65509],[127.88235,36.6465],[127.88924,36.63984],[127.8879,36.63464],[127.89017,36.62887],[127.90859,36.62593],[127.91138,36.61532],[127.9188,36.60868],[127.91996,36.60112],[127.92395,36.60202],[127.92386,36.60254],[127.92409,36.61545],[127.93238,36.61874],[127.9314,36.62411],[127.93596,36.633],[127.93381,36.63608],[127.93573,36.64418],[127.939,36.64599],[127.93908,36.65275],[127.93164,36.6554],[127.93221,36.66452],[127.92957,36.66877],[127.91771,36.66785],[127.91297,36.67767],[127.89474,36.68114],[127.89145,36.68243],[127.88762,36.67863],[127.88001,36.67871],[127.87429,36.68196],[127.88198,36.68345],[127.88141,36.68769],[127.88751,36.69135],[127.89817,36.69312],[127.91175,36.69265],[127.91585,36.69399],[127.92646,36.69033],[127.93159,36.69442],[127.93098,36.70191],[127.93357,36.70649],[127.94648,36.70621],[127.94953,36.70805],[127.94918,36.71988],[127.95361,36.72268],[127.95697,36.73559],[127.97072,36.73091],[127.98025,36.72008],[127.98685,36.71755],[128.00194,36.71726],[128.00651,36.72545],[128.01484,36.73019],[128.01939,36.7237],[128.02578,36.71906],[128.03191,36.71878],[128.04969,36.70776],[128.0587,36.70895],[128.07038,36.7077],[128.07272,36.71189],[128.06799,36.72223],[128.05556,36.73042],[128.05072,36.73671],[128.03232,36.74758],[128.03237,36.75517],[128.0448,36.77105],[128.04831,36.78322],[128.05498,36.79266],[128.05613,36.79842],[128.05397,36.8052],[128.05795,36.80701],[128.05926,36.81359],[128.05924,36.81639],[128.04725,36.82223],[128.04223,36.8206],[128.03638,36.82461],[128.02404,36.82599],[128.0237,36.81529],[128.02362,36.81504],[128.01816,36.80827],[128.01662,36.80789],[128.01158,36.80679],[127.99779,36.81294],[127.99259,36.81267],[127.98241,36.81598],[127.98185,36.82343],[127.976,36.82371],[127.97159,36.82806],[127.97716,36.83614],[127.97434,36.84208],[127.9669,36.85095],[127.96937,36.85935],[127.96342,36.86123],[127.95668,36.86843],[127.94514,36.87491],[127.95176,36.88545],[127.94985,36.887],[127.93419,36.88793],[127.9347,36.88795],[127.93038,36.88797],[127.9243,36.88291],[127.91748,36.8811],[127.9137,36.88567],[127.90359,36.88794],[127.90068,36.8974],[127.89265,36.89153],[127.88305,36.89016],[127.88151,36.89585],[127.86399,36.89623],[127.85833,36.90492],[127.85244,36.90928],[127.84606,36.90925],[127.83793,36.91366],[127.84209,36.9174],[127.843,36.92771],[127.83538,36.92995],[127.83181,36.93538],[127.83294,36.93985],[127.82022,36.94145],[127.80716,36.94159],[127.80278,36.94667]]]},"properties":{"SIGUNGU_CD":"33560","SIGUNGU_NM":"괴산군","BASE_DATE":"20250630"}},
{"type":"Feature","geometry":{"type":"Polygon","coordinates":[[[127.69283,37.13853],[127.6868,37.13506],[127.6774,37.13676],[127.67021,37.13611],[127.666,37.13946],[127.65994,37.13992],[127.65637,37.14488],[127.64809,37.1506],[127.6297,37.15459],[127.62731,37.15226],[127.63744,37.14202],[127.6364,37.13249],[127.6331,37.12016],[127.63627,37.11446],[127.6352,37.10405],[127.63181,37.09648],[127.61194,37.08725],[127.60119,37.08773],[127.59955,37.08157],[127.60507,37.07574],[127.60411,37.07054],[127.59523,37.07386],[127.58927,37.07282],[127.57798,37.07534],[127.56472,37.05924],[127.56826,37.05591],[127.56954,37.04817],[127.55683,37.04125],[127.55485,37.04382],[127.555,37.04402],[127.5328,37.0552],[127.52299,37.05546],[127.51826,37.0584],[127.51251,37.05635],[127.50889,37.04942],[127.49908,37.04758],[127.48947,37.05264],[127.48699,37.05444],[127.4858,37.05491],[127.47984,37.05357],[127.47853,37.05335],[127.47511,37.05291],[127.47349,37.0529],[127.46033,37.04616],[127.45686,37.04221],[127.45964,37.03564],[127.45635,37.03114],[127.45974,37.02506],[127.45837,37.02047],[127.45371,37.02125],[127.44833,37.01654],[127.44715,37.01197],[127.44709,37.01089],[127.44904,37.00984],[127.44755,37.00067],[127.44852,36.98605],[127.45017,36.9811],[127.4493,36.9789],[127.4494,36.97665],[127.45097,36.97495],[127.45123,36.97505],[127.45371,36.97283],[127.45617,36.96688],[127.45604,36.96599],[127.45644,36.9633],[127.4554,36.96123],[127.45422,36.96078],[127.44838,36.96323],[127.44535,36.95876],[127.44789,36.94979],[127.44785,36.95],[127.45762,36.94709],[127.46349,36.94842],[127.46651,36.93924],[127.47064,36.93603],[127.48123,36.93371],[127.48614,36.93868],[127.49281,36.93876],[127.49963,36.93213],[127.50499,36.93301],[127.5194,36.92288],[127.52724,36.91087],[127.53146,36.91238],[127.54609,36.90348],[127.5463,36.90097],[127.54599,36.90091],[127.55481,36.8994],[127.55185,36.89392],[127.55565,36.88616],[127.56143,36.88281],[127.571,36.88257],[127.57229,36.8774],[127.57776,36.87978],[127.58504,36.87459],[127.58511,36.87018],[127.57791,36.86654],[127.57554,36.85839],[127.57828,36.85335],[127.57775,36.85546],[127.58356,36.86008],[127.59122,36.85782],[127.59653,36.85159],[127.60321,36.85188],[127.61373,36.85839],[127.61748,36.85771],[127.6115,36.84778],[127.6134,36.83646],[127.61642,36.83383],[127.62376,36.8356],[127.62639,36.84253],[127.63754,36.84695],[127.63784,36.84789],[127.64444,36.85796],[127.6524,36.86087],[127.66139,36.85979],[127.67784,36.85095],[127.68716,36.86249],[127.68588,36.86849],[127.68977,36.87155],[127.69397,36.88005],[127.70772,36.87592],[127.70856,36.87838],[127.71624,36.87716],[127.72522,36.88007],[127.74543,36.87803],[127.75054,36.87332],[127.7586,36.87384],[127.76247,36.87749],[127.76667,36.87477],[127.77079,36.87756],[127.78774,36.88063],[127.78904,36.88448],[127.78893,36.88579],[127.78712,36.89449],[127.79211,36.90115],[127.78487,36.90588],[127.79116,36.90449],[127.79288,36.90356],[127.79847,36.90275],[127.79834,36.90327],[127.79774,36.90446],[127.79829,36.90817],[127.79793,36.90942],[127.79622,36.91252],[127.79564,36.91339],[127.79316,36.91687],[127.78674,36.91582],[127.78145,36.92416],[127.78855,36.92621],[127.78803,36.93719],[127.78664,36.93699],[127.7775,36.93432],[127.7741,36.93377],[127.76087,36.94509],[127.76384,36.94633],[127.75296,36.95795],[127.73928,36.95238],[127.7329,36.95366],[127.72685,36.95905],[127.71626,36.95841],[127.70585,36.96579],[127.70378,36.97201],[127.69449,36.97497],[127.69462,36.97811],[127.68662,36.98147],[127.68632,36.98589],[127.67214,36.98586],[127.67031,36.9878],[127.66707,36.97866],[127.66178,36.97738],[127.65085,36.98343],[127.65369,36.98656],[127.65256,36.99169],[127.65505,37.00139],[127.66552,37.00307],[127.65613,37.01341],[127.65736,37.01818],[127.66462,37.02319],[127.6645,37.03036],[127.67203,37.03467],[127.67198,37.04021],[127.67694,37.04413],[127.68651,37.04805],[127.69116,37.05308],[127.68908,37.06644],[127.68325,37.07531],[127.6866,37.08095],[127.69218,37.08133],[127.69934,37.09163],[127.69816,37.0994],[127.70092,37.10299],[127.71266,37.10636],[127.71331,37.10905],[127.72051,37.11071],[127.72082,37.11131],[127.72287,37.11592],[127.71942,37.12392],[127.71823,37.12495],[127.71763,37.12532],[127.71522,37.12569],[127.71202,37.12778],[127.70961,37.13569],[127.69596,37.13985],[127.69283,37.13853]]]},"properties":{"SIGUNGU_CD":"33570","SIGUNGU_NM":"음성군","BASE_DATE":"20250630"}},
{"type":"Feature","geometry":{"type":"Polygon","coordinates":[[[128.38435,37.15812],[128.3837,37.15821],[128.37816,37.15174],[128.36535,37.15764],[128.35972,37.15022],[128.35398,37.15567],[128.34259,37.15594],[128.33848,37.15814],[128.33709,37.15785],[128.33067,37.15034],[128.32784,37.15301],[128.32444,37.14796],[128.31672,37.14756],[128.30948,37.14315],[128.30636,37.13753],[128.30073,37.13527],[128.29964,37.13373],[128.30374,37.12829],[128.30419,37.11731],[128.30837,37.11451],[128.30383,37.10033],[128.29394,37.09806],[128.28595,37.10549],[128.27778,37.11077],[128.2776,37.11581],[128.2704,37.11543],[128.27052,37.1134],[128.26694,37.10864],[128.25637,37.10024],[128.25961,37.09913],[128.26436,37.08816],[128.26594,37.08837],[128.26626,37.08489],[128.25714,37.08279],[128.24925,37.07511],[128.24679,37.07692],[128.23941,37.0736],[128.23681,37.06542],[128.22537,37.06234],[128.22497,37.05872],[128.21784,37.05434],[128.22103,37.05004],[128.22083,37.042],[128.21712,37.03739],[128.22443,37.03431],[128.22505,37.02721],[128.22805,37.02448],[128.23849,37.02509],[128.25383,37.00924],[128.2576,37.00015],[128.25391,36.99748],[128.25851,36.99333],[128.25584,36.9865],[128.25989,36.97576],[128.26001,36.96846],[128.26659,36.96078],[128.25966,36.95485],[128.26353,36.94949],[128.25112,36.94244],[128.24737,36.94464],[128.24732,36.93924],[128.23668,36.934],[128.23621,36.9307],[128.23557,36.93069],[128.23798,36.91376],[128.24189,36.91205],[128.24627,36.90432],[128.2438,36.89097],[128.25092,36.88472],[128.24251,36.87802],[128.24283,36.87345],[128.24452,36.87056],[128.25196,36.86702],[128.26503,36.86414],[128.26804,36.86095],[128.2702,36.8601],[128.28243,36.8564],[128.28656,36.84503],[128.29562,36.83534],[128.30584,36.82892],[128.31082,36.82828],[128.31575,36.82276],[128.31612,36.81686],[128.32085,36.81564],[128.33279,36.81698],[128.35676,36.81062],[128.35687,36.80677],[128.36408,36.80222],[128.36797,36.80243],[128.3684,36.80208],[128.37275,36.80541],[128.37331,36.80767],[128.38126,36.81388],[128.39436,36.81487],[128.39963,36.81287],[128.42048,36.81151],[128.43205,36.82407],[128.43411,36.83414],[128.4415,36.8376],[128.44899,36.84861],[128.44666,36.85337],[128.44676,36.86531],[128.44334,36.86845],[128.43843,36.87327],[128.42397,36.87653],[128.42816,36.88477],[128.42679,36.88924],[128.43616,36.89708],[128.44016,36.90287],[128.44517,36.91741],[128.44159,36.92735],[128.4604,36.93401],[128.46278,36.94738],[128.47547,36.95687],[128.47705,36.95744],[128.4849,36.95747],[128.48583,36.96168],[128.50673,36.97008],[128.50642,36.97319],[128.51461,36.97758],[128.51547,36.98682],[128.52968,36.99081],[128.53553,36.99022],[128.54421,36.99257],[128.55473,36.99829],[128.55594,37.0057],[128.56292,37.00789],[128.57034,37.014],[128.57261,37.02197],[128.56693,37.026],[128.56564,37.03153],[128.56929,37.03488],[128.57773,37.03557],[128.58353,37.04373],[128.59683,37.04177],[128.60679,37.0434],[128.60844,37.05281],[128.62171,37.04908],[128.62283,37.04534],[128.63292,37.0405],[128.63935,37.054],[128.6521,37.06544],[128.65118,37.06581],[128.64267,37.07076],[128.62821,37.07516],[128.62828,37.08133],[128.62264,37.0874],[128.60594,37.0768],[128.60069,37.07955],[128.60162,37.08306],[128.59357,37.07884],[128.58173,37.08167],[128.57441,37.08132],[128.57091,37.08622],[128.5617,37.09024],[128.54975,37.08619],[128.53683,37.09014],[128.53414,37.09811],[128.52184,37.10309],[128.51843,37.10189],[128.51365,37.10603],[128.51076,37.11395],[128.50667,37.11544],[128.49655,37.12579],[128.491,37.12382],[128.47781,37.11015],[128.45805,37.11028],[128.45084,37.11236],[128.4448,37.10627],[128.43614,37.11199],[128.43012,37.10367],[128.42306,37.10325],[128.41847,37.11981],[128.41104,37.12213],[128.40729,37.12638],[128.396,37.12859],[128.40366,37.13962],[128.40087,37.14688],[128.39637,37.14857],[128.3928,37.1548],[128.38608,37.15688],[128.38435,37.15812]]]},"properties":{"SIGUNGU_CD":"33580","SIGUNGU_NM":"단양군","BASE_DATE":"20250630"}},
{"type":"Feature","geometry":{"type":"Polygon","coordinates":[[[127.63754,36.84695],[127.62639,36.84253],[127.62376,36.8356],[127.61642,36.83383],[127.6134,36.83646],[127.6115,36.84778],[127.61748,36.85771],[127.61373,36.85839],[127.60321,36.85188],[127.59653,36.85159],[127.59122,36.85782],[127.58356,36.86008],[127.57775,36.85546],[127.57859,36.85228],[127.57153,36.85006],[127.57281,36.84123],[127.56868,36.83854],[127.56923,36.82998],[127.5714,36.8279],[127.57834,36.82961],[127.57627,36.82493],[127.57528,36.82321],[127.5721,36.81999],[127.56314,36.81802],[127.56054,36.81966],[127.55003,36.81286],[127.54483,36.81351],[127.53733,36.80859],[127.54814,36.79835],[127.55419,36.79971],[127.56295,36.78361],[127.56599,36.77874],[127.56727,36.77558],[127.56737,36.77324],[127.56829,36.77241],[127.56858,36.77186],[127.57113,36.77166],[127.57505,36.76738],[127.58892,36.76061],[127.58718,36.75542],[127.59082,36.7476],[127.59599,36.74465],[127.6036,36.74581],[127.61056,36.73526],[127.60938,36.73037],[127.61381,36.72648],[127.61542,36.71868],[127.61861,36.71686],[127.61839,36.70931],[127.61905,36.70719],[127.623,36.70462],[127.62737,36.70747],[127.63824,36.70797],[127.6424,36.70262],[127.64775,36.70128],[127.65483,36.7044],[127.66303,36.71614],[127.66185,36.72575],[127.6646,36.72954],[127.66344,36.73154],[127.65427,36.73517],[127.65,36.73266],[127.63967,36.73196],[127.63867,36.73296],[127.63893,36.73814],[127.6337,36.75185],[127.62367,36.76075],[127.62931,36.77346],[127.62048,36.77935],[127.6207,36.78191],[127.62094,36.78787],[127.62736,36.79321],[127.62824,36.79427],[127.63309,36.79386],[127.63547,36.79412],[127.64162,36.79995],[127.63401,36.8073],[127.63498,36.81285],[127.6301,36.81624],[127.6309,36.83041],[127.63918,36.84359],[127.63733,36.8459],[127.63754,36.84695]]]},"properties":{"SIGUNGU_CD":"33590","SIGUNGU_NM":"증평군","BASE_DATE":"20250630"}},
{"type":"Feature","geometry":{"type":"Polygon","coordinates":[[[127.34818,36.83036],[127.34637,36.82931],[127.3341,36.83236],[127.33462,36.84214],[127.33666,36.84507],[127.33654,36.85462],[127.32813,36.85816],[127.3193,36.85906],[127.31273,36.85747],[127.30578,36.86335],[127.31129,36.87049],[127.30782,36.88544],[127.29059,36.8922],[127.28738,36.8895],[127.28139,36.88785],[127.27789,36.89025],[127.2727,36.88735],[127.2714,36.88247],[127.26619,36.88311],[127.25952,36.878],[127.25448,36.87959],[127.25105,36.87811],[127.24992,36.87151],[127.23703,36.86588],[127.23335,36.86689],[127.22677,36.85094],[127.21239,36.84722],[127.20606,36.8526],[127.19618,36.85309],[127.19196,36.84925],[127.17701,36.84127],[127.17205,36.84586],[127.16358,36.83598],[127.15728,36.83242],[127.15586,36.82806],[127.15019,36.82423],[127.14586,36.80359],[127.13114,36.81892],[127.12987,36.81976],[127.12424,36.81726],[127.12453,36.81614],[127.12604,36.81231],[127.13324,36.80979],[127.13139,36.79991],[127.13545,36.79579],[127.12942,36.79541],[127.12481,36.78903],[127.11843,36.78774],[127.11476,36.78506],[127.11283,36.78478],[127.11264,36.78272],[127.11313,36.78236],[127.11439,36.78116],[127.11796,36.77983],[127.11836,36.76797],[127.11799,36.76356],[127.11014,36.76054],[127.10933,36.75921],[127.10686,36.75971],[127.09835,36.76021],[127.09518,36.76013],[127.09839,36.75563],[127.09611,36.75144],[127.08669,36.74883],[127.08502,36.73852],[127.08117,36.73311],[127.08469,36.72236],[127.07956,36.71742],[127.07928,36.71011],[127.07229,36.70814],[127.05849,36.70835],[127.04911,36.70337],[127.0415,36.69545],[127.03891,36.69314],[127.03548,36.69153],[127.02947,36.6895],[127.02269,36.68138],[127.01995,36.67528],[127.01565,36.67243],[127.01542,36.66646],[127.00846,36.65824],[127.00939,36.65628],[127.02041,36.65014],[127.02529,36.65609],[127.03992,36.6547],[127.04315,36.6516],[127.05408,36.65122],[127.058,36.64583],[127.06456,36.6462],[127.07425,36.64118],[127.08004,36.64175],[127.08289,36.6419],[127.08792,36.64191],[127.09315,36.64871],[127.09394,36.65409],[127.10053,36.65425],[127.10866,36.65884],[127.11151,36.65818],[127.1129,36.65723],[127.12763,36.65335],[127.13108,36.64565],[127.1413,36.64113],[127.14059,36.63674],[127.14492,36.63507],[127.15043,36.61975],[127.15499,36.62421],[127.15658,36.62392],[127.16011,36.62407],[127.15629,36.6317],[127.1575,36.63954],[127.15336,36.64372],[127.15429,36.65245],[127.16057,36.65612],[127.15904,36.66135],[127.15436,36.66442],[127.15856,36.67303],[127.16345,36.67623],[127.16366,36.6812],[127.16035,36.69273],[127.14383,36.689],[127.13438,36.70679],[127.12799,36.70797],[127.12777,36.70883],[127.14093,36.71685],[127.14511,36.71752],[127.15193,36.72895],[127.15647,36.72722],[127.15964,36.73284],[127.16469,36.73382],[127.16661,36.73348],[127.1668,36.7332],[127.16697,36.73237],[127.16967,36.73243],[127.17044,36.73248],[127.17186,36.73164],[127.17358,36.72869],[127.18436,36.73004],[127.1873,36.72799],[127.18942,36.72778],[127.19728,36.72819],[127.20422,36.72507],[127.20481,36.72088],[127.21814,36.71559],[127.22363,36.71572],[127.22364,36.71166],[127.22862,36.7082],[127.2364,36.70745],[127.23705,36.70441],[127.24437,36.70109],[127.24805,36.69505],[127.25122,36.69701],[127.25792,36.69222],[127.26523,36.6922],[127.27348,36.69527],[127.27771,36.69135],[127.28425,36.69047],[127.28567,36.69199],[127.29201,36.6973],[127.29655,36.69765],[127.3084,36.70481],[127.3061,36.70827],[127.30887,36.71446],[127.30925,36.7241],[127.31242,36.72378],[127.31685,36.72438],[127.31846,36.72525],[127.32546,36.73367],[127.32965,36.73437],[127.3369,36.72935],[127.34317,36.7357],[127.3374,36.74012],[127.3324,36.74751],[127.33551,36.75264],[127.34784,36.75293],[127.36008,36.75972],[127.36959,36.76158],[127.3723,36.75793],[127.38637,36.75929],[127.38866,36.75349],[127.39365,36.75253],[127.39602,36.74793],[127.40129,36.74646],[127.40441,36.74502],[127.4056,36.75026],[127.4113,36.75585],[127.41256,36.75741],[127.41515,36.75661],[127.4186,36.75726],[127.4197,36.75766],[127.42011,36.75945],[127.41953,36.76178],[127.41874,36.76222],[127.41764,36.76307],[127.41295,36.77322],[127.4019,36.77571],[127.39982,36.78086],[127.3955,36.78248],[127.39731,36.79115],[127.40172,36.79515],[127.40081,36.79909],[127.38149,36.81408],[127.36661,36.81697],[127.35715,36.82356],[127.35605,36.82865],[127.35174,36.83066],[127.34818,36.83036]]]},"properties":{"SIGUNGU_CD":"34011","SIGUNGU_NM":"천안시 동남구","BASE_DATE":"20250630"}},
{"type":"Feature","geometry":{"type":"Polygon","coordinates":[[[127.11366,36.97296],[127.11191,36.97213],[127.10251,36.96476],[127.10146,36.96343],[127.09701,36.95968],[127.09661,36.95865],[127.09641,36.95569],[127.103,36.95316],[127.097,36.94799],[127.09576,36.94237],[127.08621,36.94774],[127.07408,36.93863],[127.07446,36.93753],[127.0875,36.92427],[127.09203,36.91478],[127.09311,36.91372],[127.09408,36.91111],[127.0848,36.90404],[127.09295,36.89361],[127.08815,36.88972],[127.09104,36.88226],[127.08631,36.87584],[127.08869,36.86604],[127.08742,36.86186],[127.10275,36.86152],[127.10964,36.85677],[127.1105,36.85411],[127.09825,36.8379],[127.10532,36.83786],[127.10087,36.83165],[127.1015,36.82195],[127.09664,36.81447],[127.09835,36.81195],[127.09673,36.80131],[127.09417,36.79726],[127.09973,36.79273],[127.10542,36.79976],[127.11104,36.79728],[127.11323,36.78635],[127.11476,36.78506],[127.11843,36.78774],[127.12481,36.78903],[127.12942,36.79541],[127.13545,36.79579],[127.13139,36.79991],[127.13324,36.80979],[127.12604,36.81231],[127.12453,36.81614],[127.12424,36.81726],[127.12987,36.81976],[127.13114,36.81892],[127.14586,36.80359],[127.15019,36.82423],[127.15586,36.82806],[127.15728,36.83242],[127.16358,36.83598],[127.17205,36.84586],[127.17701,36.84127],[127.19196,36.84925],[127.19618,36.85309],[127.20606,36.8526],[127.21239,36.84722],[127.22677,36.85094],[127.23335,36.86689],[127.23703,36.86588],[127.24992,36.87151],[127.25105,36.87811],[127.25448,36.87959],[127.25952,36.878],[127.26619,36.88311],[127.2714,36.88247],[127.2727,36.88735],[127.27789,36.89025],[127.28139,36.88785],[127.28738,36.8895],[127.29059,36.8922],[127.28959,36.8938],[127.2875,36.89379],[127.28455,36.89532],[127.27916,36.90041],[127.27884,36.90625],[127.27457,36.90868],[127.27305,36.91401],[127.25861,36.91587],[127.25313,36.92244],[127.24405,36.9176],[127.23635,36.92372],[127.22838,36.92451],[127.21949,36.93036],[127.21165,36.93013],[127.21125,36.93856],[127.20573,36.94202],[127.20427,36.94984],[127.20214,36.95171],[127.19075,36.95249],[127.1805,36.95667],[127.17777,36.96251],[127.17667,36.96221],[127.16564,36.96213],[127.15585,36.9643],[127.1592,36.96974],[127.14676,36.97101],[127.13849,36.96886],[127.13715,36.9659],[127.13546,36.96573],[127.12195,36.96823],[127.12074,36.96899],[127.12021,36.97035],[127.1144,36.97147],[127.11366,36.97296]]]},"properties":{"SIGUNGU_CD":"34012","SIGUNGU_NM":"천안시 서북구","BASE_DATE":"20250630"}},
{"type":"Feature","geometry":{"type":"Polygon","coordinates":[[[126.96767,36.67925],[126.95738,36.67203],[126.96009,36.65562],[126.95437,36.65235],[126.95515,36.64543],[126.94838,36.641],[126.94353,36.63295],[126.9454,36.62811],[126.93671,36.62392],[126.9375,36.61582],[126.93221,36.61306],[126.9274,36.59562],[126.93098,36.59174],[126.92482,36.58766],[126.92046,36.57749],[126.91143,36.57216],[126.91035,36.56691],[126.90665,36.56638],[126.90294,36.5607],[126.8992,36.5601],[126.8991,36.55905],[126.89939,36.55009],[126.88972,36.54143],[126.8884,36.53384],[126.89388,36.52663],[126.88357,36.5126],[126.89395,36.50361],[126.89182,36.49808],[126.89144,36.48671],[126.8935,36.47916],[126.89936,36.47677],[126.90106,36.47131],[126.91265,36.46586],[126.91546,36.45565],[126.93058,36.45451],[126.94059,36.46204],[126.95682,36.46866],[126.95824,36.46489],[126.96467,36.46461],[126.9668,36.46743],[126.97459,36.46689],[126.98006,36.4637],[126.99485,36.46136],[127.00119,36.45567],[127.00205,36.4516],[127.00664,36.452],[127.00663,36.44702],[127.01044,36.44592],[127.00698,36.43837],[127.02022,36.43854],[127.01785,36.43461],[127.02388,36.42424],[127.0155,36.41933],[127.01952,36.41224],[127.0206,36.41198],[127.02118,36.41225],[127.02279,36.41111],[127.02365,36.41011],[127.02823,36.40354],[127.02578,36.3971],[127.00637,36.38422],[127.0008,36.37957],[126.99873,36.37885],[126.99583,36.37758],[126.99307,36.37607],[126.99202,36.3752],[126.99108,36.37365],[126.98828,36.36644],[126.98749,36.34584],[126.98969,36.34568],[126.98926,36.34454],[126.98428,36.33857],[126.97864,36.33611],[126.9773,36.33515],[126.98397,36.33736],[126.99021,36.3358],[126.99046,36.32962],[126.99776,36.32841],[126.99416,36.32619],[126.99286,36.31912],[126.98856,36.31794],[126.98713,36.30599],[126.9917,36.30255],[126.99138,36.30171],[126.99142,36.3009],[127.0004,36.29657],[127.00369,36.29836],[127.012,36.29545],[127.02314,36.28737],[127.02772,36.28184],[127.03547,36.28136],[127.03921,36.28356],[127.04782,36.28022],[127.06052,36.27789],[127.06591,36.27715],[127.06579,36.27805],[127.06511,36.28626],[127.07095,36.29518],[127.07783,36.29633],[127.08384,36.31167],[127.08425,36.31653],[127.08871,36.31763],[127.10096,36.33082],[127.10757,36.33994],[127.11519,36.33007],[127.12085,36.31839],[127.12983,36.32123],[127.13049,36.31829],[127.1385,36.3102],[127.14309,36.30605],[127.14748,36.31151],[127.15828,36.31646],[127.15862,36.32286],[127.16501,36.32247],[127.17078,36.3266],[127.17749,36.32761],[127.17929,36.33064],[127.19637,36.33466],[127.19684,36.3353],[127.20585,36.34322],[127.20399,36.34604],[127.2122,36.34949],[127.2175,36.35025],[127.21867,36.35012],[127.22239,36.35009],[127.24046,36.3468],[127.24169,36.33906],[127.25379,36.33684],[127.25511,36.32975],[127.25657,36.3286],[127.25888,36.32745],[127.26088,36.32714],[127.26785,36.33225],[127.26573,36.33804],[127.27313,36.34427],[127.27912,36.34482],[127.27742,36.34991],[127.27241,36.35412],[127.27072,36.36118],[127.27768,36.36529],[127.2803,36.3787],[127.2774,36.38702],[127.28196,36.41411],[127.2821,36.415],[127.27695,36.41389],[127.273,36.41484],[127.26821,36.41676],[127.25981,36.41552],[127.25865,36.4133],[127.25732,36.40803],[127.2508,36.40676],[127.24328,36.41505],[127.24366,36.41884],[127.23193,36.41991],[127.22564,36.42229],[127.22511,36.42665],[127.21771,36.43374],[127.20712,36.43615],[127.19893,36.43988],[127.20134,36.44912],[127.1984,36.45221],[127.20308,36.45427],[127.20328,36.46498],[127.19475,36.46876],[127.19048,36.47947],[127.19482,36.48439],[127.19468,36.48959],[127.18831,36.49262],[127.17683,36.49248],[127.17324,36.49744],[127.17856,36.50258],[127.16999,36.50904],[127.17353,36.51491],[127.18207,36.52077],[127.17522,36.52999],[127.17267,36.53614],[127.17424,36.54219],[127.17896,36.54556],[127.18504,36.54366],[127.19183,36.54603],[127.18611,36.55232],[127.18927,36.55472],[127.19379,36.56481],[127.2031,36.56744],[127.20639,36.57479],[127.20739,36.57626],[127.20567,36.58077],[127.2004,36.58257],[127.19447,36.58066],[127.18926,36.58684],[127.19135,36.59394],[127.18432,36.5912],[127.17866,36.59668],[127.17831,36.59596],[127.17349,36.59603],[127.16272,36.60438],[127.15588,36.60601],[127.15599,36.61515],[127.15043,36.61975],[127.14492,36.63507],[127.14059,36.63674],[127.1413,36.64113],[127.13108,36.64565],[127.12763,36.65335],[127.1129,36.65723],[127.11151,36.65818],[127.10866,36.65884],[127.10053,36.65425],[127.09394,36.65409],[127.09315,36.64871],[127.08792,36.64191],[127.08289,36.6419],[127.08004,36.64175],[127.07425,36.64118],[127.06456,36.6462],[127.058,36.64583],[127.05408,36.65122],[127.04315,36.6516],[127.03992,36.6547],[127.02529,36.65609],[127.02041,36.65014],[127.00939,36.65628],[127.00272,36.65125],[126.99975,36.65211],[126.99839,36.65185],[126.99323,36.64867],[126.9781,36.65363],[126.97861,36.66091],[126.97048,36.67073],[126.96767,36.67925]]]},"properties":{"SIGUNGU_CD":"34020","SIGUNGU_NM":"공주시","BASE_DATE":"20250630"}},
{"type":"Feature","geometry":{"type":"MultiPolygon","coordinates":[[[[126.05784,36.20995],[126.05342,36.20499],[126.05422,36.19897],[126.05925,36.19912],[126.05521,36.2064],[126.05784,36.20995]]],[[[126.02535,36.22661],[126.02262,36.22453],[126.02492,36.2188],[126.03569,36.21028],[126.03793,36.21413],[126.03165,36.21554],[126.03406,36.219],[126.02776,36.22078],[126.02535,36.22661]]],[[[126.09222,36.23401],[126.08976,36.23782],[126.08533,36.23097],[126.07743,36.23559],[126.07445,36.22821],[126.07103,36.22861],[126.06732,36.22334],[126.07684,36.21988],[126.07802,36.22606],[126.0864,36.22466],[126.09654,36.22601],[126.09222,36.23401]]],[[[125.96635,36.23951],[125.95772,36.22988],[125.96546,36.22732],[125.97006,36.23543],[125.96635,36.23951]]],[[[126.05675,36.24241],[126.05822,36.24037],[126.04823,36.24135],[126.05064,36.2387],[126.06042,36.23771],[126.05675,36.24241]]],[[[126.27786,36.25166],[126.28316,36.2439],[126.28632,36.24895],[126.27786,36.25166]]],[[[126.27167,36.28061],[126.26079,36.27632],[126.26073,36.26695],[126.2663,36.26521],[126.27167,36.28061]]],[[[126.19771,36.2866],[126.19296,36.283],[126.20083,36.28303],[126.20365,36.28562],[126.19771,36.2866]]],[[[126.26629,36.3043],[126.25887,36.3041],[126.25543,36.30011],[126.25906,36.29815],[126.25517,36.29447],[126.25053,36.29489],[126.254,36.28762],[126.26764,36.29287],[126.26599,36.29751],[126.27013,36.30283],[126.26629,36.3043]]],[[[126.25259,36.31187],[126.24955,36.3103],[126.25672,36.30727],[126.25259,36.31187]]],[[[126.34794,36.31515],[126.34694,36.30902],[126.35569,36.30919],[126.3539,36.31531],[126.34794,36.31515]]],[[[126.35589,36.35593],[126.34884,36.34141],[126.34508,36.34061],[126.33964,36.32924],[126.34373,36.32674],[126.34907,36.33107],[126.36096,36.32583],[126.36232,36.33177],[126.37033,36.33589],[126.36083,36.34202],[126.36416,36.35133],[126.35589,36.35593]]],[[[126.42561,36.38496],[126.4204,36.38481],[126.41241,36.37998],[126.41762,36.372],[126.40906,36.37262],[126.40693,36.37652],[126.40105,36.37612],[126.39805,36.38144],[126.38587,36.37955],[126.38414,36.3679],[126.38694,36.36629],[126.39606,36.3685],[126.43536,36.36094],[126.44238,36.35882],[126.44525,36.35534],[126.45483,36.35645],[126.45876,36.3543],[126.45815,36.36274],[126.45355,36.36057],[126.44523,36.36417],[126.43941,36.36353],[126.43088,36.36901],[126.43882,36.37252],[126.43813,36.37583],[126.43133,36.37802],[126.43332,36.38431],[126.42561,36.38496]]],[[[126.44455,36.3901],[126.43913,36.38716],[126.44044,36.37904],[126.45437,36.37833],[126.4473,36.38459],[126.44455,36.3901]]],[[[126.36577,36.39302],[126.36327,36.39343],[126.36097,36.38606],[126.36195,36.38002],[126.36613,36.37916],[126.3668,36.38691],[126.3709,36.3901],[126.36577,36.39302]]],[[[126.43682,36.40132],[126.42974,36.3972],[126.43761,36.39892],[126.43682,36.40132]]],[[[126.34911,36.40555],[126.342,36.39945],[126.33797,36.40034],[126.33245,36.39311],[126.33303,36.38723],[126.33703,36.38429],[126.33855,36.39327],[126.34326,36.39661],[126.35071,36.39685],[126.35569,36.39965],[126.34911,36.40555]]],[[[126.56439,36.50839],[126.5597,36.50498],[126.54055,36.50397],[126.52402,36.51959],[126.51121,36.51937],[126.50452,36.52479],[126.49408,36.51677],[126.49139,36.50837],[126.48426,36.51002],[126.48361,36.51436],[126.48394,36.5076],[126.47945,36.48853],[126.48104,36.47773],[126.49003,36.46828],[126.48636,36.46601],[126.48873,36.4582],[126.4867,36.45357],[126.50024,36.44486],[126.49636,36.43862],[126.49662,36.43391],[126.50075,36.43259],[126.51011,36.43925],[126.52545,36.4468],[126.53161,36.44096],[126.52217,36.44066],[126.51043,36.43301],[126.50592,36.42765],[126.4972,36.42678],[126.49743,36.41932],[126.49181,36.42135],[126.48822,36.41378],[126.48456,36.39332],[126.47955,36.385],[126.48541,36.38187],[126.49945,36.38248],[126.50108,36.37985],[126.50901,36.38117],[126.51601,36.37486],[126.54576,36.35504],[126.55983,36.35316],[126.56014,36.35083],[126.55046,36.34693],[126.54263,36.33882],[126.52822,36.33564],[126.52086,36.33558],[126.51616,36.33232],[126.51507,36.32752],[126.50484,36.32871],[126.505,36.32233],[126.51146,36.31354],[126.51809,36.30154],[126.52855,36.29563],[126.5478,36.26683],[126.54759,36.26232],[126.54007,36.26081],[126.53503,36.24359],[126.53039,36.23783],[126.52949,36.21994],[126.53334,36.21599],[126.53758,36.20526],[126.5341,36.19849],[126.52506,36.18755],[126.52554,36.18734],[126.56398,36.19186],[126.57096,36.18875],[126.58009,36.17765],[126.59417,36.17452],[126.59941,36.17537],[126.60899,36.17192],[126.61949,36.17501],[126.62885,36.1734],[126.63194,36.1761],[126.63923,36.17616],[126.65257,36.18087],[126.65801,36.18085],[126.66693,36.17602],[126.68083,36.1824],[126.68356,36.18757],[126.69205,36.19009],[126.6992,36.20271],[126.6981,36.20478],[126.71374,36.2144],[126.71556,36.21853],[126.71504,36.22889],[126.7182,36.23458],[126.7254,36.23785],[126.73155,36.23704],[126.73555,36.24308],[126.73872,36.25401],[126.72765,36.25747],[126.7201,36.25518],[126.71854,36.25857],[126.70387,36.26641],[126.69421,36.26887],[126.69662,36.27554],[126.69234,36.28049],[126.69673,36.2834],[126.6873,36.29113],[126.69276,36.30164],[126.68257,36.30826],[126.68008,36.31557],[126.68419,36.32233],[126.67873,36.32775],[126.67845,36.33164],[126.68404,36.33115],[126.68982,36.33534],[126.69566,36.33439],[126.6998,36.34364],[126.69978,36.34859],[126.70412,36.35056],[126.70262,36.36156],[126.70503,36.3665],[126.72445,36.37116],[126.72469,36.37456],[126.72482,36.37489],[126.72215,36.37736],[126.71959,36.38042],[126.71516,36.38303],[126.71137,36.38819],[126.71567,36.39368],[126.7098,36.39634],[126.70559,36.40467],[126.69129,36.41046],[126.69153,36.42094],[126.68905,36.42665],[126.69164,36.42861],[126.68395,36.4362],[126.68878,36.44545],[126.67685,36.45084],[126.67193,36.4616],[126.66492,36.46265],[126.65836,36.45973],[126.65444,36.46676],[126.63421,36.46662],[126.63117,36.47659],[126.62308,36.47704],[126.61547,36.48422],[126.61476,36.48456],[126.61348,36.48109],[126.60288,36.47333],[126.58774,36.46848],[126.57569,36.47337],[126.56864,36.47256],[126.56715,36.46501],[126.56901,36.46123],[126.56535,36.45774],[126.56554,36.45207],[126.55913,36.45057],[126.55269,36.45268],[126.55757,36.46349],[126.54991,36.4655],[126.54807,36.45902],[126.5526,36.45253],[126.54482,36.44856],[126.54118,36.45043],[126.53715,36.44583],[126.53949,36.44382],[126.53315,36.44037],[126.52637,36.44663],[126.5247,36.45157],[126.52888,36.45744],[126.53414,36.45959],[126.54402,36.47189],[126.55208,36.47288],[126.56109,36.47811],[126.56085,36.48405],[126.5738,36.48346],[126.58466,36.47924],[126.58958,36.47516],[126.59935,36.47668],[126.59898,36.47886],[126.60189,36.48853],[126.59751,36.49293],[126.59332,36.50639],[126.59072,36.50863],[126.57518,36.50319],[126.57299,36.50283],[126.56609,36.50247],[126.56571,36.50819],[126.56439,36.50839]]]]},"properties":{"SIGUNGU_CD":"34030","SIGUNGU_NM":"보령시","BASE_DATE":"20250630"}},
{"type":"Feature","geometry":{"type":"Polygon","coordinates":[[[127.07155,36.94068],[127.06836,36.94026],[127.06549,36.94193],[127.0585,36.9374],[127.04758,36.93322],[127.03738,36.93233],[127.03345,36.92873],[127.0258,36.92875],[127.02083,36.9346],[127.01502,36.93542],[127.00263,36.93363],[126.99518,36.93536],[126.98555,36.93249],[126.97375,36.92586],[126.93963,36.91733],[126.91674,36.90621],[126.90961,36.90159],[126.91139,36.89362],[126.90357,36.88811],[126.88407,36.887],[126.86188,36.88007],[126.84492,36.88434],[126.83655,36.84231],[126.83691,36.83123],[126.84826,36.81691],[126.8579,36.80056],[126.85906,36.79404],[126.85649,36.78944],[126.83678,36.7873],[126.83331,36.78373],[126.83222,36.77603],[126.8328,36.76068],[126.83798,36.76063],[126.83795,36.75395],[126.85903,36.74659],[126.85678,36.7441],[126.86371,36.73207],[126.87151,36.72798],[126.88663,36.73144],[126.89207,36.72448],[126.89872,36.72301],[126.89904,36.71703],[126.90543,36.70959],[126.90219,36.70227],[126.91107,36.70388],[126.92199,36.70075],[126.92839,36.70454],[126.94122,36.70145],[126.94998,36.70377],[126.95472,36.6989],[126.96954,36.69397],[126.97074,36.6928],[126.97234,36.69086],[126.96782,36.68659],[126.96767,36.67925],[126.97048,36.67073],[126.97861,36.66091],[126.9781,36.65363],[126.99323,36.64867],[126.99839,36.65185],[126.99975,36.65211],[127.00272,36.65125],[127.00939,36.65628],[127.00846,36.65824],[127.01542,36.66646],[127.01565,36.67243],[127.01995,36.67528],[127.02269,36.68138],[127.02947,36.6895],[127.03548,36.69153],[127.03891,36.69314],[127.0415,36.69545],[127.04911,36.70337],[127.05849,36.70835],[127.07229,36.70814],[127.07928,36.71011],[127.07956,36.71742],[127.08469,36.72236],[127.08117,36.73311],[127.08502,36.73852],[127.08669,36.74883],[127.09611,36.75144],[127.09839,36.75563],[127.09518,36.76013],[127.09835,36.76021],[127.10686,36.75971],[127.10933,36.75921],[127.11014,36.76054],[127.11799,36.76356],[127.11836,36.76797],[127.11796,36.77983],[127.11439,36.78116],[127.11313,36.78236],[127.11264,36.78272],[127.11283,36.78478],[127.11323,36.78635],[127.11104,36.79728],[127.10542,36.79976],[127.09973,36.79273],[127.09417,36.79726],[127.09673,36.80131],[127.09835,36.81195],[127.09664,36.81447],[127.1015,36.82195],[127.10087,36.83165],[127.10532,36.83786],[127.09825,36.8379],[127.1105,36.85411],[127.10964,36.85677],[127.10275,36.86152],[127.08742,36.86186],[127.08869,36.86604],[127.08631,36.87584],[127.09104,36.88226],[127.08815,36.88972],[127.09295,36.89361],[127.0848,36.90404],[127.09408,36.91111],[127.09311,36.91372],[127.09203,36.91478],[127.0875,36.92427],[127.07446,36.93753],[127.07359,36.93896],[127.07277,36.94056],[127.07155,36.94068]]]},"properties":{"SIGUNGU_CD":"34040","SIGUNGU_NM":"아산시","BASE_DATE":"20250630"}},
{"type":"Feature","geometry":{"type":"MultiPolygon","coordinates":[[[[126.32693,36.91482],[126.33168,36.911],[126.33348,36.90401],[126.34497,36.90114],[126.34591,36.90484],[126.33836,36.90907],[126.33546,36.91492],[126.32693,36.91482]]],[[[126.36133,36.93056],[126.37086,36.927],[126.36942,36.92272],[126.3735,36.91692],[126.38649,36.91951],[126.38785,36.92289],[126.37756,36.92904],[126.37205,36.92732],[126.36133,36.93056]]],[[[126.33793,36.9342],[126.33922,36.9288],[126.34361,36.92489],[126.33793,36.9342]]],[[[126.46334,37.00342],[126.45541,36.99967],[126.44978,37.0062],[126.43645,37.00789],[126.43758,37.01046],[126.42584,37.01521],[126.41255,37.01473],[126.40635,37.0183],[126.39813,37.01699],[126.39817,37.01185],[126.38563,37.011],[126.36159,37.00658],[126.35682,37.01151],[126.35221,37.00464],[126.33228,36.99675],[126.32905,37.00001],[126.32652,36.99615],[126.33115,36.98491],[126.33992,36.98533],[126.35629,36.98017],[126.36153,36.98292],[126.36527,36.97885],[126.37054,36.98259],[126.38024,36.98138],[126.37576,36.97432],[126.38647,36.97364],[126.38652,36.96745],[126.37689,36.96852],[126.37045,36.96028],[126.3626,36.96877],[126.3512,36.96871],[126.34792,36.96685],[126.33664,36.96929],[126.33322,36.96197],[126.33583,36.95992],[126.34921,36.96184],[126.35099,36.95253],[126.35864,36.95298],[126.36197,36.94974],[126.35672,36.9412],[126.35996,36.93881],[126.36822,36.947],[126.38094,36.9458],[126.38114,36.93813],[126.39057,36.92964],[126.39603,36.93546],[126.40497,36.9324],[126.40859,36.93604],[126.4162,36.93133],[126.41948,36.93636],[126.42119,36.92723],[126.4141,36.9194],[126.40525,36.91889],[126.41233,36.91295],[126.40931,36.90824],[126.41658,36.90653],[126.42692,36.90683],[126.43236,36.90299],[126.43108,36.89869],[126.42074,36.8975],[126.41464,36.89384],[126.40495,36.89756],[126.40365,36.89081],[126.39624,36.89307],[126.39502,36.88737],[126.39131,36.88949],[126.38678,36.88972],[126.38392,36.89321],[126.38132,36.89183],[126.38514,36.88857],[126.39109,36.88947],[126.39974,36.88391],[126.39695,36.88048],[126.37546,36.88204],[126.37487,36.8793],[126.36449,36.87653],[126.37188,36.86807],[126.37041,36.85757],[126.36603,36.85635],[126.36318,36.85072],[126.35601,36.84876],[126.35992,36.8398],[126.36593,36.83407],[126.36533,36.82975],[126.35639,36.83189],[126.35177,36.83541],[126.34819,36.84415],[126.34221,36.84878],[126.3461,36.8593],[126.3312,36.86305],[126.32468,36.85666],[126.32478,36.84795],[126.3156,36.84203],[126.32355,36.83681],[126.32745,36.83662],[126.32658,36.8273],[126.33745,36.81791],[126.33498,36.81501],[126.35126,36.79695],[126.35522,36.78874],[126.34832,36.77826],[126.35058,36.76737],[126.34829,36.76269],[126.34866,36.7544],[126.34608,36.75492],[126.34337,36.74659],[126.33712,36.74391],[126.33897,36.73987],[126.34289,36.7421],[126.34617,36.73071],[126.3468,36.71454],[126.34523,36.7126],[126.34731,36.68024],[126.35152,36.65965],[126.36019,36.62489],[126.37508,36.62387],[126.38587,36.61942],[126.39848,36.61899],[126.4147,36.61487],[126.41631,36.60963],[126.41332,36.60555],[126.42337,36.60613],[126.44067,36.60034],[126.45274,36.61536],[126.45302,36.62578],[126.49729,36.63127],[126.50566,36.63486],[126.51138,36.63069],[126.51679,36.63338],[126.51931,36.63509],[126.51836,36.63821],[126.52412,36.63889],[126.53429,36.64593],[126.54119,36.64475],[126.54561,36.64021],[126.5616,36.64452],[126.5656,36.64968],[126.57084,36.64864],[126.57961,36.65487],[126.58144,36.66433],[126.58898,36.6635],[126.59504,36.6682],[126.5991,36.67868],[126.59626,36.68538],[126.60034,36.69045],[126.60019,36.69686],[126.60485,36.69848],[126.6096,36.7043],[126.60227,36.72003],[126.60911,36.72912],[126.60881,36.73296],[126.62486,36.73357],[126.63316,36.74064],[126.63315,36.75785],[126.63729,36.75839],[126.64284,36.75303],[126.65316,36.7505],[126.65276,36.75662],[126.64775,36.75933],[126.6513,36.76648],[126.64916,36.77007],[126.65362,36.77491],[126.65348,36.77502],[126.64781,36.78746],[126.63593,36.80486],[126.63136,36.80696],[126.63194,36.81231],[126.62651,36.81442],[126.61737,36.8122],[126.60708,36.81695],[126.60301,36.81645],[126.59792,36.82038],[126.59868,36.83049],[126.59257,36.83282],[126.59213,36.83636],[126.5919,36.83744],[126.59094,36.83793],[126.58337,36.83374],[126.57964,36.82676],[126.57434,36.82526],[126.56663,36.82888],[126.5551,36.82474],[126.54334,36.82524],[126.53794,36.82758],[126.52898,36.82594],[126.52323,36.83105],[126.52348,36.83458],[126.51802,36.83555],[126.51539,36.84373],[126.51031,36.84689],[126.51531,36.85118],[126.51001,36.85608],[126.50931,36.87065],[126.49841,36.87091],[126.48384,36.87548],[126.47408,36.88094],[126.47427,36.89479],[126.47724,36.90405],[126.48958,36.93583],[126.49016,36.94303],[126.48083,36.97849],[126.46334,37.00342]]]]},"properties":{"SIGUNGU_CD":"34050","SIGUNGU_NM":"서산시","BASE_DATE":"20250630"}},
{"type":"Feature","geometry":{"type":"Polygon","coordinates":[[[127.1385,36.3102],[127.13049,36.31829],[127.12983,36.32123],[127.12085,36.31839],[127.11519,36.33007],[127.10757,36.33994],[127.10096,36.33082],[127.08871,36.31763],[127.08425,36.31653],[127.08384,36.31167],[127.07783,36.29633],[127.07095,36.29518],[127.06511,36.28626],[127.06579,36.27805],[127.06639,36.27586],[127.07009,36.27237],[127.06911,36.26377],[127.06488,36.25744],[127.0638,36.25588],[127.05766,36.25505],[127.05267,36.25129],[127.04114,36.24735],[127.03992,36.24631],[127.03877,36.24027],[127.03362,36.238],[127.02733,36.22916],[127.02416,36.21924],[127.01457,36.21156],[127.01065,36.21292],[127.00533,36.21019],[127.00425,36.21583],[126.99467,36.21467],[126.99109,36.20988],[126.98544,36.20821],[126.98407,36.20671],[126.98498,36.19421],[126.98909,36.1826],[126.99705,36.17722],[127.00268,36.16885],[126.99758,36.15877],[127.00029,36.1514],[127.00638,36.15094],[127.00671,36.1499],[127.00586,36.14721],[127.01385,36.14688],[127.01544,36.14876],[127.02041,36.13824],[127.02344,36.13665],[127.03969,36.13827],[127.04252,36.14648],[127.04581,36.13774],[127.04476,36.13446],[127.05013,36.13416],[127.05611,36.12678],[127.06301,36.12522],[127.06106,36.11719],[127.05725,36.11604],[127.05781,36.10705],[127.06105,36.10548],[127.06045,36.09391],[127.07627,36.08443],[127.08226,36.07776],[127.09038,36.0718],[127.10203,36.07578],[127.11812,36.06712],[127.12205,36.06303],[127.1306,36.06588],[127.13212,36.06686],[127.1347,36.0761],[127.13377,36.08149],[127.13844,36.08719],[127.14012,36.08805],[127.1512,36.09004],[127.1574,36.08371],[127.16874,36.08397],[127.17868,36.09423],[127.1836,36.09431],[127.19038,36.08802],[127.19804,36.08579],[127.20223,36.08846],[127.20591,36.10059],[127.21029,36.10045],[127.21202,36.10065],[127.21296,36.09956],[127.22203,36.09692],[127.22592,36.09914],[127.2318,36.0966],[127.24269,36.08499],[127.2487,36.08307],[127.25472,36.08744],[127.24605,36.09641],[127.24619,36.10479],[127.25035,36.10737],[127.25213,36.11317],[127.2581,36.11526],[127.26431,36.10893],[127.2734,36.10728],[127.28528,36.11216],[127.29394,36.11307],[127.29707,36.12273],[127.3054,36.1258],[127.30908,36.1217],[127.31855,36.11973],[127.32291,36.12918],[127.32234,36.1316],[127.32317,36.13395],[127.32292,36.13725],[127.32318,36.14578],[127.32051,36.15214],[127.31908,36.16425],[127.32025,36.17056],[127.32719,36.17575],[127.3317,36.18406],[127.33195,36.18796],[127.32981,36.19418],[127.33357,36.19982],[127.32814,36.20408],[127.32395,36.20316],[127.32155,36.21295],[127.31446,36.22241],[127.30639,36.22616],[127.29826,36.22132],[127.29357,36.22312],[127.2923,36.2298],[127.28325,36.23689],[127.2803,36.24435],[127.28139,36.24557],[127.28023,36.24527],[127.27843,36.24553],[127.27457,36.24558],[127.27273,36.24263],[127.2659,36.24208],[127.26385,36.23776],[127.25787,36.23427],[127.24634,36.23176],[127.24103,36.2361],[127.23635,36.25553],[127.22816,36.25514],[127.22787,36.25714],[127.22678,36.25829],[127.22125,36.2622],[127.21039,36.25671],[127.20944,36.25294],[127.20163,36.25111],[127.20002,36.25798],[127.19635,36.2605],[127.19972,36.27032],[127.1975,36.27922],[127.20196,36.28562],[127.20147,36.29422],[127.20562,36.30163],[127.20258,36.32344],[127.1983,36.32753],[127.19836,36.33195],[127.19637,36.33466],[127.17929,36.33064],[127.17749,36.32761],[127.17078,36.3266],[127.16501,36.32247],[127.15862,36.32286],[127.15828,36.31646],[127.14748,36.31151],[127.14309,36.30605],[127.1385,36.3102]]]},"properties":{"SIGUNGU_CD":"34060","SIGUNGU_NM":"논산시","BASE_DATE":"20250630"}},
{"type":"Feature","geometry":{"type":"Polygon","coordinates":[[[127.21867,36.35012],[127.2175,36.35025],[127.2122,36.34949],[127.20399,36.34604],[127.20585,36.34322],[127.19684,36.3353],[127.19836,36.33195],[127.1983,36.32753],[127.20258,36.32344],[127.20562,36.30163],[127.20147,36.29422],[127.20196,36.28562],[127.1975,36.27922],[127.19972,36.27032],[127.19635,36.2605],[127.20002,36.25798],[127.20163,36.25111],[127.20944,36.25294],[127.21039,36.25671],[127.22125,36.2622],[127.22678,36.25829],[127.22787,36.25714],[127.22816,36.25514],[127.23635,36.25553],[127.24103,36.2361],[127.24634,36.23176],[127.25787,36.23427],[127.26385,36.23776],[127.2659,36.24208],[127.27273,36.24263],[127.27457,36.24558],[127.27843,36.24553],[127.28023,36.24527],[127.28139,36.24557],[127.28092,36.24671],[127.27958,36.25233],[127.27915,36.25311],[127.28455,36.25989],[127.29187,36.26355],[127.29113,36.26541],[127.28776,36.26549],[127.27964,36.26589],[127.26535,36.27436],[127.25877,36.27605],[127.25482,36.28004],[127.24665,36.29096],[127.25118,36.29568],[127.25985,36.29565],[127.25842,36.30351],[127.25842,36.31764],[127.25977,36.32725],[127.25888,36.32745],[127.25657,36.3286],[127.25511,36.32975],[127.25379,36.33684],[127.24169,36.33906],[127.24046,36.3468],[127.22239,36.35009],[127.21867,36.35012]]]},"properties":{"SIGUNGU_CD":"34070","SIGUNGU_NM":"계룡시","BASE_DATE":"20250630"}},
{"type":"Feature","geometry":{"type":"MultiPolygon","coordinates":[[[[126.80958,36.9402],[126.81218,36.94436],[126.80833,36.94937],[126.80451,36.94642],[126.80958,36.9402]]],[[[126.82914,36.94754],[126.83375,36.95137],[126.82425,36.96469],[126.82099,36.95912],[126.82914,36.94754]]],[[[126.4244,37.02639],[126.42263,37.02405],[126.4286,37.0204],[126.43234,37.02249],[126.4244,37.02639]]],[[[126.45323,37.0418],[126.44094,37.03865],[126.44052,37.0363],[126.45392,37.03272],[126.45681,37.03826],[126.45323,37.0418]]],[[[126.84492,36.88434],[126.82826,36.88817],[126.81845,36.89618],[126.81448,36.90561],[126.81524,36.91007],[126.81291,36.92285],[126.80681,36.93103],[126.80189,36.92486],[126.79218,36.93587],[126.79328,36.94485],[126.77971,36.96675],[126.78372,36.97427],[126.7748,36.97861],[126.75,36.9871],[126.74161,36.98501],[126.73879,36.98767],[126.71811,36.99236],[126.70467,36.99937],[126.68092,36.99843],[126.64427,36.99955],[126.6331,37.00166],[126.58098,37.02364],[126.57482,37.02375],[126.57129,37.02725],[126.56236,37.02894],[126.55922,37.03489],[126.54602,37.03408],[126.52952,37.04249],[126.52675,37.05191],[126.51936,37.05649],[126.51915,37.05943],[126.49831,37.06493],[126.49649,37.06026],[126.48906,37.05952],[126.473,37.03486],[126.46886,37.03057],[126.47107,37.0285],[126.46019,37.02005],[126.47039,37.00828],[126.46334,37.00342],[126.48083,36.97849],[126.49016,36.94303],[126.48958,36.93583],[126.47724,36.90405],[126.47427,36.89479],[126.47408,36.88094],[126.48384,36.87548],[126.49841,36.87091],[126.50931,36.87065],[126.51001,36.85608],[126.51531,36.85118],[126.51031,36.84689],[126.51539,36.84373],[126.51802,36.83555],[126.52348,36.83458],[126.52323,36.83105],[126.52898,36.82594],[126.53794,36.82758],[126.54334,36.82524],[126.5551,36.82474],[126.56663,36.82888],[126.57434,36.82526],[126.57964,36.82676],[126.58337,36.83374],[126.59094,36.83793],[126.5919,36.83744],[126.59213,36.83636],[126.59257,36.83282],[126.59868,36.83049],[126.59792,36.82038],[126.60301,36.81645],[126.60708,36.81695],[126.61737,36.8122],[126.62651,36.81442],[126.63194,36.81231],[126.63136,36.80696],[126.63593,36.80486],[126.64781,36.78746],[126.65348,36.77502],[126.6555,36.77542],[126.66254,36.77011],[126.66725,36.7741],[126.66898,36.78063],[126.67418,36.78307],[126.67548,36.78312],[126.68303,36.78142],[126.69405,36.7849],[126.69745,36.79305],[126.69625,36.80052],[126.70442,36.80086],[126.71132,36.80356],[126.71354,36.80352],[126.72365,36.7989],[126.72552,36.79736],[126.7365,36.78603],[126.73727,36.78048],[126.74354,36.77796],[126.74743,36.76689],[126.75912,36.76329],[126.7678,36.75636],[126.77202,36.7508],[126.78697,36.76401],[126.79419,36.76773],[126.80202,36.76812],[126.7989,36.77386],[126.80211,36.77542],[126.81039,36.77005],[126.81265,36.77282],[126.82486,36.77734],[126.8146,36.78543],[126.81476,36.78598],[126.82335,36.78385],[126.83524,36.78617],[126.83678,36.7873],[126.85649,36.78944],[126.85906,36.79404],[126.8579,36.80056],[126.84826,36.81691],[126.83691,36.83123],[126.83655,36.84231],[126.84492,36.88434]]],[[[126.42687,37.06476],[126.41903,37.06394],[126.41724,37.05914],[126.42229,37.05492],[126.42156,37.04111],[126.42859,37.04038],[126.43353,37.04346],[126.43843,37.04223],[126.44378,37.04493],[126.44969,37.04379],[126.44959,37.04928],[126.44555,37.0507],[126.45007,37.05363],[126.44531,37.06028],[126.44092,37.06257],[126.43949,37.0583],[126.4319,37.05781],[126.42687,37.06476]]]]},"properties":{"SIGUNGU_CD":"34080","SIGUNGU_NM":"당진시","BASE_DATE":"20250630"}},
{"type":"Feature","geometry":{"type":"Polygon","coordinates":[[[127.42029,36.20795],[127.408,36.21289],[127.41063,36.21755],[127.40248,36.22589],[127.40071,36.23316],[127.39662,36.23212],[127.38734,36.23415],[127.39086,36.24276],[127.38641,36.25067],[127.39026,36.26227],[127.38333,36.26859],[127.37246,36.27218],[127.36367,36.26979],[127.3595,36.26259],[127.36002,36.25381],[127.36416,36.25156],[127.3634,36.2323],[127.36011,36.22668],[127.3642,36.2189],[127.35943,36.21392],[127.35297,36.21184],[127.34687,36.20413],[127.34759,36.19757],[127.34174,36.19251],[127.34073,36.18891],[127.33947,36.18905],[127.33815,36.18909],[127.33758,36.18561],[127.3317,36.18406],[127.32719,36.17575],[127.32025,36.17056],[127.31908,36.16425],[127.32051,36.15214],[127.32318,36.14578],[127.32292,36.13725],[127.32317,36.13395],[127.32234,36.1316],[127.32316,36.12992],[127.33848,36.1305],[127.34441,36.11786],[127.35051,36.1164],[127.35492,36.10834],[127.35033,36.1048],[127.34769,36.09827],[127.34948,36.09512],[127.36006,36.08938],[127.35695,36.08155],[127.36173,36.07617],[127.35925,36.07138],[127.36403,36.06825],[127.36056,36.06151],[127.36083,36.05363],[127.37206,36.04372],[127.37354,36.03452],[127.37823,36.03062],[127.3763,36.02375],[127.37764,36.02277],[127.39185,36.01703],[127.40122,36.00874],[127.40732,36.01422],[127.41341,36.01516],[127.41959,36.0227],[127.43456,36.0295],[127.43676,36.02301],[127.43519,36.01463],[127.43536,36.01357],[127.43688,36.0106],[127.43784,36.00895],[127.44359,36.00806],[127.44812,35.99892],[127.44861,35.99315],[127.45675,35.98328],[127.46393,35.98394],[127.46837,35.98809],[127.47457,35.9815],[127.48773,35.97826],[127.49441,35.98618],[127.49934,35.98738],[127.50671,35.97961],[127.51339,35.98322],[127.51685,35.98304],[127.5236,35.98553],[127.52494,35.98555],[127.53364,35.99201],[127.53666,35.99645],[127.53216,36.00752],[127.5387,36.01055],[127.5361,36.02107],[127.53884,36.02588],[127.53688,36.03259],[127.532,36.03457],[127.53142,36.04084],[127.54098,36.03812],[127.54778,36.03821],[127.5522,36.03277],[127.55903,36.03344],[127.56776,36.03047],[127.57453,36.0233],[127.58256,36.02723],[127.59124,36.02515],[127.59206,36.02051],[127.5963,36.01901],[127.60007,36.01194],[127.60659,36.01191],[127.60664,36.00804],[127.61274,36.00045],[127.61415,36.0008],[127.61866,36.00798],[127.61644,36.01906],[127.61097,36.0223],[127.61134,36.02588],[127.62294,36.02464],[127.63009,36.03243],[127.63533,36.02868],[127.63975,36.03225],[127.63192,36.03635],[127.63142,36.04107],[127.62735,36.04263],[127.6196,36.0406],[127.61863,36.0496],[127.62055,36.06421],[127.62392,36.06727],[127.6383,36.06794],[127.63739,36.07035],[127.6342,36.07362],[127.63305,36.08089],[127.62334,36.09069],[127.61727,36.09358],[127.61717,36.10468],[127.6191,36.10889],[127.61335,36.11159],[127.61009,36.11861],[127.60599,36.11679],[127.59256,36.1301],[127.59131,36.13248],[127.59026,36.1329],[127.58947,36.13514],[127.59044,36.14333],[127.59502,36.15262],[127.60166,36.16002],[127.60148,36.16905],[127.59306,36.17738],[127.59743,36.18433],[127.59748,36.18504],[127.59246,36.1952],[127.59966,36.20509],[127.59631,36.21188],[127.59802,36.21709],[127.58712,36.22486],[127.58358,36.2313],[127.57024,36.23352],[127.56369,36.22769],[127.54533,36.22551],[127.54986,36.23842],[127.54908,36.23973],[127.53792,36.24278],[127.53681,36.25086],[127.52385,36.24649],[127.51813,36.24064],[127.50498,36.23807],[127.49258,36.23795],[127.49254,36.23732],[127.48997,36.23348],[127.47786,36.22967],[127.47798,36.22687],[127.47683,36.226],[127.47036,36.22351],[127.46792,36.22304],[127.46759,36.21985],[127.46779,36.21807],[127.46963,36.21524],[127.46892,36.21456],[127.46028,36.21292],[127.45409,36.20659],[127.45588,36.20109],[127.44369,36.19475],[127.43353,36.19858],[127.42937,36.20521],[127.42273,36.20729],[127.42029,36.20795]]]},"properties":{"SIGUNGU_CD":"34510","SIGUNGU_NM":"금산군","BASE_DATE":"20250630"}},
{"type":"Feature","geometry":{"type":"Polygon","coordinates":[[[126.85026,36.3849],[126.84865,36.38704],[126.83568,36.38386],[126.83049,36.38499],[126.8227,36.38139],[126.81923,36.37677],[126.80901,36.37613],[126.80286,36.36289],[126.79725,36.35489],[126.79089,36.35164],[126.78499,36.35689],[126.76646,36.35261],[126.75357,36.35561],[126.74807,36.36253],[126.74827,36.36606],[126.74129,36.36355],[126.73852,36.36646],[126.73858,36.37508],[126.73524,36.37853],[126.72486,36.37543],[126.72469,36.37456],[126.72445,36.37116],[126.70503,36.3665],[126.70262,36.36156],[126.70412,36.35056],[126.69978,36.34859],[126.6998,36.34364],[126.69566,36.33439],[126.68982,36.33534],[126.68404,36.33115],[126.67845,36.33164],[126.67873,36.32775],[126.68419,36.32233],[126.68008,36.31557],[126.68257,36.30826],[126.69276,36.30164],[126.6873,36.29113],[126.69673,36.2834],[126.69234,36.28049],[126.69662,36.27554],[126.69421,36.26887],[126.70387,36.26641],[126.71854,36.25857],[126.7201,36.25518],[126.72765,36.25747],[126.73872,36.25401],[126.73555,36.24308],[126.73155,36.23704],[126.7254,36.23785],[126.7182,36.23458],[126.71504,36.22889],[126.71556,36.21853],[126.71374,36.2144],[126.6981,36.20478],[126.6992,36.20271],[126.69205,36.19009],[126.70033,36.18266],[126.7005,36.17947],[126.71085,36.17599],[126.72092,36.17495],[126.72761,36.17607],[126.73442,36.18186],[126.74194,36.18337],[126.74579,36.18139],[126.75692,36.18119],[126.76341,36.18359],[126.76703,36.18158],[126.77826,36.18331],[126.79564,36.17919],[126.79785,36.17013],[126.79222,36.16769],[126.79556,36.15044],[126.79144,36.14217],[126.79374,36.13687],[126.80213,36.14129],[126.81615,36.13526],[126.83056,36.12155],[126.83983,36.11731],[126.84042,36.10565],[126.8366,36.09961],[126.842,36.07992],[126.84836,36.07453],[126.8529,36.07667],[126.85708,36.07205],[126.85776,36.07125],[126.86113,36.07438],[126.87109,36.07157],[126.87359,36.08683],[126.87381,36.11044],[126.87748,36.11714],[126.88221,36.13129],[126.8897,36.13962],[126.9008,36.1424],[126.91109,36.13657],[126.9147,36.13574],[126.91969,36.1363],[126.93081,36.14225],[126.93892,36.15077],[126.95663,36.15657],[126.96303,36.15628],[126.97719,36.14852],[126.99803,36.14685],[127.00534,36.15062],[127.00638,36.15094],[127.00029,36.1514],[126.99758,36.15877],[127.00268,36.16885],[126.99705,36.17722],[126.98909,36.1826],[126.98498,36.19421],[126.98407,36.20671],[126.98544,36.20821],[126.99109,36.20988],[126.99467,36.21467],[127.00425,36.21583],[127.00533,36.21019],[127.01065,36.21292],[127.01457,36.21156],[127.02416,36.21924],[127.02733,36.22916],[127.03362,36.238],[127.03877,36.24027],[127.03992,36.24631],[127.04114,36.24735],[127.05267,36.25129],[127.05766,36.25505],[127.0638,36.25588],[127.06488,36.25744],[127.06911,36.26377],[127.07009,36.27237],[127.06639,36.27586],[127.06591,36.27715],[127.06052,36.27789],[127.04782,36.28022],[127.03921,36.28356],[127.03547,36.28136],[127.02772,36.28184],[127.02314,36.28737],[127.012,36.29545],[127.00369,36.29836],[127.0004,36.29657],[126.99142,36.3009],[126.99138,36.30171],[126.9917,36.30255],[126.98713,36.30599],[126.98856,36.31794],[126.99286,36.31912],[126.99416,36.32619],[126.99776,36.32841],[126.99046,36.32962],[126.99021,36.3358],[126.98397,36.33736],[126.9773,36.33515],[126.97689,36.33485],[126.96032,36.33245],[126.95741,36.32806],[126.92681,36.3145],[126.91471,36.32041],[126.91305,36.32676],[126.89922,36.32628],[126.89953,36.33142],[126.89308,36.32252],[126.88466,36.32546],[126.86265,36.32158],[126.86133,36.3222],[126.86162,36.3238],[126.86087,36.3252],[126.85866,36.32631],[126.85546,36.33134],[126.8597,36.33574],[126.85985,36.34335],[126.85362,36.34661],[126.84808,36.35541],[126.84053,36.35659],[126.84471,36.3616],[126.84362,36.36496],[126.83459,36.364],[126.83198,36.3766],[126.84433,36.37461],[126.85026,36.3849]]]},"properties":{"SIGUNGU_CD":"34530","SIGUNGU_NM":"부여군","BASE_DATE":"20250630"}},
{"type":"Feature","geometry":{"type":"MultiPolygon","coordinates":[[[[126.6053,36.00043],[126.60033,35.99484],[126.60054,35.99109],[126.52398,35.98844],[126.56167,35.98946],[126.60067,35.99102],[126.60993,35.99445],[126.6053,36.00043]]],[[[126.62445,36.00714],[126.62679,36.00062],[126.63239,36.00032],[126.62895,36.00639],[126.62445,36.00714]]],[[[126.58009,36.17765],[126.57096,36.18875],[126.56398,36.19186],[126.52488,36.18727],[126.52359,36.18205],[126.5264,36.17718],[126.52442,36.16621],[126.51658,36.15885],[126.50798,36.16045],[126.50172,36.15652],[126.49974,36.15932],[126.49253,36.16016],[126.49281,36.1372],[126.49425,36.13333],[126.50403,36.1293],[126.50103,36.14106],[126.50713,36.15038],[126.52397,36.15186],[126.5378,36.1484],[126.544,36.14496],[126.55497,36.13482],[126.55599,36.12844],[126.56294,36.13447],[126.56784,36.13495],[126.5678,36.13943],[126.57609,36.13865],[126.5832,36.1311],[126.59102,36.12903],[126.5995,36.11871],[126.60311,36.10984],[126.60453,36.11136],[126.60825,36.10275],[126.60596,36.09892],[126.61258,36.09501],[126.61675,36.10204],[126.62938,36.10014],[126.63243,36.09784],[126.63054,36.09179],[126.63644,36.09321],[126.64016,36.09071],[126.64466,36.09361],[126.64621,36.08922],[126.6326,36.08161],[126.62417,36.08447],[126.62421,36.08064],[126.62994,36.07848],[126.63229,36.07215],[126.63285,36.05515],[126.64372,36.05622],[126.65015,36.04676],[126.65838,36.04462],[126.66873,36.03124],[126.65941,36.02905],[126.66301,36.02623],[126.66384,36.01467],[126.66105,36.00928],[126.66861,36.00482],[126.67708,36.00902],[126.70272,36.00646],[126.72085,36.0006],[126.73021,36.00322],[126.73648,36.00043],[126.74385,36.01881],[126.74805,36.02575],[126.76166,36.02602],[126.76971,36.02964],[126.80277,36.03352],[126.80832,36.03574],[126.8211,36.04992],[126.84054,36.05296],[126.86386,36.06019],[126.86804,36.06241],[126.87082,36.0674],[126.87109,36.07157],[126.86113,36.07438],[126.85776,36.07125],[126.85708,36.07205],[126.8529,36.07667],[126.84836,36.07453],[126.842,36.07992],[126.8366,36.09961],[126.84042,36.10565],[126.83983,36.11731],[126.83056,36.12155],[126.81615,36.13526],[126.80213,36.14129],[126.79374,36.13687],[126.79144,36.14217],[126.79556,36.15044],[126.79222,36.16769],[126.79785,36.17013],[126.79564,36.17919],[126.77826,36.18331],[126.76703,36.18158],[126.76341,36.18359],[126.75692,36.18119],[126.74579,36.18139],[126.74194,36.18337],[126.73442,36.18186],[126.72761,36.17607],[126.72092,36.17495],[126.71085,36.17599],[126.7005,36.17947],[126.70033,36.18266],[126.69205,36.19009],[126.68356,36.18757],[126.68083,36.1824],[126.66693,36.17602],[126.65801,36.18085],[126.65257,36.18087],[126.63923,36.17616],[126.63194,36.1761],[126.62885,36.1734],[126.61949,36.17501],[126.60899,36.17192],[126.59941,36.17537],[126.59417,36.17452],[126.58009,36.17765]]]]},"properties":{"SIGUNGU_CD":"34540","SIGUNGU_NM":"서천군","BASE_DATE":"20250630"}},
{"type":"Feature","geometry":{"type":"Polygon","coordinates":[[[126.89319,36.55941],[126.87907,36.56548],[126.87222,36.56981],[126.85888,36.56895],[126.85358,36.57164],[126.84574,36.5696],[126.84098,36.56322],[126.83731,36.55362],[126.83171,36.54866],[126.83125,36.54294],[126.82524,36.52902],[126.82427,36.52879],[126.81383,36.53114],[126.80624,36.53001],[126.80514,36.52666],[126.79813,36.5309],[126.78498,36.53482],[126.78162,36.53271],[126.77896,36.53283],[126.7777,36.53208],[126.77188,36.53265],[126.76739,36.52248],[126.76978,36.51761],[126.76558,36.51186],[126.75651,36.50424],[126.75204,36.50437],[126.74322,36.4901],[126.74685,36.48461],[126.74306,36.48385],[126.73655,36.47234],[126.72946,36.47958],[126.71821,36.48203],[126.708,36.47811],[126.7008,36.47856],[126.69195,36.47119],[126.68363,36.46789],[126.67681,36.46268],[126.67544,36.46221],[126.67193,36.4616],[126.67685,36.45084],[126.68878,36.44545],[126.68395,36.4362],[126.69164,36.42861],[126.68905,36.42665],[126.69153,36.42094],[126.69129,36.41046],[126.70559,36.40467],[126.7098,36.39634],[126.71567,36.39368],[126.71137,36.38819],[126.71516,36.38303],[126.71959,36.38042],[126.72215,36.37736],[126.72482,36.37489],[126.72486,36.37543],[126.73524,36.37853],[126.73858,36.37508],[126.73852,36.36646],[126.74129,36.36355],[126.74827,36.36606],[126.74807,36.36253],[126.75357,36.35561],[126.76646,36.35261],[126.78499,36.35689],[126.79089,36.35164],[126.79725,36.35489],[126.80286,36.36289],[126.80901,36.37613],[126.81923,36.37677],[126.8227,36.38139],[126.83049,36.38499],[126.83568,36.38386],[126.84865,36.38704],[126.85026,36.3849],[126.84433,36.37461],[126.83198,36.3766],[126.83459,36.364],[126.84362,36.36496],[126.84471,36.3616],[126.84053,36.35659],[126.84808,36.35541],[126.85362,36.34661],[126.85985,36.34335],[126.8597,36.33574],[126.85546,36.33134],[126.85866,36.32631],[126.86087,36.3252],[126.86162,36.3238],[126.86133,36.3222],[126.86265,36.32158],[126.88466,36.32546],[126.89308,36.32252],[126.89953,36.33142],[126.89922,36.32628],[126.91305,36.32676],[126.91471,36.32041],[126.92681,36.3145],[126.95741,36.32806],[126.96032,36.33245],[126.97689,36.33485],[126.97864,36.33611],[126.98428,36.33857],[126.98926,36.34454],[126.98969,36.34568],[126.98749,36.34584],[126.98828,36.36644],[126.98925,36.36921],[126.99151,36.3745],[126.99266,36.37581],[126.99439,36.37684],[126.99761,36.37839],[127.0008,36.37957],[127.00637,36.38422],[127.02578,36.3971],[127.02823,36.40354],[127.02365,36.41011],[127.02279,36.41111],[127.02118,36.41225],[127.0206,36.41198],[127.01952,36.41224],[127.0155,36.41933],[127.02388,36.42424],[127.01785,36.43461],[127.02022,36.43854],[127.00698,36.43837],[127.01044,36.44592],[127.00663,36.44702],[127.00664,36.452],[127.00205,36.4516],[127.00119,36.45567],[126.99485,36.46136],[126.98006,36.4637],[126.97459,36.46689],[126.9668,36.46743],[126.96467,36.46461],[126.95824,36.46489],[126.95682,36.46866],[126.94059,36.46204],[126.93058,36.45451],[126.91546,36.45565],[126.91265,36.46586],[126.90106,36.47131],[126.89936,36.47677],[126.8935,36.47916],[126.89144,36.48671],[126.89182,36.49808],[126.89395,36.50361],[126.88357,36.5126],[126.89388,36.52663],[126.8884,36.53384],[126.88972,36.54143],[126.89939,36.55009],[126.8991,36.55905],[126.89784,36.55905],[126.89527,36.55949],[126.89319,36.55941]]]},"properties":{"SIGUNGU_CD":"34550","SIGUNGU_NM":"청양군","BASE_DATE":"20250630"}},
{"type":"Feature","geometry":{"type":"MultiPolygon","coordinates":[[[[126.44096,36.52147],[126.43917,36.51652],[126.44393,36.51642],[126.44096,36.52147]]],[[[126.74164,36.67223],[126.73885,36.6719],[126.72755,36.66842],[126.70861,36.67248],[126.70484,36.66599],[126.70761,36.66294],[126.69824,36.66323],[126.69223,36.65989],[126.68107,36.66168],[126.65942,36.65672],[126.65199,36.6498],[126.63888,36.64805],[126.62818,36.64955],[126.61889,36.63801],[126.62519,36.62888],[126.62663,36.61389],[126.62483,36.60964],[126.61587,36.6174],[126.61545,36.6235],[126.60625,36.62529],[126.60221,36.61889],[126.59674,36.62151],[126.58641,36.61775],[126.58532,36.61985],[126.58548,36.62624],[126.59037,36.64568],[126.59581,36.65274],[126.58898,36.6635],[126.58144,36.66433],[126.57961,36.65487],[126.57084,36.64864],[126.5656,36.64968],[126.5616,36.64452],[126.54561,36.64021],[126.54119,36.64475],[126.53429,36.64593],[126.52412,36.63889],[126.51836,36.63821],[126.51931,36.63509],[126.51679,36.63338],[126.51138,36.63069],[126.50566,36.63486],[126.49729,36.63127],[126.45302,36.62578],[126.45274,36.61536],[126.44067,36.60034],[126.45686,36.59487],[126.45515,36.59228],[126.4642,36.58332],[126.4674,36.56469],[126.47206,36.55879],[126.46424,36.54832],[126.46904,36.53928],[126.47669,36.53559],[126.4881,36.52651],[126.481,36.51572],[126.48361,36.51436],[126.48354,36.51686],[126.49127,36.52211],[126.50215,36.53187],[126.51766,36.52392],[126.53087,36.51962],[126.53756,36.51256],[126.54713,36.50733],[126.55588,36.50635],[126.56053,36.51091],[126.55806,36.51602],[126.55914,36.52426],[126.56165,36.50826],[126.56439,36.50839],[126.56571,36.50819],[126.56609,36.50247],[126.57299,36.50283],[126.57518,36.50319],[126.59072,36.50863],[126.59332,36.50639],[126.59751,36.49293],[126.60189,36.48853],[126.59898,36.47886],[126.61476,36.48456],[126.61547,36.48422],[126.62308,36.47704],[126.63117,36.47659],[126.63421,36.46662],[126.65444,36.46676],[126.65836,36.45973],[126.66492,36.46265],[126.67193,36.4616],[126.67544,36.46221],[126.67681,36.46268],[126.68363,36.46789],[126.69195,36.47119],[126.7008,36.47856],[126.708,36.47811],[126.71821,36.48203],[126.72946,36.47958],[126.73655,36.47234],[126.74306,36.48385],[126.74685,36.48461],[126.74322,36.4901],[126.75204,36.50437],[126.75651,36.50424],[126.76558,36.51186],[126.76978,36.51761],[126.76739,36.52248],[126.77188,36.53265],[126.76904,36.53643],[126.76584,36.53541],[126.7591,36.52737],[126.75419,36.52835],[126.74109,36.53705],[126.73902,36.54409],[126.7376,36.54611],[126.73774,36.5491],[126.74214,36.55572],[126.74834,36.55749],[126.74975,36.5653],[126.74698,36.57541],[126.74849,36.58049],[126.75574,36.58481],[126.76341,36.58659],[126.77242,36.59404],[126.77047,36.60213],[126.77254,36.60711],[126.77079,36.61651],[126.76831,36.61823],[126.76032,36.61866],[126.75602,36.62356],[126.75868,36.62663],[126.75721,36.6323],[126.7498,36.6353],[126.75185,36.64566],[126.74793,36.64813],[126.73689,36.64807],[126.7358,36.65957],[126.74367,36.66512],[126.74388,36.66689],[126.74164,36.67223]]]]},"properties":{"SIGUNGU_CD":"34560","SIGUNGU_NM":"홍성군","BASE_DATE":"20250630"}},
{"type":"Feature","geometry":{"type":"Polygon","coordinates":[[[126.71354,36.80352],[126.71132,36.80356],[126.70442,36.80086],[126.69625,36.80052],[126.69745,36.79305],[126.69405,36.7849],[126.68303,36.78142],[126.67548,36.78312],[126.67418,36.78307],[126.66898,36.78063],[126.66725,36.7741],[126.66254,36.77011],[126.6555,36.77542],[126.65362,36.77491],[126.64916,36.77007],[126.6513,36.76648],[126.64775,36.75933],[126.65276,36.75662],[126.65316,36.7505],[126.64284,36.75303],[126.63729,36.75839],[126.63315,36.75785],[126.63316,36.74064],[126.62486,36.73357],[126.60881,36.73296],[126.60911,36.72912],[126.60227,36.72003],[126.6096,36.7043],[126.60485,36.69848],[126.60019,36.69686],[126.60034,36.69045],[126.59626,36.68538],[126.5991,36.67868],[126.59504,36.6682],[126.58898,36.6635],[126.59581,36.65274],[126.59037,36.64568],[126.58548,36.62624],[126.58532,36.61985],[126.58641,36.61775],[126.59674,36.62151],[126.60221,36.61889],[126.60625,36.62529],[126.61545,36.6235],[126.61587,36.6174],[126.62483,36.60964],[126.62663,36.61389],[126.62519,36.62888],[126.61889,36.63801],[126.62818,36.64955],[126.63888,36.64805],[126.65199,36.6498],[126.65942,36.65672],[126.68107,36.66168],[126.69223,36.65989],[126.69824,36.66323],[126.70761,36.66294],[126.70484,36.66599],[126.70861,36.67248],[126.72755,36.66842],[126.73885,36.6719],[126.74164,36.67223],[126.74388,36.66689],[126.74367,36.66512],[126.7358,36.65957],[126.73689,36.64807],[126.74793,36.64813],[126.75185,36.64566],[126.7498,36.6353],[126.75721,36.6323],[126.75868,36.62663],[126.75602,36.62356],[126.76032,36.61866],[126.76831,36.61823],[126.77079,36.61651],[126.77254,36.60711],[126.77047,36.60213],[126.77242,36.59404],[126.76341,36.58659],[126.75574,36.58481],[126.74849,36.58049],[126.74698,36.57541],[126.74975,36.5653],[126.74834,36.55749],[126.74214,36.55572],[126.73774,36.5491],[126.7376,36.54611],[126.73902,36.54409],[126.74109,36.53705],[126.75419,36.52835],[126.7591,36.52737],[126.76584,36.53541],[126.76904,36.53643],[126.7777,36.53208],[126.77896,36.53283],[126.78162,36.53271],[126.78498,36.53482],[126.79813,36.5309],[126.80514,36.52666],[126.80624,36.53001],[126.81383,36.53114],[126.82427,36.52879],[126.82524,36.52902],[126.83125,36.54294],[126.83171,36.54866],[126.83731,36.55362],[126.84098,36.56322],[126.84574,36.5696],[126.85358,36.57164],[126.85888,36.56895],[126.87222,36.56981],[126.87907,36.56548],[126.89319,36.55941],[126.89527,36.55949],[126.89784,36.55905],[126.8992,36.5601],[126.90294,36.5607],[126.90665,36.56638],[126.91035,36.56691],[126.91143,36.57216],[126.92046,36.57749],[126.92482,36.58766],[126.93098,36.59174],[126.9274,36.59562],[126.93221,36.61306],[126.9375,36.61582],[126.93671,36.62392],[126.9454,36.62811],[126.94353,36.63295],[126.94838,36.641],[126.95515,36.64543],[126.95437,36.65235],[126.96009,36.65562],[126.95738,36.67203],[126.96767,36.67925],[126.96782,36.68659],[126.97234,36.6909],[126.96954,36.69397],[126.95472,36.6989],[126.94998,36.70377],[126.94122,36.70145],[126.92839,36.70454],[126.92199,36.70075],[126.91107,36.70388],[126.90219,36.70227],[126.90543,36.70959],[126.89904,36.71703],[126.89872,36.72301],[126.89207,36.72448],[126.88663,36.73144],[126.87151,36.72798],[126.86371,36.73207],[126.85678,36.7441],[126.85903,36.74659],[126.83795,36.75395],[126.83798,36.76063],[126.8328,36.76068],[126.83222,36.77603],[126.83331,36.78373],[126.83524,36.78617],[126.82335,36.78385],[126.81476,36.78598],[126.8146,36.78543],[126.82486,36.77734],[126.81265,36.77282],[126.81039,36.77005],[126.80211,36.77542],[126.7989,36.77386],[126.80202,36.76812],[126.79419,36.76773],[126.78697,36.76401],[126.77202,36.7508],[126.7678,36.75636],[126.75912,36.76329],[126.74743,36.76689],[126.74354,36.77796],[126.73727,36.78048],[126.7365,36.78603],[126.72552,36.79736],[126.72365,36.7989],[126.71354,36.80352]]]},"properties":{"SIGUNGU_CD":"34570","SIGUNGU_NM":"예산군","BASE_DATE":"20250630"}},
{"type":"Feature","geometry":{"type":"MultiPolygon","coordinates":[[[[126.30456,36.45582],[126.30374,36.44961],[126.3098,36.4475],[126.31298,36.45073],[126.30961,36.45553],[126.30456,36.45582]]],[[[126.23468,36.4561],[126.23144,36.45511],[126.2369,36.44975],[126.2391,36.45347],[126.23468,36.4561]]],[[[126.16043,36.51474],[126.15571,36.51157],[126.15849,36.50864],[126.16384,36.5125],[126.16043,36.51474]]],[[[126.20476,36.58529],[126.19583,36.58259],[126.19557,36.57819],[126.1987,36.57675],[126.20093,36.57996],[126.20224,36.57863],[126.20103,36.57469],[126.1979,36.57186],[126.18956,36.57211],[126.19489,36.5683],[126.20045,36.57372],[126.20185,36.57556],[126.20293,36.57831],[126.20476,36.58529]]],[[[126.19929,36.59679],[126.2007,36.59077],[126.20475,36.58996],[126.19929,36.59679]]],[[[126.24357,36.60889],[126.23658,36.60703],[126.23915,36.60043],[126.23414,36.59674],[126.23859,36.59584],[126.24198,36.58824],[126.2446,36.59075],[126.24169,36.59704],[126.24587,36.60106],[126.24357,36.60889]]],[[[126.36006,36.61279],[126.35339,36.60957],[126.34997,36.61128],[126.34777,36.60457],[126.34117,36.60838],[126.32226,36.59809],[126.32468,36.5877],[126.31898,36.58417],[126.31186,36.58543],[126.31536,36.57478],[126.3145,36.57081],[126.32774,36.55485],[126.33055,36.52547],[126.32745,36.52117],[126.3282,36.51163],[126.33602,36.50375],[126.33021,36.49999],[126.33233,36.49687],[126.33184,36.48446],[126.32885,36.47476],[126.32423,36.46783],[126.33022,36.46605],[126.32803,36.46007],[126.33296,36.44676],[126.33031,36.4413],[126.34446,36.43842],[126.35389,36.4418],[126.35969,36.4404],[126.35477,36.43464],[126.35421,36.42763],[126.3625,36.41565],[126.3666,36.41564],[126.37173,36.41112],[126.38059,36.41558],[126.38125,36.42124],[126.38999,36.42192],[126.39721,36.41911],[126.39676,36.41427],[126.4014,36.41228],[126.41093,36.41314],[126.41113,36.40711],[126.41989,36.40481],[126.4199,36.40034],[126.42688,36.39918],[126.42658,36.40597],[126.42223,36.41007],[126.42756,36.41616],[126.43408,36.41845],[126.43494,36.42188],[126.42784,36.432],[126.4319,36.43737],[126.4213,36.44047],[126.42106,36.44623],[126.41197,36.45207],[126.40649,36.45312],[126.41128,36.46047],[126.41707,36.46499],[126.40872,36.47456],[126.40965,36.49294],[126.40582,36.48756],[126.39895,36.48824],[126.39938,36.49657],[126.40291,36.49776],[126.40221,36.50594],[126.39807,36.50663],[126.39482,36.5134],[126.38579,36.51564],[126.38137,36.5144],[126.3781,36.5192],[126.38618,36.52079],[126.3864,36.52661],[126.38034,36.52867],[126.37492,36.5428],[126.37899,36.54933],[126.37426,36.55802],[126.37517,36.56452],[126.35971,36.56996],[126.36318,36.57698],[126.36846,36.576],[126.37529,36.57882],[126.37511,36.58917],[126.3712,36.58969],[126.37125,36.59538],[126.37897,36.59726],[126.3806,36.59154],[126.3849,36.60397],[126.3775,36.60406],[126.37508,36.59666],[126.36635,36.60039],[126.36736,36.6072],[126.36006,36.61279]]],[[[125.57259,36.62157],[125.57186,36.61724],[125.58066,36.61277],[125.57259,36.62157]]],[[[125.71181,36.63241],[125.71065,36.6283],[125.71826,36.63158],[125.71181,36.63241]]],[[[125.69212,36.64525],[125.68848,36.64228],[125.69386,36.64029],[125.69212,36.64525]]],[[[126.13492,36.688],[126.13034,36.68702],[126.12699,36.68065],[126.13283,36.68494],[126.13631,36.67977],[126.13449,36.67375],[126.13958,36.66914],[126.14342,36.67418],[126.15203,36.67583],[126.14811,36.68622],[126.14155,36.68581],[126.13626,36.68272],[126.13492,36.688]]],[[[126.08286,36.69199],[126.08037,36.68851],[126.08309,36.684],[126.07311,36.67827],[126.06273,36.67999],[126.04844,36.6718],[126.05079,36.66808],[126.05898,36.6728],[126.0746,36.67237],[126.08142,36.6739],[126.08023,36.67674],[126.08644,36.67914],[126.08423,36.68404],[126.08707,36.68925],[126.08286,36.69199]]],[[[125.94714,36.7266],[125.94207,36.72488],[125.94424,36.72121],[125.94905,36.72301],[125.94714,36.7266]]],[[[126.31393,36.86671],[126.30746,36.86513],[126.30894,36.86201],[126.31393,36.86671]]],[[[126.31313,36.94387],[126.30725,36.93673],[126.31405,36.94083],[126.31313,36.94387]]],[[[126.33498,36.81501],[126.32823,36.81383],[126.32245,36.81982],[126.31837,36.81412],[126.30468,36.8146],[126.29498,36.80616],[126.29736,36.80326],[126.29316,36.79821],[126.28747,36.79921],[126.28657,36.81664],[126.28077,36.81779],[126.28281,36.82506],[126.29516,36.82428],[126.30419,36.83008],[126.3153,36.83284],[126.31702,36.8375],[126.29333,36.84299],[126.2956,36.8528],[126.30464,36.86023],[126.30365,36.86677],[126.30791,36.86728],[126.31177,36.87305],[126.3132,36.88351],[126.31812,36.88704],[126.32603,36.88526],[126.33022,36.89117],[126.31936,36.89198],[126.32079,36.89602],[126.31858,36.90523],[126.3162,36.90406],[126.30835,36.90952],[126.30845,36.91343],[126.30262,36.91626],[126.30105,36.92242],[126.3096,36.92969],[126.3047,36.93566],[126.30172,36.94408],[126.30752,36.94758],[126.31038,36.95486],[126.3052,36.96209],[126.29217,36.96216],[126.29828,36.96675],[126.30386,36.96774],[126.30729,36.97286],[126.30448,36.97819],[126.29908,36.97621],[126.29334,36.96923],[126.28596,36.96953],[126.2843,36.96355],[126.29044,36.95245],[126.28869,36.94488],[126.28914,36.93626],[126.29418,36.92928],[126.28977,36.92352],[126.28831,36.91503],[126.28405,36.9089],[126.28498,36.90415],[126.28983,36.90113],[126.27652,36.8978],[126.24798,36.90945],[126.25187,36.91332],[126.24485,36.91332],[126.24324,36.91053],[126.2346,36.90762],[126.21761,36.9043],[126.21596,36.90091],[126.20942,36.89935],[126.20272,36.90486],[126.20084,36.89425],[126.1975,36.88856],[126.18133,36.88792],[126.17723,36.88482],[126.18635,36.88247],[126.19171,36.87537],[126.18802,36.86877],[126.19233,36.86369],[126.19186,36.85843],[126.19564,36.85956],[126.19736,36.85112],[126.19132,36.84276],[126.17941,36.83581],[126.17574,36.83186],[126.1846,36.82983],[126.18844,36.82454],[126.18166,36.81974],[126.1859,36.81453],[126.17203,36.81164],[126.17072,36.81897],[126.17449,36.82459],[126.17074,36.82449],[126.16632,36.83056],[126.16753,36.83729],[126.17102,36.84038],[126.16041,36.84166],[126.15848,36.84843],[126.15498,36.83807],[126.1462,36.83812],[126.15048,36.83308],[126.15951,36.82984],[126.16038,36.82567],[126.15549,36.82259],[126.15475,36.81361],[126.14464,36.80898],[126.14974,36.80355],[126.14647,36.79317],[126.14086,36.78478],[126.13334,36.78421],[126.1269,36.77821],[126.13209,36.78023],[126.1355,36.77638],[126.12762,36.77286],[126.12041,36.77395],[126.11253,36.76937],[126.12186,36.76445],[126.12239,36.75291],[126.12934,36.75278],[126.13409,36.74845],[126.13149,36.74662],[126.13438,36.74096],[126.12171,36.72579],[126.127,36.71792],[126.12073,36.71411],[126.12012,36.70785],[126.12364,36.70761],[126.12857,36.71554],[126.13502,36.71799],[126.14263,36.72501],[126.14309,36.729],[126.1487,36.72835],[126.15183,36.74001],[126.14744,36.7477],[126.14082,36.75404],[126.15842,36.75653],[126.15653,36.75245],[126.16636,36.75853],[126.17227,36.75785],[126.17508,36.75438],[126.18498,36.75326],[126.18661,36.74839],[126.18221,36.74691],[126.18901,36.74488],[126.19629,36.73836],[126.20584,36.73658],[126.21151,36.74101],[126.21192,36.73449],[126.20335,36.72631],[126.20217,36.72128],[126.21495,36.72727],[126.22234,36.72244],[126.22311,36.71781],[126.21771,36.71081],[126.20726,36.70519],[126.1943,36.70658],[126.1849,36.71089],[126.18319,36.71394],[126.16944,36.71712],[126.15982,36.71102],[126.15987,36.70581],[126.14726,36.70318],[126.15153,36.69566],[126.15225,36.67971],[126.16932,36.67775],[126.18449,36.6778],[126.18743,36.6753],[126.19625,36.67432],[126.20162,36.68643],[126.20901,36.68785],[126.20787,36.69156],[126.21428,36.6942],[126.22114,36.6931],[126.23219,36.69593],[126.23118,36.70087],[126.23832,36.70232],[126.23908,36.70625],[126.23341,36.70964],[126.23503,36.7181],[126.24163,36.71412],[126.24177,36.71777],[126.24808,36.71837],[126.25065,36.71396],[126.2531,36.71815],[126.25762,36.7178],[126.26995,36.73025],[126.27571,36.73138],[126.27949,36.72856],[126.27061,36.72682],[126.27368,36.71995],[126.27097,36.71431],[126.27313,36.70353],[126.26236,36.69711],[126.2608,36.69115],[126.26229,36.68445],[126.26532,36.68382],[126.2644,36.67417],[126.27394,36.67161],[126.27821,36.67363],[126.28428,36.67171],[126.28983,36.66455],[126.29588,36.65208],[126.30097,36.63844],[126.30124,36.62646],[126.29784,36.62036],[126.28732,36.61866],[126.2888,36.60231],[126.28403,36.59349],[126.28879,36.59085],[126.29261,36.58382],[126.3029,36.58885],[126.30342,36.59367],[126.31047,36.59425],[126.31283,36.58909],[126.31666,36.59045],[126.32148,36.6004],[126.32509,36.60181],[126.33236,36.61067],[126.33529,36.61162],[126.33541,36.61867],[126.34015,36.61578],[126.35482,36.61945],[126.36019,36.62489],[126.35152,36.65965],[126.34731,36.68024],[126.34523,36.7126],[126.3468,36.71454],[126.34617,36.73071],[126.34289,36.7421],[126.33897,36.73987],[126.33712,36.74391],[126.34337,36.74659],[126.34608,36.75492],[126.34866,36.7544],[126.34829,36.76269],[126.35058,36.76737],[126.34832,36.77826],[126.35522,36.78874],[126.35126,36.79695],[126.33498,36.81501]]]]},"properties":{"SIGUNGU_CD":"34580","SIGUNGU_NM":"태안군","BASE_DATE":"20250630"}},
{"type":"Feature","geometry":{"type":"Polygon","coordinates":[[[127.21701,35.80165],[127.1999,35.8106],[127.19129,35.80975],[127.1874,35.80549],[127.18019,35.80511],[127.17387,35.80983],[127.16939,35.81769],[127.15779,35.82881],[127.14652,35.83067],[127.13178,35.82398],[127.13557,35.82055],[127.133,35.81753],[127.12717,35.82092],[127.12683,35.83226],[127.11822,35.8384],[127.11359,35.83785],[127.10423,35.84332],[127.10169,35.83852],[127.09011,35.83821],[127.08633,35.83328],[127.07782,35.82918],[127.07646,35.82698],[127.06765,35.82474],[127.06578,35.82113],[127.06821,35.8072],[127.06359,35.79569],[127.06512,35.79186],[127.0651,35.79052],[127.06461,35.78639],[127.07086,35.78263],[127.07347,35.77375],[127.06415,35.76961],[127.06119,35.76543],[127.0535,35.76376],[127.05076,35.75514],[127.05836,35.75214],[127.06321,35.7531],[127.0705,35.74725],[127.07036,35.74216],[127.08091,35.73387],[127.08302,35.72942],[127.08514,35.72857],[127.09151,35.73644],[127.09573,35.73749],[127.09606,35.74549],[127.10259,35.7525],[127.11585,35.74924],[127.11832,35.75285],[127.1234,35.7519],[127.1366,35.76099],[127.14641,35.75952],[127.14632,35.76423],[127.15006,35.76702],[127.14877,35.7732],[127.15302,35.77833],[127.16107,35.78277],[127.16259,35.78288],[127.1707,35.78082],[127.17511,35.7762],[127.18089,35.77556],[127.18539,35.77914],[127.19882,35.77477],[127.20183,35.78513],[127.21592,35.79952],[127.21702,35.80115],[127.21701,35.80165]]]},"properties":{"SIGUNGU_CD":"35011","SIGUNGU_NM":"전주시 완산구","BASE_DATE":"20250630"}},
{"type":"Feature","geometry":{"type":"Polygon","coordinates":[[[127.128,35.90152],[127.12251,35.90162],[127.11692,35.90185],[127.11049,35.89798],[127.09985,35.89504],[127.08259,35.89295],[127.08009,35.89768],[127.06297,35.89994],[127.06071,35.90014],[127.05893,35.89545],[127.05618,35.89333],[127.05368,35.89243],[127.04635,35.894],[127.04343,35.89766],[127.03957,35.89781],[127.02956,35.89781],[127.0007,35.89321],[127.00155,35.8893],[126.99784,35.88418],[126.99941,35.88364],[127.0002,35.882],[127.00743,35.87541],[127.00648,35.86664],[127.00641,35.86601],[127.00755,35.86592],[127.00803,35.86563],[127.00793,35.86467],[127.01315,35.8634],[127.01595,35.85856],[127.02694,35.86753],[127.02745,35.86564],[127.02684,35.85742],[127.02703,35.85659],[127.03435,35.85031],[127.04512,35.85315],[127.04952,35.85237],[127.05172,35.84808],[127.05366,35.84383],[127.0586,35.83959],[127.05858,35.83299],[127.05181,35.83331],[127.05065,35.82886],[127.05335,35.8268],[127.05593,35.82551],[127.05594,35.82481],[127.06556,35.82487],[127.06765,35.82474],[127.07646,35.82698],[127.07782,35.82918],[127.08633,35.83328],[127.09011,35.83821],[127.10169,35.83852],[127.10423,35.84332],[127.11359,35.83785],[127.11822,35.8384],[127.12683,35.83226],[127.12717,35.82092],[127.133,35.81753],[127.13557,35.82055],[127.13178,35.82398],[127.14652,35.83067],[127.15779,35.82881],[127.16939,35.81769],[127.17387,35.80983],[127.18019,35.80511],[127.1874,35.80549],[127.19129,35.80975],[127.1999,35.8106],[127.21701,35.80165],[127.2178,35.80229],[127.22806,35.80849],[127.23096,35.81976],[127.22699,35.82219],[127.21919,35.81976],[127.21382,35.82223],[127.20778,35.82918],[127.20994,35.83289],[127.20986,35.84129],[127.20147,35.85048],[127.20126,35.84982],[127.20153,35.85147],[127.19654,35.86031],[127.19231,35.85967],[127.18936,35.85886],[127.18667,35.85522],[127.18468,35.85421],[127.1684,35.85364],[127.16656,35.85993],[127.16056,35.87064],[127.1513,35.87913],[127.14948,35.88773],[127.14585,35.8899],[127.14519,35.89594],[127.13698,35.90196],[127.128,35.90152]]]},"properties":{"SIGUNGU_CD":"35012","SIGUNGU_NM":"전주시 덕진구","BASE_DATE":"20250630"}},
{"type":"Feature","geometry":{"type":"MultiPolygon","coordinates":[[[[126.44801,35.74848],[126.44013,35.74324],[126.45104,35.73815],[126.44973,35.72923],[126.45557,35.7299],[126.45608,35.73415],[126.46152,35.73528],[126.4545,35.74206],[126.45427,35.74528],[126.44801,35.74848]]],[[[126.46722,35.75233],[126.46385,35.74798],[126.47025,35.74753],[126.46722,35.75233]]],[[[126.44072,35.81131],[126.43334,35.80615],[126.43185,35.80216],[126.4256,35.80617],[126.41727,35.80695],[126.41857,35.80419],[126.41358,35.7983],[126.41932,35.79368],[126.43918,35.80135],[126.44072,35.81131]]],[[[126.3967,35.8141],[126.39433,35.80883],[126.39798,35.80751],[126.3967,35.8141]]],[[[126.38951,35.82162],[126.39229,35.81537],[126.39663,35.81461],[126.39707,35.81901],[126.38951,35.82162]]],[[[126.37067,35.82174],[126.36852,35.82147],[126.36757,35.80917],[126.37583,35.79997],[126.37549,35.80421],[126.3819,35.80263],[126.37654,35.81394],[126.37216,35.81282],[126.37067,35.82174]]],[[[126.40435,35.83268],[126.39888,35.82601],[126.40437,35.82756],[126.4124,35.82235],[126.40933,35.81472],[126.40301,35.81168],[126.40466,35.80637],[126.41495,35.80603],[126.41696,35.81187],[126.41029,35.81436],[126.41314,35.82128],[126.42434,35.81987],[126.41662,35.82403],[126.41505,35.82963],[126.40435,35.83268]]],[[[126.4825,35.8464],[126.47352,35.84174],[126.48436,35.84226],[126.4825,35.8464]]],[[[126.34012,35.85441],[126.33756,35.85234],[126.3447,35.84953],[126.35398,35.84929],[126.35232,35.85352],[126.34012,35.85441]]],[[[126.38669,35.8565],[126.37897,35.85336],[126.36713,35.85333],[126.36386,35.84789],[126.37256,35.84586],[126.38865,35.85295],[126.38669,35.8565]]],[[[126.40699,35.85936],[126.39866,35.85829],[126.39569,35.85445],[126.40699,35.8583],[126.4235,35.85493],[126.43269,35.85572],[126.40699,35.85936]]],[[[126.3159,35.85907],[126.31915,35.85307],[126.32649,35.85217],[126.32542,35.85711],[126.3159,35.85907]]],[[[126.70008,35.99581],[126.67965,35.99146],[126.65794,35.99054],[126.65819,35.98623],[126.67927,35.98554],[126.69143,35.9884],[126.70025,35.99335],[126.70008,35.99581]]],[[[126.2227,35.9923],[126.2212,35.98803],[126.23046,35.98852],[126.2227,35.9923]]],[[[126.23982,35.99534],[126.2346,35.99142],[126.24141,35.99301],[126.23982,35.99534]]],[[[126.52891,36.04161],[126.5251,36.03907],[126.52999,36.03545],[126.52891,36.04161]]],[[[126.54474,36.0466],[126.54576,36.04423],[126.53973,36.03677],[126.55375,36.03286],[126.55834,36.0382],[126.55665,36.04395],[126.55254,36.0465],[126.54474,36.0466]]],[[[126.86505,36.06071],[126.86386,36.06019],[126.84054,36.05296],[126.8211,36.04992],[126.80832,36.03574],[126.80277,36.03352],[126.76971,36.02964],[126.76166,36.02602],[126.74805,36.02575],[126.74385,36.01881],[126.74156,36.01194],[126.74896,36.01314],[126.75593,36.01054],[126.75157,35.99841],[126.74476,35.98972],[126.736,35.98553],[126.72934,35.98525],[126.71807,35.98905],[126.70601,35.99471],[126.69415,35.98738],[126.68304,35.98406],[126.65846,35.98376],[126.64096,35.97888],[126.62427,35.9774],[126.62438,35.97101],[126.6183,35.9707],[126.61724,35.97746],[126.59823,35.97746],[126.52584,35.97363],[126.52592,35.96649],[126.52129,35.97222],[126.52305,35.95039],[126.52526,35.9439],[126.52975,35.94376],[126.52514,35.93815],[126.53264,35.93718],[126.53118,35.93163],[126.49822,35.85165],[126.49654,35.84702],[126.4863,35.8464],[126.49054,35.83812],[126.4753,35.82233],[126.46293,35.82556],[126.46098,35.82447],[126.45532,35.83096],[126.44364,35.83209],[126.44187,35.82784],[126.44675,35.82676],[126.44478,35.82339],[126.4526,35.82031],[126.44815,35.81344],[126.44885,35.80771],[126.453,35.80618],[126.45729,35.81459],[126.46456,35.81935],[126.46304,35.8126],[126.47323,35.81088],[126.47672,35.81544],[126.49888,35.83609],[126.50095,35.84321],[126.49895,35.84778],[126.53443,35.93401],[126.54001,35.93255],[126.5391,35.92539],[126.54492,35.92235],[126.54182,35.91582],[126.55467,35.91521],[126.55603,35.91119],[126.56361,35.90867],[126.56632,35.90411],[126.58826,35.90272],[126.58804,35.94781],[126.60097,35.94627],[126.61605,35.94252],[126.61752,35.93967],[126.61218,35.93318],[126.61058,35.91657],[126.61215,35.90074],[126.61479,35.89118],[126.61434,35.88591],[126.62069,35.88855],[126.62304,35.8865],[126.63416,35.88633],[126.64098,35.88435],[126.65983,35.88463],[126.6675,35.88359],[126.67455,35.88915],[126.67649,35.86986],[126.71494,35.87376],[126.75717,35.87954],[126.76826,35.87596],[126.7904,35.87778],[126.79035,35.89572],[126.82356,35.90489],[126.83773,35.91212],[126.8432,35.91767],[126.85141,35.91691],[126.85912,35.91728],[126.86156,35.92125],[126.87756,35.93328],[126.88183,35.93946],[126.883,35.94799],[126.89367,35.95513],[126.89006,35.95975],[126.88509,35.96082],[126.90298,35.97213],[126.90229,35.97837],[126.91018,35.98199],[126.90857,35.98737],[126.91276,35.99016],[126.91514,35.99671],[126.91482,36.00367],[126.91394,36.00556],[126.90113,36.00786],[126.89027,36.01771],[126.88419,36.02598],[126.87906,36.02996],[126.87043,36.03311],[126.87414,36.04243],[126.87379,36.04316],[126.87195,36.04451],[126.86854,36.04586],[126.86505,36.06071]]],[[[126.43612,36.08799],[126.42884,36.08552],[126.43135,36.0798],[126.4372,36.07665],[126.4431,36.08221],[126.43612,36.08799]]],[[[125.97041,36.12739],[125.96733,36.12318],[125.97314,36.115],[125.9785,36.11075],[125.98465,36.11387],[125.98169,36.11978],[125.98861,36.11914],[125.99206,36.11019],[125.99353,36.12319],[125.98684,36.12178],[125.97883,36.12612],[125.97041,36.12739]]]]},"properties":{"SIGUNGU_CD":"35020","SIGUNGU_NM":"군산시","BASE_DATE":"20250630"}},
{"type":"Feature","geometry":{"type":"Polygon","coordinates":[[[127.00534,36.15062],[126.99803,36.14685],[126.97719,36.14852],[126.96303,36.15628],[126.95663,36.15657],[126.93892,36.15077],[126.93081,36.14225],[126.91969,36.1363],[126.9147,36.13574],[126.91109,36.13657],[126.9008,36.1424],[126.8897,36.13962],[126.88221,36.13129],[126.87748,36.11714],[126.87381,36.11044],[126.87359,36.08683],[126.87082,36.0674],[126.86804,36.06241],[126.86505,36.06071],[126.86854,36.04586],[126.87195,36.04451],[126.87379,36.04316],[126.87414,36.04243],[126.87043,36.03311],[126.87906,36.02996],[126.88419,36.02598],[126.89027,36.01771],[126.90113,36.00786],[126.91394,36.00556],[126.91482,36.00367],[126.91514,35.99671],[126.91276,35.99016],[126.90857,35.98737],[126.91018,35.98199],[126.90229,35.97837],[126.90298,35.97213],[126.88509,35.96082],[126.89006,35.95975],[126.89367,35.95513],[126.883,35.94799],[126.88183,35.93946],[126.87756,35.93328],[126.86156,35.92125],[126.85912,35.91728],[126.85141,35.91691],[126.85312,35.9096],[126.86081,35.90566],[126.87302,35.91153],[126.89156,35.91407],[126.90891,35.90337],[126.93186,35.91078],[126.93213,35.91467],[126.95225,35.90873],[126.95192,35.91305],[126.95664,35.91577],[126.95668,35.90862],[126.96203,35.90199],[126.97136,35.90021],[126.97311,35.89685],[126.97865,35.8991],[126.98837,35.89663],[126.99077,35.89206],[126.9967,35.88943],[126.99316,35.88695],[126.99364,35.88503],[126.99453,35.88376],[126.99784,35.88418],[127.00155,35.8893],[127.0007,35.89321],[127.02956,35.89781],[127.03831,35.89781],[127.03698,35.90513],[127.02891,35.91654],[127.03035,35.91839],[127.03064,35.91876],[127.03396,35.9189],[127.03587,35.91853],[127.03904,35.92123],[127.04076,35.9256],[127.04333,35.92479],[127.05537,35.92186],[127.06677,35.91569],[127.07684,35.92216],[127.0801,35.92121],[127.08739,35.92665],[127.08954,35.92912],[127.09176,35.93036],[127.09268,35.93272],[127.09359,35.93374],[127.09434,35.93587],[127.09419,35.93714],[127.09465,35.9404],[127.10644,35.96071],[127.1041,35.96854],[127.10972,35.98812],[127.10746,35.99539],[127.12555,36.00536],[127.12551,36.01168],[127.12115,36.02039],[127.1158,36.0241],[127.1163,36.03049],[127.13164,36.04532],[127.13972,36.05697],[127.13103,36.06578],[127.1306,36.06588],[127.12205,36.06303],[127.11812,36.06712],[127.10203,36.07578],[127.09038,36.0718],[127.08226,36.07776],[127.07627,36.08443],[127.06045,36.09391],[127.06105,36.10548],[127.05781,36.10705],[127.05725,36.11604],[127.06106,36.11719],[127.06301,36.12522],[127.05611,36.12678],[127.05013,36.13416],[127.04476,36.13446],[127.04581,36.13774],[127.04252,36.14648],[127.03969,36.13827],[127.02344,36.13665],[127.02041,36.13824],[127.01544,36.14876],[127.01385,36.14688],[127.00586,36.14721],[127.00671,36.1499],[127.00534,36.15062]]]},"properties":{"SIGUNGU_CD":"35030","SIGUNGU_NM":"익산시","BASE_DATE":"20250630"}},
{"type":"Feature","geometry":{"type":"Polygon","coordinates":[[[126.8817,35.75667],[126.88233,35.75899],[126.88012,35.75878],[126.8781,35.75698],[126.87731,35.75699],[126.87314,35.75851],[126.87502,35.75242],[126.88221,35.74837],[126.8818,35.74132],[126.86728,35.72754],[126.85573,35.72621],[126.84886,35.72781],[126.8468,35.72796],[126.8443,35.72629],[126.83972,35.725],[126.8279,35.71896],[126.8298,35.71684],[126.82747,35.71475],[126.82707,35.71439],[126.82682,35.71454],[126.82634,35.71201],[126.83477,35.70303],[126.83347,35.70108],[126.83696,35.69898],[126.83932,35.70016],[126.83459,35.68703],[126.82885,35.6849],[126.8271,35.67999],[126.81406,35.68274],[126.8088,35.68076],[126.80579,35.67579],[126.7985,35.68472],[126.78822,35.67507],[126.78346,35.6758],[126.77298,35.68358],[126.76499,35.67318],[126.76322,35.66197],[126.75155,35.66774],[126.75019,35.66349],[126.744,35.66643],[126.74221,35.65847],[126.7356,35.6492],[126.73423,35.65111],[126.72683,35.6482],[126.72284,35.63202],[126.72026,35.63023],[126.72319,35.61776],[126.71996,35.61039],[126.72236,35.60102],[126.72157,35.59487],[126.72442,35.59183],[126.72425,35.58364],[126.71662,35.58163],[126.71625,35.57795],[126.71581,35.57715],[126.71657,35.57416],[126.71813,35.57327],[126.71867,35.57323],[126.72789,35.57247],[126.73683,35.56839],[126.74191,35.57138],[126.74458,35.56911],[126.75564,35.57297],[126.75463,35.57388],[126.76018,35.57199],[126.76937,35.56077],[126.76198,35.55511],[126.76624,35.54916],[126.76256,35.54533],[126.76114,35.53299],[126.76771,35.527],[126.77418,35.52401],[126.76069,35.51679],[126.75984,35.51124],[126.7699,35.50884],[126.76842,35.49614],[126.76509,35.49226],[126.7703,35.48222],[126.77261,35.4724],[126.7731,35.46972],[126.77262,35.4679],[126.77743,35.46922],[126.7819,35.47063],[126.79235,35.46763],[126.81397,35.4688],[126.81388,35.48419],[126.82411,35.48686],[126.82573,35.4863],[126.83048,35.4808],[126.83524,35.47951],[126.84285,35.47895],[126.83868,35.46294],[126.84003,35.46225],[126.85032,35.46573],[126.86576,35.46166],[126.8691,35.46143],[126.86501,35.46409],[126.85992,35.47836],[126.85981,35.47967],[126.87311,35.47967],[126.87706,35.48419],[126.8895,35.47839],[126.89381,35.48086],[126.91145,35.47695],[126.91354,35.4768],[126.92265,35.48289],[126.92729,35.47911],[126.92761,35.4796],[126.93586,35.48196],[126.93594,35.48813],[126.94169,35.49089],[126.93551,35.4958],[126.93365,35.50717],[126.92981,35.50955],[126.9283,35.51888],[126.93196,35.52536],[126.93554,35.5238],[126.93938,35.52785],[126.94692,35.5289],[126.95148,35.53268],[126.9512,35.53822],[126.96098,35.54462],[126.96274,35.54928],[126.97507,35.55613],[126.97865,35.5556],[126.98216,35.54813],[126.99286,35.53696],[126.99597,35.54007],[127.00822,35.54197],[127.01914,35.54613],[127.02209,35.53626],[127.02851,35.5323],[127.03913,35.52874],[127.04546,35.52146],[127.05184,35.51804],[127.05087,35.51174],[127.05431,35.50937],[127.06131,35.51128],[127.06681,35.51631],[127.07445,35.5138],[127.07598,35.51023],[127.08291,35.50679],[127.09174,35.50615],[127.09427,35.5068],[127.1095,35.5093],[127.10794,35.51314],[127.10962,35.51941],[127.0939,35.51874],[127.09914,35.5234],[127.0972,35.5269],[127.10556,35.5336],[127.11626,35.53221],[127.11694,35.53486],[127.11555,35.538],[127.108,35.54235],[127.10025,35.54405],[127.08394,35.55056],[127.09197,35.56957],[127.0844,35.5789],[127.08314,35.58453],[127.08634,35.58681],[127.09648,35.58744],[127.10258,35.59021],[127.10481,35.59594],[127.09999,35.60446],[127.09064,35.61503],[127.09079,35.61891],[127.09157,35.61994],[127.09172,35.62028],[127.09165,35.62078],[127.09295,35.62176],[127.08986,35.6272],[127.09358,35.63345],[127.08888,35.63951],[127.08743,35.64679],[127.08959,35.65334],[127.07902,35.66228],[127.08197,35.66811],[127.0638,35.67744],[127.06346,35.67682],[127.06064,35.67031],[127.05603,35.66873],[127.0488,35.67027],[127.04156,35.66618],[127.03475,35.66816],[127.02864,35.66644],[127.02178,35.66944],[127.0163,35.67629],[127.00467,35.68002],[127.0021,35.68614],[126.99537,35.6868],[126.99121,35.68993],[126.99303,35.69753],[126.98971,35.70518],[126.98116,35.71224],[126.98124,35.71452],[126.96123,35.72325],[126.95034,35.72411],[126.94272,35.72226],[126.93245,35.72239],[126.92766,35.73305],[126.91665,35.74559],[126.91308,35.74464],[126.89661,35.75336],[126.88644,35.75451],[126.8826,35.75695],[126.8817,35.75667]]]},"properties":{"SIGUNGU_CD":"35040","SIGUNGU_NM":"정읍시","BASE_DATE":"20250630"}},
{"type":"Feature","geometry":{"type":"Polygon","coordinates":[[[127.41243,35.56058],[127.40987,35.56069],[127.40502,35.55949],[127.39812,35.55263],[127.40264,35.54835],[127.39142,35.5458],[127.3772,35.54854],[127.37024,35.55306],[127.36868,35.55559],[127.36546,35.55647],[127.3647,35.55767],[127.36366,35.55795],[127.36366,35.55824],[127.36229,35.55718],[127.3606,35.55756],[127.35959,35.55887],[127.35245,35.55261],[127.34335,35.5511],[127.3388,35.55454],[127.33402,35.55127],[127.33443,35.54751],[127.34963,35.54015],[127.34542,35.52724],[127.33774,35.52779],[127.33984,35.52379],[127.35166,35.5148],[127.35375,35.51304],[127.357,35.50096],[127.35286,35.4974],[127.34169,35.4966],[127.33122,35.49217],[127.32492,35.49569],[127.31964,35.49345],[127.31396,35.49671],[127.31213,35.49605],[127.3078,35.48896],[127.30808,35.4798],[127.3089,35.47768],[127.31427,35.46622],[127.31103,35.46302],[127.30647,35.45286],[127.2979,35.44471],[127.2965,35.4334],[127.2881,35.4245],[127.27732,35.42423],[127.27542,35.42089],[127.26014,35.42697],[127.2574,35.42119],[127.2517,35.41732],[127.25062,35.40892],[127.24589,35.39828],[127.23718,35.40009],[127.23321,35.39749],[127.22462,35.39669],[127.21993,35.38534],[127.21181,35.37312],[127.21356,35.37252],[127.21395,35.37278],[127.21659,35.3716],[127.20717,35.36384],[127.20092,35.35649],[127.19308,35.3564],[127.18806,35.3488],[127.1871,35.34248],[127.1933,35.33813],[127.18623,35.33527],[127.18391,35.32988],[127.18773,35.32258],[127.19843,35.31722],[127.19905,35.31665],[127.20425,35.31556],[127.20974,35.31557],[127.21271,35.31735],[127.21576,35.32871],[127.21979,35.33413],[127.22629,35.33392],[127.23179,35.33374],[127.24344,35.32284],[127.25717,35.31246],[127.28671,35.31402],[127.2988,35.3096],[127.3061,35.30461],[127.3112,35.30469],[127.32347,35.30741],[127.33069,35.3149],[127.34841,35.31864],[127.35426,35.32236],[127.36769,35.31416],[127.37664,35.31131],[127.38009,35.30368],[127.38457,35.30246],[127.3927,35.30735],[127.39277,35.31273],[127.39911,35.31686],[127.40116,35.32272],[127.40609,35.32442],[127.41508,35.336],[127.42141,35.35087],[127.4299,35.35758],[127.44136,35.36384],[127.44245,35.36128],[127.45411,35.36075],[127.45824,35.36354],[127.47077,35.36534],[127.48027,35.36364],[127.48571,35.35835],[127.49791,35.35989],[127.51399,35.35113],[127.51665,35.34729],[127.52649,35.3431],[127.53249,35.3353],[127.54152,35.33365],[127.54228,35.3285],[127.55229,35.32481],[127.55519,35.32188],[127.56783,35.31852],[127.57748,35.3089],[127.58567,35.30914],[127.59296,35.31183],[127.60654,35.32066],[127.60769,35.32504],[127.61663,35.33109],[127.62071,35.33378],[127.62333,35.34217],[127.61224,35.35585],[127.6102,35.36592],[127.61266,35.36893],[127.62129,35.37222],[127.62565,35.37691],[127.62529,35.3847],[127.6318,35.39229],[127.63692,35.40104],[127.64645,35.40266],[127.65684,35.41392],[127.66047,35.41443],[127.66577,35.42743],[127.66518,35.43565],[127.67068,35.43962],[127.67407,35.44572],[127.66778,35.44908],[127.66116,35.44754],[127.65339,35.45158],[127.64519,35.44913],[127.63669,35.45935],[127.63739,35.47927],[127.65311,35.48687],[127.65074,35.48902],[127.65039,35.4979],[127.64431,35.49902],[127.64182,35.50508],[127.63306,35.51527],[127.63423,35.52046],[127.62578,35.52518],[127.62473,35.53369],[127.6207,35.53384],[127.61915,35.5366],[127.61207,35.53593],[127.60958,35.54026],[127.59863,35.54759],[127.59471,35.5477],[127.59071,35.55404],[127.58891,35.55357],[127.5877,35.55389],[127.58486,35.55391],[127.58424,35.55278],[127.57852,35.54754],[127.57281,35.54614],[127.5715,35.53471],[127.56925,35.53431],[127.5685,35.52479],[127.57029,35.52002],[127.58001,35.51393],[127.58013,35.50201],[127.57738,35.49888],[127.56359,35.49262],[127.55969,35.47903],[127.56234,35.47615],[127.55851,35.47114],[127.54266,35.46832],[127.54164,35.4716],[127.53611,35.47034],[127.52485,35.47318],[127.51495,35.47888],[127.52672,35.48577],[127.52725,35.49577],[127.51989,35.49839],[127.51559,35.49745],[127.51309,35.50921],[127.50619,35.51228],[127.50108,35.51825],[127.50164,35.52172],[127.49598,35.52261],[127.49131,35.52708],[127.49242,35.53413],[127.48259,35.53891],[127.4765,35.53842],[127.46957,35.54189],[127.46752,35.5464],[127.45525,35.54582],[127.45278,35.54006],[127.44125,35.54719],[127.44021,35.55165],[127.42413,35.55045],[127.41243,35.56058]]]},"properties":{"SIGUNGU_CD":"35050","SIGUNGU_NM":"남원시","BASE_DATE":"20250630"}},
{"type":"Feature","geometry":{"type":"MultiPolygon","coordinates":[[[[126.52446,35.73265],[126.51953,35.73804],[126.48485,35.81168],[126.48478,35.81507],[126.47957,35.81266],[126.48301,35.81046],[126.51861,35.73566],[126.52326,35.73135],[126.52446,35.73265]]],[[[126.85141,35.91691],[126.8432,35.91767],[126.83773,35.91212],[126.82356,35.90489],[126.79035,35.89572],[126.7904,35.87778],[126.76826,35.87596],[126.75717,35.87954],[126.71494,35.87376],[126.67649,35.86986],[126.68345,35.84202],[126.69001,35.84145],[126.69155,35.82532],[126.6982,35.81287],[126.72975,35.80458],[126.76296,35.79664],[126.77278,35.77503],[126.77966,35.75703],[126.78304,35.75174],[126.79578,35.75341],[126.79666,35.74448],[126.79893,35.74264],[126.8067,35.74542],[126.80761,35.72622],[126.81364,35.72897],[126.811,35.72362],[126.81712,35.72716],[126.81632,35.71977],[126.81306,35.71563],[126.82248,35.71681],[126.82399,35.71279],[126.82593,35.71489],[126.82776,35.71502],[126.82747,35.71475],[126.8298,35.71684],[126.8279,35.71896],[126.83972,35.725],[126.8443,35.72629],[126.8468,35.72796],[126.84886,35.72781],[126.85573,35.72621],[126.86728,35.72754],[126.8818,35.74132],[126.88221,35.74837],[126.87502,35.75242],[126.87314,35.75851],[126.87731,35.75699],[126.8781,35.75698],[126.88012,35.75878],[126.88233,35.75899],[126.8817,35.75667],[126.8826,35.75695],[126.88644,35.75451],[126.89661,35.75336],[126.91308,35.74464],[126.91665,35.74559],[126.92766,35.73305],[126.93245,35.72239],[126.94272,35.72226],[126.95034,35.72411],[126.96123,35.72325],[126.98124,35.71452],[126.98116,35.71224],[126.98971,35.70518],[126.99303,35.69753],[126.99121,35.68993],[126.99537,35.6868],[127.0021,35.68614],[127.00467,35.68002],[127.0163,35.67629],[127.02178,35.66944],[127.02864,35.66644],[127.03475,35.66816],[127.04156,35.66618],[127.0488,35.67027],[127.05603,35.66873],[127.06064,35.67031],[127.06346,35.67682],[127.06394,35.67907],[127.06903,35.68989],[127.0685,35.69456],[127.05993,35.70176],[127.06687,35.70916],[127.06739,35.70973],[127.0673,35.71023],[127.06867,35.71103],[127.0746,35.71987],[127.08366,35.72258],[127.08651,35.72513],[127.08619,35.72724],[127.08302,35.72942],[127.08091,35.73387],[127.07036,35.74216],[127.0705,35.74725],[127.06321,35.7531],[127.05836,35.75214],[127.05076,35.75514],[127.0535,35.76376],[127.06119,35.76543],[127.06415,35.76961],[127.07347,35.77375],[127.07086,35.78263],[127.06461,35.78639],[127.0651,35.79052],[127.06433,35.79118],[127.0555,35.79146],[127.04807,35.79496],[127.04187,35.79547],[127.04276,35.79834],[127.0328,35.79848],[127.02836,35.80267],[127.02103,35.79946],[127.00567,35.80828],[126.99796,35.81547],[126.99515,35.82806],[127.00132,35.83496],[127.00157,35.83877],[127.00954,35.84672],[127.00847,35.85768],[127.00601,35.86204],[127.00648,35.86664],[127.00743,35.87541],[127.0002,35.882],[126.99941,35.88364],[126.99784,35.88418],[126.99453,35.88376],[126.99364,35.88503],[126.99316,35.88695],[126.9967,35.88943],[126.99077,35.89206],[126.98837,35.89663],[126.97865,35.8991],[126.97311,35.89685],[126.97136,35.90021],[126.96203,35.90199],[126.95668,35.90862],[126.95664,35.91577],[126.95192,35.91305],[126.95225,35.90873],[126.93213,35.91467],[126.93186,35.91078],[126.90891,35.90337],[126.89156,35.91407],[126.87302,35.91153],[126.86081,35.90566],[126.85312,35.9096],[126.85141,35.91691]]]]},"properties":{"SIGUNGU_CD":"35060","SIGUNGU_NM":"김제시","BASE_DATE":"20250630"}},
{"type":"Feature","geometry":{"type":"MultiPolygon","coordinates":[[[[127.02694,35.86753],[127.01595,35.85856],[127.01315,35.8634],[127.00793,35.86467],[127.00803,35.86563],[127.00755,35.86592],[127.00641,35.86601],[127.00601,35.86204],[127.00847,35.85768],[127.00954,35.84672],[127.00157,35.83877],[127.00132,35.83496],[126.99515,35.82806],[126.99796,35.81547],[127.00567,35.80828],[127.02103,35.79946],[127.02836,35.80267],[127.0328,35.79848],[127.04276,35.79834],[127.04187,35.79547],[127.04807,35.79496],[127.0555,35.79146],[127.06433,35.79118],[127.06512,35.79186],[127.06359,35.79569],[127.06821,35.8072],[127.06578,35.82113],[127.06765,35.82474],[127.06556,35.82487],[127.05594,35.82481],[127.05593,35.82551],[127.05335,35.8268],[127.05065,35.82886],[127.05181,35.83331],[127.05858,35.83299],[127.0586,35.83959],[127.05366,35.84383],[127.05172,35.84808],[127.04952,35.85237],[127.04512,35.85315],[127.03435,35.85031],[127.02703,35.85659],[127.02684,35.85742],[127.02745,35.86564],[127.02694,35.86753]]],[[[127.3763,36.02375],[127.37823,36.03062],[127.37354,36.03452],[127.37206,36.04372],[127.36083,36.05363],[127.36056,36.06151],[127.36403,36.06825],[127.35925,36.07138],[127.36173,36.07617],[127.35695,36.08155],[127.36006,36.08938],[127.34948,36.09512],[127.34769,36.09827],[127.35033,36.1048],[127.35492,36.10834],[127.35051,36.1164],[127.34441,36.11786],[127.33848,36.1305],[127.32316,36.12992],[127.32291,36.12918],[127.31855,36.11973],[127.30908,36.1217],[127.3054,36.1258],[127.29707,36.12273],[127.29394,36.11307],[127.28528,36.11216],[127.2734,36.10728],[127.26431,36.10893],[127.2581,36.11526],[127.25213,36.11317],[127.25035,36.10737],[127.24619,36.10479],[127.24605,36.09641],[127.25472,36.08744],[127.2487,36.08307],[127.24269,36.08499],[127.2318,36.0966],[127.22592,36.09914],[127.22203,36.09692],[127.21296,36.09956],[127.21202,36.10065],[127.21029,36.10045],[127.20591,36.10059],[127.20223,36.08846],[127.19804,36.08579],[127.19038,36.08802],[127.1836,36.09431],[127.17868,36.09423],[127.16874,36.08397],[127.1574,36.08371],[127.1512,36.09004],[127.14012,36.08805],[127.13844,36.08719],[127.13377,36.08149],[127.1347,36.0761],[127.13212,36.06686],[127.13103,36.06578],[127.13972,36.05697],[127.13164,36.04532],[127.1163,36.03049],[127.1158,36.0241],[127.12115,36.02039],[127.12551,36.01168],[127.12555,36.00536],[127.10746,35.99539],[127.10972,35.98812],[127.1041,35.96854],[127.10644,35.96071],[127.09465,35.9404],[127.09419,35.93714],[127.09434,35.93587],[127.09359,35.93374],[127.09268,35.93272],[127.09176,35.93036],[127.08954,35.92912],[127.08739,35.92665],[127.0801,35.92121],[127.07684,35.92216],[127.06677,35.91569],[127.05537,35.92186],[127.04333,35.92479],[127.04076,35.9256],[127.03904,35.92123],[127.03587,35.91853],[127.03396,35.9189],[127.03064,35.91876],[127.03035,35.91839],[127.02891,35.91654],[127.03698,35.90513],[127.03831,35.89781],[127.03957,35.89781],[127.04343,35.89766],[127.04635,35.894],[127.05368,35.89243],[127.05618,35.89333],[127.05893,35.89545],[127.06071,35.90014],[127.06297,35.89994],[127.08009,35.89768],[127.08259,35.89295],[127.09985,35.89504],[127.11049,35.89798],[127.11692,35.90185],[127.12251,35.90162],[127.128,35.90152],[127.13698,35.90196],[127.14519,35.89594],[127.14585,35.8899],[127.14948,35.88773],[127.1513,35.87913],[127.16056,35.87064],[127.16656,35.85993],[127.1684,35.85364],[127.18468,35.85421],[127.18667,35.85522],[127.18936,35.85886],[127.19231,35.85967],[127.19654,35.86031],[127.20153,35.85147],[127.20126,35.84982],[127.20147,35.85048],[127.20986,35.84129],[127.20994,35.83289],[127.20778,35.82918],[127.21382,35.82223],[127.21919,35.81976],[127.22699,35.82219],[127.23096,35.81976],[127.22806,35.80849],[127.2178,35.80229],[127.21701,35.80165],[127.21702,35.80115],[127.21592,35.79952],[127.20183,35.78513],[127.19882,35.77477],[127.18539,35.77914],[127.18089,35.77556],[127.17511,35.7762],[127.1707,35.78082],[127.16259,35.78288],[127.16107,35.78277],[127.15302,35.77833],[127.14877,35.7732],[127.15006,35.76702],[127.14632,35.76423],[127.14641,35.75952],[127.1366,35.76099],[127.1234,35.7519],[127.11832,35.75285],[127.11585,35.74924],[127.10259,35.7525],[127.09606,35.74549],[127.09573,35.73749],[127.09151,35.73644],[127.08514,35.72857],[127.08619,35.72724],[127.08651,35.72513],[127.08366,35.72258],[127.0746,35.71987],[127.06867,35.71103],[127.0673,35.71023],[127.06739,35.70973],[127.06687,35.70916],[127.05993,35.70176],[127.0685,35.69456],[127.06903,35.68989],[127.06394,35.67907],[127.0638,35.67744],[127.08197,35.66811],[127.07902,35.66228],[127.08959,35.65334],[127.08743,35.64679],[127.08888,35.63951],[127.09358,35.63345],[127.08986,35.6272],[127.09295,35.62176],[127.09165,35.62078],[127.09172,35.62028],[127.09134,35.61979],[127.09117,35.6193],[127.09079,35.61891],[127.09089,35.61856],[127.09162,35.61989],[127.09173,35.62025],[127.09167,35.62073],[127.09308,35.62184],[127.09721,35.62126],[127.1059,35.61957],[127.11702,35.62876],[127.1185,35.63394],[127.12938,35.63721],[127.1355,35.64709],[127.12667,35.65802],[127.13125,35.66916],[127.12707,35.67199],[127.12523,35.69117],[127.12971,35.69171],[127.13037,35.69592],[127.13795,35.70154],[127.13676,35.70594],[127.13949,35.71929],[127.15105,35.72477],[127.1587,35.72399],[127.17103,35.73395],[127.17746,35.73763],[127.1862,35.7355],[127.18818,35.73108],[127.19692,35.72934],[127.19761,35.72593],[127.20558,35.72371],[127.20565,35.71491],[127.20789,35.71047],[127.22394,35.71221],[127.24104,35.6984],[127.23996,35.69017],[127.24669,35.68892],[127.25928,35.69309],[127.25643,35.69938],[127.25631,35.70724],[127.25071,35.71801],[127.25135,35.72284],[127.25665,35.72996],[127.25253,35.73445],[127.25358,35.74161],[127.24586,35.74919],[127.24488,35.75605],[127.25429,35.76643],[127.26347,35.77171],[127.26867,35.7775],[127.27294,35.78004],[127.27512,35.78174],[127.27395,35.79041],[127.28621,35.79291],[127.28725,35.79535],[127.29679,35.79917],[127.29705,35.79837],[127.30308,35.80077],[127.29513,35.80794],[127.29844,35.8128],[127.29718,35.81734],[127.30575,35.82038],[127.31068,35.8252],[127.30872,35.83294],[127.31075,35.84112],[127.32143,35.84743],[127.32501,35.85693],[127.31898,35.86302],[127.32449,35.8715],[127.33329,35.87343],[127.33455,35.88762],[127.33227,35.89871],[127.33301,35.90848],[127.34031,35.90845],[127.34761,35.91256],[127.35378,35.91315],[127.35031,35.9176],[127.34791,35.92618],[127.35166,35.93314],[127.34739,35.93993],[127.35281,35.94952],[127.34432,35.95912],[127.34555,35.96851],[127.34306,35.97055],[127.34188,35.97137],[127.34226,35.97748],[127.343,35.9799],[127.3499,35.98347],[127.35269,35.98908],[127.36534,35.98954],[127.36163,35.99448],[127.36342,36.00006],[127.36037,36.00546],[127.36052,36.01138],[127.36487,36.01827],[127.3701,36.02197],[127.37482,36.02131],[127.37649,36.02292],[127.3763,36.02375]]]]},"properties":{"SIGUNGU_CD":"35510","SIGUNGU_NM":"완주군","BASE_DATE":"20250630"}},
{"type":"Feature","geometry":{"type":"Polygon","coordinates":[[[127.43536,36.01357],[127.43519,36.01463],[127.43676,36.02301],[127.43456,36.0295],[127.41959,36.0227],[127.41341,36.01516],[127.40732,36.01422],[127.40122,36.00874],[127.39185,36.01703],[127.37764,36.02277],[127.37649,36.02292],[127.37482,36.02131],[127.3701,36.02197],[127.36487,36.01827],[127.36052,36.01138],[127.36037,36.00546],[127.36342,36.00006],[127.36163,35.99448],[127.36534,35.98954],[127.35269,35.98908],[127.3499,35.98347],[127.343,35.9799],[127.34226,35.97748],[127.34188,35.97137],[127.34306,35.97055],[127.34555,35.96851],[127.34432,35.95912],[127.35281,35.94952],[127.34739,35.93993],[127.35166,35.93314],[127.34791,35.92618],[127.35031,35.9176],[127.35378,35.91315],[127.34761,35.91256],[127.34031,35.90845],[127.33301,35.90848],[127.33227,35.89871],[127.33455,35.88762],[127.33329,35.87343],[127.32449,35.8715],[127.31898,35.86302],[127.32501,35.85693],[127.32143,35.84743],[127.31075,35.84112],[127.30872,35.83294],[127.31068,35.8252],[127.30575,35.82038],[127.29718,35.81734],[127.29844,35.8128],[127.29513,35.80794],[127.30308,35.80077],[127.29705,35.79837],[127.29679,35.79917],[127.28725,35.79535],[127.28621,35.79291],[127.27395,35.79041],[127.27512,35.78174],[127.27294,35.78004],[127.27248,35.77582],[127.26709,35.77008],[127.26595,35.76871],[127.26569,35.76846],[127.26539,35.76684],[127.26572,35.7657],[127.26574,35.76414],[127.26863,35.7588],[127.27488,35.75451],[127.27588,35.75289],[127.28115,35.74291],[127.2812,35.73717],[127.28593,35.73484],[127.29347,35.71781],[127.29084,35.71405],[127.29097,35.70424],[127.29426,35.70024],[127.29217,35.69088],[127.28808,35.6871],[127.29801,35.68278],[127.3064,35.68473],[127.31769,35.6773],[127.32192,35.67027],[127.32352,35.66332],[127.32763,35.66082],[127.33568,35.66508],[127.34662,35.66544],[127.3563,35.66911],[127.36193,35.66709],[127.36453,35.66037],[127.3777,35.66444],[127.3782,35.65415],[127.38756,35.65556],[127.39301,35.65116],[127.39891,35.65199],[127.42105,35.64045],[127.4283,35.64203],[127.43268,35.63453],[127.4305,35.63001],[127.43524,35.62305],[127.43814,35.62037],[127.45385,35.6187],[127.46207,35.62221],[127.46872,35.62137],[127.47028,35.62684],[127.46642,35.63753],[127.47389,35.64711],[127.47407,35.65467],[127.47659,35.66115],[127.4642,35.66759],[127.46056,35.67208],[127.45953,35.67332],[127.46687,35.68484],[127.46488,35.69304],[127.47689,35.70071],[127.47845,35.70621],[127.47605,35.71845],[127.48346,35.7223],[127.492,35.73447],[127.5021,35.74053],[127.50876,35.74693],[127.51998,35.75055],[127.52276,35.7564],[127.51911,35.7584],[127.51741,35.76745],[127.51285,35.77119],[127.51121,35.77945],[127.51336,35.78638],[127.51105,35.7909],[127.51081,35.7916],[127.51213,35.79698],[127.51306,35.79785],[127.51288,35.79853],[127.51386,35.80033],[127.51837,35.80298],[127.51899,35.80735],[127.51941,35.80961],[127.52137,35.81216],[127.53314,35.8153],[127.54455,35.80774],[127.55024,35.80582],[127.55287,35.80819],[127.55983,35.79867],[127.56727,35.7976],[127.57101,35.79288],[127.57645,35.79533],[127.57866,35.79387],[127.57973,35.79454],[127.58935,35.80066],[127.59569,35.80819],[127.60023,35.80582],[127.60244,35.81712],[127.60779,35.83151],[127.61306,35.83421],[127.61701,35.83835],[127.61838,35.83894],[127.61884,35.83882],[127.61996,35.83894],[127.61985,35.83992],[127.62455,35.84662],[127.61769,35.85926],[127.61281,35.85846],[127.59923,35.87229],[127.59791,35.87749],[127.60103,35.87971],[127.5931,35.88172],[127.59056,35.87831],[127.5824,35.87523],[127.57465,35.87891],[127.58485,35.89789],[127.58147,35.90579],[127.56884,35.91222],[127.56727,35.91827],[127.56314,35.92286],[127.55496,35.92241],[127.54857,35.93306],[127.55301,35.93748],[127.55488,35.94694],[127.55233,35.94746],[127.5467,35.95994],[127.53379,35.97117],[127.53695,35.97816],[127.52731,35.97793],[127.52624,35.98402],[127.5236,35.98553],[127.51685,35.98304],[127.51339,35.98322],[127.50671,35.97961],[127.49934,35.98738],[127.49441,35.98618],[127.48773,35.97826],[127.47457,35.9815],[127.46837,35.98809],[127.46393,35.98394],[127.45675,35.98328],[127.44861,35.99315],[127.44812,35.99892],[127.44359,36.00806],[127.43784,36.00895],[127.43688,36.0106],[127.43536,36.01357]]]},"properties":{"SIGUNGU_CD":"35520","SIGUNGU_NM":"진안군","BASE_DATE":"20250630"}},
{"type":"Feature","geometry":{"type":"Polygon","coordinates":[[[127.6397,36.06834],[127.63806,36.06867],[127.6383,36.06794],[127.62392,36.06727],[127.62055,36.06421],[127.61863,36.0496],[127.6196,36.0406],[127.62735,36.04263],[127.63142,36.04107],[127.63192,36.03635],[127.63975,36.03225],[127.63533,36.02868],[127.63009,36.03243],[127.62294,36.02464],[127.61134,36.02588],[127.61097,36.0223],[127.61644,36.01906],[127.61866,36.00798],[127.61415,36.0008],[127.61274,36.00045],[127.60664,36.00804],[127.60659,36.01191],[127.60007,36.01194],[127.5963,36.01901],[127.59206,36.02051],[127.59124,36.02515],[127.58256,36.02723],[127.57453,36.0233],[127.56776,36.03047],[127.55903,36.03344],[127.5522,36.03277],[127.54778,36.03821],[127.54098,36.03812],[127.53142,36.04084],[127.532,36.03457],[127.53688,36.03259],[127.53884,36.02588],[127.5361,36.02107],[127.5387,36.01055],[127.53216,36.00752],[127.53666,35.99645],[127.53364,35.99201],[127.52494,35.98555],[127.52624,35.98402],[127.52731,35.97793],[127.53695,35.97816],[127.53379,35.97117],[127.5467,35.95994],[127.55233,35.94746],[127.55488,35.94694],[127.55301,35.93748],[127.54857,35.93306],[127.55496,35.92241],[127.56314,35.92286],[127.56727,35.91827],[127.56884,35.91222],[127.58147,35.90579],[127.58485,35.89789],[127.57465,35.87891],[127.5824,35.87523],[127.59056,35.87831],[127.5931,35.88172],[127.60103,35.87971],[127.59791,35.87749],[127.59923,35.87229],[127.61281,35.85846],[127.61769,35.85926],[127.62455,35.84662],[127.61985,35.83992],[127.61997,35.8377],[127.62272,35.83132],[127.62145,35.82329],[127.63105,35.81246],[127.63426,35.81853],[127.64666,35.8122],[127.65491,35.81175],[127.66351,35.81808],[127.67077,35.80979],[127.6773,35.81026],[127.68677,35.80392],[127.68821,35.79552],[127.6934,35.79162],[127.70028,35.78913],[127.70942,35.79139],[127.71939,35.79732],[127.72421,35.80589],[127.72526,35.81318],[127.72965,35.813],[127.73246,35.82091],[127.73947,35.82971],[127.73778,35.83439],[127.74445,35.84442],[127.75253,35.8414],[127.75666,35.83729],[127.77276,35.83958],[127.77917,35.84724],[127.78757,35.85263],[127.79205,35.85241],[127.80436,35.85869],[127.81435,35.85389],[127.81941,35.86253],[127.82656,35.86835],[127.83273,35.86892],[127.84175,35.86625],[127.84433,35.87513],[127.85368,35.88134],[127.85053,35.89028],[127.85708,35.89499],[127.85954,35.90649],[127.87071,35.90435],[127.87951,35.90985],[127.88506,35.90961],[127.88786,35.91206],[127.8824,35.91947],[127.88321,35.93001],[127.89568,35.93419],[127.89896,35.9376],[127.90859,35.9416],[127.91137,35.94918],[127.90395,35.95409],[127.89645,35.97158],[127.89635,35.97766],[127.88961,35.97966],[127.89415,35.98464],[127.88644,35.99223],[127.87549,35.99698],[127.87827,36.00102],[127.8757,36.00894],[127.87673,36.02189],[127.87677,36.02251],[127.86774,36.02377],[127.8606,36.03146],[127.85566,36.03293],[127.85281,36.03911],[127.8304,36.03523],[127.81698,36.0281],[127.81604,36.02818],[127.80108,36.02659],[127.79944,36.02607],[127.78762,36.0145],[127.78362,36.01642],[127.76618,36.01221],[127.76156,36.01332],[127.75929,36.01592],[127.76264,36.02157],[127.76161,36.02518],[127.7552,36.0242],[127.74778,36.02966],[127.73945,36.02573],[127.73484,36.03232],[127.72798,36.03091],[127.71918,36.03186],[127.71164,36.0359],[127.70362,36.03441],[127.69646,36.0411],[127.69461,36.05898],[127.69074,36.05803],[127.68902,36.06267],[127.66917,36.05115],[127.6727,36.04195],[127.66441,36.03751],[127.65942,36.03963],[127.65444,36.05662],[127.64905,36.05799],[127.64842,36.06258],[127.6397,36.06834]]]},"properties":{"SIGUNGU_CD":"35530","SIGUNGU_NM":"무주군","BASE_DATE":"20250630"}},
{"type":"Feature","geometry":{"type":"Polygon","coordinates":[[[127.61996,35.83894],[127.61884,35.83882],[127.61838,35.83894],[127.61701,35.83835],[127.61306,35.83421],[127.60779,35.83151],[127.60244,35.81712],[127.60023,35.80582],[127.59569,35.80819],[127.58935,35.80066],[127.57973,35.79454],[127.57866,35.79387],[127.57645,35.79533],[127.57101,35.79288],[127.56727,35.7976],[127.55983,35.79867],[127.55287,35.80819],[127.55024,35.80582],[127.54455,35.80774],[127.53314,35.8153],[127.52137,35.81216],[127.51941,35.80961],[127.51899,35.80735],[127.51837,35.80298],[127.51386,35.80033],[127.51288,35.79853],[127.51306,35.79785],[127.51213,35.79698],[127.51081,35.7916],[127.51105,35.7909],[127.51336,35.78638],[127.51121,35.77945],[127.51285,35.77119],[127.51741,35.76745],[127.51911,35.7584],[127.52276,35.7564],[127.51998,35.75055],[127.50876,35.74693],[127.5021,35.74053],[127.492,35.73447],[127.48346,35.7223],[127.47605,35.71845],[127.47845,35.70621],[127.47689,35.70071],[127.46488,35.69304],[127.46687,35.68484],[127.45953,35.67332],[127.46056,35.67208],[127.4642,35.66759],[127.47659,35.66115],[127.47407,35.65467],[127.47389,35.64711],[127.46642,35.63753],[127.47028,35.62684],[127.46872,35.62137],[127.46207,35.62221],[127.45385,35.6187],[127.43814,35.62037],[127.43629,35.62214],[127.43355,35.62058],[127.43267,35.62033],[127.43186,35.61902],[127.42685,35.61649],[127.42578,35.61462],[127.41125,35.61505],[127.39645,35.61319],[127.38804,35.61565],[127.38008,35.61364],[127.37937,35.61001],[127.37268,35.60619],[127.37494,35.5981],[127.37177,35.58662],[127.37704,35.5836],[127.37892,35.57706],[127.37689,35.57481],[127.36957,35.57052],[127.36539,35.57077],[127.36181,35.56191],[127.36436,35.55877],[127.36366,35.55824],[127.36366,35.55795],[127.3647,35.55767],[127.36546,35.55647],[127.36868,35.55559],[127.37024,35.55306],[127.3772,35.54854],[127.39142,35.5458],[127.40264,35.54835],[127.39812,35.55263],[127.40502,35.55949],[127.40987,35.56069],[127.41243,35.56058],[127.42413,35.55045],[127.44021,35.55165],[127.44125,35.54719],[127.45278,35.54006],[127.45525,35.54582],[127.46752,35.5464],[127.46957,35.54189],[127.4765,35.53842],[127.48259,35.53891],[127.49242,35.53413],[127.49131,35.52708],[127.49598,35.52261],[127.50164,35.52172],[127.50108,35.51825],[127.50619,35.51228],[127.51309,35.50921],[127.51559,35.49745],[127.51989,35.49839],[127.52725,35.49577],[127.52672,35.48577],[127.51495,35.47888],[127.52485,35.47318],[127.53611,35.47034],[127.54164,35.4716],[127.54266,35.46832],[127.55851,35.47114],[127.56234,35.47615],[127.55969,35.47903],[127.56359,35.49262],[127.57738,35.49888],[127.58013,35.50201],[127.58001,35.51393],[127.57029,35.52002],[127.5685,35.52479],[127.56925,35.53431],[127.5715,35.53471],[127.57281,35.54614],[127.57852,35.54754],[127.58424,35.55278],[127.58473,35.55375],[127.58729,35.55704],[127.58877,35.56477],[127.59607,35.57369],[127.61119,35.58389],[127.60746,35.59491],[127.61291,35.59884],[127.61239,35.60685],[127.6214,35.61512],[127.63534,35.61848],[127.62426,35.63179],[127.62515,35.63574],[127.61977,35.64346],[127.62216,35.65102],[127.62948,35.65664],[127.62791,35.66221],[127.63908,35.66992],[127.63905,35.67899],[127.6418,35.69289],[127.64944,35.7038],[127.6575,35.70579],[127.66099,35.70986],[127.65987,35.71583],[127.66345,35.72505],[127.66321,35.72598],[127.66039,35.73746],[127.66313,35.74158],[127.66183,35.74918],[127.66365,35.75594],[127.66229,35.76083],[127.66551,35.76694],[127.66841,35.77106],[127.6788,35.76895],[127.67944,35.7685],[127.68123,35.77214],[127.68434,35.77497],[127.68481,35.77768],[127.69486,35.78461],[127.69981,35.78816],[127.6934,35.79162],[127.68821,35.79552],[127.68677,35.80392],[127.6773,35.81026],[127.67077,35.80979],[127.66351,35.81808],[127.65491,35.81175],[127.64666,35.8122],[127.63426,35.81853],[127.63105,35.81246],[127.62145,35.82329],[127.62272,35.83132],[127.61997,35.8377],[127.61996,35.83894]]]},"properties":{"SIGUNGU_CD":"35540","SIGUNGU_NM":"장수군","BASE_DATE":"20250630"}},
{"type":"Feature","geometry":{"type":"Polygon","coordinates":[[[127.27248,35.77582],[127.26867,35.7775],[127.26347,35.77171],[127.25429,35.76643],[127.24488,35.75605],[127.24586,35.74919],[127.25358,35.74161],[127.25253,35.73445],[127.25665,35.72996],[127.25135,35.72284],[127.25071,35.71801],[127.25631,35.70724],[127.25643,35.69938],[127.25928,35.69309],[127.24669,35.68892],[127.23996,35.69017],[127.24104,35.6984],[127.22394,35.71221],[127.20789,35.71047],[127.20565,35.71491],[127.20558,35.72371],[127.19761,35.72593],[127.19692,35.72934],[127.18818,35.73108],[127.1862,35.7355],[127.17746,35.73763],[127.17103,35.73395],[127.1587,35.72399],[127.15105,35.72477],[127.13949,35.71929],[127.13676,35.70594],[127.13795,35.70154],[127.13037,35.69592],[127.12971,35.69171],[127.12523,35.69117],[127.12707,35.67199],[127.13125,35.66916],[127.12667,35.65802],[127.1355,35.64709],[127.12938,35.63721],[127.1185,35.63394],[127.11702,35.62876],[127.1059,35.61957],[127.09721,35.62126],[127.09308,35.62184],[127.09167,35.62073],[127.09162,35.61989],[127.09089,35.61856],[127.09064,35.61503],[127.09999,35.60446],[127.10481,35.59594],[127.10258,35.59021],[127.09648,35.58744],[127.08634,35.58681],[127.08314,35.58453],[127.0844,35.5789],[127.09197,35.56957],[127.08394,35.55056],[127.10025,35.54405],[127.108,35.54235],[127.11555,35.538],[127.11694,35.53486],[127.11626,35.53221],[127.10556,35.5336],[127.0972,35.5269],[127.09914,35.5234],[127.0939,35.51874],[127.10962,35.51941],[127.10794,35.51314],[127.10958,35.50916],[127.11593,35.50417],[127.12912,35.50364],[127.13437,35.49222],[127.13412,35.4862],[127.14133,35.4774],[127.14006,35.4699],[127.14419,35.46191],[127.15611,35.46079],[127.16496,35.46304],[127.17287,35.45979],[127.17788,35.46542],[127.17554,35.473],[127.17953,35.47628],[127.18718,35.4816],[127.1959,35.48909],[127.21164,35.48982],[127.21327,35.48929],[127.21464,35.48886],[127.21591,35.48889],[127.2167,35.48961],[127.21806,35.48865],[127.21857,35.48688],[127.22174,35.48468],[127.23017,35.47459],[127.23656,35.47702],[127.24463,35.48447],[127.24875,35.48428],[127.25534,35.47927],[127.25714,35.48119],[127.26364,35.47468],[127.26795,35.47577],[127.26924,35.47411],[127.27429,35.47298],[127.2843,35.47894],[127.28875,35.47634],[127.29843,35.47821],[127.30864,35.47791],[127.30808,35.4798],[127.3078,35.48896],[127.31213,35.49605],[127.31396,35.49671],[127.31964,35.49345],[127.32492,35.49569],[127.33122,35.49217],[127.34169,35.4966],[127.35286,35.4974],[127.357,35.50096],[127.35375,35.51304],[127.35166,35.5148],[127.33984,35.52379],[127.33774,35.52779],[127.34542,35.52724],[127.34963,35.54015],[127.33443,35.54751],[127.33402,35.55127],[127.3388,35.55454],[127.34335,35.5511],[127.35245,35.55261],[127.35959,35.55887],[127.3606,35.55756],[127.36229,35.55718],[127.36436,35.55877],[127.36181,35.56191],[127.36539,35.57077],[127.36957,35.57052],[127.37689,35.57481],[127.37892,35.57706],[127.37704,35.5836],[127.37177,35.58662],[127.37494,35.5981],[127.37268,35.60619],[127.37937,35.61001],[127.38008,35.61364],[127.38804,35.61565],[127.39645,35.61319],[127.41125,35.61505],[127.42578,35.61462],[127.42685,35.61649],[127.43186,35.61902],[127.43267,35.62033],[127.43355,35.62058],[127.43629,35.62214],[127.43524,35.62305],[127.4305,35.63001],[127.43268,35.63453],[127.4283,35.64203],[127.42105,35.64045],[127.39891,35.65199],[127.39301,35.65116],[127.38756,35.65556],[127.3782,35.65415],[127.3777,35.66444],[127.36453,35.66037],[127.36193,35.66709],[127.3563,35.66911],[127.34662,35.66544],[127.33568,35.66508],[127.32763,35.66082],[127.32352,35.66332],[127.32192,35.67027],[127.31769,35.6773],[127.3064,35.68473],[127.29801,35.68278],[127.28808,35.6871],[127.29217,35.69088],[127.29426,35.70024],[127.29097,35.70424],[127.29084,35.71405],[127.29347,35.71781],[127.28593,35.73484],[127.2812,35.73717],[127.28115,35.74291],[127.27588,35.75289],[127.27488,35.75451],[127.26863,35.7588],[127.26574,35.76414],[127.26572,35.7657],[127.26539,35.76684],[127.26569,35.76846],[127.26595,35.76871],[127.26709,35.77008],[127.27248,35.77582]]]},"properties":{"SIGUNGU_CD":"35550","SIGUNGU_NM":"임실군","BASE_DATE":"20250630"}},
{"type":"Feature","geometry":{"type":"Polygon","coordinates":[[[126.97865,35.5556],[126.97507,35.55613],[126.96274,35.54928],[126.96098,35.54462],[126.9512,35.53822],[126.95148,35.53268],[126.94692,35.5289],[126.93938,35.52785],[126.93554,35.5238],[126.93196,35.52536],[126.9283,35.51888],[126.92981,35.50955],[126.93365,35.50717],[126.93551,35.4958],[126.94169,35.49089],[126.93594,35.48813],[126.93586,35.48196],[126.92761,35.4796],[126.92729,35.47911],[126.92265,35.48289],[126.91354,35.4768],[126.91145,35.47695],[126.89381,35.48086],[126.8895,35.47839],[126.87706,35.48419],[126.87311,35.47967],[126.85981,35.47967],[126.85992,35.47836],[126.86501,35.46409],[126.8691,35.46143],[126.86908,35.46131],[126.88112,35.4559],[126.88288,35.45236],[126.89677,35.44799],[126.89964,35.4427],[126.90511,35.44082],[126.89747,35.43364],[126.90044,35.43092],[126.90432,35.4297],[126.90201,35.4238],[126.90187,35.42302],[126.90667,35.42042],[126.90873,35.41912],[126.90891,35.41805],[126.90882,35.41541],[126.91615,35.41584],[126.92078,35.41086],[126.91825,35.40748],[126.91787,35.40631],[126.91719,35.40418],[126.91743,35.40214],[126.91873,35.40183],[126.91945,35.40194],[126.93324,35.40609],[126.93293,35.39524],[126.94129,35.39413],[126.95427,35.39664],[126.9631,35.39495],[126.97647,35.40074],[126.97598,35.40727],[126.97162,35.41428],[126.97138,35.42767],[126.98163,35.42665],[126.98507,35.43005],[126.98337,35.43375],[126.98992,35.43926],[126.99455,35.4398],[127.00056,35.45396],[126.99802,35.4573],[127.00303,35.46446],[127.01429,35.45782],[127.02348,35.46397],[127.03472,35.46657],[127.03652,35.45981],[127.035,35.44764],[127.04018,35.43179],[127.04461,35.43355],[127.05232,35.42652],[127.04514,35.40722],[127.04693,35.40219],[127.04171,35.39872],[127.02702,35.39986],[127.03046,35.39009],[127.03954,35.38401],[127.0391,35.38014],[127.05055,35.37803],[127.05586,35.38454],[127.06498,35.37595],[127.06359,35.3699],[127.07061,35.36551],[127.06522,35.35591],[127.0699,35.3514],[127.06717,35.34564],[127.07025,35.33964],[127.06238,35.33625],[127.05525,35.34106],[127.05233,35.34026],[127.05095,35.32937],[127.04309,35.32189],[127.05188,35.31655],[127.05974,35.31721],[127.06178,35.31713],[127.06283,35.31579],[127.06896,35.31144],[127.07694,35.31066],[127.07986,35.31053],[127.09535,35.30267],[127.0979,35.30197],[127.10524,35.29923],[127.11685,35.29996],[127.12457,35.30344],[127.12998,35.30913],[127.14382,35.3084],[127.14634,35.31529],[127.1517,35.31786],[127.16087,35.32774],[127.17115,35.33289],[127.17296,35.33047],[127.18583,35.33677],[127.18677,35.33621],[127.1933,35.33813],[127.1871,35.34248],[127.18806,35.3488],[127.19308,35.3564],[127.20092,35.35649],[127.20717,35.36384],[127.21659,35.3716],[127.21395,35.37278],[127.21356,35.37252],[127.21181,35.37312],[127.21993,35.38534],[127.22462,35.39669],[127.23321,35.39749],[127.23718,35.40009],[127.24589,35.39828],[127.25062,35.40892],[127.2517,35.41732],[127.2574,35.42119],[127.26014,35.42697],[127.27542,35.42089],[127.27732,35.42423],[127.2881,35.4245],[127.2965,35.4334],[127.2979,35.44471],[127.30647,35.45286],[127.31103,35.46302],[127.31427,35.46622],[127.3089,35.47768],[127.30864,35.47791],[127.29843,35.47821],[127.28875,35.47634],[127.2843,35.47894],[127.27429,35.47298],[127.26924,35.47411],[127.26795,35.47577],[127.26364,35.47468],[127.25714,35.48119],[127.25534,35.47927],[127.24875,35.48428],[127.24463,35.48447],[127.23656,35.47702],[127.23017,35.47459],[127.22174,35.48468],[127.21857,35.48688],[127.21806,35.48865],[127.2167,35.48961],[127.21591,35.48889],[127.21464,35.48886],[127.21327,35.48929],[127.21164,35.48982],[127.1959,35.48909],[127.18718,35.4816],[127.17953,35.47628],[127.17554,35.473],[127.17788,35.46542],[127.17287,35.45979],[127.16496,35.46304],[127.15611,35.46079],[127.14419,35.46191],[127.14006,35.4699],[127.14133,35.4774],[127.13412,35.4862],[127.13437,35.49222],[127.12912,35.50364],[127.11593,35.50417],[127.10958,35.50916],[127.1095,35.5093],[127.09427,35.5068],[127.09174,35.50615],[127.08291,35.50679],[127.07598,35.51023],[127.07445,35.5138],[127.06681,35.51631],[127.06131,35.51128],[127.05431,35.50937],[127.05087,35.51174],[127.05184,35.51804],[127.04546,35.52146],[127.03913,35.52874],[127.02851,35.5323],[127.02209,35.53626],[127.01914,35.54613],[127.00822,35.54197],[126.99597,35.54007],[126.99286,35.53696],[126.98216,35.54813],[126.97865,35.5556]]]},"properties":{"SIGUNGU_CD":"35560","SIGUNGU_NM":"순창군","BASE_DATE":"20250630"}},
{"type":"Feature","geometry":{"type":"MultiPolygon","coordinates":[[[[126.48139,35.54272],[126.4793,35.53473],[126.4856,35.54006],[126.48139,35.54272]]],[[[126.67338,35.56972],[126.66423,35.56606],[126.66798,35.55268],[126.66109,35.55796],[126.65015,35.56997],[126.63389,35.57465],[126.62598,35.57344],[126.62405,35.56826],[126.61401,35.57041],[126.61086,35.55761],[126.59775,35.54433],[126.59544,35.54007],[126.58103,35.54444],[126.56668,35.54331],[126.55542,35.53656],[126.54877,35.53757],[126.54197,35.5273],[126.54082,35.53409],[126.52659,35.53482],[126.52543,35.53219],[126.51538,35.53233],[126.50036,35.52353],[126.49787,35.51733],[126.49367,35.51639],[126.49527,35.51152],[126.49112,35.51178],[126.48652,35.51956],[126.48332,35.51925],[126.45994,35.47996],[126.42876,35.435],[126.4316,35.43214],[126.44129,35.43565],[126.44796,35.43465],[126.45022,35.42788],[126.46855,35.42515],[126.47603,35.42933],[126.481,35.4211],[126.47964,35.42094],[126.48102,35.42018],[126.4836,35.41807],[126.48584,35.41631],[126.49236,35.4096],[126.49284,35.40751],[126.49131,35.40069],[126.48972,35.39347],[126.47738,35.38618],[126.48318,35.38389],[126.48328,35.38057],[126.49241,35.37399],[126.49637,35.37408],[126.49615,35.3576],[126.49214,35.35411],[126.49648,35.34989],[126.49919,35.35426],[126.50824,35.36164],[126.51276,35.36203],[126.51315,35.35812],[126.52053,35.34835],[126.514,35.32711],[126.52101,35.32512],[126.52438,35.31349],[126.52949,35.31257],[126.53232,35.30674],[126.53898,35.31034],[126.54339,35.30982],[126.54813,35.31347],[126.56096,35.31187],[126.56391,35.30907],[126.57271,35.31015],[126.57866,35.3032],[126.58491,35.30079],[126.58805,35.30565],[126.58945,35.31751],[126.58333,35.31819],[126.5804,35.32389],[126.58706,35.33081],[126.59461,35.32901],[126.6045,35.33556],[126.61553,35.32851],[126.61916,35.32442],[126.63143,35.32029],[126.64179,35.32083],[126.64417,35.32031],[126.64437,35.31999],[126.6448,35.31978],[126.64523,35.32128],[126.64664,35.32294],[126.64698,35.32474],[126.65173,35.32682],[126.6596,35.33455],[126.66008,35.34424],[126.6644,35.34571],[126.66644,35.35149],[126.68231,35.34713],[126.68573,35.34424],[126.69182,35.35143],[126.69937,35.34959],[126.70462,35.36513],[126.71935,35.36499],[126.73126,35.37688],[126.73219,35.38319],[126.7313,35.38669],[126.7308,35.3887],[126.72963,35.39461],[126.72247,35.39993],[126.7368,35.40339],[126.74451,35.40875],[126.74868,35.41559],[126.7542,35.4165],[126.75151,35.42276],[126.75267,35.42949],[126.74934,35.43912],[126.74382,35.44068],[126.73772,35.44949],[126.74101,35.45298],[126.74808,35.45058],[126.7556,35.45577],[126.75778,35.46229],[126.7649,35.46706],[126.77206,35.4675],[126.77262,35.4679],[126.7731,35.46972],[126.77261,35.4724],[126.7703,35.48222],[126.76509,35.49226],[126.76842,35.49614],[126.7699,35.50884],[126.75984,35.51124],[126.76069,35.51679],[126.77418,35.52401],[126.76771,35.527],[126.76114,35.53299],[126.76256,35.54533],[126.76624,35.54916],[126.76198,35.55511],[126.76937,35.56077],[126.76018,35.57199],[126.75463,35.57388],[126.75564,35.57297],[126.74458,35.56911],[126.74191,35.57138],[126.73683,35.56839],[126.72789,35.57247],[126.71867,35.57323],[126.71772,35.57298],[126.7135,35.57338],[126.71299,35.5731],[126.71143,35.57352],[126.70531,35.5748],[126.69805,35.56925],[126.69325,35.57118],[126.68662,35.5695],[126.67766,35.57196],[126.67338,35.56972]]]]},"properties":{"SIGUNGU_CD":"35570","SIGUNGU_NM":"고창군","BASE_DATE":"20250630"}},
{"type":"Feature","geometry":{"type":"MultiPolygon","coordinates":[[[[126.24476,35.57831],[126.2418,35.57424],[126.24969,35.57436],[126.24476,35.57831]]],[[[126.29186,35.62055],[126.28823,35.61534],[126.28971,35.61112],[126.29463,35.61826],[126.29186,35.62055]]],[[[126.3035,35.62201],[126.30568,35.61773],[126.30054,35.61845],[126.30292,35.61197],[126.2968,35.6124],[126.2939,35.60431],[126.29182,35.60964],[126.28714,35.60866],[126.28395,35.61448],[126.27501,35.61569],[126.28194,35.6056],[126.2765,35.60432],[126.27085,35.60869],[126.2692,35.60276],[126.27252,35.6016],[126.26752,35.5963],[126.26045,35.59604],[126.27062,35.59258],[126.26485,35.58854],[126.25019,35.5889],[126.25125,35.58021],[126.25488,35.57986],[126.25426,35.57285],[126.26258,35.57114],[126.2667,35.57666],[126.27497,35.57731],[126.28981,35.58896],[126.28947,35.59235],[126.30269,35.59494],[126.30495,35.60032],[126.31118,35.60387],[126.31551,35.60988],[126.30754,35.62045],[126.3035,35.62201]]],[[[126.27949,35.63513],[126.27277,35.63217],[126.27587,35.62598],[126.27802,35.62915],[126.28669,35.62813],[126.28525,35.62364],[126.2935,35.62722],[126.2921,35.63278],[126.28321,35.63269],[126.27949,35.63513]]],[[[126.11916,35.64626],[126.11243,35.64435],[126.11153,35.63978],[126.12301,35.63882],[126.12466,35.63438],[126.13031,35.63678],[126.12435,35.6443],[126.11916,35.64626]]],[[[126.486,35.66536],[126.48328,35.66108],[126.48764,35.66109],[126.486,35.66536]]],[[[126.10994,35.66746],[126.10021,35.65978],[126.11043,35.65588],[126.10908,35.65962],[126.1122,35.66446],[126.10994,35.66746]]],[[[126.6982,35.81287],[126.70696,35.79617],[126.69283,35.79739],[126.65337,35.8153],[126.64567,35.81729],[126.63747,35.81703],[126.61071,35.81019],[126.59976,35.80287],[126.58387,35.78551],[126.57371,35.77629],[126.61263,35.7465],[126.59307,35.74101],[126.59047,35.73481],[126.58453,35.72791],[126.57953,35.71444],[126.56265,35.70732],[126.57165,35.69088],[126.56949,35.68473],[126.56805,35.69385],[126.55817,35.69823],[126.53062,35.73143],[126.52446,35.73265],[126.52326,35.73135],[126.53344,35.72475],[126.55637,35.69778],[126.54068,35.69099],[126.53286,35.69025],[126.5287,35.68036],[126.51899,35.67424],[126.51893,35.6716],[126.49933,35.65693],[126.49634,35.65753],[126.48795,35.65284],[126.47708,35.64326],[126.46893,35.64187],[126.45734,35.63627],[126.4629,35.63303],[126.46623,35.63502],[126.46928,35.62821],[126.46967,35.61862],[126.46344,35.6182],[126.46091,35.61225],[126.47021,35.60295],[126.47543,35.60332],[126.48665,35.59614],[126.4876,35.59029],[126.49186,35.58589],[126.49971,35.58539],[126.51182,35.57904],[126.51073,35.5825],[126.51511,35.58769],[126.51668,35.58068],[126.52922,35.57931],[126.54607,35.58606],[126.54722,35.58415],[126.55775,35.58496],[126.57504,35.59039],[126.58501,35.58783],[126.59357,35.5901],[126.60405,35.58646],[126.62738,35.58606],[126.65119,35.58061],[126.65754,35.58688],[126.66075,35.58528],[126.66823,35.57255],[126.67338,35.56972],[126.67766,35.57196],[126.68662,35.5695],[126.69325,35.57118],[126.69805,35.56925],[126.70531,35.5748],[126.71143,35.57352],[126.71299,35.5731],[126.7135,35.57338],[126.71772,35.57298],[126.71813,35.57327],[126.71657,35.57416],[126.71581,35.57715],[126.71625,35.57795],[126.71662,35.58163],[126.72425,35.58364],[126.72442,35.59183],[126.72157,35.59487],[126.72236,35.60102],[126.71996,35.61039],[126.72319,35.61776],[126.72026,35.63023],[126.72284,35.63202],[126.72683,35.6482],[126.73423,35.65111],[126.7356,35.6492],[126.74221,35.65847],[126.744,35.66643],[126.75019,35.66349],[126.75155,35.66774],[126.76322,35.66197],[126.76499,35.67318],[126.77298,35.68358],[126.78346,35.6758],[126.78822,35.67507],[126.7985,35.68472],[126.80579,35.67579],[126.8088,35.68076],[126.81406,35.68274],[126.8271,35.67999],[126.82885,35.6849],[126.83459,35.68703],[126.83932,35.70016],[126.83696,35.69898],[126.83347,35.70108],[126.83477,35.70303],[126.82634,35.71201],[126.82682,35.71454],[126.82707,35.71439],[126.82776,35.71502],[126.82593,35.71489],[126.82399,35.71279],[126.82248,35.71681],[126.81306,35.71563],[126.81632,35.71977],[126.81712,35.72716],[126.811,35.72362],[126.81364,35.72897],[126.80761,35.72622],[126.8067,35.74542],[126.79893,35.74264],[126.79666,35.74448],[126.79578,35.75341],[126.78304,35.75174],[126.77966,35.75703],[126.77278,35.77503],[126.76296,35.79664],[126.72975,35.80458],[126.6982,35.81287]]]]},"properties":{"SIGUNGU_CD":"35580","SIGUNGU_NM":"부안군","BASE_DATE":"20250630"}},
{"type":"Feature","geometry":{"type":"MultiPolygon","coordinates":[[[[126.29522,34.78396],[126.29037,34.77819],[126.30168,34.77649],[126.3021,34.78226],[126.29522,34.78396]]],[[[126.35588,34.78414],[126.35753,34.77197],[126.352,34.77178],[126.35045,34.75042],[126.36033,34.74488],[126.35864,34.75218],[126.36198,34.75157],[126.3643,34.75946],[126.37283,34.75927],[126.37104,34.76399],[126.37567,34.77053],[126.36559,34.7741],[126.35708,34.78053],[126.35588,34.78414]]],[[[126.32113,34.78833],[126.31443,34.78132],[126.30935,34.78277],[126.30477,34.77222],[126.3062,34.76494],[126.31111,34.76094],[126.31805,34.75909],[126.32235,34.77346],[126.32857,34.77532],[126.33038,34.78148],[126.32113,34.78833]]],[[[126.34023,34.79066],[126.34009,34.79489],[126.3353,34.78826],[126.33913,34.78216],[126.34023,34.79066]]],[[[126.32786,34.81545],[126.3169,34.80849],[126.31472,34.80411],[126.31828,34.80269],[126.31744,34.7946],[126.33276,34.79614],[126.33097,34.80027],[126.33254,34.80825],[126.32786,34.81545]]],[[[126.42002,34.84314],[126.41729,34.844],[126.41235,34.84384],[126.4009,34.84232],[126.39675,34.83805],[126.38834,34.83675],[126.38666,34.8295],[126.38125,34.82831],[126.36387,34.80787],[126.36534,34.80398],[126.35995,34.79963],[126.35683,34.80225],[126.35113,34.79782],[126.36765,34.78666],[126.36868,34.78089],[126.38171,34.78071],[126.39166,34.78826],[126.38854,34.78061],[126.40407,34.78428],[126.41481,34.78856],[126.41087,34.79307],[126.41738,34.79118],[126.42888,34.79351],[126.44098,34.79928],[126.44544,34.79134],[126.45834,34.79337],[126.4578,34.81064],[126.45483,34.81679],[126.45354,34.81797],[126.43841,34.82119],[126.43905,34.83409],[126.43437,34.83818],[126.42506,34.83882],[126.42002,34.84314]]]]},"properties":{"SIGUNGU_CD":"36010","SIGUNGU_NM":"목포시","BASE_DATE":"20250630"}},
{"type":"Feature","geometry":{"type":"MultiPolygon","coordinates":[[[[127.31056,34.02897],[127.31023,34.02484],[127.32347,34.02443],[127.32237,34.02738],[127.31056,34.02897]]],[[[127.38646,34.0627],[127.38934,34.05755],[127.39838,34.05696],[127.39273,34.06177],[127.38646,34.0627]]],[[[127.30594,34.06272],[127.30333,34.05823],[127.30951,34.05297],[127.314,34.04551],[127.31338,34.04023],[127.32814,34.03676],[127.33127,34.03324],[127.33442,34.03526],[127.33263,34.04136],[127.32383,34.0473],[127.32776,34.04836],[127.3224,34.05947],[127.30934,34.05809],[127.30594,34.06272]]],[[[127.29272,34.06342],[127.29455,34.0553],[127.28625,34.05872],[127.28266,34.0548],[127.2802,34.05769],[127.27522,34.05276],[127.2805,34.05313],[127.28128,34.04572],[127.2781,34.04397],[127.28217,34.03984],[127.28097,34.03552],[127.28634,34.03574],[127.28931,34.02825],[127.29637,34.01804],[127.29409,34.01481],[127.304,34.01188],[127.31685,34.01355],[127.32299,34.00809],[127.32529,34.01257],[127.32086,34.01625],[127.31554,34.01409],[127.30576,34.01842],[127.30773,34.02209],[127.30489,34.02886],[127.29668,34.03231],[127.2974,34.03816],[127.29425,34.03963],[127.29518,34.04523],[127.29226,34.04795],[127.29425,34.05245],[127.30065,34.05725],[127.29272,34.06342]]],[[[127.35449,34.18049],[127.35113,34.17412],[127.35771,34.17145],[127.35842,34.17504],[127.35449,34.18049]]],[[[127.21968,34.22461],[127.21905,34.22151],[127.2254,34.22349],[127.21968,34.22461]]],[[[127.46042,34.23272],[127.46004,34.22812],[127.46549,34.22717],[127.46042,34.23272]]],[[[127.45076,34.25048],[127.44465,34.24213],[127.44906,34.24014],[127.45636,34.24688],[127.45076,34.25048]]],[[[127.25554,34.25114],[127.24795,34.24571],[127.2435,34.24818],[127.24383,34.24018],[127.24153,34.23639],[127.23324,34.23668],[127.23119,34.2262],[127.22491,34.21613],[127.23888,34.21536],[127.24132,34.21937],[127.24585,34.21403],[127.25869,34.21163],[127.25822,34.21893],[127.24966,34.22127],[127.25234,34.22452],[127.26146,34.22458],[127.26125,34.23082],[127.25806,34.23353],[127.25878,34.23838],[127.26301,34.23833],[127.25815,34.24353],[127.25859,34.2507],[127.25554,34.25114]]],[[[127.25783,34.26457],[127.25457,34.26006],[127.26112,34.25829],[127.25783,34.26457]]],[[[127.53345,34.26977],[127.5281,34.26633],[127.53043,34.26123],[127.536,34.26119],[127.54024,34.26757],[127.53345,34.26977]]],[[[127.27905,34.27606],[127.27181,34.27249],[127.27661,34.27204],[127.27905,34.27606]]],[[[127.3523,34.29547],[127.34711,34.28156],[127.34929,34.28056],[127.34849,34.268],[127.35108,34.26792],[127.3562,34.27536],[127.36188,34.27899],[127.36673,34.28686],[127.3713,34.28886],[127.36734,34.29288],[127.36137,34.2913],[127.36127,34.28679],[127.35267,34.28891],[127.3523,34.29547]]],[[[127.39585,34.29791],[127.38866,34.29525],[127.38582,34.28952],[127.38942,34.28543],[127.38872,34.28008],[127.39269,34.28297],[127.39815,34.2805],[127.40205,34.29056],[127.39585,34.29791]]],[[[127.80503,34.46139],[127.79514,34.45727],[127.79761,34.45247],[127.79767,34.43974],[127.7914,34.43543],[127.78608,34.43477],[127.78537,34.43003],[127.79268,34.43162],[127.79898,34.42905],[127.78875,34.42562],[127.78609,34.41752],[127.7883,34.41319],[127.79639,34.41698],[127.80009,34.40937],[127.80738,34.41612],[127.80841,34.42352],[127.80482,34.4298],[127.80991,34.43487],[127.81068,34.44599],[127.81575,34.45185],[127.80883,34.44891],[127.8017,34.45414],[127.80591,34.45648],[127.80503,34.46139]]],[[[127.79147,34.48144],[127.7893,34.47747],[127.79375,34.47726],[127.79147,34.48144]]],[[[127.82299,34.4998],[127.82143,34.49687],[127.81133,34.49771],[127.80737,34.49087],[127.79756,34.49078],[127.79811,34.48028],[127.79638,34.47329],[127.80444,34.4719],[127.80069,34.47652],[127.80415,34.48274],[127.8105,34.48056],[127.80867,34.47675],[127.8183,34.47872],[127.82543,34.48498],[127.8198,34.48894],[127.81302,34.49012],[127.81521,34.49366],[127.82651,34.49563],[127.82299,34.4998]]],[[[127.74042,34.55314],[127.72989,34.54943],[127.70968,34.53778],[127.7048,34.53964],[127.69693,34.53767],[127.7036,34.53111],[127.71138,34.53032],[127.72088,34.52297],[127.73177,34.52726],[127.72621,34.51387],[127.73686,34.5125],[127.74018,34.50782],[127.73372,34.50492],[127.73965,34.50187],[127.74853,34.50221],[127.75412,34.50469],[127.75378,34.49934],[127.76141,34.49956],[127.76614,34.49722],[127.77398,34.49813],[127.76899,34.49153],[127.77471,34.48833],[127.79025,34.48702],[127.79617,34.49281],[127.79096,34.49858],[127.79303,34.50104],[127.78618,34.5064],[127.77761,34.50534],[127.76786,34.50941],[127.76853,34.51094],[127.781,34.51101],[127.78016,34.52006],[127.7638,34.53301],[127.76407,34.53998],[127.75706,34.54976],[127.74042,34.55314]]],[[[127.74755,34.56733],[127.74888,34.56345],[127.75251,34.56708],[127.74755,34.56733]]],[[[127.7322,34.571],[127.72981,34.57107],[127.72436,34.56074],[127.73069,34.56235],[127.73693,34.55942],[127.74129,34.56383],[127.73638,34.56463],[127.73634,34.56945],[127.7322,34.571]]],[[[127.72564,34.57956],[127.72136,34.57675],[127.71827,34.57936],[127.71027,34.57629],[127.71042,34.56893],[127.71333,34.56495],[127.71722,34.56918],[127.72329,34.56889],[127.7239,34.57379],[127.72858,34.57414],[127.72564,34.57956]]],[[[127.7625,34.58228],[127.75643,34.5762],[127.76454,34.57559],[127.7625,34.58228]]],[[[127.65745,34.58568],[127.65266,34.57962],[127.648,34.5814],[127.64375,34.57586],[127.63934,34.57499],[127.63772,34.55894],[127.64091,34.56121],[127.63859,34.5656],[127.6419,34.56982],[127.64762,34.56737],[127.6488,34.55729],[127.65599,34.55319],[127.66498,34.5553],[127.66362,34.55773],[127.66934,34.56091],[127.67002,34.55536],[127.67419,34.55567],[127.6749,34.56012],[127.67984,34.56291],[127.67847,34.56695],[127.68778,34.57123],[127.6904,34.56482],[127.69707,34.56274],[127.70499,34.56503],[127.69778,34.56918],[127.69534,34.57543],[127.68965,34.57669],[127.6833,34.57498],[127.68044,34.56992],[127.67532,34.57418],[127.67086,34.57199],[127.6709,34.58039],[127.65745,34.58568]]],[[[127.73159,34.59505],[127.72176,34.58886],[127.71794,34.59381],[127.71802,34.58837],[127.72482,34.58598],[127.73419,34.57392],[127.73651,34.57763],[127.74327,34.57921],[127.74401,34.58221],[127.7303,34.58904],[127.73159,34.59505]]],[[[127.68286,34.59587],[127.68046,34.59409],[127.68413,34.58842],[127.69034,34.59091],[127.68965,34.59441],[127.68286,34.59587]]],[[[127.62491,34.59604],[127.60628,34.58992],[127.61721,34.58961],[127.62199,34.59217],[127.62545,34.58868],[127.62491,34.59604]]],[[[127.65102,34.6044],[127.65069,34.59426],[127.64543,34.59114],[127.65184,34.58702],[127.66011,34.59271],[127.65396,34.59672],[127.66094,34.60072],[127.66069,34.60374],[127.65102,34.6044]]],[[[127.60497,34.60496],[127.59662,34.60129],[127.59558,34.59746],[127.60181,34.59499],[127.60676,34.60122],[127.60497,34.60496]]],[[[127.71389,34.61158],[127.70642,34.61022],[127.70386,34.60558],[127.70801,34.60328],[127.71279,34.60732],[127.72037,34.60606],[127.72577,34.60815],[127.71389,34.61158]]],[[[127.5466,34.61761],[127.54165,34.61673],[127.54034,34.61176],[127.5325,34.6163],[127.52218,34.61521],[127.52545,34.60279],[127.53536,34.60494],[127.53705,34.60965],[127.54068,34.60247],[127.53768,34.59624],[127.54864,34.59588],[127.5536,34.59886],[127.55082,34.60105],[127.56164,34.60284],[127.56481,34.61326],[127.55752,34.61656],[127.55148,34.61472],[127.55251,34.61864],[127.5466,34.61761]]],[[[127.6324,34.62451],[127.62752,34.62188],[127.62504,34.61427],[127.63344,34.60727],[127.64142,34.60734],[127.64147,34.61166],[127.64684,34.60841],[127.65519,34.60951],[127.64661,34.61955],[127.64318,34.61815],[127.63864,34.62371],[127.6324,34.62451]]],[[[127.53684,34.63173],[127.53299,34.62878],[127.54071,34.62309],[127.55211,34.62735],[127.54697,34.63127],[127.53684,34.63173]]],[[[127.5183,34.64124],[127.50899,34.63354],[127.51457,34.62293],[127.52133,34.62037],[127.52372,34.62584],[127.51628,34.62482],[127.5183,34.64124]]],[[[127.55009,34.64254],[127.54713,34.63766],[127.55227,34.63695],[127.56715,34.62699],[127.56814,34.63513],[127.55529,34.63799],[127.55009,34.64254]]],[[[127.70141,34.71135],[127.70097,34.70844],[127.7119,34.70222],[127.70925,34.70899],[127.70141,34.71135]]],[[[127.72474,34.7224],[127.71846,34.71865],[127.72199,34.71525],[127.71695,34.71313],[127.72076,34.70955],[127.71995,34.70533],[127.73517,34.69905],[127.7425,34.70466],[127.73451,34.70689],[127.73247,34.71051],[127.72566,34.71236],[127.73073,34.71913],[127.72352,34.71811],[127.72474,34.7224]]],[[[127.74002,34.73387],[127.73687,34.72977],[127.74202,34.72673],[127.74698,34.71441],[127.75182,34.7146],[127.75636,34.70768],[127.75413,34.69777],[127.75614,34.69138],[127.76305,34.68775],[127.76141,34.68444],[127.75396,34.68183],[127.7471,34.67476],[127.74752,34.66886],[127.73719,34.66054],[127.72896,34.65609],[127.72366,34.65589],[127.71709,34.64346],[127.7246,34.63756],[127.72051,34.62935],[127.71064,34.62339],[127.72096,34.61297],[127.72284,34.61506],[127.73766,34.61056],[127.73651,34.60549],[127.74376,34.59997],[127.74953,34.59274],[127.76364,34.59348],[127.77071,34.58791],[127.77807,34.58966],[127.78584,34.58536],[127.80053,34.58644],[127.80599,34.59068],[127.80213,34.59607],[127.80407,34.59967],[127.79593,34.60477],[127.79354,34.60317],[127.78829,34.60828],[127.79212,34.61063],[127.78939,34.6173],[127.79357,34.62268],[127.79153,34.62881],[127.8003,34.63025],[127.79789,34.64023],[127.79433,34.64545],[127.79933,34.65305],[127.7981,34.65512],[127.80627,34.65794],[127.80566,34.66125],[127.79491,34.66064],[127.7949,34.67138],[127.78501,34.66996],[127.78344,34.67411],[127.77667,34.6803],[127.77745,34.68625],[127.78158,34.69072],[127.77917,34.69699],[127.77301,34.70025],[127.77359,34.69664],[127.76596,34.69426],[127.75917,34.70388],[127.76376,34.70951],[127.77136,34.71065],[127.77353,34.70418],[127.77851,34.71198],[127.7806,34.70776],[127.77635,34.70475],[127.77776,34.70141],[127.78283,34.70274],[127.78604,34.69927],[127.79061,34.70158],[127.78694,34.70901],[127.78594,34.71691],[127.77291,34.72443],[127.76438,34.72569],[127.75553,34.73191],[127.74002,34.73387]]],[[[127.56365,34.74759],[127.55826,34.74774],[127.55821,34.74062],[127.56218,34.74267],[127.56559,34.73951],[127.56785,34.74264],[127.56365,34.74759]]],[[[127.51081,34.76151],[127.50871,34.75875],[127.51619,34.75454],[127.51081,34.76151]]],[[[127.49138,34.76738],[127.49112,34.7639],[127.49715,34.75921],[127.49913,34.75182],[127.5043,34.75504],[127.49584,34.76104],[127.49564,34.76539],[127.49138,34.76738]]],[[[127.5594,34.7707],[127.56012,34.7629],[127.57068,34.76277],[127.56791,34.76696],[127.5594,34.7707]]],[[[127.64688,34.85725],[127.63392,34.87077],[127.61533,34.85878],[127.61542,34.85479],[127.6213,34.84867],[127.63754,34.84774],[127.63669,34.83849],[127.62864,34.83802],[127.62824,34.83499],[127.63508,34.83016],[127.64524,34.83457],[127.65878,34.84465],[127.64688,34.85725]]],[[[127.61994,34.88313],[127.61303,34.88027],[127.61912,34.87712],[127.62407,34.87988],[127.62945,34.874],[127.62741,34.88188],[127.61994,34.88313]]],[[[127.60613,34.89732],[127.59995,34.89866],[127.59549,34.89254],[127.59462,34.89161],[127.58198,34.88517],[127.56657,34.8853],[127.5618,34.88794],[127.55625,34.88685],[127.54938,34.88948],[127.54084,34.88477],[127.53549,34.87808],[127.54131,34.86783],[127.5437,34.86695],[127.54748,34.86563],[127.55067,34.86394],[127.55085,34.85562],[127.54455,34.84817],[127.54482,34.84704],[127.54298,34.84357],[127.5433,34.83896],[127.53704,34.83056],[127.52604,34.82245],[127.52351,34.81472],[127.52628,34.80951],[127.53839,34.80545],[127.54351,34.80603],[127.54619,34.81028],[127.55379,34.80905],[127.56047,34.80304],[127.55849,34.79631],[127.56505,34.79206],[127.57069,34.77984],[127.56351,34.78052],[127.56085,34.77535],[127.56957,34.77672],[127.57516,34.76925],[127.57206,34.76041],[127.57919,34.76078],[127.58184,34.76841],[127.58487,34.76729],[127.59009,34.75767],[127.58601,34.75096],[127.59227,34.75044],[127.5928,34.74376],[127.58459,34.7463],[127.58415,34.73961],[127.57855,34.73925],[127.57793,34.73237],[127.56726,34.72795],[127.56127,34.7319],[127.56061,34.72713],[127.56397,34.72405],[127.55218,34.71696],[127.54855,34.71303],[127.55686,34.71371],[127.55579,34.70482],[127.55312,34.70083],[127.55912,34.70313],[127.55782,34.70757],[127.56323,34.70889],[127.56429,34.70143],[127.57219,34.70382],[127.57706,34.70198],[127.58027,34.69311],[127.57363,34.69891],[127.56275,34.69809],[127.55954,34.70027],[127.55084,34.68903],[127.55242,34.67989],[127.56258,34.67713],[127.56153,34.67151],[127.55324,34.66971],[127.5517,34.66255],[127.55547,34.65754],[127.55883,34.65927],[127.56789,34.65011],[127.57473,34.63571],[127.58267,34.6305],[127.57643,34.63924],[127.57486,34.64833],[127.58293,34.65211],[127.58984,34.65177],[127.60734,34.64423],[127.61516,34.64318],[127.6253,34.6345],[127.626,34.62953],[127.63193,34.6328],[127.63757,34.62608],[127.64621,34.6289],[127.64331,34.6338],[127.63317,34.63616],[127.63494,34.64156],[127.63959,34.64299],[127.63312,34.64667],[127.64013,34.64588],[127.64266,34.65045],[127.63733,34.64877],[127.6287,34.65567],[127.63248,34.65668],[127.63312,34.67015],[127.62391,34.67803],[127.62131,34.67642],[127.6176,34.68433],[127.63063,34.67954],[127.63927,34.68318],[127.63246,34.68328],[127.62334,34.68723],[127.62452,34.69498],[127.62789,34.69585],[127.61468,34.70345],[127.61671,34.70973],[127.62232,34.70888],[127.621,34.71352],[127.62504,34.71837],[127.62829,34.71731],[127.62756,34.71132],[127.63553,34.71024],[127.63758,34.707],[127.64317,34.70687],[127.63975,34.71428],[127.63504,34.71775],[127.63955,34.71879],[127.64139,34.72688],[127.64846,34.73376],[127.65255,34.74441],[127.65811,34.746],[127.65543,34.74996],[127.65732,34.75531],[127.6694,34.74564],[127.68242,34.73242],[127.68438,34.734],[127.70008,34.72387],[127.69827,34.72106],[127.70413,34.7204],[127.71675,34.72608],[127.72121,34.7259],[127.72599,34.72998],[127.73284,34.73052],[127.73297,34.73897],[127.75022,34.7359],[127.75592,34.74112],[127.74845,34.74775],[127.75557,34.76092],[127.75001,34.77068],[127.74576,34.77457],[127.74711,34.78064],[127.75693,34.78677],[127.75505,34.79298],[127.75935,34.80085],[127.76899,34.80048],[127.76952,34.81208],[127.767,34.81831],[127.77428,34.8224],[127.76856,34.82261],[127.76774,34.83136],[127.77488,34.83749],[127.7759,34.85647],[127.77275,34.86157],[127.76194,34.86356],[127.74907,34.85984],[127.73978,34.86148],[127.74402,34.85126],[127.73381,34.85485],[127.73342,34.85787],[127.72585,34.86199],[127.72253,34.85891],[127.69865,34.85924],[127.695,34.86474],[127.68018,34.84497],[127.66981,34.83733],[127.66164,34.84461],[127.64274,34.83042],[127.63621,34.82808],[127.62733,34.83431],[127.6269,34.84059],[127.63363,34.83834],[127.63697,34.84441],[127.62866,34.84697],[127.62693,34.84435],[127.62045,34.84596],[127.61262,34.85439],[127.60956,34.84972],[127.60444,34.85362],[127.60447,34.85991],[127.60014,34.86202],[127.59197,34.87076],[127.59041,34.87726],[127.61357,34.89265],[127.60613,34.89732]]],[[[127.72088,34.89793],[127.71623,34.89913],[127.69843,34.89205],[127.69701,34.88772],[127.69156,34.885],[127.69282,34.88149],[127.70032,34.87731],[127.69769,34.87361],[127.70418,34.87029],[127.70884,34.87256],[127.71612,34.87198],[127.7172,34.86818],[127.72351,34.86841],[127.72776,34.87431],[127.74615,34.8733],[127.75075,34.87803],[127.74374,34.89241],[127.7359,34.89348],[127.72771,34.89189],[127.72088,34.89793]]]]},"properties":{"SIGUNGU_CD":"36020","SIGUNGU_NM":"여수시","BASE_DATE":"20250630"}},
{"type":"Feature","geometry":{"type":"Polygon","coordinates":[[[127.42521,35.1845],[127.41696,35.1886],[127.40993,35.18797],[127.40956,35.18814],[127.40918,35.18535],[127.40843,35.18302],[127.40678,35.17986],[127.40705,35.17519],[127.41155,35.16864],[127.40972,35.16061],[127.41228,35.15721],[127.41076,35.1475],[127.40998,35.14549],[127.40797,35.14468],[127.40012,35.13868],[127.40178,35.13564],[127.39417,35.12766],[127.38615,35.12623],[127.38652,35.12197],[127.37594,35.10098],[127.35899,35.09645],[127.34464,35.09837],[127.3376,35.09335],[127.33531,35.0879],[127.33777,35.08097],[127.33053,35.07246],[127.32256,35.06946],[127.31311,35.07564],[127.30046,35.07622],[127.29859,35.08174],[127.29252,35.08625],[127.28168,35.0854],[127.2793,35.09121],[127.27547,35.08792],[127.26228,35.08172],[127.25957,35.08358],[127.26059,35.09571],[127.25854,35.09796],[127.24679,35.11024],[127.24533,35.10138],[127.24115,35.10211],[127.24169,35.10811],[127.23509,35.11031],[127.23222,35.11539],[127.2195,35.11845],[127.21968,35.12876],[127.21244,35.13276],[127.20567,35.12928],[127.20064,35.13022],[127.19784,35.13166],[127.1922,35.13007],[127.18746,35.12327],[127.18756,35.1169],[127.19084,35.1123],[127.18769,35.10287],[127.18169,35.09497],[127.18487,35.08866],[127.18565,35.06919],[127.1924,35.06403],[127.18583,35.05619],[127.18387,35.04702],[127.18375,35.03654],[127.18731,35.02796],[127.1857,35.02003],[127.18768,35.01237],[127.18254,35.01113],[127.17788,35.00651],[127.17578,34.99793],[127.17785,34.9947],[127.1749,34.98863],[127.17923,34.98509],[127.17526,34.97763],[127.18338,34.96839],[127.19107,34.97057],[127.18891,34.97956],[127.18922,34.98159],[127.19287,34.98529],[127.1968,34.9873],[127.19995,34.98649],[127.20395,34.97686],[127.20904,34.97302],[127.20369,34.96746],[127.21062,34.95821],[127.21904,34.95722],[127.22479,34.9472],[127.2238,34.93991],[127.23234,34.93437],[127.24044,34.92113],[127.23466,34.92009],[127.2249,34.89928],[127.2274,34.89498],[127.23612,34.89395],[127.24122,34.8876],[127.2532,34.88417],[127.2583,34.88586],[127.26261,34.89214],[127.2649,34.88935],[127.27389,34.89007],[127.28025,34.8931],[127.28288,34.89728],[127.29193,34.90169],[127.30254,34.90038],[127.30651,34.90304],[127.31648,34.89452],[127.31637,34.89136],[127.32365,34.8874],[127.32463,34.88305],[127.33586,34.88983],[127.33774,34.88024],[127.34035,34.87763],[127.33746,34.86857],[127.34415,34.86594],[127.35047,34.8678],[127.35803,34.86435],[127.36678,34.86768],[127.36727,34.8624],[127.37898,34.85243],[127.37875,34.84453],[127.38338,34.84148],[127.39446,34.84035],[127.39942,34.8442],[127.41083,34.83851],[127.41607,34.83492],[127.41717,34.83235],[127.426,34.83239],[127.43249,34.83598],[127.43614,34.84703],[127.43984,34.83647],[127.44903,34.83549],[127.45044,34.8395],[127.46117,34.84057],[127.46626,34.84463],[127.47214,34.84494],[127.48419,34.83995],[127.49248,34.84673],[127.4903,34.85495],[127.49443,34.8633],[127.49034,34.86727],[127.49,34.87377],[127.49267,34.87555],[127.50482,34.8733],[127.50918,34.87558],[127.51637,34.87213],[127.52352,34.85443],[127.52238,34.85006],[127.52585,34.84515],[127.53292,34.84137],[127.54298,34.84357],[127.54482,34.84704],[127.54455,34.84817],[127.55085,34.85562],[127.55067,34.86394],[127.54748,34.86563],[127.5437,34.86695],[127.54131,34.86783],[127.53549,34.87808],[127.54084,34.88477],[127.54938,34.88948],[127.55625,34.88685],[127.5618,34.88794],[127.56657,34.8853],[127.58198,34.88517],[127.59462,34.89161],[127.59527,34.89231],[127.58824,34.89944],[127.59156,34.90045],[127.58592,34.91812],[127.57838,34.91875],[127.577,34.92018],[127.57802,34.94105],[127.57564,34.94262],[127.57464,34.94282],[127.57385,34.94053],[127.572,34.94035],[127.56717,34.94082],[127.56622,34.94127],[127.56368,34.94617],[127.56222,34.9467],[127.55756,34.94635],[127.55985,34.9505],[127.55507,34.95469],[127.55311,34.95563],[127.54799,34.95864],[127.54801,34.95941],[127.54996,34.96458],[127.5462,34.97129],[127.55372,34.97351],[127.55746,34.97804],[127.54995,34.98588],[127.55426,34.99435],[127.55823,34.99787],[127.55994,34.99886],[127.5678,35.00155],[127.56068,35.00913],[127.55771,35.01915],[127.56064,35.02494],[127.55639,35.02976],[127.5575,35.03559],[127.55044,35.0395],[127.53677,35.0501],[127.53392,35.05569],[127.528,35.05997],[127.5269,35.06466],[127.52603,35.06917],[127.52683,35.0778],[127.52776,35.07924],[127.5319,35.0841],[127.52904,35.09481],[127.53246,35.10236],[127.53292,35.10429],[127.53423,35.10568],[127.53475,35.10517],[127.53115,35.11286],[127.52104,35.11894],[127.5187,35.12583],[127.51641,35.12459],[127.50133,35.12491],[127.49612,35.12762],[127.49805,35.13355],[127.48779,35.14377],[127.48133,35.15222],[127.47084,35.15649],[127.46675,35.16116],[127.45705,35.1625],[127.44537,35.16867],[127.43547,35.17851],[127.42521,35.1845]]]},"properties":{"SIGUNGU_CD":"36030","SIGUNGU_NM":"순천시","BASE_DATE":"20250630"}},
{"type":"Feature","geometry":{"type":"Polygon","coordinates":[[[126.65754,35.11325],[126.6552,35.11486],[126.65393,35.10739],[126.64685,35.10333],[126.6477,35.09953],[126.64555,35.0975],[126.64258,35.09695],[126.64135,35.09673],[126.64018,35.09643],[126.62782,35.09194],[126.6232,35.08692],[126.61763,35.09069],[126.6061,35.09476],[126.60456,35.09929],[126.59507,35.09838],[126.59727,35.09232],[126.59021,35.06971],[126.59101,35.05927],[126.58761,35.05495],[126.591,35.05117],[126.58804,35.04628],[126.58872,35.04134],[126.59327,35.03439],[126.59462,35.02797],[126.59209,35.02238],[126.58657,35.01743],[126.58685,35.01342],[126.59858,35.01285],[126.59878,35.00721],[126.59351,35.0045],[126.59647,34.99975],[126.592,34.99632],[126.5972,34.99494],[126.58943,34.99069],[126.58413,34.98497],[126.57837,34.97475],[126.57078,34.97416],[126.56805,34.98267],[126.56047,34.98862],[126.55176,34.98692],[126.54424,34.98106],[126.53955,34.97018],[126.52916,34.94964],[126.53128,34.94082],[126.54163,34.92721],[126.54107,34.91826],[126.53572,34.91801],[126.53021,34.92545],[126.52481,34.9287],[126.51468,34.92576],[126.51396,34.9186],[126.52577,34.90415],[126.54554,34.88693],[126.5504,34.87993],[126.55649,34.86915],[126.55934,34.86901],[126.56027,34.86934],[126.568,34.87514],[126.57093,34.87874],[126.57234,34.8855],[126.57158,34.89015],[126.57181,34.89188],[126.5725,34.89289],[126.57385,34.89401],[126.57968,34.89526],[126.58014,34.90448],[126.57323,34.90781],[126.57454,34.91511],[126.57984,34.91893],[126.58729,34.91704],[126.59507,34.92011],[126.59441,34.92525],[126.60293,34.92344],[126.6007,34.92901],[126.61406,34.92393],[126.6148,34.92473],[126.62025,34.92252],[126.62151,34.92191],[126.62402,34.92199],[126.62402,34.92155],[126.62326,34.92127],[126.62197,34.92152],[126.62129,34.92019],[126.62807,34.9208],[126.6289,34.92119],[126.62813,34.91982],[126.62871,34.91749],[126.63398,34.90896],[126.63437,34.8976],[126.62913,34.89924],[126.62874,34.8946],[126.63255,34.89377],[126.63138,34.88893],[126.63986,34.88905],[126.64385,34.89132],[126.64995,34.88861],[126.65158,34.89361],[126.66373,34.89254],[126.66406,34.88827],[126.66916,34.88689],[126.6725,34.88183],[126.67741,34.88358],[126.67341,34.88797],[126.6749,34.89273],[126.68258,34.89413],[126.6766,34.90282],[126.67744,34.90978],[126.67327,34.91092],[126.67721,34.91409],[126.6691,34.9254],[126.66295,34.92701],[126.66246,34.9352],[126.66841,34.94445],[126.66977,34.9455],[126.67675,34.9456],[126.68097,34.94499],[126.69918,34.94036],[126.70664,34.92401],[126.71581,34.91772],[126.71154,34.90651],[126.71254,34.90714],[126.72058,34.89995],[126.71965,34.89397],[126.72406,34.89065],[126.72681,34.88915],[126.73047,34.89094],[126.73317,34.89041],[126.73486,34.89148],[126.74365,34.89531],[126.74492,34.8982],[126.75039,34.89624],[126.76462,34.89963],[126.76615,34.89951],[126.76625,34.8992],[126.77031,34.8956],[126.77636,34.8894],[126.78421,34.88483],[126.78497,34.8796],[126.79385,34.87825],[126.80553,34.86794],[126.81016,34.8694],[126.81138,34.87443],[126.82227,34.87114],[126.82388,34.87108],[126.82411,34.87151],[126.82573,34.87211],[126.8307,34.87619],[126.83216,34.87686],[126.85002,34.88649],[126.86089,34.88735],[126.86953,34.89048],[126.8755,34.89775],[126.87633,34.90357],[126.87537,34.90493],[126.87139,34.90723],[126.87249,34.91472],[126.86949,34.91738],[126.87332,34.92704],[126.8717,34.92942],[126.87244,34.93111],[126.87046,34.93336],[126.8665,34.93965],[126.87345,34.94775],[126.87811,34.9494],[126.88215,34.96027],[126.8785,34.96249],[126.87745,34.96827],[126.88333,34.97234],[126.88586,34.98037],[126.89378,34.98567],[126.8947,34.99278],[126.88432,35.00323],[126.86811,35.00964],[126.87571,35.01992],[126.88247,35.02148],[126.88106,35.03172],[126.89046,35.03802],[126.89244,35.04203],[126.88994,35.04613],[126.89236,35.05058],[126.89902,35.05422],[126.89332,35.06258],[126.89587,35.06364],[126.89576,35.07198],[126.89199,35.07795],[126.88996,35.07879],[126.8854,35.08159],[126.87168,35.07434],[126.85561,35.07836],[126.85338,35.07381],[126.84818,35.07195],[126.84414,35.06544],[126.83692,35.06623],[126.83597,35.06386],[126.82186,35.05995],[126.81881,35.05325],[126.81778,35.0527],[126.81273,35.05258],[126.81138,35.05299],[126.80744,35.0509],[126.8019,35.05636],[126.80244,35.05599],[126.80319,35.05601],[126.79594,35.06076],[126.79157,35.06049],[126.78159,35.05384],[126.7749,35.05267],[126.77062,35.05368],[126.76734,35.05636],[126.76787,35.05888],[126.76863,35.0602],[126.76843,35.06141],[126.76685,35.06351],[126.76511,35.06436],[126.76281,35.06398],[126.76151,35.06353],[126.75963,35.06245],[126.75585,35.05909],[126.75333,35.06445],[126.75698,35.06838],[126.767,35.06818],[126.77135,35.07018],[126.7648,35.07875],[126.76187,35.09103],[126.75504,35.09148],[126.74908,35.10162],[126.73544,35.10906],[126.73427,35.11106],[126.73244,35.11293],[126.73075,35.10774],[126.72359,35.10835],[126.71585,35.11074],[126.70883,35.10947],[126.7054,35.11301],[126.69597,35.10749],[126.6917,35.11004],[126.68988,35.11122],[126.6849,35.11202],[126.68444,35.10764],[126.66942,35.1046],[126.6693,35.11202],[126.66339,35.1148],[126.65754,35.11325]]]},"properties":{"SIGUNGU_CD":"36040","SIGUNGU_NM":"나주시","BASE_DATE":"20250630"}},
{"type":"Feature","geometry":{"type":"MultiPolygon","coordinates":[[[[127.61357,34.89265],[127.61044,34.89796],[127.5907,34.9187],[127.58592,34.91812],[127.59156,34.90045],[127.58824,34.89944],[127.59527,34.89231],[127.59549,34.89254],[127.59995,34.89866],[127.60613,34.89732],[127.61357,34.89265]]],[[[127.68056,34.92848],[127.6724,34.93012],[127.67107,34.92499],[127.66583,34.91892],[127.66359,34.91163],[127.67318,34.90441],[127.69343,34.91677],[127.68056,34.92848]]],[[[127.73152,34.95191],[127.72475,34.94833],[127.71514,34.93793],[127.71484,34.93258],[127.70392,34.92944],[127.70462,34.9126],[127.762,34.90199],[127.76191,34.89293],[127.77617,34.88655],[127.78424,34.88653],[127.7845,34.91552],[127.76521,34.93167],[127.73801,34.93201],[127.73558,34.93492],[127.73959,34.94606],[127.73152,34.95191]]],[[[127.69203,35.13109],[127.6757,35.14734],[127.65934,35.15896],[127.64837,35.16039],[127.6375,35.17313],[127.63203,35.1762],[127.62746,35.1816],[127.62398,35.18269],[127.61609,35.17306],[127.6155,35.16815],[127.60749,35.16095],[127.60503,35.15047],[127.60416,35.14798],[127.60661,35.13893],[127.60425,35.13324],[127.60407,35.11854],[127.59483,35.12213],[127.58382,35.11903],[127.5816,35.11596],[127.56376,35.10828],[127.56385,35.10209],[127.55964,35.0956],[127.55232,35.09469],[127.5352,35.10464],[127.53423,35.10568],[127.53292,35.10429],[127.53246,35.10236],[127.52904,35.09481],[127.5319,35.0841],[127.52776,35.07924],[127.52683,35.0778],[127.52603,35.06917],[127.5269,35.06466],[127.528,35.05997],[127.53392,35.05569],[127.53677,35.0501],[127.55044,35.0395],[127.5575,35.03559],[127.55639,35.02976],[127.56064,35.02494],[127.55771,35.01915],[127.56068,35.00913],[127.5678,35.00155],[127.55994,34.99886],[127.55823,34.99787],[127.55426,34.99435],[127.54995,34.98588],[127.55746,34.97804],[127.55372,34.97351],[127.5462,34.97129],[127.54996,34.96458],[127.54801,34.95941],[127.54799,34.95864],[127.55311,34.95563],[127.55507,34.95469],[127.55985,34.9505],[127.55756,34.94635],[127.56222,34.9467],[127.56368,34.94617],[127.56622,34.94127],[127.56717,34.94082],[127.572,34.94035],[127.57385,34.94053],[127.57464,34.94282],[127.57564,34.94262],[127.57802,34.94105],[127.577,34.92018],[127.57838,34.91875],[127.58043,34.92213],[127.5991,34.92623],[127.60769,34.92245],[127.61782,34.90525],[127.62436,34.90218],[127.63685,34.88957],[127.63934,34.88378],[127.67099,34.90309],[127.66308,34.91113],[127.66459,34.91868],[127.67232,34.93149],[127.68161,34.92977],[127.68323,34.92685],[127.69586,34.91895],[127.69752,34.92561],[127.70295,34.93308],[127.71175,34.93566],[127.71794,34.94451],[127.73109,34.95485],[127.73998,34.95684],[127.75156,34.96194],[127.75356,34.95774],[127.74632,34.95496],[127.73977,34.94887],[127.74161,34.94068],[127.74712,34.93366],[127.76854,34.93379],[127.76846,34.95348],[127.76183,34.95988],[127.75396,34.95782],[127.75235,34.96199],[127.7606,34.96889],[127.7635,34.97609],[127.77372,34.98271],[127.77906,34.98811],[127.78048,34.99401],[127.78682,35.01021],[127.78521,35.02042],[127.77879,35.02473],[127.77163,35.03372],[127.76966,35.04645],[127.76345,35.05483],[127.75154,35.05672],[127.73994,35.06336],[127.73867,35.06998],[127.73422,35.07533],[127.71769,35.08261],[127.70662,35.09541],[127.69726,35.10178],[127.69485,35.10629],[127.69523,35.12071],[127.69385,35.12793],[127.69203,35.13109]]]]},"properties":{"SIGUNGU_CD":"36060","SIGUNGU_NM":"광양시","BASE_DATE":"20250630"}},
{"type":"Feature","geometry":{"type":"Polygon","coordinates":[[[127.05974,35.31721],[127.05188,35.31655],[127.04309,35.32189],[127.05095,35.32937],[127.05233,35.34026],[127.05525,35.34106],[127.06238,35.33625],[127.07025,35.33964],[127.06717,35.34564],[127.0699,35.3514],[127.06522,35.35591],[127.07061,35.36551],[127.06359,35.3699],[127.06498,35.37595],[127.05586,35.38454],[127.05055,35.37803],[127.0391,35.38014],[127.03954,35.38401],[127.03046,35.39009],[127.02702,35.39986],[127.04171,35.39872],[127.04693,35.40219],[127.04514,35.40722],[127.05232,35.42652],[127.04461,35.43355],[127.04018,35.43179],[127.035,35.44764],[127.03652,35.45981],[127.03472,35.46657],[127.02348,35.46397],[127.01429,35.45782],[127.00303,35.46446],[126.99802,35.4573],[127.00056,35.45396],[126.99455,35.4398],[126.98992,35.43926],[126.98337,35.43375],[126.98507,35.43005],[126.98163,35.42665],[126.97138,35.42767],[126.97162,35.41428],[126.97598,35.40727],[126.97647,35.40074],[126.9631,35.39495],[126.95427,35.39664],[126.94129,35.39413],[126.93293,35.39524],[126.93324,35.40609],[126.91945,35.40194],[126.92167,35.4006],[126.9251,35.39873],[126.92432,35.37993],[126.92302,35.37972],[126.92145,35.3807],[126.91491,35.38713],[126.91437,35.38373],[126.90287,35.3778],[126.90304,35.37332],[126.8984,35.3719],[126.89562,35.3661],[126.88699,35.36508],[126.88418,35.36213],[126.88299,35.35091],[126.87898,35.35235],[126.87619,35.34149],[126.87927,35.33986],[126.88776,35.32603],[126.88035,35.32143],[126.87788,35.32291],[126.86278,35.32244],[126.8613,35.30116],[126.8542,35.29448],[126.86038,35.28958],[126.86633,35.27205],[126.8679,35.27232],[126.87801,35.25624],[126.87931,35.25343],[126.87904,35.25293],[126.87926,35.25049],[126.87883,35.24841],[126.88962,35.24666],[126.8914,35.24988],[126.90016,35.25382],[126.90343,35.25742],[126.9074,35.25821],[126.91466,35.2582],[126.9214,35.25323],[126.92936,35.25245],[126.93274,35.24888],[126.93346,35.246],[126.93228,35.24065],[126.9428,35.2355],[126.95184,35.22459],[126.94896,35.2209],[126.95652,35.20815],[126.96554,35.20336],[126.95965,35.19038],[126.97169,35.17984],[126.97212,35.18495],[126.97822,35.18621],[126.98298,35.18417],[126.9872,35.18887],[126.99314,35.18647],[126.99997,35.18882],[127.01339,35.18038],[127.0158,35.17563],[127.02142,35.17304],[127.02087,35.16726],[127.01136,35.16617],[127.01107,35.15882],[127.00774,35.15593],[127.00967,35.14962],[127.00718,35.14387],[127.00883,35.13459],[127.00871,35.13375],[127.01076,35.13379],[127.01276,35.13425],[127.01949,35.13851],[127.03179,35.13246],[127.03816,35.13163],[127.04554,35.12788],[127.05365,35.12747],[127.05677,35.12188],[127.06385,35.12171],[127.07117,35.11595],[127.08036,35.11986],[127.07879,35.12328],[127.08918,35.1308],[127.08392,35.13873],[127.08239,35.14744],[127.07611,35.15095],[127.06767,35.16453],[127.06788,35.1749],[127.06398,35.1794],[127.06648,35.18445],[127.07057,35.18333],[127.08101,35.18004],[127.09088,35.18318],[127.09413,35.18466],[127.09726,35.18799],[127.10712,35.19129],[127.116,35.1921],[127.11678,35.19447],[127.118,35.19494],[127.11611,35.19525],[127.11557,35.19561],[127.11437,35.19552],[127.11119,35.198],[127.10555,35.19923],[127.10389,35.20969],[127.09319,35.22466],[127.09345,35.23188],[127.08739,35.23786],[127.08751,35.24249],[127.08123,35.24767],[127.09855,35.26276],[127.09909,35.26992],[127.09199,35.27725],[127.09107,35.28388],[127.09621,35.29533],[127.09634,35.3017],[127.09535,35.30267],[127.07986,35.31053],[127.07694,35.31066],[127.06896,35.31144],[127.06283,35.31579],[127.06178,35.31713],[127.05974,35.31721]]]},"properties":{"SIGUNGU_CD":"36510","SIGUNGU_NM":"담양군","BASE_DATE":"20250630"}},
{"type":"Feature","geometry":{"type":"Polygon","coordinates":[[[127.18773,35.32258],[127.18391,35.32988],[127.18623,35.33527],[127.18677,35.33621],[127.18583,35.33677],[127.17296,35.33047],[127.17115,35.33289],[127.16087,35.32774],[127.1517,35.31786],[127.14634,35.31529],[127.14382,35.3084],[127.12998,35.30913],[127.12457,35.30344],[127.11685,35.29996],[127.10524,35.29923],[127.0979,35.30197],[127.09634,35.3017],[127.09621,35.29533],[127.09107,35.28388],[127.09199,35.27725],[127.09909,35.26992],[127.09855,35.26276],[127.08123,35.24767],[127.08751,35.24249],[127.08739,35.23786],[127.09345,35.23188],[127.09319,35.22466],[127.10389,35.20969],[127.10555,35.19923],[127.11119,35.198],[127.11437,35.19552],[127.11557,35.19561],[127.11611,35.19525],[127.118,35.19494],[127.11849,35.1952],[127.12192,35.19813],[127.13099,35.19395],[127.14217,35.19522],[127.14485,35.19386],[127.16108,35.19984],[127.17021,35.20509],[127.17883,35.21277],[127.18284,35.21363],[127.18509,35.21413],[127.19131,35.20576],[127.19608,35.20404],[127.19667,35.19367],[127.20163,35.1864],[127.19277,35.17535],[127.18869,35.16461],[127.19661,35.1589],[127.19575,35.15012],[127.19746,35.14712],[127.1959,35.13881],[127.19754,35.13261],[127.20064,35.13022],[127.20567,35.12928],[127.21244,35.13276],[127.21968,35.12876],[127.2195,35.11845],[127.23222,35.11539],[127.23509,35.11031],[127.24169,35.10811],[127.24115,35.10211],[127.24533,35.10138],[127.24679,35.11024],[127.25854,35.09796],[127.26059,35.09571],[127.25957,35.08358],[127.26228,35.08172],[127.27547,35.08792],[127.2793,35.09121],[127.28168,35.0854],[127.29252,35.08625],[127.29859,35.08174],[127.30046,35.07622],[127.31311,35.07564],[127.32256,35.06946],[127.33053,35.07246],[127.33777,35.08097],[127.33531,35.0879],[127.3376,35.09335],[127.34464,35.09837],[127.35899,35.09645],[127.37594,35.10098],[127.38652,35.12197],[127.38615,35.12623],[127.39417,35.12766],[127.40178,35.13564],[127.40012,35.13868],[127.40797,35.14468],[127.40998,35.14549],[127.41076,35.1475],[127.41228,35.15721],[127.40972,35.16061],[127.41155,35.16864],[127.40705,35.17519],[127.40678,35.17986],[127.40843,35.18302],[127.40918,35.18535],[127.40956,35.18814],[127.409,35.18826],[127.40704,35.1882],[127.40714,35.1888],[127.39709,35.18967],[127.38801,35.18848],[127.37665,35.19344],[127.37208,35.20593],[127.37476,35.21586],[127.36876,35.22154],[127.36749,35.2275],[127.37746,35.22547],[127.38748,35.23283],[127.3903,35.23724],[127.39694,35.23708],[127.40279,35.24148],[127.40141,35.24891],[127.39483,35.25963],[127.3892,35.27852],[127.38155,35.28004],[127.3801,35.28361],[127.38484,35.29496],[127.3864,35.29804],[127.38457,35.30246],[127.38009,35.30368],[127.37664,35.31131],[127.36769,35.31416],[127.35426,35.32236],[127.34841,35.31864],[127.33069,35.3149],[127.32347,35.30741],[127.3112,35.30469],[127.3061,35.30461],[127.2988,35.3096],[127.28671,35.31402],[127.25717,35.31246],[127.24344,35.32284],[127.23179,35.33374],[127.22629,35.33392],[127.21979,35.33413],[127.21576,35.32871],[127.21271,35.31735],[127.20974,35.31557],[127.20425,35.31556],[127.19905,35.31665],[127.19843,35.31722],[127.18773,35.32258]]]},"properties":{"SIGUNGU_CD":"36520","SIGUNGU_NM":"곡성군","BASE_DATE":"20250630"}},
{"type":"Feature","geometry":{"type":"Polygon","coordinates":[[[127.57748,35.3089],[127.56783,35.31852],[127.55519,35.32188],[127.55229,35.32481],[127.54228,35.3285],[127.54152,35.33365],[127.53249,35.3353],[127.52649,35.3431],[127.51665,35.34729],[127.51399,35.35113],[127.49791,35.35989],[127.48571,35.35835],[127.48027,35.36364],[127.47077,35.36534],[127.45824,35.36354],[127.45411,35.36075],[127.44245,35.36128],[127.44136,35.36384],[127.4299,35.35758],[127.42141,35.35087],[127.41508,35.336],[127.40609,35.32442],[127.40116,35.32272],[127.39911,35.31686],[127.39277,35.31273],[127.3927,35.30735],[127.38457,35.30246],[127.3864,35.29804],[127.38484,35.29496],[127.3801,35.28361],[127.38155,35.28004],[127.3892,35.27852],[127.39483,35.25963],[127.40141,35.24891],[127.40279,35.24148],[127.39694,35.23708],[127.3903,35.23724],[127.38748,35.23283],[127.37746,35.22547],[127.36749,35.2275],[127.36876,35.22154],[127.37476,35.21586],[127.37208,35.20593],[127.37665,35.19344],[127.38801,35.18848],[127.39709,35.18967],[127.40714,35.1888],[127.40704,35.1882],[127.40927,35.18825],[127.40993,35.18797],[127.41696,35.1886],[127.42521,35.1845],[127.43547,35.17851],[127.44537,35.16867],[127.45705,35.1625],[127.46675,35.16116],[127.47084,35.15649],[127.48133,35.15222],[127.48779,35.14377],[127.49805,35.13355],[127.49612,35.12762],[127.50133,35.12491],[127.51641,35.12459],[127.5187,35.12583],[127.52104,35.11894],[127.53115,35.11286],[127.53475,35.10517],[127.5352,35.10464],[127.55232,35.09469],[127.55964,35.0956],[127.56385,35.10209],[127.56376,35.10828],[127.5816,35.11596],[127.58382,35.11903],[127.59483,35.12213],[127.60407,35.11854],[127.60425,35.13324],[127.60661,35.13893],[127.60416,35.14798],[127.60503,35.15047],[127.60749,35.16095],[127.6155,35.16815],[127.61609,35.17306],[127.62398,35.18269],[127.62462,35.18257],[127.61814,35.1909],[127.62149,35.19179],[127.61803,35.19974],[127.61744,35.21008],[127.62073,35.21266],[127.62114,35.22465],[127.61929,35.2356],[127.61282,35.24162],[127.61243,35.24797],[127.61525,35.25039],[127.61016,35.26205],[127.5957,35.26813],[127.58407,35.2911],[127.57737,35.29516],[127.57639,35.30228],[127.57607,35.30608],[127.57748,35.3089]]]},"properties":{"SIGUNGU_CD":"36530","SIGUNGU_NM":"구례군","BASE_DATE":"20250630"}},
{"type":"Feature","geometry":{"type":"MultiPolygon","coordinates":[[[[127.3187,34.32419],[127.31823,34.31786],[127.32307,34.31854],[127.3187,34.32419]]],[[[127.2411,34.41676],[127.24486,34.41061],[127.24065,34.40716],[127.24432,34.40455],[127.25135,34.40445],[127.25426,34.39761],[127.25078,34.39122],[127.25207,34.38603],[127.25709,34.38238],[127.26539,34.38267],[127.27,34.38064],[127.27119,34.38617],[127.26562,34.39422],[127.25907,34.39553],[127.26104,34.40149],[127.25687,34.40694],[127.24681,34.41011],[127.25102,34.41266],[127.2411,34.41676]]],[[[127.3207,34.43684],[127.32187,34.43376],[127.329,34.4324],[127.3207,34.43684]]],[[[127.30422,34.44538],[127.30749,34.44185],[127.30163,34.44283],[127.29742,34.43712],[127.30382,34.43632],[127.30277,34.4328],[127.30915,34.4309],[127.31542,34.44105],[127.31076,34.44014],[127.30422,34.44538]]],[[[127.29378,34.44878],[127.29127,34.44849],[127.29005,34.44102],[127.2947,34.44519],[127.29378,34.44878]]],[[[127.08467,34.46495],[127.08924,34.46158],[127.08838,34.45235],[127.09099,34.45167],[127.09326,34.46288],[127.08467,34.46495]]],[[[127.45747,34.47619],[127.45465,34.47565],[127.45211,34.4689],[127.45527,34.45443],[127.45775,34.45143],[127.44967,34.44899],[127.45179,34.44646],[127.46425,34.45288],[127.46546,34.45053],[127.47288,34.45268],[127.48541,34.44777],[127.48241,34.44235],[127.47346,34.4424],[127.4634,34.44657],[127.46566,34.44009],[127.47346,34.43395],[127.47909,34.43253],[127.48083,34.43666],[127.49089,34.4333],[127.49409,34.42558],[127.48731,34.41822],[127.48723,34.41349],[127.49235,34.41187],[127.49375,34.41594],[127.50149,34.41536],[127.51632,34.42225],[127.52041,34.42688],[127.53014,34.4223],[127.53745,34.43014],[127.53436,34.44369],[127.53779,34.44712],[127.52824,34.45177],[127.52046,34.45368],[127.52174,34.45769],[127.51344,34.46217],[127.50583,34.47291],[127.50468,34.46361],[127.4996,34.4628],[127.49768,34.46725],[127.49358,34.45864],[127.48355,34.4609],[127.49067,34.46535],[127.48524,34.46718],[127.48165,34.46416],[127.47277,34.46436],[127.46784,34.46972],[127.45747,34.47619]]],[[[127.40482,34.48175],[127.39759,34.47769],[127.40415,34.47459],[127.40782,34.47772],[127.40482,34.48175]]],[[[127.44689,34.48328],[127.44183,34.48174],[127.4363,34.47281],[127.44075,34.4691],[127.44582,34.47169],[127.44689,34.48328]]],[[[127.21771,34.49501],[127.21346,34.49077],[127.21139,34.49402],[127.19892,34.48795],[127.1956,34.49257],[127.18989,34.49455],[127.18248,34.48994],[127.17679,34.48942],[127.1572,34.4782],[127.14851,34.48071],[127.14677,34.47525],[127.13634,34.47288],[127.13487,34.47928],[127.12847,34.47815],[127.12397,34.48501],[127.12426,34.49024],[127.11921,34.4874],[127.11563,34.48968],[127.11229,34.48533],[127.11728,34.48149],[127.11309,34.4758],[127.10224,34.4687],[127.09292,34.47069],[127.09848,34.46603],[127.10637,34.45403],[127.09973,34.4499],[127.09926,34.44318],[127.10788,34.44206],[127.1088,34.44791],[127.11736,34.44699],[127.11525,34.44008],[127.125,34.43485],[127.12472,34.43134],[127.13598,34.42902],[127.14147,34.42049],[127.14316,34.42773],[127.15519,34.43083],[127.1555,34.42738],[127.16335,34.42906],[127.16328,34.43397],[127.17097,34.43404],[127.18833,34.43045],[127.19636,34.43116],[127.20851,34.42942],[127.21164,34.43539],[127.21732,34.43649],[127.22054,34.44393],[127.22204,34.45523],[127.22876,34.46523],[127.22934,34.47068],[127.23438,34.47377],[127.2313,34.4849],[127.22127,34.49439],[127.21771,34.49501]]],[[[127.12843,34.52392],[127.12296,34.51934],[127.12599,34.51708],[127.11899,34.51312],[127.11784,34.51901],[127.11161,34.5219],[127.11041,34.51556],[127.10616,34.5176],[127.0976,34.50989],[127.10937,34.5093],[127.11326,34.50216],[127.11901,34.5041],[127.11983,34.50747],[127.1308,34.50618],[127.13341,34.51543],[127.13766,34.51746],[127.12843,34.52392]]],[[[127.4587,34.54569],[127.45325,34.54376],[127.44253,34.53038],[127.44287,34.52699],[127.43387,34.51999],[127.4413,34.51606],[127.44874,34.51709],[127.45616,34.51073],[127.45173,34.50701],[127.45805,34.50612],[127.45549,34.50041],[127.45092,34.50045],[127.44074,34.49228],[127.44878,34.48777],[127.45259,34.47862],[127.46299,34.48015],[127.46011,34.48349],[127.46959,34.48657],[127.47093,34.48435],[127.4854,34.48437],[127.4881,34.48982],[127.48902,34.48479],[127.4966,34.48488],[127.50022,34.48937],[127.50713,34.49109],[127.50139,34.49629],[127.49925,34.50276],[127.49564,34.50242],[127.49115,34.50813],[127.48651,34.50931],[127.48454,34.50465],[127.47949,34.50973],[127.46488,34.5082],[127.45757,34.51444],[127.46711,34.51795],[127.47361,34.51544],[127.4739,34.5199],[127.4695,34.52383],[127.45929,34.52599],[127.46044,34.52965],[127.47221,34.5294],[127.47843,34.53844],[127.47262,34.54421],[127.46434,34.54379],[127.4587,34.54569]]],[[[127.45171,34.54765],[127.44609,34.54531],[127.44673,34.54193],[127.44062,34.54221],[127.44539,34.5383],[127.45025,34.54207],[127.45171,34.54765]]],[[[127.45674,34.57058],[127.45479,34.56611],[127.45767,34.56342],[127.45674,34.57058]]],[[[127.42312,34.57136],[127.41718,34.57461],[127.41609,34.56914],[127.40857,34.5684],[127.4029,34.5633],[127.40562,34.56087],[127.41228,34.56338],[127.42116,34.56387],[127.42062,34.56745],[127.42943,34.56571],[127.42312,34.57136]]],[[[127.44644,34.57617],[127.44354,34.57249],[127.44915,34.56252],[127.4533,34.56179],[127.44644,34.57617]]],[[[127.41734,34.58176],[127.41502,34.58085],[127.42237,34.57525],[127.42431,34.58025],[127.41734,34.58176]]],[[[127.09634,34.61219],[127.08905,34.6045],[127.0901,34.59741],[127.09893,34.59533],[127.10113,34.59836],[127.11062,34.59619],[127.10633,34.60491],[127.09634,34.61219]]],[[[127.47234,34.67309],[127.46869,34.6693],[127.46278,34.67073],[127.46423,34.66659],[127.47716,34.66466],[127.47797,34.67007],[127.47234,34.67309]]],[[[127.46197,34.69235],[127.45491,34.687],[127.45771,34.68316],[127.46224,34.68841],[127.46197,34.69235]]],[[[127.42573,34.70305],[127.42144,34.70061],[127.42584,34.69847],[127.43083,34.69045],[127.43389,34.69153],[127.44335,34.68282],[127.45268,34.69125],[127.45127,34.69664],[127.44562,34.69669],[127.44473,34.69008],[127.44137,34.69597],[127.42573,34.70305]]],[[[127.41478,34.70654],[127.41118,34.70213],[127.42004,34.70169],[127.41478,34.70654]]],[[[127.41683,34.71408],[127.4125,34.70947],[127.42144,34.71216],[127.41683,34.71408]]],[[[127.44612,34.72186],[127.44324,34.72138],[127.44238,34.71104],[127.43609,34.7084],[127.43907,34.70605],[127.44525,34.70944],[127.44812,34.72009],[127.44612,34.72186]]],[[[127.31168,34.72761],[127.30524,34.72304],[127.3119,34.71875],[127.31575,34.7229],[127.31168,34.72761]]],[[[127.34056,34.82774],[127.33964,34.82656],[127.32974,34.82373],[127.31862,34.81081],[127.31254,34.812],[127.3034,34.80941],[127.29121,34.81071],[127.28662,34.80717],[127.28035,34.79461],[127.26626,34.78653],[127.25881,34.78891],[127.2485,34.78971],[127.24757,34.77865],[127.23998,34.7704],[127.24071,34.75981],[127.25232,34.74792],[127.25169,34.74254],[127.26193,34.73192],[127.27213,34.74171],[127.27913,34.73787],[127.27791,34.73418],[127.28589,34.7362],[127.29291,34.73104],[127.29819,34.7433],[127.30366,34.74973],[127.31536,34.75314],[127.3269,34.75182],[127.32703,34.73488],[127.33287,34.71483],[127.33731,34.71328],[127.34271,34.71572],[127.34448,34.70964],[127.33524,34.70857],[127.33054,34.70338],[127.33105,34.69925],[127.32704,34.69417],[127.32768,34.69051],[127.31728,34.68166],[127.32029,34.67896],[127.31963,34.66988],[127.31443,34.66423],[127.29722,34.66849],[127.28612,34.66772],[127.28575,34.67028],[127.27757,34.67448],[127.28146,34.68382],[127.27996,34.68684],[127.286,34.69169],[127.28219,34.69395],[127.28646,34.6969],[127.28004,34.69886],[127.28151,34.7058],[127.27702,34.71121],[127.28091,34.71758],[127.2753,34.71954],[127.27065,34.7127],[127.2645,34.71378],[127.26314,34.717],[127.25898,34.71194],[127.25097,34.71045],[127.25218,34.70809],[127.24764,34.7022],[127.24089,34.70064],[127.24093,34.69199],[127.23836,34.68851],[127.24353,34.6867],[127.24167,34.68147],[127.23254,34.67788],[127.22747,34.65476],[127.19958,34.64828],[127.19649,34.65168],[127.19441,34.64457],[127.19008,34.64378],[127.18268,34.63272],[127.17295,34.62716],[127.17364,34.62033],[127.17096,34.61683],[127.17258,34.6105],[127.16768,34.60257],[127.17209,34.59579],[127.16283,34.59021],[127.15015,34.59457],[127.14866,34.60038],[127.14262,34.5903],[127.14516,34.58656],[127.138,34.57929],[127.1338,34.57884],[127.13475,34.57262],[127.12844,34.57271],[127.12003,34.56609],[127.11956,34.56266],[127.1133,34.55924],[127.11485,34.55669],[127.11236,34.54637],[127.12129,34.54132],[127.12239,34.5293],[127.13443,34.52711],[127.13662,34.52349],[127.14281,34.52365],[127.14716,34.5205],[127.15366,34.52425],[127.16678,34.52614],[127.17389,34.52109],[127.17345,34.52621],[127.17841,34.53115],[127.1948,34.53238],[127.19912,34.52466],[127.20773,34.52104],[127.21012,34.52775],[127.21403,34.52638],[127.22088,34.53467],[127.22525,34.52626],[127.23379,34.52458],[127.23068,34.51842],[127.24114,34.51814],[127.24502,34.51588],[127.24413,34.52153],[127.25527,34.52075],[127.25922,34.51349],[127.26975,34.50958],[127.27483,34.50185],[127.28113,34.50224],[127.28349,34.4972],[127.27858,34.49533],[127.28278,34.49115],[127.2764,34.49262],[127.26959,34.4881],[127.26747,34.4833],[127.27367,34.47912],[127.27959,34.48105],[127.29116,34.47454],[127.29443,34.47054],[127.30106,34.47065],[127.29777,34.46337],[127.31019,34.46206],[127.31507,34.45311],[127.3089,34.45534],[127.30484,34.45],[127.31111,34.45041],[127.31436,34.44386],[127.32764,34.4416],[127.33896,34.44581],[127.33656,34.44981],[127.33906,34.45437],[127.32237,34.46309],[127.31966,34.46034],[127.31906,34.46772],[127.32375,34.47034],[127.32756,34.46595],[127.33129,34.46861],[127.33237,34.4637],[127.33726,34.46764],[127.32512,34.47653],[127.33143,34.47579],[127.3325,34.4788],[127.34151,34.48073],[127.33821,34.48289],[127.3438,34.48754],[127.3438,34.48358],[127.34994,34.48117],[127.3542,34.48436],[127.35363,34.49013],[127.35917,34.49208],[127.36661,34.48695],[127.36838,34.48098],[127.37394,34.48078],[127.37824,34.48757],[127.38082,34.48303],[127.38397,34.48664],[127.38685,34.48346],[127.39139,34.48821],[127.38496,34.49791],[127.37742,34.50324],[127.38557,34.5047],[127.38732,34.50904],[127.39207,34.50644],[127.40391,34.50517],[127.40685,34.51309],[127.40563,34.51839],[127.41395,34.51983],[127.41776,34.5156],[127.43078,34.51363],[127.42253,34.51744],[127.43102,34.52067],[127.4263,34.52102],[127.42344,34.52879],[127.42715,34.53094],[127.4284,34.53703],[127.43508,34.53509],[127.43459,34.54076],[127.42684,34.54225],[127.43674,34.54691],[127.43745,34.5506],[127.43013,34.55275],[127.42079,34.55267],[127.41401,34.55843],[127.40949,34.55567],[127.39624,34.5593],[127.39613,34.56329],[127.40423,34.56891],[127.40386,34.57295],[127.40847,34.5798],[127.39961,34.57594],[127.39405,34.58095],[127.3954,34.58681],[127.40082,34.58962],[127.41213,34.59047],[127.41422,34.58504],[127.42026,34.58299],[127.42327,34.58661],[127.4333,34.58857],[127.43452,34.58298],[127.44049,34.57799],[127.44597,34.57735],[127.45702,34.58432],[127.45793,34.59163],[127.46088,34.58137],[127.47155,34.57697],[127.47549,34.57796],[127.48747,34.5736],[127.48605,34.57801],[127.48893,34.58222],[127.49603,34.58584],[127.49654,34.5899],[127.50573,34.59482],[127.50651,34.60357],[127.4972,34.61507],[127.49863,34.61916],[127.49427,34.62657],[127.49712,34.63149],[127.48373,34.63663],[127.47424,34.63524],[127.46001,34.64099],[127.45837,34.647],[127.4636,34.64945],[127.46771,34.64261],[127.4733,34.64101],[127.47701,34.64868],[127.48688,34.64234],[127.49172,34.64423],[127.48531,34.65165],[127.4811,34.65013],[127.47412,34.65455],[127.47473,34.65965],[127.46704,34.66118],[127.45346,34.66766],[127.44686,34.66145],[127.44693,34.67398],[127.44172,34.67342],[127.43988,34.67744],[127.42816,34.67403],[127.42616,34.67719],[127.43137,34.67821],[127.42531,34.68227],[127.42523,34.68831],[127.42163,34.6928],[127.4068,34.69675],[127.40707,34.70257],[127.40145,34.70813],[127.39671,34.70658],[127.39087,34.71094],[127.38878,34.71776],[127.37881,34.72719],[127.37802,34.73536],[127.373,34.74176],[127.37997,34.75089],[127.389,34.75173],[127.39729,34.75716],[127.40281,34.76734],[127.39324,34.77614],[127.38532,34.77476],[127.39058,34.7854],[127.39066,34.78948],[127.38703,34.79009],[127.38596,34.79236],[127.38656,34.79758],[127.38055,34.80558],[127.37181,34.80753],[127.36601,34.81503],[127.36286,34.81714],[127.35739,34.81627],[127.35256,34.82538],[127.34056,34.82774]]]]},"properties":{"SIGUNGU_CD":"36550","SIGUNGU_NM":"고흥군","BASE_DATE":"20250630"}},
{"type":"Feature","geometry":{"type":"MultiPolygon","coordinates":[[[[127.41557,34.78673],[127.41753,34.78198],[127.42437,34.77922],[127.42965,34.78367],[127.41935,34.78443],[127.41557,34.78673]]],[[[127.46248,34.8052],[127.45972,34.79895],[127.46004,34.79262],[127.45331,34.792],[127.44651,34.79465],[127.44937,34.79058],[127.44487,34.78194],[127.43893,34.78021],[127.45193,34.77873],[127.45447,34.78248],[127.45255,34.78883],[127.46218,34.79112],[127.46563,34.78593],[127.4645,34.79345],[127.46942,34.79683],[127.46248,34.8052]]],[[[127.44249,34.81016],[127.43624,34.80946],[127.44439,34.80721],[127.44249,34.81016]]],[[[127.19995,34.98649],[127.1968,34.9873],[127.19287,34.98529],[127.18922,34.98159],[127.18891,34.97956],[127.19107,34.97057],[127.18338,34.96839],[127.17526,34.97763],[127.17266,34.97433],[127.17227,34.97304],[127.15371,34.96523],[127.14453,34.96325],[127.12697,34.96772],[127.12566,34.96657],[127.12231,34.96057],[127.11457,34.9575],[127.11693,34.95172],[127.10705,34.94446],[127.10079,34.9377],[127.08985,34.93559],[127.08893,34.93347],[127.08699,34.92791],[127.08239,34.92593],[127.08015,34.91473],[127.08223,34.9093],[127.07999,34.90535],[127.08154,34.90297],[127.08552,34.89603],[127.08203,34.89254],[127.08885,34.88501],[127.0899,34.87374],[127.08917,34.87221],[127.08485,34.86911],[127.07223,34.86732],[127.06231,34.85893],[127.06072,34.84695],[127.04399,34.83896],[127.03745,34.83815],[127.03201,34.83537],[127.03103,34.8332],[127.03135,34.82365],[127.02182,34.82234],[127.02144,34.82092],[127.02204,34.80993],[127.01841,34.80107],[127.01584,34.78772],[127.01641,34.78625],[127.01783,34.78234],[127.02393,34.7786],[127.02375,34.77308],[127.01192,34.77052],[127.01553,34.76454],[127.01622,34.75666],[127.02045,34.74846],[127.01748,34.74542],[127.01322,34.73445],[127.00971,34.73537],[126.99802,34.7253],[126.98882,34.72071],[126.98827,34.71736],[126.98053,34.71003],[126.97505,34.71109],[126.97184,34.70805],[126.97198,34.70536],[126.98077,34.68723],[126.97901,34.68307],[126.99723,34.68145],[127.00258,34.67987],[127.01877,34.6817],[127.02644,34.67505],[127.03022,34.66243],[127.03725,34.6585],[127.04507,34.64791],[127.04535,34.64542],[127.04614,34.63497],[127.05698,34.64798],[127.06413,34.65211],[127.0623,34.65737],[127.06729,34.66227],[127.07115,34.66134],[127.07749,34.66501],[127.08299,34.66515],[127.08669,34.66926],[127.09536,34.66962],[127.09915,34.67468],[127.10979,34.67931],[127.11019,34.68449],[127.11436,34.69343],[127.12953,34.70287],[127.1353,34.70164],[127.14097,34.69457],[127.15818,34.69178],[127.17785,34.6917],[127.18469,34.69451],[127.19046,34.70363],[127.19769,34.70627],[127.19824,34.71053],[127.20621,34.71949],[127.21133,34.7309],[127.20965,34.73805],[127.22986,34.75787],[127.24071,34.75981],[127.23998,34.7704],[127.24757,34.77865],[127.2485,34.78971],[127.25881,34.78891],[127.26626,34.78653],[127.28035,34.79461],[127.28662,34.80717],[127.29121,34.81071],[127.3034,34.80941],[127.31254,34.812],[127.31862,34.81081],[127.32974,34.82373],[127.33964,34.82656],[127.34056,34.82774],[127.35256,34.82538],[127.35739,34.81627],[127.36286,34.81714],[127.36601,34.81503],[127.37181,34.80753],[127.38055,34.80558],[127.38656,34.79758],[127.38596,34.79236],[127.38703,34.79009],[127.39066,34.78948],[127.39476,34.79104],[127.39515,34.79672],[127.40655,34.80241],[127.4117,34.80208],[127.41798,34.80937],[127.42688,34.81113],[127.4249,34.81589],[127.41853,34.81128],[127.40059,34.81665],[127.39558,34.81406],[127.383,34.82673],[127.36673,34.8311],[127.35418,34.83691],[127.35834,34.8379],[127.36775,34.83516],[127.38011,34.83709],[127.3868,34.83388],[127.39049,34.82766],[127.396,34.82521],[127.41739,34.82864],[127.41591,34.8343],[127.41083,34.83851],[127.39942,34.8442],[127.39446,34.84035],[127.38338,34.84148],[127.37875,34.84453],[127.37898,34.85243],[127.36727,34.8624],[127.36678,34.86768],[127.35803,34.86435],[127.35047,34.8678],[127.34415,34.86594],[127.33746,34.86857],[127.34035,34.87763],[127.33774,34.88024],[127.33586,34.88983],[127.32463,34.88305],[127.32365,34.8874],[127.31637,34.89136],[127.31648,34.89452],[127.30651,34.90304],[127.30254,34.90038],[127.29193,34.90169],[127.28288,34.89728],[127.28025,34.8931],[127.27389,34.89007],[127.2649,34.88935],[127.26261,34.89214],[127.2583,34.88586],[127.2532,34.88417],[127.24122,34.8876],[127.23612,34.89395],[127.2274,34.89498],[127.2249,34.89928],[127.23466,34.92009],[127.24044,34.92113],[127.23234,34.93437],[127.2238,34.93991],[127.22479,34.9472],[127.21904,34.95722],[127.21062,34.95821],[127.20369,34.96746],[127.20904,34.97302],[127.20395,34.97686],[127.19995,34.98649]]]]},"properties":{"SIGUNGU_CD":"36560","SIGUNGU_NM":"보성군","BASE_DATE":"20250630"}},
{"type":"Feature","geometry":{"type":"Polygon","coordinates":[[[127.18509,35.21413],[127.18284,35.21363],[127.17883,35.21277],[127.17021,35.20509],[127.16108,35.19984],[127.14485,35.19386],[127.14217,35.19522],[127.13099,35.19395],[127.12192,35.19813],[127.11849,35.1952],[127.11678,35.19447],[127.116,35.1921],[127.10712,35.19129],[127.09726,35.18799],[127.09413,35.18466],[127.09088,35.18318],[127.08101,35.18004],[127.07057,35.18333],[127.06648,35.18445],[127.06398,35.1794],[127.06788,35.1749],[127.06767,35.16453],[127.07611,35.15095],[127.08239,35.14744],[127.08392,35.13873],[127.08918,35.1308],[127.07879,35.12328],[127.08036,35.11986],[127.07117,35.11595],[127.06385,35.12171],[127.05677,35.12188],[127.05365,35.12747],[127.04554,35.12788],[127.03816,35.13163],[127.03179,35.13246],[127.01949,35.13851],[127.01276,35.13425],[127.01076,35.13379],[127.00871,35.13375],[127.00894,35.13242],[127.00963,35.13079],[127.01183,35.12782],[127.01061,35.12431],[127.00459,35.12176],[127.00395,35.11969],[126.99993,35.11405],[126.98934,35.11074],[126.98635,35.10595],[126.98895,35.09499],[126.97403,35.09186],[126.96401,35.08741],[126.96132,35.08545],[126.95947,35.07913],[126.95499,35.07484],[126.9486,35.07282],[126.94379,35.07351],[126.9323,35.07439],[126.92228,35.09054],[126.92058,35.09169],[126.91922,35.09153],[126.91857,35.09159],[126.91064,35.08866],[126.90305,35.08133],[126.89989,35.08071],[126.89336,35.07889],[126.89199,35.07795],[126.89576,35.07198],[126.89587,35.06364],[126.89332,35.06258],[126.89902,35.05422],[126.89236,35.05058],[126.88994,35.04613],[126.89244,35.04203],[126.89046,35.03802],[126.88106,35.03172],[126.88247,35.02148],[126.87571,35.01992],[126.86811,35.00964],[126.88432,35.00323],[126.8947,34.99278],[126.89378,34.98567],[126.88586,34.98037],[126.88333,34.97234],[126.87745,34.96827],[126.8785,34.96249],[126.88215,34.96027],[126.87811,34.9494],[126.87345,34.94775],[126.8665,34.93965],[126.87046,34.93336],[126.87244,34.93111],[126.8717,34.92942],[126.87332,34.92704],[126.86949,34.91738],[126.87249,34.91472],[126.87139,34.90723],[126.87537,34.90493],[126.87633,34.90357],[126.8755,34.89775],[126.86953,34.89048],[126.86089,34.88735],[126.85002,34.88649],[126.83216,34.87686],[126.8307,34.87619],[126.82573,34.87211],[126.82411,34.87151],[126.82388,34.87108],[126.82501,34.87017],[126.83527,34.8674],[126.84344,34.8702],[126.84982,34.86796],[126.85795,34.8688],[126.86302,34.87278],[126.87042,34.87496],[126.87593,34.87389],[126.87857,34.87744],[126.88193,34.87608],[126.8992,34.87275],[126.90441,34.86773],[126.90703,34.85997],[126.9053,34.84748],[126.92148,34.84452],[126.92344,34.83611],[126.92881,34.83021],[126.93819,34.82912],[126.94091,34.8237],[126.94977,34.82778],[126.94747,34.83441],[126.94968,34.83996],[126.96209,34.84035],[126.9635,34.84468],[126.96819,34.84659],[126.96925,34.85084],[126.97891,34.8508],[126.98138,34.8439],[126.98593,34.84273],[126.99261,34.83558],[127.00845,34.84122],[127.01396,34.83898],[127.03301,34.84017],[127.03745,34.83815],[127.04399,34.83896],[127.06072,34.84695],[127.06231,34.85893],[127.07223,34.86732],[127.08485,34.86911],[127.08917,34.87221],[127.0899,34.87374],[127.08885,34.88501],[127.08203,34.89254],[127.08552,34.89603],[127.08154,34.90297],[127.07999,34.90535],[127.08223,34.9093],[127.08015,34.91473],[127.08239,34.92593],[127.08699,34.92791],[127.08893,34.93347],[127.08985,34.93559],[127.10079,34.9377],[127.10705,34.94446],[127.11693,34.95172],[127.11457,34.9575],[127.12231,34.96057],[127.12566,34.96657],[127.12697,34.96772],[127.14453,34.96325],[127.15371,34.96523],[127.17227,34.97304],[127.17266,34.97433],[127.17526,34.97763],[127.17923,34.98509],[127.1749,34.98863],[127.17785,34.9947],[127.17578,34.99793],[127.17788,35.00651],[127.18254,35.01113],[127.18768,35.01237],[127.1857,35.02003],[127.18731,35.02796],[127.18375,35.03654],[127.18387,35.04702],[127.18583,35.05619],[127.1924,35.06403],[127.18565,35.06919],[127.18487,35.08866],[127.18169,35.09497],[127.18769,35.10287],[127.19084,35.1123],[127.18756,35.1169],[127.18746,35.12327],[127.1922,35.13007],[127.19784,35.13166],[127.19754,35.13261],[127.1959,35.13881],[127.19746,35.14712],[127.19575,35.15012],[127.19661,35.1589],[127.18869,35.16461],[127.19277,35.17535],[127.20163,35.1864],[127.19667,35.19367],[127.19608,35.20404],[127.19131,35.20576],[127.18509,35.21413]]]},"properties":{"SIGUNGU_CD":"36570","SIGUNGU_NM":"화순군","BASE_DATE":"20250630"}},
{"type":"Feature","geometry":{"type":"MultiPolygon","coordinates":[[[[126.96527,34.46572],[126.95839,34.45997],[126.96362,34.45918],[126.96465,34.45253],[126.96241,34.44795],[126.96557,34.44534],[126.96797,34.45244],[126.96858,34.46361],[126.96527,34.46572]]],[[[127.01518,34.619],[127.01286,34.62185],[127.00829,34.6182],[127.01151,34.61116],[127.01712,34.6111],[127.01518,34.619]]],[[[126.88193,34.87608],[126.87857,34.87744],[126.87593,34.87389],[126.87042,34.87496],[126.86302,34.87278],[126.85795,34.8688],[126.85922,34.86512],[126.8565,34.86064],[126.85679,34.8533],[126.8531,34.85222],[126.85069,34.84667],[126.84968,34.84406],[126.8426,34.83937],[126.83145,34.83591],[126.82305,34.83623],[126.81923,34.83119],[126.80744,34.82963],[126.80149,34.81404],[126.79917,34.80339],[126.79293,34.79415],[126.79539,34.7813],[126.79936,34.77731],[126.80119,34.77702],[126.81233,34.78051],[126.81603,34.7771],[126.81726,34.77527],[126.81402,34.7682],[126.81771,34.76507],[126.8254,34.74379],[126.83146,34.73724],[126.84015,34.73381],[126.84061,34.72717],[126.84948,34.72267],[126.84722,34.71772],[126.84825,34.70783],[126.85406,34.70103],[126.8537,34.69225],[126.85683,34.68582],[126.8558,34.67869],[126.86065,34.67752],[126.86793,34.66899],[126.86551,34.66029],[126.87386,34.65248],[126.87064,34.6468],[126.87358,34.64543],[126.87483,34.64501],[126.87469,34.64505],[126.87484,34.6447],[126.87414,34.64454],[126.87253,34.64489],[126.87268,34.6452],[126.87181,34.64423],[126.8715,34.63386],[126.87965,34.62598],[126.87428,34.61981],[126.86668,34.62048],[126.85823,34.62361],[126.84931,34.61829],[126.85367,34.61563],[126.85354,34.60455],[126.85812,34.5989],[126.86842,34.59459],[126.86581,34.59126],[126.86967,34.58319],[126.87881,34.57552],[126.87592,34.57322],[126.87891,34.56373],[126.87647,34.56019],[126.87642,34.55138],[126.8841,34.54779],[126.88585,34.54442],[126.88185,34.54022],[126.86951,34.53599],[126.86482,34.52919],[126.85832,34.52787],[126.85695,34.52283],[126.85085,34.51746],[126.84937,34.51265],[126.84293,34.51357],[126.83962,34.51076],[126.85014,34.49561],[126.85109,34.47887],[126.85406,34.47448],[126.85255,34.46021],[126.84556,34.45354],[126.84638,34.44816],[126.86237,34.43938],[126.86521,34.43392],[126.86622,34.43825],[126.87168,34.43779],[126.88017,34.43016],[126.88257,34.42263],[126.88536,34.42232],[126.88703,34.4343],[126.8825,34.43876],[126.87863,34.44937],[126.87049,34.45405],[126.87662,34.4568],[126.8887,34.45648],[126.92577,34.45273],[126.92711,34.44773],[126.9387,34.44723],[126.93883,34.45078],[126.94706,34.45646],[126.94133,34.46233],[126.94086,34.46946],[126.93756,34.47563],[126.94112,34.4772],[126.94155,34.48235],[126.94622,34.48208],[126.94873,34.47696],[126.95442,34.47337],[126.95424,34.4702],[126.96371,34.46932],[126.96205,34.47132],[126.96799,34.47827],[126.97514,34.4746],[126.97606,34.46971],[126.97978,34.48186],[126.97727,34.48689],[126.96633,34.49259],[126.96436,34.49767],[126.96943,34.50542],[126.96816,34.50897],[126.9782,34.51125],[126.97727,34.51419],[126.98526,34.53955],[126.98828,34.54051],[126.98609,34.5484],[126.99,34.55371],[126.9867,34.5558],[126.98913,34.56166],[126.99807,34.5622],[127.00351,34.55514],[127.00339,34.56154],[127.00628,34.5651],[127.00326,34.57001],[126.99794,34.56578],[126.99451,34.56921],[126.98904,34.56733],[126.97929,34.57268],[126.98901,34.57936],[126.99357,34.58508],[126.99264,34.59376],[126.99962,34.59796],[126.99679,34.60339],[127.00273,34.60307],[127.0089,34.60869],[126.99409,34.61428],[126.99444,34.62313],[126.99127,34.62173],[126.97855,34.62457],[126.96645,34.62266],[126.96395,34.62588],[126.98434,34.6279],[127.01316,34.62453],[127.02313,34.6285],[127.03096,34.6298],[127.03835,34.63625],[127.04614,34.63497],[127.04535,34.64542],[127.04507,34.64791],[127.03725,34.6585],[127.03022,34.66243],[127.02644,34.67505],[127.01877,34.6817],[127.00258,34.67987],[126.99723,34.68145],[126.97901,34.68307],[126.98077,34.68723],[126.97198,34.70536],[126.97184,34.70805],[126.97505,34.71109],[126.98053,34.71003],[126.98827,34.71736],[126.98882,34.72071],[126.99802,34.7253],[127.00971,34.73537],[127.01322,34.73445],[127.01748,34.74542],[127.02045,34.74846],[127.01622,34.75666],[127.01553,34.76454],[127.01192,34.77052],[127.02375,34.77308],[127.02393,34.7786],[127.01783,34.78234],[127.01641,34.78625],[127.01584,34.78772],[127.01841,34.80107],[127.02204,34.80993],[127.02144,34.82092],[127.02182,34.82234],[127.03135,34.82365],[127.03103,34.8332],[127.03201,34.83537],[127.03745,34.83815],[127.03301,34.84017],[127.01396,34.83898],[127.00845,34.84122],[126.99261,34.83558],[126.98593,34.84273],[126.98138,34.8439],[126.97891,34.8508],[126.96925,34.85084],[126.96819,34.84659],[126.9635,34.84468],[126.96209,34.84035],[126.94968,34.83996],[126.94747,34.83441],[126.94977,34.82778],[126.94091,34.8237],[126.93819,34.82912],[126.92881,34.83021],[126.92344,34.83611],[126.92148,34.84452],[126.9053,34.84748],[126.90703,34.85997],[126.90441,34.86773],[126.8992,34.87275],[126.88193,34.87608]]]]},"properties":{"SIGUNGU_CD":"36580","SIGUNGU_NM":"장흥군","BASE_DATE":"20250630"}},
{"type":"Feature","geometry":{"type":"MultiPolygon","coordinates":[[[[126.78071,34.53642],[126.77709,34.53803],[126.77912,34.53196],[126.78545,34.53347],[126.78071,34.53642]]],[[[126.78275,34.78622],[126.77839,34.78628],[126.77439,34.78556],[126.77291,34.78514],[126.76464,34.78105],[126.76261,34.77713],[126.76265,34.77461],[126.76198,34.77057],[126.7557,34.76936],[126.74968,34.7646],[126.74671,34.75762],[126.73464,34.75699],[126.72862,34.7609],[126.72081,34.75911],[126.7133,34.7606],[126.70718,34.76651],[126.70243,34.76593],[126.69372,34.75678],[126.68543,34.75244],[126.68055,34.75385],[126.66923,34.74021],[126.65685,34.7332],[126.66306,34.72771],[126.66543,34.72227],[126.67249,34.72287],[126.67977,34.7207],[126.68153,34.71301],[126.6721,34.70675],[126.67489,34.7007],[126.67021,34.69094],[126.67305,34.68886],[126.67748,34.6855],[126.68278,34.68771],[126.68724,34.68562],[126.69993,34.68444],[126.70569,34.68182],[126.70244,34.67475],[126.69861,34.67182],[126.70174,34.662],[126.69523,34.66167],[126.69197,34.658],[126.69691,34.64984],[126.69318,34.64912],[126.68866,34.63874],[126.68277,34.63247],[126.6934,34.62838],[126.70081,34.63025],[126.69275,34.6233],[126.68812,34.60777],[126.68308,34.60266],[126.67258,34.59758],[126.67166,34.59242],[126.68026,34.58483],[126.68277,34.57608],[126.68783,34.57255],[126.69509,34.56395],[126.6903,34.55132],[126.67935,34.54188],[126.66713,34.53862],[126.66866,34.53486],[126.67934,34.52987],[126.68328,34.53045],[126.68573,34.52175],[126.68041,34.51591],[126.68194,34.51091],[126.68972,34.5102],[126.68502,34.50356],[126.68368,34.49099],[126.68336,34.47248],[126.68815,34.46834],[126.69771,34.47109],[126.7166,34.47053],[126.71939,34.46632],[126.73496,34.45555],[126.74881,34.47343],[126.74807,34.47696],[126.74085,34.48071],[126.73997,34.48793],[126.75326,34.49237],[126.75843,34.491],[126.75994,34.49691],[126.76577,34.49919],[126.76145,34.50284],[126.75847,34.52599],[126.76209,34.52718],[126.77277,34.52538],[126.76568,34.53015],[126.76426,34.54006],[126.76854,34.54212],[126.76455,34.54603],[126.76804,34.55414],[126.76539,34.56306],[126.76942,34.58634],[126.77466,34.59434],[126.77328,34.6058],[126.77889,34.6131],[126.77958,34.60376],[126.78213,34.59783],[126.77779,34.59481],[126.78331,34.58765],[126.7869,34.58835],[126.79021,34.58155],[126.78659,34.57627],[126.7959,34.56704],[126.78918,34.55853],[126.79195,34.5583],[126.79173,34.54805],[126.79581,34.54655],[126.79093,34.54108],[126.78992,34.53512],[126.79189,34.52896],[126.78929,34.51718],[126.78659,34.51273],[126.79159,34.51059],[126.78945,34.50657],[126.79199,34.50057],[126.78984,34.49743],[126.79189,34.48841],[126.79686,34.48488],[126.79533,34.4786],[126.78718,34.47666],[126.78532,34.46875],[126.79159,34.46667],[126.80126,34.46887],[126.80811,34.46821],[126.80484,34.45834],[126.80727,34.45041],[126.81139,34.45489],[126.81531,34.45022],[126.82954,34.44775],[126.83917,34.45345],[126.84288,34.44806],[126.84556,34.45354],[126.85255,34.46021],[126.85406,34.47448],[126.85109,34.47887],[126.85014,34.49561],[126.83962,34.51076],[126.84293,34.51357],[126.84937,34.51265],[126.85085,34.51746],[126.85695,34.52283],[126.85832,34.52787],[126.86482,34.52919],[126.86951,34.53599],[126.88185,34.54022],[126.88585,34.54442],[126.8841,34.54779],[126.87642,34.55138],[126.87647,34.56019],[126.87891,34.56373],[126.87592,34.57322],[126.87881,34.57552],[126.86967,34.58319],[126.86581,34.59126],[126.86842,34.59459],[126.85812,34.5989],[126.85354,34.60455],[126.85367,34.61563],[126.84931,34.61829],[126.85823,34.62361],[126.86668,34.62048],[126.87428,34.61981],[126.87965,34.62598],[126.8715,34.63386],[126.87181,34.64423],[126.87268,34.6452],[126.87253,34.64489],[126.87414,34.64454],[126.87484,34.6447],[126.87469,34.64505],[126.87483,34.64501],[126.87358,34.64543],[126.87064,34.6468],[126.87386,34.65248],[126.86551,34.66029],[126.86793,34.66899],[126.86065,34.67752],[126.8558,34.67869],[126.85683,34.68582],[126.8537,34.69225],[126.85406,34.70103],[126.84825,34.70783],[126.84722,34.71772],[126.84948,34.72267],[126.84061,34.72717],[126.84015,34.73381],[126.83146,34.73724],[126.8254,34.74379],[126.81771,34.76507],[126.81402,34.7682],[126.81726,34.77527],[126.81603,34.7771],[126.81233,34.78051],[126.80119,34.77702],[126.79936,34.77731],[126.79539,34.7813],[126.78411,34.78064],[126.7826,34.78314],[126.78275,34.78622]]]]},"properties":{"SIGUNGU_CD":"36590","SIGUNGU_NM":"강진군","BASE_DATE":"20250630"}},
{"type":"Feature","geometry":{"type":"MultiPolygon","coordinates":[[[[126.46453,34.34583],[126.46624,34.34004],[126.47165,34.33695],[126.47415,34.33124],[126.47676,34.34512],[126.47325,34.34281],[126.46453,34.34583]]],[[[126.46352,34.42984],[126.46013,34.42575],[126.4656,34.42664],[126.46352,34.42984]]],[[[126.43573,34.43538],[126.43512,34.43079],[126.44166,34.43215],[126.43573,34.43538]]],[[[126.41228,34.46694],[126.41248,34.45973],[126.42014,34.45655],[126.41228,34.46694]]],[[[126.33087,34.56803],[126.32331,34.5668],[126.31989,34.55939],[126.32826,34.56376],[126.33087,34.56803]]],[[[126.30505,34.58836],[126.29891,34.58632],[126.29892,34.58102],[126.30505,34.58419],[126.30505,34.58836]]],[[[126.38782,34.72586],[126.38528,34.71977],[126.37378,34.71087],[126.36892,34.69884],[126.36394,34.69532],[126.35492,34.69351],[126.34707,34.69994],[126.34996,34.70549],[126.34704,34.711],[126.33937,34.71803],[126.33073,34.72047],[126.33038,34.73458],[126.33476,34.7379],[126.3251,34.74282],[126.31949,34.74956],[126.31172,34.74587],[126.30684,34.74853],[126.31057,34.75179],[126.30751,34.75642],[126.2988,34.76212],[126.28946,34.75974],[126.28058,34.74216],[126.27448,34.72772],[126.27559,34.72233],[126.27938,34.72138],[126.27425,34.7162],[126.27461,34.71177],[126.26849,34.70169],[126.26255,34.70565],[126.259,34.70069],[126.25823,34.69321],[126.26074,34.69152],[126.26084,34.68397],[126.25508,34.67946],[126.26041,34.67577],[126.25992,34.66999],[126.25541,34.66387],[126.26319,34.65848],[126.26702,34.64286],[126.26033,34.64547],[126.26068,34.64061],[126.26787,34.63754],[126.27241,34.63287],[126.28049,34.6302],[126.28695,34.63173],[126.29029,34.63553],[126.29417,34.62942],[126.28766,34.62463],[126.29003,34.62139],[126.2811,34.62215],[126.28428,34.61789],[126.28132,34.61279],[126.27063,34.61475],[126.26162,34.60942],[126.28067,34.61157],[126.28773,34.60557],[126.28381,34.6042],[126.28015,34.59542],[126.29218,34.59208],[126.29534,34.60071],[126.2988,34.59858],[126.29701,34.5927],[126.29924,34.59025],[126.30603,34.59068],[126.31331,34.58611],[126.30453,34.57916],[126.30922,34.57655],[126.30564,34.57332],[126.31401,34.56672],[126.32152,34.57025],[126.3276,34.56914],[126.33402,34.57338],[126.35097,34.56731],[126.35313,34.57046],[126.35591,34.56591],[126.36283,34.56092],[126.36858,34.55976],[126.37997,34.56283],[126.38545,34.55929],[126.3846,34.55306],[126.38907,34.55248],[126.38494,34.54274],[126.37886,34.53829],[126.38855,34.53211],[126.40315,34.53902],[126.40225,34.54675],[126.40927,34.54839],[126.41774,34.54723],[126.41984,34.55446],[126.43033,34.55539],[126.43578,34.54828],[126.43506,34.54331],[126.43945,34.53588],[126.44331,34.53935],[126.46046,34.53201],[126.45793,34.52978],[126.44319,34.52716],[126.44179,34.52202],[126.45604,34.52377],[126.4572,34.51941],[126.46213,34.52057],[126.47122,34.50688],[126.45636,34.50163],[126.45896,34.49686],[126.46464,34.49654],[126.46015,34.4903],[126.46638,34.48537],[126.464,34.48173],[126.45593,34.48195],[126.45557,34.47734],[126.4638,34.46864],[126.46683,34.47113],[126.47203,34.46845],[126.46779,34.46194],[126.46787,34.45684],[126.47759,34.45012],[126.47298,34.44685],[126.46821,34.44817],[126.46376,34.45333],[126.45426,34.44877],[126.46262,34.44437],[126.47024,34.43633],[126.47639,34.42697],[126.48214,34.42552],[126.48102,34.43045],[126.4847,34.43433],[126.49262,34.43417],[126.49638,34.4316],[126.50001,34.43703],[126.5067,34.44073],[126.51405,34.43329],[126.50844,34.42854],[126.51679,34.41424],[126.505,34.40533],[126.48717,34.40825],[126.49192,34.40499],[126.48686,34.40203],[126.49041,34.39467],[126.49812,34.38895],[126.49548,34.3842],[126.47734,34.38658],[126.47501,34.38171],[126.48098,34.38272],[126.47344,34.37831],[126.48108,34.37606],[126.47689,34.372],[126.48695,34.36455],[126.48314,34.36475],[126.48127,34.35862],[126.47619,34.35545],[126.46776,34.36353],[126.4658,34.35776],[126.47153,34.35279],[126.47089,34.34854],[126.47647,34.34816],[126.47921,34.35414],[126.48522,34.35466],[126.49312,34.35977],[126.49854,34.35694],[126.50135,34.36403],[126.50652,34.36579],[126.51989,34.36084],[126.52163,34.35714],[126.52037,34.34464],[126.52692,34.33444],[126.52511,34.32943],[126.51651,34.32401],[126.51232,34.31919],[126.519,34.31395],[126.51557,34.30651],[126.51647,34.29519],[126.52139,34.29295],[126.52834,34.29352],[126.52887,34.30015],[126.53562,34.30339],[126.54464,34.3031],[126.54961,34.30908],[126.55218,34.31644],[126.5589,34.32194],[126.57526,34.31996],[126.58597,34.3198],[126.59386,34.31362],[126.59893,34.31223],[126.60578,34.31632],[126.6011,34.31882],[126.60397,34.33327],[126.59883,34.3354],[126.60809,34.34095],[126.60861,34.34524],[126.60271,34.34629],[126.61463,34.35613],[126.62034,34.35916],[126.61618,34.36382],[126.61978,34.36875],[126.62031,34.37899],[126.61435,34.37914],[126.61111,34.38609],[126.6217,34.39648],[126.61627,34.40265],[126.62251,34.40635],[126.62801,34.40201],[126.63497,34.41204],[126.64176,34.40948],[126.64762,34.41324],[126.64612,34.41833],[126.65105,34.41762],[126.64993,34.42213],[126.65709,34.42075],[126.66423,34.42703],[126.67378,34.41893],[126.67839,34.42062],[126.67335,34.42737],[126.67972,34.42633],[126.69009,34.43244],[126.68798,34.43409],[126.69889,34.44061],[126.71021,34.43951],[126.71888,34.44553],[126.72385,34.44292],[126.73496,34.45554],[126.71939,34.46632],[126.7166,34.47053],[126.69771,34.47109],[126.68815,34.46834],[126.68336,34.47248],[126.68368,34.49099],[126.68502,34.50356],[126.68972,34.5102],[126.68194,34.51091],[126.68041,34.51591],[126.68573,34.52175],[126.68328,34.53045],[126.67934,34.52987],[126.66866,34.53486],[126.66713,34.53862],[126.67935,34.54188],[126.6903,34.55132],[126.69509,34.56395],[126.68783,34.57255],[126.68277,34.57608],[126.68026,34.58483],[126.67166,34.59242],[126.67258,34.59758],[126.68308,34.60266],[126.68812,34.60777],[126.69275,34.6233],[126.70081,34.63025],[126.6934,34.62838],[126.68277,34.63247],[126.68866,34.63874],[126.69318,34.64912],[126.69691,34.64984],[126.69197,34.658],[126.69523,34.66167],[126.70174,34.662],[126.69861,34.67182],[126.70244,34.67475],[126.70569,34.68182],[126.69993,34.68444],[126.68724,34.68562],[126.68278,34.68771],[126.67748,34.6855],[126.67305,34.68886],[126.67021,34.69094],[126.65091,34.69005],[126.64023,34.67883],[126.63912,34.67426],[126.63482,34.67427],[126.62486,34.68003],[126.6162,34.68148],[126.60911,34.68063],[126.60522,34.68359],[126.59623,34.68298],[126.59331,34.68048],[126.57002,34.67851],[126.56358,34.67132],[126.56281,34.66691],[126.55415,34.66117],[126.54977,34.66401],[126.54391,34.65784],[126.49956,34.68737],[126.4928,34.69036],[126.46594,34.70868],[126.4233,34.71931],[126.38782,34.72586]]]]},"properties":{"SIGUNGU_CD":"36600","SIGUNGU_NM":"해남군","BASE_DATE":"20250630"}},
{"type":"Feature","geometry":{"type":"Polygon","coordinates":[[[126.67675,34.9456],[126.66977,34.9455],[126.66841,34.94445],[126.66246,34.9352],[126.66295,34.92701],[126.6691,34.9254],[126.67721,34.91409],[126.67327,34.91092],[126.67744,34.90978],[126.6766,34.90282],[126.68258,34.89413],[126.6749,34.89273],[126.67341,34.88797],[126.67741,34.88358],[126.6725,34.88183],[126.66916,34.88689],[126.66406,34.88827],[126.66373,34.89254],[126.65158,34.89361],[126.64995,34.88861],[126.64385,34.89132],[126.63986,34.88905],[126.63138,34.88893],[126.63255,34.89377],[126.62874,34.8946],[126.62913,34.89924],[126.63437,34.8976],[126.63398,34.90896],[126.62871,34.91749],[126.62813,34.91982],[126.6289,34.92119],[126.62807,34.9208],[126.62129,34.92019],[126.62197,34.92152],[126.62326,34.92127],[126.62402,34.92155],[126.62402,34.92199],[126.62151,34.92191],[126.62025,34.92252],[126.6148,34.92473],[126.61406,34.92393],[126.6007,34.92901],[126.60293,34.92344],[126.59441,34.92525],[126.59507,34.92011],[126.58729,34.91704],[126.57984,34.91893],[126.57454,34.91511],[126.57323,34.90781],[126.58014,34.90448],[126.57968,34.89526],[126.57385,34.89401],[126.57222,34.8926],[126.57175,34.89173],[126.57157,34.89028],[126.57093,34.87874],[126.568,34.87514],[126.56027,34.86934],[126.55934,34.86901],[126.557,34.86905],[126.55349,34.86323],[126.55265,34.85444],[126.54796,34.82722],[126.54307,34.81287],[126.53266,34.80311],[126.52296,34.79891],[126.5189,34.7945],[126.52042,34.78808],[126.5165,34.7767],[126.51336,34.77262],[126.50851,34.76929],[126.49797,34.76871],[126.4924,34.77013],[126.48415,34.77811],[126.46843,34.78987],[126.45834,34.79337],[126.44544,34.79134],[126.44975,34.78277],[126.44403,34.78246],[126.43456,34.77772],[126.42533,34.77834],[126.40607,34.77211],[126.39947,34.77418],[126.38126,34.76872],[126.38028,34.76],[126.37176,34.75402],[126.38018,34.75787],[126.38051,34.75271],[126.37546,34.75],[126.36599,34.75017],[126.36056,34.742],[126.38586,34.73148],[126.38906,34.73143],[126.38782,34.72586],[126.39103,34.73357],[126.3969,34.73478],[126.39569,34.74032],[126.40092,34.73919],[126.40462,34.73469],[126.40347,34.73104],[126.41384,34.73118],[126.42381,34.72805],[126.42547,34.73043],[126.41956,34.73434],[126.42133,34.73865],[126.4279,34.73267],[126.42244,34.72589],[126.43807,34.72158],[126.45191,34.72056],[126.46999,34.71731],[126.46286,34.70945],[126.46594,34.70868],[126.4928,34.69036],[126.49956,34.68737],[126.54391,34.65784],[126.54977,34.66401],[126.55415,34.66117],[126.56281,34.66691],[126.56358,34.67132],[126.57002,34.67851],[126.59331,34.68048],[126.59623,34.68298],[126.60522,34.68359],[126.60911,34.68063],[126.6162,34.68148],[126.62486,34.68003],[126.63482,34.67427],[126.63912,34.67426],[126.64023,34.67883],[126.65091,34.69005],[126.67021,34.69094],[126.67489,34.7007],[126.6721,34.70675],[126.68153,34.71301],[126.67977,34.7207],[126.67249,34.72287],[126.66543,34.72227],[126.66306,34.72771],[126.65685,34.7332],[126.66923,34.74021],[126.68055,34.75385],[126.68543,34.75244],[126.69372,34.75678],[126.70243,34.76593],[126.70718,34.76651],[126.7133,34.7606],[126.72081,34.75911],[126.72862,34.7609],[126.73464,34.75699],[126.74671,34.75762],[126.74968,34.7646],[126.7557,34.76936],[126.76198,34.77057],[126.76265,34.77461],[126.76261,34.77713],[126.76464,34.78105],[126.77291,34.78514],[126.77439,34.78556],[126.77839,34.78628],[126.78275,34.78622],[126.7826,34.78314],[126.78411,34.78064],[126.79539,34.7813],[126.79293,34.79415],[126.79917,34.80339],[126.80149,34.81404],[126.80744,34.82963],[126.81923,34.83119],[126.82305,34.83623],[126.83145,34.83591],[126.8426,34.83937],[126.84968,34.84406],[126.85069,34.84667],[126.8531,34.85222],[126.85679,34.8533],[126.8565,34.86064],[126.85922,34.86512],[126.85795,34.8688],[126.84982,34.86796],[126.84344,34.8702],[126.83527,34.8674],[126.82501,34.87017],[126.82227,34.87114],[126.81138,34.87443],[126.81016,34.8694],[126.80553,34.86794],[126.79385,34.87825],[126.78497,34.8796],[126.78421,34.88483],[126.77636,34.8894],[126.77031,34.8956],[126.76625,34.8992],[126.76615,34.89951],[126.76462,34.89963],[126.75039,34.89624],[126.74492,34.8982],[126.74365,34.89531],[126.73486,34.89148],[126.73317,34.89041],[126.73047,34.89094],[126.72681,34.88915],[126.72406,34.89065],[126.71965,34.89397],[126.72058,34.89995],[126.71254,34.90714],[126.71154,34.90651],[126.71581,34.91772],[126.70664,34.92401],[126.69918,34.94036],[126.68097,34.94499],[126.67675,34.9456]]]},"properties":{"SIGUNGU_CD":"36610","SIGUNGU_NM":"영암군","BASE_DATE":"20250630"}},
{"type":"Feature","geometry":{"type":"MultiPolygon","coordinates":[[[[126.31649,35.01496],[126.31159,35.01426],[126.31143,35.00739],[126.31439,35],[126.31929,35.01353],[126.31649,35.01496]]],[[[126.45862,35.07379],[126.45189,35.07163],[126.4437,35.05845],[126.4362,35.05347],[126.42583,35.04967],[126.41776,35.03983],[126.42291,35.0359],[126.42695,35.02718],[126.41761,35.0265],[126.41111,35.02934],[126.40334,35.02708],[126.39857,35.03296],[126.40147,35.03606],[126.40133,35.04329],[126.39513,35.04121],[126.39048,35.04317],[126.3934,35.04698],[126.40269,35.05112],[126.39832,35.05258],[126.40496,35.0571],[126.40653,35.06348],[126.4027,35.06592],[126.40409,35.07095],[126.3961,35.0759],[126.39059,35.06457],[126.38437,35.06665],[126.38663,35.07892],[126.39009,35.08262],[126.38814,35.08637],[126.38068,35.08144],[126.38295,35.0776],[126.37581,35.07034],[126.37173,35.06215],[126.36498,35.06508],[126.36745,35.07165],[126.36387,35.07483],[126.36777,35.07698],[126.36273,35.07923],[126.35774,35.07498],[126.35029,35.07948],[126.34543,35.07551],[126.34543,35.08274],[126.34245,35.0864],[126.352,35.0895],[126.34957,35.09478],[126.34355,35.09179],[126.33473,35.09156],[126.33118,35.09482],[126.33549,35.0975],[126.3355,35.10284],[126.32963,35.10915],[126.33104,35.11489],[126.33928,35.11896],[126.34087,35.12965],[126.34633,35.13676],[126.34462,35.15086],[126.34746,35.15732],[126.34563,35.15968],[126.33539,35.15007],[126.326,35.14959],[126.32573,35.14614],[126.3311,35.14263],[126.32882,35.13772],[126.32133,35.13059],[126.32062,35.12748],[126.30793,35.12754],[126.30741,35.1377],[126.29673,35.13773],[126.28765,35.13499],[126.27803,35.13651],[126.27832,35.14233],[126.27378,35.14572],[126.26236,35.14522],[126.25647,35.14003],[126.25927,35.13596],[126.25111,35.12866],[126.24213,35.11271],[126.26016,35.10433],[126.26261,35.09608],[126.25782,35.09399],[126.25896,35.10067],[126.25356,35.10162],[126.24828,35.09711],[126.24766,35.08859],[126.24485,35.08496],[126.24514,35.076],[126.24669,35.07486],[126.257,35.06932],[126.26147,35.06431],[126.26207,35.05675],[126.26183,35.05364],[126.27339,35.05358],[126.28119,35.05752],[126.28169,35.06181],[126.29154,35.05979],[126.29647,35.04986],[126.30482,35.04548],[126.30734,35.04977],[126.31427,35.05403],[126.31279,35.05857],[126.30142,35.05968],[126.30519,35.06643],[126.31248,35.06701],[126.31576,35.07165],[126.31134,35.07585],[126.31793,35.07843],[126.31558,35.08361],[126.3174,35.08788],[126.32736,35.08931],[126.33362,35.08756],[126.34452,35.06944],[126.34043,35.06388],[126.33141,35.06184],[126.34733,35.05823],[126.35129,35.05154],[126.34686,35.05165],[126.34818,35.0453],[126.35305,35.0386],[126.35668,35.04191],[126.36861,35.04681],[126.37461,35.04427],[126.38078,35.04944],[126.38868,35.03724],[126.39026,35.02431],[126.37722,35.01866],[126.35767,35.0071],[126.345,35.00194],[126.33896,34.99726],[126.3587,34.99287],[126.3593,34.98677],[126.35059,34.98198],[126.34791,34.97595],[126.34278,34.97187],[126.33843,34.97252],[126.33024,34.96712],[126.32183,34.97203],[126.31909,34.98086],[126.30601,34.98641],[126.30385,34.9771],[126.29856,34.97694],[126.29487,34.96528],[126.30033,34.9576],[126.30664,34.95597],[126.30841,34.94959],[126.32134,34.94356],[126.31696,34.93814],[126.30558,34.93319],[126.30641,34.92756],[126.31139,34.92651],[126.31723,34.93184],[126.32637,34.93064],[126.32957,34.92829],[126.32922,34.91596],[126.3327,34.91705],[126.34343,34.91489],[126.35102,34.91699],[126.353,34.9223],[126.36866,34.91999],[126.37124,34.92417],[126.36716,34.9266],[126.36632,34.93254],[126.37359,34.9416],[126.36545,34.94258],[126.37156,34.94753],[126.37134,34.95357],[126.37523,34.95664],[126.36825,34.96292],[126.35965,34.96263],[126.3592,34.96852],[126.36959,34.97528],[126.36549,34.98169],[126.36779,34.99554],[126.37214,34.99939],[126.37438,34.98911],[126.38038,34.98785],[126.37915,34.97198],[126.38305,34.96856],[126.39051,34.96709],[126.3946,34.96209],[126.38993,34.95458],[126.38783,34.94695],[126.39167,34.93568],[126.39852,34.93524],[126.38906,34.92815],[126.39139,34.92176],[126.40316,34.91521],[126.40504,34.91053],[126.4032,34.90459],[126.39758,34.89816],[126.3913,34.8998],[126.39364,34.89426],[126.38932,34.88966],[126.3904,34.88502],[126.38637,34.88233],[126.38688,34.87769],[126.39171,34.88253],[126.40141,34.88045],[126.39558,34.87341],[126.39597,34.86741],[126.40065,34.86414],[126.40723,34.85206],[126.40482,34.84826],[126.41235,34.84384],[126.41729,34.844],[126.42002,34.84314],[126.42506,34.83882],[126.43437,34.83818],[126.43905,34.83409],[126.43841,34.82119],[126.45354,34.81797],[126.45483,34.81679],[126.4578,34.81064],[126.45834,34.79337],[126.46843,34.78987],[126.48415,34.77811],[126.4924,34.77013],[126.49797,34.76871],[126.50851,34.76929],[126.51336,34.77262],[126.5165,34.7767],[126.52042,34.78808],[126.5189,34.7945],[126.52296,34.79891],[126.53266,34.80311],[126.54307,34.81287],[126.54796,34.82722],[126.55265,34.85444],[126.55349,34.86323],[126.557,34.86905],[126.55649,34.86915],[126.5504,34.87993],[126.54554,34.88693],[126.52577,34.90415],[126.51396,34.9186],[126.51468,34.92576],[126.52481,34.9287],[126.53021,34.92545],[126.53572,34.91801],[126.54107,34.91826],[126.54163,34.92721],[126.53128,34.94082],[126.52916,34.94964],[126.53955,34.97018],[126.54118,34.97503],[126.53892,34.97619],[126.53287,34.97783],[126.52495,34.98334],[126.51774,34.98326],[126.51018,34.99021],[126.50538,34.98574],[126.49982,34.98877],[126.49084,35.00157],[126.49928,35.00422],[126.49787,35.0079],[126.50046,35.01489],[126.49669,35.01807],[126.49079,35.01627],[126.48353,35.01718],[126.4804,35.02683],[126.47009,35.02155],[126.46636,35.02482],[126.46836,35.02801],[126.46403,35.03122],[126.46346,35.04196],[126.47099,35.05295],[126.47275,35.05283],[126.47642,35.06004],[126.4797,35.06148],[126.47861,35.06458],[126.47896,35.06442],[126.47979,35.06466],[126.47493,35.06517],[126.47328,35.06677],[126.4691,35.067],[126.45862,35.07379]]]]},"properties":{"SIGUNGU_CD":"36620","SIGUNGU_NM":"무안군","BASE_DATE":"20250630"}},
{"type":"Feature","geometry":{"type":"Polygon","coordinates":[[[126.60197,35.23535],[126.59235,35.23234],[126.59122,35.23122],[126.59296,35.22448],[126.59054,35.22248],[126.59018,35.21312],[126.58055,35.1965],[126.56724,35.19897],[126.56233,35.19678],[126.56463,35.19286],[126.56493,35.19062],[126.54921,35.1854],[126.54706,35.18801],[126.53314,35.18224],[126.52847,35.18569],[126.52155,35.18514],[126.51429,35.18763],[126.50751,35.18468],[126.50563,35.18495],[126.50354,35.18444],[126.50075,35.18328],[126.4894,35.18752],[126.48882,35.19078],[126.48158,35.19084],[126.47696,35.19387],[126.46807,35.18713],[126.46198,35.18826],[126.45029,35.18696],[126.44794,35.18116],[126.43529,35.17284],[126.42208,35.18446],[126.40794,35.1864],[126.40857,35.18314],[126.39979,35.17607],[126.39225,35.1797],[126.37176,35.16766],[126.37032,35.16369],[126.37486,35.15764],[126.38329,35.15871],[126.38215,35.15357],[126.38776,35.14523],[126.38681,35.14295],[126.3967,35.1344],[126.4035,35.13566],[126.41866,35.11053],[126.4217,35.1067],[126.43111,35.10744],[126.43722,35.10513],[126.4457,35.10622],[126.45379,35.10231],[126.46505,35.09996],[126.45793,35.09015],[126.44388,35.08713],[126.43826,35.08738],[126.44586,35.08034],[126.45862,35.07379],[126.4691,35.067],[126.47328,35.06677],[126.47493,35.06517],[126.47979,35.06466],[126.47896,35.06442],[126.47861,35.06458],[126.4797,35.06148],[126.47642,35.06004],[126.47275,35.05283],[126.47099,35.05295],[126.46346,35.04196],[126.46403,35.03122],[126.46836,35.02801],[126.46636,35.02482],[126.47009,35.02155],[126.4804,35.02683],[126.48353,35.01718],[126.49079,35.01627],[126.49669,35.01807],[126.50046,35.01489],[126.49787,35.0079],[126.49928,35.00422],[126.49084,35.00157],[126.49982,34.98877],[126.50538,34.98574],[126.51018,34.99021],[126.51774,34.98326],[126.52495,34.98334],[126.53287,34.97783],[126.53892,34.97619],[126.54118,34.97503],[126.54424,34.98106],[126.55176,34.98692],[126.56047,34.98862],[126.56805,34.98267],[126.57078,34.97416],[126.57837,34.97475],[126.58413,34.98497],[126.58943,34.99069],[126.5972,34.99494],[126.592,34.99632],[126.59647,34.99975],[126.59351,35.0045],[126.59878,35.00721],[126.59858,35.01285],[126.58685,35.01342],[126.58657,35.01743],[126.59209,35.02238],[126.59462,35.02797],[126.59327,35.03439],[126.58872,35.04134],[126.58804,35.04628],[126.591,35.05117],[126.58761,35.05495],[126.59101,35.05927],[126.59021,35.06971],[126.59727,35.09232],[126.59507,35.09838],[126.60456,35.09929],[126.6061,35.09476],[126.61763,35.09069],[126.6232,35.08692],[126.62782,35.09194],[126.64018,35.09643],[126.64135,35.09673],[126.64258,35.09695],[126.64555,35.0975],[126.6477,35.09953],[126.64685,35.10333],[126.65393,35.10739],[126.6552,35.11486],[126.65166,35.12041],[126.65495,35.13701],[126.65332,35.14396],[126.64756,35.14404],[126.64864,35.14707],[126.65356,35.15301],[126.65397,35.1642],[126.66265,35.1664],[126.67207,35.1723],[126.66368,35.18222],[126.65383,35.19166],[126.65325,35.19245],[126.65107,35.19369],[126.65189,35.19566],[126.65082,35.19718],[126.64891,35.19896],[126.64164,35.20747],[126.63406,35.21065],[126.62606,35.21916],[126.6143,35.22588],[126.61023,35.23054],[126.60634,35.23299],[126.60197,35.23535]]]},"properties":{"SIGUNGU_CD":"36630","SIGUNGU_NM":"함평군","BASE_DATE":"20250630"}},
{"type":"Feature","geometry":{"type":"MultiPolygon","coordinates":[[[[126.2085,35.18762],[126.20518,35.18379],[126.2142,35.18404],[126.2085,35.18762]]],[[[126.15567,35.21151],[126.15114,35.21121],[126.14595,35.20579],[126.14062,35.20614],[126.12437,35.20228],[126.12463,35.19563],[126.12153,35.19241],[126.13075,35.19204],[126.12736,35.19613],[126.12949,35.20008],[126.13939,35.20221],[126.14409,35.20071],[126.1506,35.20637],[126.1568,35.20899],[126.15567,35.21151]]],[[[126.10018,35.25624],[126.09983,35.2518],[126.0922,35.25013],[126.09097,35.24381],[126.09777,35.24338],[126.1029,35.24976],[126.10018,35.25624]]],[[[126.1192,35.26027],[126.11203,35.25753],[126.11459,35.2555],[126.1192,35.26027]]],[[[126.14155,35.30017],[126.14087,35.2931],[126.13654,35.28853],[126.1335,35.28995],[126.13285,35.28174],[126.14281,35.27711],[126.13906,35.27305],[126.14807,35.27107],[126.15446,35.27829],[126.15244,35.29027],[126.14582,35.29453],[126.14155,35.30017]]],[[[125.99844,35.3333],[125.99927,35.32715],[126.00398,35.32914],[126.01001,35.32782],[126.00659,35.33272],[125.99844,35.3333]]],[[[125.98985,35.33908],[125.98516,35.33708],[125.98961,35.33472],[125.99749,35.33492],[125.99662,35.33809],[125.98985,35.33908]]],[[[126.02065,35.36432],[126.02199,35.35686],[126.01725,35.35633],[126.00718,35.35903],[126.0127,35.35216],[126.01848,35.35213],[126.02195,35.34456],[126.00811,35.34486],[126.01323,35.33976],[126.01699,35.3418],[126.02051,35.33693],[126.01345,35.33214],[126.01929,35.33274],[126.02129,35.33599],[126.0323,35.33719],[126.0414,35.34673],[126.03733,35.35167],[126.02887,35.35481],[126.02065,35.36432]]],[[[126.05822,35.3696],[126.05451,35.3678],[126.06065,35.36529],[126.05822,35.3696]]],[[[126.39849,35.37643],[126.39304,35.37227],[126.39815,35.37271],[126.39849,35.37643]]],[[[126.05398,35.37556],[126.04139,35.37238],[126.04329,35.36829],[126.05405,35.37304],[126.05398,35.37556]]],[[[126.45022,35.42788],[126.43602,35.42968],[126.42707,35.42641],[126.4239,35.43026],[126.41973,35.4259],[126.40686,35.41716],[126.40958,35.41449],[126.404,35.40297],[126.40786,35.40249],[126.40684,35.39747],[126.40254,35.3973],[126.40703,35.39254],[126.40427,35.38547],[126.41321,35.38153],[126.41994,35.38107],[126.41013,35.3766],[126.41746,35.3736],[126.41753,35.36965],[126.42932,35.35899],[126.43876,35.35955],[126.44418,35.35774],[126.44871,35.35196],[126.44799,35.34859],[126.44315,35.35742],[126.42797,35.35824],[126.42168,35.36536],[126.41315,35.36294],[126.40619,35.36484],[126.4039,35.36876],[126.39719,35.36923],[126.39185,35.356],[126.38739,35.35334],[126.38798,35.34609],[126.38329,35.33487],[126.37844,35.32868],[126.37903,35.31928],[126.37556,35.31171],[126.37807,35.30587],[126.3693,35.29208],[126.36586,35.29233],[126.36568,35.28711],[126.37151,35.28431],[126.36121,35.28473],[126.35263,35.28296],[126.35029,35.28647],[126.33852,35.28579],[126.3288,35.27921],[126.32491,35.27118],[126.32901,35.26841],[126.32176,35.26246],[126.32684,35.25803],[126.32398,35.25254],[126.32845,35.24398],[126.32594,35.24292],[126.31638,35.24793],[126.31112,35.25364],[126.30007,35.23118],[126.29868,35.22389],[126.2993,35.21122],[126.30603,35.2119],[126.31427,35.21005],[126.32142,35.20391],[126.33542,35.20458],[126.33992,35.20873],[126.33565,35.21493],[126.33764,35.21638],[126.34203,35.20759],[126.33878,35.20432],[126.33661,35.19415],[126.35414,35.19616],[126.35383,35.20172],[126.36589,35.20514],[126.3768,35.2119],[126.37889,35.20883],[126.37219,35.19874],[126.36786,35.19779],[126.37247,35.19007],[126.36719,35.18642],[126.35351,35.18346],[126.36035,35.17696],[126.35912,35.1689],[126.36582,35.1686],[126.37032,35.16369],[126.37176,35.16766],[126.39225,35.1797],[126.39979,35.17607],[126.40857,35.18314],[126.40794,35.1864],[126.42208,35.18446],[126.43529,35.17284],[126.44794,35.18116],[126.45029,35.18696],[126.46198,35.18826],[126.46807,35.18713],[126.47696,35.19387],[126.48158,35.19084],[126.48882,35.19078],[126.4894,35.18752],[126.50075,35.18328],[126.50354,35.18444],[126.50563,35.18495],[126.50751,35.18468],[126.51429,35.18763],[126.52155,35.18514],[126.52847,35.18569],[126.53314,35.18224],[126.54706,35.18801],[126.54921,35.1854],[126.56493,35.19062],[126.56463,35.19286],[126.56233,35.19678],[126.56724,35.19897],[126.58055,35.1965],[126.59018,35.21312],[126.59054,35.22248],[126.59296,35.22448],[126.59122,35.23122],[126.59205,35.23203],[126.59087,35.23354],[126.59035,35.23465],[126.58332,35.23941],[126.58383,35.24252],[126.58508,35.24361],[126.5875,35.24619],[126.58427,35.25792],[126.59192,35.26054],[126.59743,35.2678],[126.60579,35.26985],[126.60874,35.27069],[126.61579,35.27889],[126.61471,35.28833],[126.61852,35.29384],[126.61104,35.29737],[126.61826,35.30475],[126.62292,35.30218],[126.63154,35.30248],[126.63983,35.30927],[126.63979,35.31702],[126.64465,35.31953],[126.6448,35.31978],[126.64437,35.31999],[126.64417,35.32031],[126.64179,35.32083],[126.63143,35.32029],[126.61916,35.32442],[126.61553,35.32851],[126.6045,35.33556],[126.59461,35.32901],[126.58706,35.33081],[126.5804,35.32389],[126.58333,35.31819],[126.58945,35.31751],[126.58805,35.30565],[126.58491,35.30079],[126.57866,35.3032],[126.57271,35.31015],[126.56391,35.30907],[126.56096,35.31187],[126.54813,35.31347],[126.54339,35.30982],[126.53898,35.31034],[126.53232,35.30674],[126.52949,35.31257],[126.52438,35.31349],[126.52101,35.32512],[126.514,35.32711],[126.52053,35.34835],[126.51315,35.35812],[126.51276,35.36203],[126.50824,35.36164],[126.49919,35.35426],[126.49648,35.34989],[126.49214,35.35411],[126.49615,35.3576],[126.49637,35.37408],[126.49241,35.37399],[126.48328,35.38057],[126.48318,35.38389],[126.47738,35.38618],[126.48972,35.39347],[126.49131,35.40069],[126.49284,35.40751],[126.49236,35.4096],[126.48584,35.41631],[126.4836,35.41807],[126.48102,35.42018],[126.47964,35.42094],[126.481,35.4211],[126.47603,35.42933],[126.46855,35.42515],[126.45022,35.42788]]]]},"properties":{"SIGUNGU_CD":"36640","SIGUNGU_NM":"영광군","BASE_DATE":"20250630"}},
{"type":"Feature","geometry":{"type":"Polygon","coordinates":[[[126.82573,35.4863],[126.82411,35.48686],[126.81388,35.48419],[126.81397,35.4688],[126.79235,35.46763],[126.7819,35.47063],[126.77743,35.46922],[126.77206,35.4675],[126.7649,35.46706],[126.75778,35.46229],[126.7556,35.45577],[126.74808,35.45058],[126.74101,35.45298],[126.73772,35.44949],[126.74382,35.44068],[126.74934,35.43912],[126.75267,35.42949],[126.75151,35.42276],[126.7542,35.4165],[126.74868,35.41559],[126.74451,35.40875],[126.7368,35.40339],[126.72247,35.39993],[126.72963,35.39461],[126.7308,35.3887],[126.7313,35.38669],[126.73219,35.38319],[126.73126,35.37688],[126.71935,35.36499],[126.70462,35.36513],[126.69937,35.34959],[126.69182,35.35143],[126.68573,35.34424],[126.68231,35.34713],[126.66644,35.35149],[126.6644,35.34571],[126.66008,35.34424],[126.6596,35.33455],[126.65173,35.32682],[126.64698,35.32474],[126.64664,35.32294],[126.64523,35.32128],[126.64465,35.31953],[126.63979,35.31702],[126.63983,35.30927],[126.63154,35.30248],[126.62292,35.30218],[126.61826,35.30475],[126.61104,35.29737],[126.61852,35.29384],[126.61471,35.28833],[126.61579,35.27889],[126.60874,35.27069],[126.60579,35.26985],[126.59743,35.2678],[126.59192,35.26054],[126.58427,35.25792],[126.5875,35.24619],[126.58508,35.24361],[126.58383,35.24252],[126.58332,35.23941],[126.59035,35.23465],[126.59087,35.23354],[126.59205,35.23203],[126.59235,35.23234],[126.60197,35.23535],[126.60634,35.23299],[126.61023,35.23054],[126.6143,35.22588],[126.62606,35.21916],[126.63406,35.21065],[126.64164,35.20747],[126.64891,35.19896],[126.65082,35.19718],[126.65189,35.19566],[126.65107,35.19369],[126.65325,35.19245],[126.65451,35.19336],[126.66811,35.19264],[126.67206,35.19426],[126.67715,35.19103],[126.67774,35.20286],[126.68454,35.20984],[126.68705,35.21519],[126.70256,35.20756],[126.7107,35.21227],[126.71769,35.21239],[126.72078,35.21878],[126.71848,35.2218],[126.72996,35.2436],[126.73724,35.25292],[126.74177,35.25081],[126.74945,35.25589],[126.76118,35.25855],[126.76371,35.25337],[126.76063,35.24715],[126.7556,35.24334],[126.75385,35.23709],[126.75449,35.23535],[126.77536,35.23057],[126.78164,35.22478],[126.78954,35.22389],[126.79538,35.21978],[126.8044,35.22132],[126.80539,35.21827],[126.81566,35.2247],[126.82496,35.22698],[126.82487,35.22883],[126.82463,35.23146],[126.82783,35.23096],[126.83326,35.22838],[126.83636,35.22981],[126.84081,35.23439],[126.86002,35.24034],[126.86254,35.24524],[126.86914,35.24618],[126.87823,35.25127],[126.87904,35.25293],[126.87931,35.25343],[126.87801,35.25624],[126.8679,35.27232],[126.86633,35.27205],[126.86038,35.28958],[126.8542,35.29448],[126.8613,35.30116],[126.86278,35.32244],[126.87788,35.32291],[126.88035,35.32143],[126.88776,35.32603],[126.87927,35.33986],[126.87619,35.34149],[126.87898,35.35235],[126.88299,35.35091],[126.88418,35.36213],[126.88699,35.36508],[126.89562,35.3661],[126.8984,35.3719],[126.90304,35.37332],[126.90287,35.3778],[126.91437,35.38373],[126.91491,35.38713],[126.92145,35.3807],[126.92302,35.37972],[126.92432,35.37993],[126.9251,35.39873],[126.92167,35.4006],[126.91873,35.40183],[126.91743,35.40214],[126.91719,35.40418],[126.91787,35.40631],[126.91825,35.40748],[126.92078,35.41086],[126.91615,35.41584],[126.90882,35.41541],[126.90891,35.41805],[126.90873,35.41912],[126.90667,35.42042],[126.90187,35.42302],[126.90201,35.4238],[126.90432,35.4297],[126.90044,35.43092],[126.89747,35.43364],[126.90511,35.44082],[126.89964,35.4427],[126.89677,35.44799],[126.88288,35.45236],[126.88112,35.4559],[126.86908,35.46131],[126.86576,35.46166],[126.85032,35.46573],[126.84003,35.46225],[126.83868,35.46294],[126.84285,35.47895],[126.83524,35.47951],[126.83048,35.4808],[126.82573,35.4863]]]},"properties":{"SIGUNGU_CD":"36650","SIGUNGU_NM":"장성군","BASE_DATE":"20250630"}},
{"type":"Feature","geometry":{"type":"MultiPolygon","coordinates":[[[[126.9221,33.98972],[126.91211,33.98633],[126.90924,33.97987],[126.9144,33.96962],[126.92528,33.96928],[126.92835,33.97147],[126.93327,33.96873],[126.93713,33.97272],[126.93705,33.97822],[126.93328,33.98444],[126.9221,33.98972]]],[[[126.59063,34.11473],[126.5855,34.11326],[126.59034,34.11066],[126.58938,34.10354],[126.58625,34.10075],[126.60395,34.09736],[126.60201,34.10435],[126.59449,34.10914],[126.59519,34.11292],[126.59063,34.11473]]],[[[126.56928,34.13597],[126.56551,34.12899],[126.57236,34.1294],[126.56928,34.13597]]],[[[126.74784,34.15624],[126.74423,34.14987],[126.74743,34.14994],[126.74784,34.15624]]],[[[126.47787,34.17179],[126.47525,34.16628],[126.48072,34.16479],[126.48128,34.17057],[126.47787,34.17179]]],[[[126.56007,34.17581],[126.55878,34.17144],[126.5666,34.17117],[126.56007,34.17581]]],[[[126.54066,34.18191],[126.53204,34.17567],[126.52535,34.1743],[126.52294,34.1712],[126.51633,34.17018],[126.51636,34.16566],[126.50511,34.16046],[126.50891,34.156],[126.50916,34.15034],[126.5037,34.14841],[126.50932,34.14451],[126.50406,34.13961],[126.51377,34.12883],[126.51187,34.12206],[126.52019,34.12544],[126.52766,34.12188],[126.53584,34.12613],[126.54594,34.12656],[126.56372,34.13714],[126.5677,34.14492],[126.57629,34.14498],[126.57384,34.1478],[126.58024,34.15362],[126.57856,34.1569],[126.5875,34.15718],[126.59071,34.16241],[126.59661,34.15868],[126.5973,34.15365],[126.60554,34.14755],[126.6027,34.16063],[126.60892,34.15771],[126.61556,34.14862],[126.62392,34.15746],[126.62128,34.16415],[126.61203,34.16178],[126.60501,34.16613],[126.60188,34.16445],[126.59573,34.16862],[126.59217,34.1668],[126.58382,34.16996],[126.5778,34.16867],[126.57265,34.16123],[126.57011,34.16962],[126.56345,34.17005],[126.55547,34.16774],[126.55538,34.17405],[126.54949,34.17902],[126.54066,34.18191]]],[[[127.07577,34.19438],[127.07043,34.18996],[127.07929,34.19346],[127.07577,34.19438]]],[[[126.48228,34.19272],[126.47145,34.19058],[126.47778,34.1854],[126.48062,34.17753],[126.48643,34.18839],[126.48228,34.19272]]],[[[126.64921,34.19984],[126.6462,34.19814],[126.64807,34.19288],[126.64309,34.18661],[126.63339,34.1875],[126.6414,34.1829],[126.63528,34.18021],[126.64291,34.17527],[126.65175,34.17193],[126.65,34.16682],[126.64266,34.16298],[126.63617,34.15043],[126.62783,34.14711],[126.63351,34.14256],[126.63019,34.136],[126.63542,34.13456],[126.63813,34.12232],[126.64516,34.13062],[126.65084,34.12973],[126.64995,34.12451],[126.65279,34.1168],[126.66323,34.11188],[126.66304,34.11718],[126.67044,34.12023],[126.66639,34.1254],[126.67243,34.13093],[126.67195,34.1452],[126.67931,34.14229],[126.6827,34.14886],[126.6783,34.15061],[126.67188,34.14739],[126.66881,34.14977],[126.66853,34.16139],[126.66463,34.16394],[126.65913,34.16289],[126.65599,34.17168],[126.65972,34.17357],[126.67557,34.17488],[126.68254,34.17745],[126.68479,34.18157],[126.67767,34.18734],[126.67031,34.1894],[126.66802,34.1943],[126.66085,34.19433],[126.64921,34.19984]]],[[[126.50492,34.20491],[126.5024,34.19859],[126.49531,34.19257],[126.49586,34.18752],[126.49164,34.18303],[126.48515,34.18031],[126.49143,34.17655],[126.49543,34.18308],[126.50097,34.18749],[126.50577,34.18484],[126.51088,34.18831],[126.51272,34.19605],[126.5183,34.19878],[126.50991,34.19979],[126.50492,34.20491]]],[[[126.5429,34.20552],[126.54002,34.20437],[126.53965,34.19791],[126.5471,34.19994],[126.5429,34.20552]]],[[[127.17269,34.20964],[127.15162,34.20684],[127.15314,34.20373],[127.15997,34.20539],[127.16721,34.20163],[127.1742,34.2043],[127.17827,34.20837],[127.17269,34.20964]]],[[[126.6347,34.20878],[126.63077,34.20654],[126.63743,34.20427],[126.6347,34.20878]]],[[[126.76337,34.21151],[126.75515,34.20915],[126.75066,34.20094],[126.75303,34.19823],[126.74964,34.18777],[126.76173,34.1771],[126.76344,34.18767],[126.76825,34.18875],[126.7693,34.19534],[126.77363,34.1956],[126.76871,34.19939],[126.76884,34.20515],[126.76337,34.21151]]],[[[126.89045,34.2174],[126.88318,34.21576],[126.88085,34.21209],[126.87224,34.21032],[126.87105,34.20403],[126.8573,34.19903],[126.86126,34.19834],[126.86101,34.19363],[126.8565,34.19176],[126.85293,34.18556],[126.85731,34.17728],[126.84868,34.17862],[126.84761,34.17262],[126.8511,34.16869],[126.85542,34.17318],[126.85959,34.17015],[126.84968,34.16377],[126.85442,34.16146],[126.85318,34.15655],[126.85642,34.15048],[126.86063,34.15748],[126.85949,34.16076],[126.86568,34.16589],[126.87191,34.16442],[126.87171,34.16158],[126.88129,34.1539],[126.88053,34.15002],[126.90052,34.15552],[126.91501,34.15363],[126.91789,34.15827],[126.92,34.16972],[126.92567,34.1736],[126.9245,34.17996],[126.92017,34.18622],[126.93074,34.18934],[126.92357,34.19152],[126.91183,34.18316],[126.90694,34.18441],[126.91168,34.18797],[126.91111,34.19558],[126.90364,34.20219],[126.91214,34.20728],[126.90676,34.21428],[126.90053,34.21162],[126.89203,34.21352],[126.89045,34.2174]]],[[[126.51541,34.21719],[126.50977,34.20819],[126.51462,34.20827],[126.51541,34.21719]]],[[[127.19861,34.22368],[127.19421,34.21728],[127.20084,34.21897],[127.19861,34.22368]]],[[[127.00984,34.22445],[127.00347,34.22263],[127.00595,34.22034],[127.01256,34.22146],[127.00984,34.22445]]],[[[126.76938,34.2296],[126.7712,34.22272],[126.77657,34.22255],[126.7781,34.22711],[126.76938,34.2296]]],[[[126.56324,34.23534],[126.55656,34.23296],[126.56286,34.2317],[126.56164,34.22526],[126.56743,34.22394],[126.56539,34.21802],[126.55712,34.21839],[126.55424,34.21267],[126.55893,34.21498],[126.55992,34.20624],[126.5542,34.2007],[126.55651,34.19597],[126.54701,34.1927],[126.54847,34.18926],[126.55747,34.19047],[126.56387,34.18779],[126.56106,34.17881],[126.58735,34.17259],[126.59089,34.1734],[126.58246,34.18157],[126.58619,34.1843],[126.58674,34.19101],[126.59967,34.18909],[126.59662,34.1835],[126.60542,34.18105],[126.61648,34.18319],[126.61146,34.19228],[126.60608,34.19481],[126.60285,34.19984],[126.61449,34.19782],[126.62529,34.20318],[126.61723,34.20923],[126.615,34.21581],[126.60085,34.22537],[126.59284,34.22633],[126.59002,34.22278],[126.57912,34.22824],[126.57223,34.22275],[126.57012,34.22817],[126.56535,34.22995],[126.56793,34.23439],[126.56324,34.23534]]],[[[126.41906,34.23814],[126.41818,34.23372],[126.42138,34.22832],[126.4183,34.22296],[126.42258,34.22449],[126.41906,34.23814]]],[[[126.56313,34.24869],[126.5649,34.24192],[126.5697,34.24535],[126.56313,34.24869]]],[[[126.61262,34.25067],[126.60568,34.24957],[126.59429,34.24225],[126.59308,34.23504],[126.5983,34.23247],[126.60698,34.23734],[126.61305,34.23308],[126.61768,34.23855],[126.62622,34.2383],[126.62235,34.24674],[126.61262,34.25067]]],[[[127.0116,34.25803],[127.009,34.25301],[127.01429,34.24966],[127.01264,34.24296],[127.01519,34.23997],[127.01978,34.24484],[127.01645,34.25047],[127.01898,34.25168],[127.0116,34.25803]]],[[[126.45481,34.26366],[126.44871,34.26317],[126.45084,34.26001],[126.45481,34.26366]]],[[[126.56281,34.28384],[126.55048,34.28055],[126.54063,34.28181],[126.5404,34.275],[126.54841,34.27675],[126.55226,34.27386],[126.57066,34.27681],[126.57209,34.28094],[126.56281,34.28384]]],[[[126.89666,34.28883],[126.89729,34.2835],[126.90044,34.28759],[126.89666,34.28883]]],[[[126.47743,34.28986],[126.46973,34.28653],[126.46847,34.27715],[126.47233,34.28414],[126.47867,34.28593],[126.47743,34.28986]]],[[[126.60934,34.29339],[126.60591,34.28232],[126.61064,34.28305],[126.61347,34.29281],[126.60934,34.29339]]],[[[127.12756,34.30555],[127.1209,34.30273],[127.12446,34.29931],[127.13239,34.30267],[127.12756,34.30555]]],[[[126.59457,34.30477],[126.58083,34.29786],[126.57592,34.28862],[126.58625,34.2944],[126.58974,34.28898],[126.59349,34.29069],[126.58954,34.29708],[126.59457,34.30477]]],[[[127.10144,34.31305],[127.10051,34.30928],[127.09463,34.30633],[127.09942,34.30271],[127.10285,34.30433],[127.10144,34.31305]]],[[[127.12608,34.31542],[127.12999,34.31083],[127.13598,34.31004],[127.13234,34.31418],[127.12608,34.31542]]],[[[127.08465,34.33046],[127.07759,34.32709],[127.08526,34.32014],[127.09127,34.32291],[127.08901,34.32954],[127.08465,34.33046]]],[[[126.9827,34.34097],[126.97018,34.33879],[126.95718,34.32738],[126.95942,34.32132],[126.95773,34.31401],[126.96655,34.31145],[126.97249,34.30118],[126.97698,34.30586],[126.98729,34.30782],[126.99773,34.31418],[127.00289,34.31397],[127.00583,34.32185],[127.01625,34.32379],[127.01316,34.3294],[127.00843,34.33112],[127.0049,34.3368],[127.00037,34.33885],[126.99187,34.33586],[126.9827,34.34097]]],[[[126.83489,34.35792],[126.82406,34.35271],[126.8187,34.34767],[126.81557,34.33641],[126.80414,34.33336],[126.78635,34.34579],[126.78484,34.3405],[126.77811,34.33222],[126.76371,34.33818],[126.75205,34.33439],[126.75699,34.33163],[126.76606,34.33189],[126.77334,34.32766],[126.77966,34.3282],[126.79052,34.32176],[126.79451,34.31589],[126.79941,34.31969],[126.79772,34.32234],[126.80485,34.32627],[126.81604,34.32721],[126.8288,34.32575],[126.83296,34.3236],[126.83569,34.3155],[126.8403,34.31052],[126.83655,34.30658],[126.84082,34.2995],[126.84977,34.30176],[126.85542,34.30995],[126.86679,34.31414],[126.86228,34.3193],[126.86874,34.32224],[126.875,34.31217],[126.87455,34.3091],[126.88201,34.31109],[126.88596,34.32238],[126.87982,34.32661],[126.88248,34.33212],[126.88971,34.33451],[126.89293,34.33025],[126.89716,34.33259],[126.89692,34.3447],[126.8893,34.34229],[126.88257,34.3363],[126.87833,34.33828],[126.87543,34.3476],[126.86844,34.35014],[126.85647,34.34518],[126.85609,34.35128],[126.84796,34.34428],[126.83489,34.35792]]],[[[127.05787,34.36161],[127.0553,34.35789],[127.06106,34.35689],[127.05787,34.36161]]],[[[127.02979,34.38084],[127.03087,34.37764],[127.02717,34.37169],[127.02099,34.37666],[127.01408,34.37728],[127.01048,34.37381],[127.01714,34.36866],[127.01396,34.36594],[127.01065,34.36939],[127.00775,34.36666],[127.01102,34.3625],[127.00573,34.35683],[126.99626,34.35656],[126.98928,34.36177],[126.98543,34.36047],[126.99104,34.35539],[126.99694,34.35503],[126.99924,34.3518],[127.00881,34.34937],[127.01291,34.35553],[127.01945,34.35363],[127.02096,34.35],[127.02885,34.34822],[127.03169,34.34042],[127.02381,34.33898],[127.02617,34.33649],[127.03135,34.33937],[127.03022,34.3327],[127.03552,34.33316],[127.03701,34.33974],[127.04291,34.3416],[127.05083,34.34095],[127.054,34.33473],[127.05198,34.32992],[127.03681,34.32544],[127.0368,34.3204],[127.04135,34.30882],[127.04394,34.31357],[127.04133,34.3161],[127.05049,34.32461],[127.05554,34.32295],[127.05452,34.32827],[127.06242,34.33287],[127.07371,34.33379],[127.07914,34.33693],[127.07119,34.33965],[127.06915,34.33792],[127.06201,34.34068],[127.0676,34.34736],[127.07346,34.3438],[127.08265,34.34421],[127.0878,34.34236],[127.09013,34.33705],[127.09724,34.33549],[127.10197,34.33774],[127.09194,34.3434],[127.08895,34.34981],[127.08284,34.35108],[127.08532,34.35781],[127.07601,34.35796],[127.07612,34.36158],[127.06357,34.35922],[127.05748,34.35299],[127.04434,34.35142],[127.04275,34.35716],[127.04699,34.36028],[127.04257,34.36168],[127.04561,34.36653],[127.03427,34.37128],[127.02979,34.38084]]],[[[127.09251,34.39198],[127.08494,34.3905],[127.07265,34.38538],[127.07896,34.38278],[127.06827,34.37359],[127.08237,34.37507],[127.08868,34.37914],[127.08858,34.38353],[127.09525,34.38525],[127.09251,34.39198]]],[[[127.0456,34.39565],[127.03259,34.39126],[127.03399,34.38747],[127.04786,34.38506],[127.05129,34.39233],[127.0456,34.39565]]],[[[126.62591,34.40173],[126.62757,34.39467],[126.63847,34.39401],[126.64255,34.39191],[126.64446,34.39586],[126.63571,34.3998],[126.62591,34.40173]]],[[[126.73535,34.40321],[126.73328,34.40304],[126.73472,34.39336],[126.74347,34.39151],[126.7399,34.39647],[126.74445,34.39752],[126.7436,34.40168],[126.73859,34.39883],[126.73535,34.40321]]],[[[126.695,34.39845],[126.69278,34.39727],[126.68524,34.40321],[126.68097,34.40031],[126.67113,34.39979],[126.67228,34.3969],[126.66488,34.39661],[126.65504,34.3932],[126.64859,34.39408],[126.64608,34.38768],[126.63898,34.38214],[126.64123,34.37317],[126.64576,34.36735],[126.64151,34.36435],[126.64561,34.34706],[126.64115,34.34135],[126.64761,34.33837],[126.64804,34.3311],[126.64316,34.32757],[126.6577,34.32853],[126.66868,34.32375],[126.67111,34.31538],[126.67619,34.31614],[126.68232,34.3065],[126.67833,34.30536],[126.68653,34.30126],[126.68823,34.29697],[126.69552,34.29378],[126.70268,34.29724],[126.71732,34.29706],[126.73177,34.28703],[126.73798,34.28665],[126.73565,34.28971],[126.73562,34.29834],[126.73178,34.30156],[126.74303,34.29841],[126.74125,34.29555],[126.74825,34.29152],[126.7587,34.29081],[126.76065,34.29267],[126.76818,34.29035],[126.76869,34.28755],[126.77772,34.28756],[126.76156,34.3022],[126.76529,34.30366],[126.77093,34.31134],[126.76852,34.31685],[126.7637,34.31816],[126.75546,34.31504],[126.74835,34.32157],[126.75064,34.32635],[126.74577,34.32812],[126.73569,34.34291],[126.73818,34.34855],[126.73172,34.35136],[126.73072,34.36547],[126.733,34.36578],[126.73168,34.3763],[126.72588,34.38361],[126.71508,34.38717],[126.70989,34.39431],[126.70216,34.39852],[126.695,34.39845]]],[[[127.03376,34.40854],[127.03143,34.40446],[127.03638,34.40101],[127.03376,34.40854]]],[[[126.94327,34.4129],[126.94015,34.40749],[126.94299,34.40278],[126.93058,34.39057],[126.92062,34.39469],[126.91229,34.39196],[126.91254,34.3958],[126.90401,34.40236],[126.90253,34.39805],[126.89758,34.39867],[126.89843,34.40274],[126.89061,34.40056],[126.88159,34.407],[126.88267,34.40286],[126.8791,34.39902],[126.87041,34.40321],[126.87403,34.4071],[126.86628,34.41135],[126.86176,34.40674],[126.87161,34.40013],[126.87198,34.39376],[126.86831,34.39107],[126.86496,34.38383],[126.86403,34.37248],[126.87067,34.36834],[126.88852,34.36532],[126.88689,34.36178],[126.8991,34.35827],[126.90867,34.35342],[126.91012,34.35898],[126.91744,34.35582],[126.92406,34.36051],[126.92387,34.36672],[126.92942,34.3705],[126.93833,34.36605],[126.94785,34.36775],[126.94774,34.3774],[126.94179,34.3817],[126.93499,34.38367],[126.94219,34.38688],[126.94308,34.39483],[126.95029,34.40199],[126.94978,34.40831],[126.94327,34.4129]]],[[[126.95389,34.41599],[126.94952,34.41351],[126.95203,34.41026],[126.95389,34.41599]]],[[[126.71298,34.41633],[126.71072,34.41817],[126.7015,34.41519],[126.70496,34.41127],[126.71617,34.41307],[126.7188,34.40864],[126.72618,34.40606],[126.72556,34.41217],[126.71298,34.41633]]],[[[127.07902,34.42671],[127.07892,34.41648],[127.07562,34.41053],[127.08113,34.40706],[127.07821,34.41469],[127.08588,34.41725],[127.08444,34.42321],[127.07902,34.42671]]],[[[126.87364,34.42763],[126.86898,34.42221],[126.8771,34.41804],[126.87364,34.42763]]],[[[126.85279,34.43179],[126.85105,34.42969],[126.85733,34.4257],[126.85279,34.43179]]],[[[126.83481,34.44329],[126.82803,34.43985],[126.80085,34.43143],[126.79121,34.43323],[126.78704,34.43186],[126.77763,34.42306],[126.77514,34.42285],[126.77029,34.41294],[126.76406,34.40924],[126.76378,34.40515],[126.76857,34.40014],[126.75603,34.39127],[126.75556,34.38649],[126.75167,34.38478],[126.75002,34.37914],[126.75551,34.38297],[126.77954,34.38198],[126.77548,34.37527],[126.77212,34.3753],[126.76566,34.35998],[126.77352,34.35402],[126.77937,34.352],[126.77633,34.35734],[126.78184,34.36239],[126.78042,34.36904],[126.78517,34.37039],[126.7933,34.38233],[126.80291,34.38521],[126.8186,34.382],[126.82098,34.38599],[126.82983,34.37814],[126.83167,34.38287],[126.83635,34.38391],[126.84714,34.39014],[126.8536,34.39222],[126.86465,34.38934],[126.86565,34.3972],[126.85936,34.39631],[126.86116,34.39969],[126.85758,34.40764],[126.8487,34.40654],[126.85112,34.4126],[126.85005,34.41848],[126.84022,34.41053],[126.83438,34.41535],[126.82409,34.41921],[126.82767,34.42256],[126.83514,34.41994],[126.84187,34.41995],[126.8456,34.43009],[126.83861,34.43455],[126.83309,34.433],[126.83481,34.44329]]],[[[127.04336,34.45985],[127.03402,34.45561],[127.02308,34.45568],[127.025,34.45114],[127.03381,34.45008],[127.03782,34.43664],[127.03651,34.42841],[127.03848,34.42105],[127.0417,34.42133],[127.05148,34.41502],[127.049,34.42758],[127.05162,34.42979],[127.06136,34.4258],[127.05814,34.41838],[127.06061,34.41244],[127.06194,34.40165],[127.06642,34.40536],[127.07283,34.41743],[127.06635,34.42137],[127.07581,34.4235],[127.06577,34.45022],[127.05668,34.45673],[127.05859,34.45275],[127.05177,34.4511],[127.04336,34.45985]]]]},"properties":{"SIGUNGU_CD":"36660","SIGUNGU_NM":"완도군","BASE_DATE":"20250630"}},
{"type":"Feature","geometry":{"type":"MultiPolygon","coordinates":[[[[125.93975,34.16185],[125.93592,34.15815],[125.94072,34.15241],[125.94245,34.1429],[125.94588,34.14158],[125.94778,34.14696],[125.94152,34.15221],[125.93975,34.16185]]],[[[125.85809,34.19882],[125.86053,34.19356],[125.86246,34.19695],[125.85809,34.19882]]],[[[125.84913,34.21844],[125.84678,34.21701],[125.85824,34.20625],[125.86472,34.20814],[125.85763,34.21737],[125.84913,34.21844]]],[[[125.84086,34.22727],[125.84558,34.21884],[125.84903,34.22509],[125.84086,34.22727]]],[[[126.07424,34.23664],[126.07468,34.23088],[126.0783,34.23223],[126.07424,34.23664]]],[[[125.93759,34.24699],[125.92585,34.23756],[125.92993,34.22994],[125.93298,34.2336],[125.93555,34.22889],[125.94368,34.23123],[125.94778,34.23708],[125.95497,34.24054],[125.95418,34.24452],[125.94817,34.24554],[125.94058,34.23839],[125.94184,34.24427],[125.93759,34.24699]]],[[[125.90972,34.24705],[125.90938,34.24335],[125.91256,34.2409],[125.91382,34.2456],[125.90972,34.24705]]],[[[126.08695,34.24961],[126.07769,34.24847],[126.07978,34.24265],[126.08825,34.24444],[126.08695,34.24961]]],[[[126.0508,34.25479],[126.05269,34.24912],[126.05033,34.24259],[126.04163,34.23615],[126.03668,34.23917],[126.03069,34.23594],[126.02741,34.23865],[126.02384,34.23109],[126.03402,34.2313],[126.03697,34.2216],[126.04178,34.2317],[126.05783,34.22478],[126.05655,34.23065],[126.06175,34.23399],[126.06089,34.23842],[126.0647,34.24132],[126.06356,34.25027],[126.05423,34.25002],[126.0508,34.25479]]],[[[126.1824,34.26281],[126.17624,34.25338],[126.1753,34.24191],[126.17091,34.23977],[126.17495,34.23657],[126.18039,34.23716],[126.17567,34.24131],[126.17935,34.24223],[126.17972,34.24808],[126.18622,34.25291],[126.18646,34.25895],[126.1824,34.26281]]],[[[126.04939,34.26164],[126.04929,34.25656],[126.05507,34.25731],[126.04939,34.26164]]],[[[125.92227,34.26205],[125.91259,34.25874],[125.90142,34.25682],[125.89812,34.2521],[125.90075,34.24756],[125.9084,34.24627],[125.91083,34.24913],[125.91454,34.24952],[125.91919,34.25537],[125.92581,34.25706],[125.92227,34.26205]]],[[[126.1442,34.26636],[126.14849,34.26146],[126.15118,34.26539],[126.1442,34.26636]]],[[[126.09711,34.27136],[126.10042,34.26297],[126.11142,34.26325],[126.10913,34.26771],[126.10133,34.26688],[126.09711,34.27136]]],[[[125.99101,34.27913],[125.9782,34.27583],[125.97803,34.26821],[125.98184,34.26384],[125.98958,34.27044],[125.98905,34.26174],[125.9941,34.26089],[125.99286,34.25536],[126.00151,34.25425],[126.00019,34.26141],[126.00648,34.2658],[126.00467,34.26988],[126.00072,34.26447],[125.99372,34.26416],[125.99677,34.27075],[125.99585,34.27543],[125.99101,34.27913]]],[[[125.99437,34.29259],[125.99184,34.2876],[126.00199,34.28924],[125.99437,34.29259]]],[[[125.97268,34.30436],[125.97023,34.30115],[125.9746,34.29683],[125.98463,34.29643],[125.98361,34.30066],[125.97268,34.30436]]],[[[125.9444,34.31203],[125.94279,34.30619],[125.94703,34.30721],[125.9444,34.31203]]],[[[125.96298,34.31562],[125.951,34.31028],[125.95206,34.30805],[125.96455,34.31039],[125.96298,34.31562]]],[[[126.01618,34.31784],[126.00418,34.31541],[125.99815,34.31683],[125.99744,34.31387],[126.00618,34.31229],[126.00468,34.30568],[126.01128,34.31173],[126.01948,34.31184],[126.01618,34.31784]]],[[[126.03858,34.31911],[126.03123,34.31665],[126.03512,34.3123],[126.02889,34.30977],[126.0243,34.31271],[126.02198,34.30956],[126.03312,34.30732],[126.02518,34.29937],[126.0236,34.30265],[126.01819,34.29948],[126.01553,34.29211],[126.02418,34.29545],[126.02764,34.2908],[126.0231,34.28706],[126.03356,34.28267],[126.03783,34.28573],[126.04468,34.28166],[126.049,34.28364],[126.05511,34.27414],[126.05875,34.27803],[126.05252,34.28714],[126.06046,34.28555],[126.06157,34.28952],[126.06585,34.28892],[126.06258,34.2787],[126.06746,34.27368],[126.07081,34.28113],[126.07787,34.2847],[126.08063,34.2816],[126.08761,34.28124],[126.09365,34.27594],[126.08954,34.28585],[126.09293,34.28736],[126.08743,34.29273],[126.08589,34.30057],[126.08853,34.31183],[126.08313,34.30846],[126.05383,34.30416],[126.04605,34.30885],[126.04253,34.31632],[126.03858,34.31911]]],[[[125.97416,34.32149],[125.96863,34.32107],[125.97195,34.30833],[125.97787,34.30892],[125.97979,34.31622],[125.97416,34.32149]]],[[[126.29639,34.32589],[126.2937,34.32389],[126.30145,34.32221],[126.29639,34.32589]]],[[[125.97774,34.3312],[125.97502,34.32452],[125.98067,34.32614],[125.97774,34.3312]]],[[[126.29766,34.33533],[126.29648,34.32878],[126.30148,34.32683],[126.29766,34.33533]]],[[[126.02657,34.34286],[126.02088,34.33728],[126.0178,34.34026],[126.01128,34.33907],[126.01294,34.33383],[126.00918,34.33353],[125.9993,34.33759],[125.99541,34.33534],[125.99476,34.32737],[126.01059,34.32125],[126.02065,34.32277],[126.02359,34.33057],[126.03387,34.32456],[126.03685,34.33042],[126.04662,34.32382],[126.03837,34.32513],[126.03748,34.32284],[126.04523,34.32184],[126.05171,34.32393],[126.05735,34.31928],[126.06055,34.321],[126.05332,34.33204],[126.03309,34.33791],[126.02657,34.34286]]],[[[126.10915,34.35015],[126.10758,34.34437],[126.11301,34.34286],[126.10915,34.35015]]],[[[125.98639,34.3539],[125.98245,34.35177],[125.98945,34.34983],[125.98639,34.3539]]],[[[125.9518,34.35379],[125.94921,34.34699],[125.94537,34.34421],[125.95804,34.34491],[125.95786,34.35072],[125.9518,34.35379]]],[[[126.01423,34.36053],[126.01531,34.35341],[126.02173,34.35023],[126.01337,34.34865],[126.01468,34.34428],[126.02169,34.34214],[126.02653,34.3434],[126.02216,34.35223],[126.02339,34.35514],[126.01423,34.36053]]],[[[125.9405,34.37966],[125.93339,34.37128],[125.93524,34.36478],[125.94153,34.36504],[125.94075,34.37217],[125.94536,34.37831],[125.9405,34.37966]]],[[[125.96492,34.38148],[125.97097,34.3763],[125.96453,34.37693],[125.96199,34.36343],[125.96937,34.36675],[125.97302,34.37251],[125.97067,34.37946],[125.96492,34.38148]]],[[[126.00463,34.38403],[126.00215,34.37662],[126.00681,34.37538],[126.00463,34.38403]]],[[[126.03537,34.4014],[126.03457,34.39318],[126.04051,34.39344],[126.03537,34.4014]]],[[[126.00977,34.40419],[126.00751,34.39888],[126.01164,34.39605],[126.00977,34.40419]]],[[[126.0401,34.40692],[126.03884,34.40306],[126.04271,34.39652],[126.05205,34.39456],[126.05084,34.401],[126.0401,34.40692]]],[[[126.35758,34.41222],[126.35078,34.40308],[126.3579,34.40667],[126.35758,34.41222]]],[[[126.36716,34.41727],[126.36376,34.41524],[126.36503,34.41016],[126.37167,34.40836],[126.37386,34.41291],[126.36716,34.41727]]],[[[125.98304,34.42766],[125.98721,34.42207],[125.98961,34.42482],[125.98304,34.42766]]],[[[126.09179,34.46194],[126.09272,34.4565],[126.10443,34.45463],[126.09547,34.45759],[126.09179,34.46194]]],[[[126.08538,34.49343],[126.07909,34.49176],[126.07785,34.48738],[126.08136,34.48468],[126.08777,34.49005],[126.08538,34.49343]]],[[[126.10363,34.49458],[126.10227,34.4909],[126.1097,34.48948],[126.11063,34.4919],[126.10363,34.49458]]],[[[126.05485,34.49811],[126.04688,34.4951],[126.05121,34.49261],[126.04498,34.49162],[126.0398,34.48012],[126.03178,34.48076],[126.04073,34.47379],[126.04218,34.4678],[126.03637,34.46164],[126.0424,34.45897],[126.04713,34.46533],[126.05348,34.46826],[126.05288,34.47245],[126.05761,34.47279],[126.07027,34.48117],[126.06654,34.48395],[126.06166,34.48067],[126.05938,34.48819],[126.06503,34.48863],[126.06357,34.49305],[126.05915,34.49259],[126.05485,34.49811]]],[[[126.16872,34.51128],[126.16326,34.51118],[126.16274,34.50571],[126.16872,34.51128]]],[[[126.25015,34.58876],[126.24022,34.58691],[126.23829,34.58336],[126.24457,34.57987],[126.2399,34.57559],[126.2399,34.57102],[126.2446,34.56888],[126.25073,34.56114],[126.23542,34.53564],[126.22759,34.53609],[126.22459,34.53896],[126.22492,34.53007],[126.21911,34.53258],[126.21671,34.52824],[126.2118,34.52687],[126.22328,34.51631],[126.21091,34.51679],[126.20312,34.51487],[126.19787,34.50779],[126.20362,34.50663],[126.20796,34.50112],[126.2049,34.4957],[126.19153,34.49396],[126.18834,34.49619],[126.18906,34.50469],[126.19191,34.51043],[126.19075,34.51445],[126.17844,34.50183],[126.17716,34.49667],[126.17321,34.49487],[126.17575,34.49154],[126.17242,34.48473],[126.15935,34.48241],[126.14493,34.47563],[126.14298,34.47115],[126.134,34.46565],[126.12737,34.46566],[126.11633,34.45848],[126.11836,34.45393],[126.12514,34.45259],[126.12525,34.44228],[126.11824,34.44939],[126.11235,34.44824],[126.10152,34.44132],[126.10188,34.43701],[126.09769,34.43706],[126.09728,34.43095],[126.08933,34.41834],[126.09307,34.41558],[126.09935,34.40173],[126.11166,34.39349],[126.10904,34.39223],[126.11731,34.37996],[126.12674,34.37871],[126.12583,34.3819],[126.13036,34.38559],[126.14302,34.38515],[126.14251,34.37684],[126.1388,34.3779],[126.13437,34.37354],[126.13768,34.3703],[126.13618,34.36425],[126.13001,34.35927],[126.13855,34.35716],[126.14558,34.35923],[126.14435,34.36471],[126.15512,34.36582],[126.15596,34.36155],[126.16112,34.36525],[126.15646,34.35636],[126.16391,34.35244],[126.17279,34.35273],[126.18017,34.35879],[126.18188,34.35393],[126.17939,34.35012],[126.18627,34.35157],[126.18695,34.35619],[126.20328,34.3578],[126.2062,34.36112],[126.21393,34.36044],[126.21321,34.36392],[126.20225,34.37109],[126.20847,34.37186],[126.21976,34.36713],[126.22943,34.37031],[126.23282,34.37396],[126.2338,34.36846],[126.2394,34.37039],[126.24225,34.3768],[126.24698,34.37945],[126.25207,34.37807],[126.25985,34.38028],[126.26743,34.37804],[126.26862,34.38431],[126.25998,34.38584],[126.26055,34.39226],[126.26549,34.39731],[126.27677,34.39606],[126.2765,34.39052],[126.27994,34.38981],[126.28427,34.39462],[126.28984,34.39349],[126.29167,34.38899],[126.28343,34.38911],[126.28509,34.38122],[126.28087,34.37655],[126.28154,34.36774],[126.28854,34.36421],[126.29224,34.36687],[126.28907,34.37031],[126.29261,34.37428],[126.29892,34.36888],[126.30451,34.37407],[126.30867,34.37384],[126.3078,34.38519],[126.29963,34.38225],[126.29641,34.38615],[126.30462,34.38951],[126.3025,34.3954],[126.29783,34.39113],[126.29216,34.39126],[126.29104,34.39559],[126.29724,34.39793],[126.29162,34.40289],[126.29312,34.40901],[126.29892,34.40823],[126.29933,34.40365],[126.30696,34.40321],[126.301,34.41296],[126.30393,34.41362],[126.31477,34.40525],[126.31109,34.4159],[126.31966,34.41976],[126.32019,34.42456],[126.32495,34.41968],[126.32124,34.41387],[126.32664,34.40456],[126.32055,34.40534],[126.32683,34.39788],[126.3368,34.40058],[126.33541,34.41411],[126.34259,34.41571],[126.34286,34.4196],[126.35206,34.42693],[126.35175,34.43117],[126.35737,34.43757],[126.36479,34.44202],[126.36503,34.44592],[126.35946,34.4523],[126.35898,34.45793],[126.36661,34.46479],[126.36993,34.46433],[126.37224,34.47086],[126.36058,34.47298],[126.3577,34.4805],[126.35981,34.48314],[126.37351,34.48524],[126.38062,34.47794],[126.38479,34.48167],[126.37884,34.48629],[126.38142,34.49248],[126.37312,34.49621],[126.37273,34.50073],[126.38194,34.50198],[126.38281,34.50531],[126.37695,34.50822],[126.37745,34.51223],[126.36903,34.51474],[126.35954,34.52655],[126.35115,34.52756],[126.35377,34.5324],[126.34524,34.53769],[126.34546,34.54238],[126.33692,34.54338],[126.33876,34.55152],[126.32623,34.54593],[126.32528,34.54031],[126.31463,34.54359],[126.31108,34.55074],[126.30066,34.55635],[126.301,34.55897],[126.30806,34.5599],[126.3085,34.56556],[126.29761,34.57413],[126.29123,34.57305],[126.29075,34.57758],[126.2819,34.57656],[126.27868,34.58391],[126.26486,34.58585],[126.26347,34.58364],[126.25789,34.58745],[126.25447,34.58466],[126.25015,34.58876]]]]},"properties":{"SIGUNGU_CD":"36670","SIGUNGU_NM":"진도군","BASE_DATE":"20250630"}},
{"type":"Feature","geometry":{"type":"MultiPolygon","coordinates":[[[[125.09803,34.09648],[125.09533,34.09017],[125.09497,34.07416],[125.0855,34.07526],[125.09499,34.06994],[125.09698,34.07169],[125.11001,34.06553],[125.11411,34.06161],[125.11589,34.05269],[125.12166,34.0476],[125.12794,34.05127],[125.13378,34.0484],[125.14423,34.05227],[125.13757,34.05982],[125.12818,34.06548],[125.12062,34.07416],[125.11879,34.07896],[125.12348,34.08666],[125.11531,34.08663],[125.10852,34.09562],[125.09803,34.09648]]],[[[125.4711,34.21472],[125.46641,34.21236],[125.46484,34.20478],[125.4682,34.20645],[125.48007,34.20256],[125.48293,34.20388],[125.47187,34.20815],[125.4711,34.21472]]],[[[125.28382,34.40388],[125.2863,34.39346],[125.28974,34.39289],[125.29356,34.38237],[125.29749,34.37993],[125.29971,34.38704],[125.30706,34.38146],[125.31238,34.38567],[125.3116,34.38934],[125.29899,34.3925],[125.2916,34.39151],[125.28941,34.39853],[125.28382,34.40388]]],[[[125.28257,34.43175],[125.27863,34.42826],[125.28355,34.42299],[125.28461,34.41824],[125.28958,34.42463],[125.28257,34.43175]]],[[[125.29262,34.45163],[125.27742,34.43633],[125.28207,34.43399],[125.29406,34.43975],[125.29262,34.45163]]],[[[125.8869,34.56766],[125.88103,34.56294],[125.88513,34.56125],[125.89057,34.56345],[125.8869,34.56766]]],[[[126.14932,34.57135],[126.14582,34.56527],[126.14899,34.56204],[126.15659,34.56649],[126.14932,34.57135]]],[[[126.19602,34.58216],[126.18925,34.5761],[126.19577,34.57392],[126.20014,34.58117],[126.19602,34.58216]]],[[[126.14686,34.58136],[126.13854,34.58066],[126.14593,34.57502],[126.14686,34.58136]]],[[[125.9734,34.60399],[125.97368,34.60048],[125.96526,34.59656],[125.95741,34.59787],[125.96035,34.59488],[125.97216,34.59566],[125.97401,34.58995],[125.96986,34.58746],[125.97089,34.58341],[125.96679,34.57997],[125.96954,34.5778],[125.97844,34.57986],[125.97592,34.5845],[125.97818,34.59005],[125.97516,34.59315],[125.98168,34.60029],[125.9734,34.60399]]],[[[126.00541,34.60736],[125.99687,34.59867],[126.00662,34.59989],[126.00541,34.60736]]],[[[125.86963,34.61314],[125.86861,34.60599],[125.87279,34.60657],[125.86963,34.61314]]],[[[125.8733,34.61625],[125.87337,34.61252],[125.87842,34.60594],[125.88681,34.60284],[125.89239,34.59793],[125.88561,34.60987],[125.87958,34.6093],[125.8733,34.61625]]],[[[126.1221,34.62385],[126.10816,34.6227],[126.10967,34.61885],[126.12387,34.61815],[126.1221,34.62385]]],[[[126.19947,34.62672],[126.19496,34.6252],[126.19827,34.62116],[126.21057,34.61998],[126.21856,34.62407],[126.2066,34.62502],[126.20594,34.62262],[126.19947,34.62672]]],[[[126.05568,34.6302],[126.04961,34.628],[126.04768,34.61498],[126.05077,34.6093],[126.05927,34.61267],[126.06756,34.60354],[126.06826,34.59416],[126.07462,34.58414],[126.08702,34.58446],[126.08532,34.5801],[126.08119,34.58101],[126.08006,34.57693],[126.07282,34.57098],[126.06394,34.55933],[126.04345,34.56527],[126.03356,34.56376],[126.02622,34.55537],[126.03431,34.5518],[126.03864,34.55814],[126.04408,34.55539],[126.05349,34.5569],[126.06067,34.55478],[126.05712,34.55166],[126.06094,34.54872],[126.05273,34.5491],[126.05045,34.54536],[126.04578,34.54629],[126.04683,34.53868],[126.03647,34.53843],[126.03689,34.54097],[126.02934,34.54384],[126.02578,34.53456],[126.03188,34.53264],[126.04031,34.53425],[126.04133,34.53123],[126.04825,34.52962],[126.05638,34.5306],[126.05776,34.53416],[126.06352,34.53351],[126.06129,34.53876],[126.06629,34.53747],[126.07704,34.54032],[126.08635,34.5464],[126.08338,34.55616],[126.09474,34.55413],[126.10207,34.55528],[126.0977,34.56623],[126.09192,34.56876],[126.09559,34.57417],[126.10375,34.5759],[126.09889,34.58024],[126.10499,34.57991],[126.10268,34.58332],[126.11142,34.58861],[126.10596,34.58932],[126.10328,34.59535],[126.09845,34.59676],[126.10274,34.60473],[126.09951,34.6091],[126.09327,34.60642],[126.08302,34.61335],[126.0831,34.61819],[126.07583,34.62444],[126.06873,34.6278],[126.05883,34.62743],[126.05568,34.6302]]],[[[126.00022,34.63168],[125.9957,34.62799],[125.99369,34.62239],[125.99837,34.61778],[125.99125,34.61832],[125.98788,34.61555],[125.98877,34.60788],[125.99425,34.60947],[125.99468,34.61428],[126.00138,34.61012],[126.00924,34.61121],[126.00944,34.62019],[126.00022,34.63168]]],[[[125.8547,34.63048],[125.84612,34.62882],[125.84602,34.62575],[125.82159,34.61401],[125.81753,34.61515],[125.81192,34.62133],[125.8055,34.6229],[125.80308,34.62021],[125.81382,34.61717],[125.81356,34.61046],[125.82308,34.6121],[125.82696,34.61046],[125.8253,34.60193],[125.82221,34.60396],[125.81324,34.60369],[125.81123,34.59665],[125.81691,34.59351],[125.82158,34.59437],[125.82482,34.60063],[125.8318,34.60208],[125.84202,34.59703],[125.84656,34.60117],[125.85909,34.60465],[125.86167,34.60737],[125.8547,34.63048]]],[[[126.01735,34.63554],[126.01102,34.63265],[126.01146,34.62438],[126.01585,34.62004],[126.01356,34.61048],[126.01463,34.596],[126.01961,34.60036],[126.02621,34.59509],[126.02662,34.59158],[126.01421,34.58543],[126.02079,34.57791],[126.01795,34.57194],[126.01962,34.56383],[126.02947,34.5656],[126.03129,34.57222],[126.04025,34.57207],[126.04107,34.56907],[126.05036,34.57124],[126.05465,34.56783],[126.06031,34.57168],[126.06498,34.5829],[126.06021,34.58655],[126.06114,34.59215],[126.05494,34.60447],[126.04554,34.6019],[126.03936,34.60525],[126.0326,34.61234],[126.04124,34.62296],[126.03941,34.63027],[126.01735,34.63554]]],[[[126.07626,34.63889],[126.07523,34.63392],[126.08028,34.63377],[126.07626,34.63889]]],[[[126.08508,34.63652],[126.08029,34.6378],[126.08871,34.62967],[126.08508,34.63652]]],[[[126.01159,34.64525],[126.00821,34.63988],[126.00293,34.64172],[126.00778,34.63477],[126.0127,34.63911],[126.01861,34.63933],[126.01746,34.64431],[126.01159,34.64525]]],[[[125.96135,34.64491],[125.95302,34.63633],[125.94911,34.64001],[125.94642,34.63475],[125.95924,34.62347],[125.96297,34.62939],[125.97172,34.6202],[125.97574,34.61905],[125.97946,34.62518],[125.97454,34.63452],[125.96927,34.63627],[125.96844,34.64094],[125.96135,34.64491]]],[[[125.88869,34.65505],[125.88577,34.65086],[125.89418,34.6508],[125.88869,34.65505]]],[[[125.46483,34.65617],[125.46603,34.65191],[125.46112,34.65207],[125.46024,34.6466],[125.45574,34.64425],[125.46487,34.6407],[125.47765,34.6495],[125.4762,34.65379],[125.46483,34.65617]]],[[[126.04671,34.66911],[126.04416,34.66364],[126.04445,34.65448],[126.04228,34.65129],[126.04678,34.64325],[126.05112,34.65128],[126.04654,34.66022],[126.04876,34.66373],[126.04671,34.66911]]],[[[126.15349,34.67286],[126.14331,34.66724],[126.14129,34.66213],[126.1341,34.65786],[126.13022,34.66029],[126.12747,34.65211],[126.11691,34.65328],[126.11274,34.64619],[126.1186,34.64263],[126.12368,34.64567],[126.1322,34.64167],[126.12957,34.63381],[126.12196,34.62923],[126.12893,34.62143],[126.12404,34.61655],[126.12925,34.61337],[126.13911,34.61891],[126.15391,34.61952],[126.15079,34.62226],[126.16315,34.6285],[126.16671,34.62377],[126.17429,34.62131],[126.17991,34.62585],[126.18097,34.63042],[126.18959,34.63325],[126.19774,34.63235],[126.2019,34.63525],[126.20026,34.64243],[126.18536,34.63773],[126.18769,34.6409],[126.18293,34.64491],[126.18786,34.65085],[126.18098,34.65803],[126.17422,34.65602],[126.17714,34.65974],[126.17488,34.66357],[126.17026,34.66187],[126.15349,34.67286]]],[[[126.0343,34.67286],[126.03447,34.66837],[126.03994,34.66896],[126.0343,34.67286]]],[[[126.08056,34.6894],[126.07913,34.69077],[126.06455,34.68405],[126.06318,34.6761],[126.06964,34.67148],[126.07207,34.68029],[126.07921,34.68499],[126.08056,34.6894]]],[[[125.38854,34.69701],[125.39224,34.69174],[125.3811,34.68527],[125.38037,34.68138],[125.36914,34.68062],[125.36111,34.6758],[125.36305,34.66993],[125.36993,34.66651],[125.37855,34.67651],[125.3803,34.68082],[125.38577,34.68222],[125.39339,34.69126],[125.38854,34.69701]]],[[[126.19391,34.70481],[126.18044,34.69821],[126.17752,34.6881],[126.16844,34.6914],[126.16021,34.68849],[126.17046,34.67956],[126.17845,34.68087],[126.18615,34.68495],[126.18926,34.68042],[126.19772,34.68719],[126.19425,34.68853],[126.19274,34.69719],[126.20122,34.69848],[126.19943,34.70323],[126.19391,34.70481]]],[[[125.41529,34.69849],[125.40875,34.69462],[125.40667,34.69038],[125.4107,34.68745],[125.40918,34.68263],[125.3986,34.67578],[125.39554,34.66906],[125.39731,34.66188],[125.38788,34.66044],[125.38829,34.65373],[125.39479,34.65109],[125.39847,34.64625],[125.38479,34.6437],[125.39062,34.63485],[125.40051,34.62618],[125.41159,34.62466],[125.40844,34.63677],[125.41656,34.6451],[125.42773,34.64616],[125.42209,34.65262],[125.42178,34.65888],[125.4381,34.66238],[125.43477,34.66452],[125.44191,34.66527],[125.4393,34.67183],[125.4451,34.67307],[125.44366,34.68182],[125.44858,34.68154],[125.45423,34.68611],[125.45738,34.68109],[125.46321,34.69179],[125.45266,34.69394],[125.45176,34.68939],[125.44539,34.69248],[125.44476,34.6852],[125.441,34.68354],[125.4293,34.6849],[125.42717,34.69023],[125.43183,34.69592],[125.41529,34.69849]]],[[[126.11038,34.71251],[126.10211,34.71162],[126.09431,34.70617],[126.09597,34.70075],[126.10252,34.69713],[126.11231,34.70417],[126.11414,34.70764],[126.11038,34.71251]]],[[[126.1224,34.71295],[126.12124,34.70805],[126.1253,34.70389],[126.13348,34.70394],[126.13688,34.70675],[126.13091,34.71242],[126.1224,34.71295]]],[[[125.20854,34.71654],[125.20646,34.71293],[125.20006,34.71076],[125.2015,34.70569],[125.19245,34.69347],[125.19235,34.68695],[125.17832,34.6829],[125.17968,34.67305],[125.18234,34.6673],[125.1868,34.66709],[125.18832,34.67516],[125.19313,34.67428],[125.19325,34.68397],[125.2029,34.68171],[125.21277,34.69969],[125.21381,34.70445],[125.21019,34.70761],[125.20854,34.71654]]],[[[125.96271,34.7368],[125.94866,34.72305],[125.94705,34.71526],[125.94216,34.71332],[125.93292,34.71568],[125.92773,34.71259],[125.91561,34.71062],[125.91665,34.70171],[125.91426,34.69721],[125.91402,34.6875],[125.91897,34.68885],[125.91531,34.68114],[125.91855,34.67731],[125.92253,34.67938],[125.92084,34.67147],[125.9239,34.67213],[125.92708,34.67869],[125.93162,34.67808],[125.93544,34.67319],[125.93361,34.67066],[125.94053,34.6639],[125.94977,34.66902],[125.94988,34.67234],[125.9573,34.66871],[125.95199,34.66401],[125.95438,34.65817],[125.96517,34.65634],[125.97543,34.65975],[125.97976,34.66397],[125.97965,34.67319],[125.98778,34.67563],[125.98724,34.67829],[125.99434,34.6795],[125.9974,34.68419],[126.00784,34.68537],[126.01003,34.68827],[126.00989,34.69739],[126.01366,34.70124],[126.00933,34.70321],[125.99976,34.70298],[125.99041,34.71117],[125.99062,34.7193],[125.98198,34.7221],[125.97899,34.71581],[125.97225,34.72612],[125.96271,34.7368]]],[[[125.45561,34.74298],[125.4549,34.73953],[125.46394,34.73177],[125.45454,34.7308],[125.45239,34.72187],[125.46063,34.71957],[125.46022,34.71477],[125.46544,34.71544],[125.46528,34.72126],[125.461,34.72343],[125.46542,34.72837],[125.47685,34.72718],[125.47858,34.73272],[125.46781,34.73392],[125.45561,34.74298]]],[[[125.44359,34.74302],[125.43757,34.74183],[125.44155,34.73736],[125.44074,34.73285],[125.44808,34.73235],[125.44282,34.73608],[125.45127,34.73789],[125.44359,34.74302]]],[[[125.42665,34.75712],[125.42708,34.75416],[125.43409,34.74878],[125.43356,34.75483],[125.42665,34.75712]]],[[[126.01853,34.76694],[126.01704,34.75772],[126.02088,34.75688],[126.01951,34.75518],[126.0216,34.75499],[126.02209,34.75315],[126.01842,34.74651],[126.01411,34.74389],[126.01405,34.73229],[126.01773,34.73322],[126.0188,34.72368],[126.02836,34.72332],[126.02814,34.73351],[126.02374,34.74154],[126.02468,34.74559],[126.01854,34.7465],[126.02209,34.75298],[126.02237,34.75384],[126.02842,34.75473],[126.02718,34.7637],[126.02063,34.76304],[126.01853,34.76694]]],[[[126.05761,34.77056],[126.04941,34.76645],[126.0393,34.75538],[126.04994,34.75858],[126.04883,34.75214],[126.05239,34.75324],[126.05968,34.73988],[126.06067,34.75506],[126.05074,34.75673],[126.05469,34.76414],[126.05772,34.76463],[126.05761,34.77056]]],[[[126.08869,34.77486],[126.08853,34.76711],[126.08342,34.76359],[126.07557,34.76677],[126.06409,34.76608],[126.07681,34.76378],[126.08177,34.74977],[126.07386,34.74635],[126.07593,34.7435],[126.07111,34.74163],[126.0704,34.73494],[126.08144,34.72],[126.07377,34.7117],[126.08043,34.70577],[126.08294,34.71636],[126.0979,34.7208],[126.10491,34.71903],[126.10847,34.72191],[126.11794,34.71486],[126.12304,34.71807],[126.12419,34.7244],[126.13536,34.72839],[126.14199,34.72779],[126.13922,34.72126],[126.1474,34.71767],[126.14979,34.71415],[126.14621,34.70201],[126.13891,34.69757],[126.1372,34.69097],[126.14477,34.68722],[126.14725,34.69358],[126.14239,34.69867],[126.14623,34.70194],[126.14917,34.69966],[126.15831,34.7036],[126.16665,34.6999],[126.17592,34.70098],[126.17877,34.71211],[126.17647,34.71634],[126.18283,34.7237],[126.17937,34.72499],[126.17769,34.74153],[126.16741,34.74704],[126.17245,34.74907],[126.16323,34.75427],[126.16286,34.75725],[126.14994,34.75709],[126.151,34.75411],[126.1444,34.75175],[126.13956,34.75591],[126.13525,34.75563],[126.12674,34.76587],[126.12597,34.77041],[126.11788,34.77068],[126.10591,34.76601],[126.08869,34.77486]]],[[[125.43517,34.76637],[125.43408,34.76013],[125.43793,34.76367],[125.43517,34.76637]]],[[[126.07637,34.77741],[126.07763,34.77325],[126.08329,34.77261],[126.07637,34.77741]]],[[[126.03688,34.78213],[126.0283,34.78053],[126.02881,34.77686],[126.03927,34.77248],[126.03688,34.78213]]],[[[125.90952,34.79517],[125.91014,34.78836],[125.91525,34.79255],[125.90952,34.79517]]],[[[125.99347,34.80692],[125.99193,34.80405],[125.98491,34.80459],[125.98023,34.80178],[125.97582,34.8031],[125.97085,34.80028],[125.96938,34.7936],[125.96525,34.79282],[125.96438,34.78742],[125.95962,34.78862],[125.95387,34.7846],[125.93753,34.77701],[125.92852,34.77569],[125.91714,34.77772],[125.90776,34.77685],[125.89903,34.77996],[125.89759,34.77502],[125.90289,34.77169],[125.89228,34.76936],[125.8895,34.76655],[125.89793,34.7604],[125.89086,34.75898],[125.89066,34.75038],[125.89586,34.74823],[125.89027,34.74686],[125.887,34.73876],[125.88905,34.73304],[125.89313,34.73384],[125.89907,34.72654],[125.90175,34.7274],[125.90337,34.72136],[125.91138,34.71982],[125.91718,34.71625],[125.92554,34.72025],[125.93627,34.72022],[125.94304,34.73082],[125.94003,34.73544],[125.94585,34.73238],[125.94947,34.73412],[125.94352,34.73707],[125.93622,34.74751],[125.93895,34.75461],[125.94926,34.75764],[125.95614,34.75353],[125.95748,34.75991],[125.95261,34.76508],[125.95915,34.76571],[125.9586,34.74925],[125.96185,34.7475],[125.96356,34.75299],[125.97192,34.75901],[125.97708,34.7539],[125.98342,34.76065],[125.99833,34.76167],[126.00011,34.77279],[125.98923,34.77221],[125.98507,34.77454],[125.99023,34.77887],[125.9965,34.78065],[125.99642,34.78633],[126.00079,34.78992],[125.99681,34.8056],[125.99347,34.80692]]],[[[126.33635,34.81488],[126.33842,34.80982],[126.3416,34.81087],[126.33635,34.81488]]],[[[125.96917,34.82039],[125.96983,34.81151],[125.97244,34.81216],[125.96917,34.82039]]],[[[126.15985,34.82332],[126.15547,34.82039],[126.15572,34.81302],[126.1506,34.81023],[126.14657,34.81222],[126.14246,34.80548],[126.14846,34.79923],[126.13997,34.79707],[126.13837,34.79944],[126.1252,34.79556],[126.12396,34.79783],[126.1179,34.79102],[126.11333,34.79441],[126.108,34.79119],[126.09984,34.79194],[126.0931,34.78817],[126.08436,34.79218],[126.08585,34.78866],[126.09409,34.78418],[126.09636,34.78551],[126.10432,34.7784],[126.1124,34.77765],[126.11352,34.78039],[126.12759,34.78045],[126.1364,34.76617],[126.1411,34.76095],[126.145,34.76462],[126.15202,34.76152],[126.15974,34.76583],[126.16408,34.76495],[126.16187,34.77264],[126.16311,34.77992],[126.15742,34.78141],[126.16106,34.79063],[126.16733,34.78944],[126.17221,34.77714],[126.17511,34.78506],[126.16932,34.78783],[126.16875,34.79764],[126.16223,34.79937],[126.15671,34.79783],[126.15239,34.80142],[126.15289,34.81072],[126.15858,34.81304],[126.15778,34.82121],[126.15985,34.82332]]],[[[125.95585,34.82309],[125.95464,34.81362],[125.95857,34.82185],[125.95585,34.82309]]],[[[126.2197,34.85219],[126.21475,34.85064],[126.21885,34.84757],[126.22305,34.84952],[126.2197,34.85219]]],[[[126.3725,34.87867],[126.3666,34.87766],[126.3591,34.87117],[126.35834,34.86485],[126.36725,34.86638],[126.37884,34.87855],[126.37323,34.87573],[126.3725,34.87867]]],[[[126.11471,34.88292],[126.10833,34.87763],[126.11247,34.87477],[126.10909,34.86839],[126.11622,34.85822],[126.12017,34.85778],[126.11519,34.85074],[126.10292,34.85108],[126.09157,34.85551],[126.08676,34.86088],[126.08218,34.85945],[126.07909,34.85386],[126.07348,34.85062],[126.05851,34.84959],[126.06146,34.8438],[126.07603,34.8286],[126.07381,34.82306],[126.07992,34.81896],[126.07116,34.81337],[126.06643,34.81314],[126.06448,34.81908],[126.06076,34.8182],[126.0561,34.8229],[126.05217,34.82105],[126.043,34.82582],[126.04403,34.81977],[126.04882,34.81454],[126.05563,34.81406],[126.05652,34.80926],[126.06561,34.80686],[126.06781,34.80073],[126.07583,34.79415],[126.07956,34.79832],[126.07676,34.80098],[126.07133,34.81333],[126.08011,34.81894],[126.0886,34.81683],[126.09644,34.80602],[126.09133,34.80083],[126.0942,34.79701],[126.10145,34.79637],[126.10532,34.80011],[126.11191,34.79989],[126.12048,34.8027],[126.11877,34.80676],[126.12267,34.81322],[126.11726,34.81668],[126.11419,34.82613],[126.12047,34.82932],[126.12023,34.83408],[126.12449,34.83594],[126.13315,34.83215],[126.13623,34.82743],[126.13957,34.83555],[126.14758,34.83843],[126.15089,34.84535],[126.13976,34.85219],[126.13494,34.85279],[126.13274,34.8599],[126.13529,34.86232],[126.14972,34.85889],[126.15699,34.86057],[126.15734,34.86594],[126.15274,34.87047],[126.14858,34.8682],[126.14794,34.87356],[126.14319,34.87677],[126.14158,34.88164],[126.13794,34.87513],[126.13006,34.87683],[126.12986,34.8806],[126.12409,34.87911],[126.11471,34.88292]]],[[[126.16604,34.88511],[126.16886,34.87537],[126.169,34.88412],[126.16604,34.88511]]],[[[126.12158,34.88916],[126.11593,34.88627],[126.12165,34.88591],[126.12158,34.88916]]],[[[126.10753,34.88938],[126.10535,34.88447],[126.11165,34.88656],[126.10753,34.88938]]],[[[126.17844,34.90292],[126.18056,34.8917],[126.17545,34.8858],[126.17668,34.8814],[126.18878,34.88991],[126.18939,34.89547],[126.18041,34.89871],[126.17844,34.90292]]],[[[126.35194,34.91089],[126.34527,34.90932],[126.34528,34.90534],[126.35112,34.90067],[126.35677,34.90658],[126.35194,34.91089]]],[[[126.30037,34.92122],[126.29636,34.92198],[126.28159,34.91241],[126.28054,34.90989],[126.29105,34.90133],[126.29434,34.9017],[126.30233,34.89352],[126.30406,34.88736],[126.29951,34.88339],[126.2926,34.88134],[126.28885,34.88545],[126.28112,34.88711],[126.27836,34.8728],[126.28162,34.86764],[126.27942,34.86341],[126.27385,34.86414],[126.26932,34.87285],[126.26415,34.85924],[126.24177,34.85911],[126.23308,34.86472],[126.23065,34.85762],[126.22573,34.85488],[126.22674,34.84749],[126.24075,34.84794],[126.25176,34.84133],[126.26447,34.84043],[126.27654,34.85569],[126.29149,34.85495],[126.29462,34.85038],[126.30239,34.85399],[126.3125,34.85323],[126.31668,34.84683],[126.32028,34.8504],[126.32907,34.85106],[126.33446,34.84841],[126.33938,34.8386],[126.34388,34.8421],[126.34592,34.83536],[126.33748,34.83381],[126.33607,34.82665],[126.32697,34.8246],[126.33344,34.81816],[126.33809,34.81637],[126.34308,34.81859],[126.35,34.81366],[126.35775,34.81517],[126.36129,34.82339],[126.36738,34.82422],[126.36567,34.83147],[126.37294,34.83275],[126.37085,34.83732],[126.36532,34.83647],[126.37129,34.84727],[126.36727,34.85214],[126.36704,34.85773],[126.36274,34.85628],[126.35406,34.86454],[126.34758,34.86293],[126.34035,34.86431],[126.32491,34.86128],[126.3168,34.86437],[126.31423,34.8682],[126.32039,34.86791],[126.32542,34.87352],[126.31318,34.87769],[126.31695,34.88288],[126.32544,34.88213],[126.32555,34.89032],[126.3313,34.89048],[126.33591,34.88717],[126.33697,34.89347],[126.343,34.8946],[126.3484,34.89226],[126.34946,34.88726],[126.35162,34.89771],[126.34357,34.89951],[126.3357,34.90924],[126.32874,34.90921],[126.32452,34.91174],[126.31812,34.90645],[126.3122,34.90691],[126.30358,34.91555],[126.30546,34.92021],[126.30037,34.92122]]],[[[126.01718,34.93179],[126.01976,34.92758],[126.02207,34.93094],[126.01718,34.93179]]],[[[126.05671,34.9387],[126.05602,34.93461],[126.06051,34.93133],[126.05801,34.9269],[126.06145,34.92159],[126.0557,34.91307],[126.04971,34.91034],[126.04005,34.91131],[126.03992,34.91917],[126.0347,34.91963],[126.03743,34.91564],[126.03435,34.91101],[126.0228,34.90703],[126.01735,34.90941],[126.01301,34.90697],[126.00843,34.89776],[125.99117,34.87782],[125.98485,34.87446],[125.98213,34.87721],[125.97393,34.874],[125.96835,34.87684],[125.96734,34.873],[125.97161,34.87046],[125.97719,34.87408],[125.98235,34.86709],[125.97686,34.86465],[125.9829,34.86263],[125.98747,34.86582],[125.9918,34.8634],[125.99831,34.86536],[126.00796,34.85912],[126.02377,34.8705],[126.02306,34.85881],[126.02965,34.85971],[126.03372,34.85689],[126.04314,34.84348],[126.04755,34.84572],[126.04418,34.84845],[126.05189,34.85425],[126.06695,34.85748],[126.06792,34.86383],[126.07781,34.86576],[126.08477,34.86465],[126.07848,34.87131],[126.07897,34.88145],[126.08583,34.87573],[126.09151,34.87914],[126.09481,34.87617],[126.09718,34.87981],[126.0935,34.8835],[126.09851,34.88529],[126.099,34.88946],[126.09004,34.89021],[126.08381,34.89417],[126.08516,34.90006],[126.0946,34.9044],[126.09862,34.90978],[126.08436,34.91133],[126.08306,34.91563],[126.09015,34.91805],[126.09091,34.92252],[126.08054,34.91934],[126.07485,34.9249],[126.07963,34.93004],[126.06841,34.93678],[126.06308,34.93279],[126.05671,34.9387]]],[[[126.25251,34.95138],[126.2499,34.94227],[126.24482,34.9355],[126.23853,34.93285],[126.2277,34.93756],[126.21941,34.92338],[126.22337,34.91503],[126.23448,34.90944],[126.23969,34.91488],[126.24855,34.91751],[126.25166,34.91293],[126.25091,34.92456],[126.25459,34.93086],[126.25201,34.93492],[126.24491,34.93541],[126.2508,34.9433],[126.25573,34.94472],[126.25251,34.95138]]],[[[126.24195,34.9546],[126.23287,34.95515],[126.23017,34.95114],[126.23471,34.94564],[126.24094,34.9441],[126.24761,34.94714],[126.24967,34.95228],[126.24195,34.9546]]],[[[126.27383,34.96988],[126.26287,34.96793],[126.26357,34.96196],[126.25785,34.96205],[126.26239,34.95222],[126.26605,34.95617],[126.27178,34.95685],[126.27709,34.9477],[126.27961,34.94876],[126.28724,34.94234],[126.28087,34.93505],[126.28542,34.93392],[126.28682,34.93786],[126.2956,34.93413],[126.30037,34.93834],[126.29552,34.94395],[126.29491,34.9499],[126.28921,34.9579],[126.28799,34.96308],[126.27999,34.96518],[126.27383,34.96988]]],[[[126.20742,34.98559],[126.20466,34.98108],[126.20949,34.97859],[126.19869,34.96908],[126.19754,34.96375],[126.20168,34.96277],[126.20705,34.95627],[126.20486,34.94719],[126.19254,34.94978],[126.18894,34.94678],[126.19532,34.93963],[126.20105,34.9391],[126.19551,34.93395],[126.19934,34.93216],[126.19704,34.92744],[126.19186,34.93097],[126.19353,34.92232],[126.19832,34.92029],[126.19197,34.91711],[126.19768,34.91553],[126.20092,34.91879],[126.1966,34.92148],[126.19923,34.92986],[126.20807,34.92794],[126.20084,34.93691],[126.21007,34.94161],[126.20504,34.94742],[126.20718,34.95636],[126.21456,34.95512],[126.2151,34.97139],[126.21377,34.97485],[126.21708,34.98434],[126.21265,34.98507],[126.21153,34.98088],[126.20742,34.98559]]],[[[126.23395,35.00285],[126.22645,35.00097],[126.22578,34.99806],[126.23357,34.99722],[126.23395,35.00285]]],[[[126.24817,35.00722],[126.2529,34.99972],[126.25054,34.9961],[126.24938,34.97987],[126.2444,34.97582],[126.25494,34.97309],[126.26124,34.97668],[126.27059,34.97611],[126.27136,34.98209],[126.26758,34.98788],[126.26998,34.99406],[126.26532,34.9945],[126.26524,35.00087],[126.26177,35.00575],[126.24817,35.00722]]],[[[126.19864,35.01157],[126.19564,35.00793],[126.20212,35.00604],[126.19864,35.01157]]],[[[126.133,35.02688],[126.12355,35.01777],[126.11315,35.01481],[126.11529,35.01149],[126.11038,35.01004],[126.10693,35.00494],[126.10045,35.00778],[126.09815,35.00209],[126.10601,34.99663],[126.11167,34.99796],[126.12113,34.99702],[126.12166,35.00061],[126.13291,35.00159],[126.13786,34.99522],[126.14277,34.9927],[126.14425,34.98659],[126.13511,34.99156],[126.13647,34.96659],[126.13285,34.96489],[126.12674,34.94915],[126.13645,34.94831],[126.13755,34.95341],[126.14176,34.95349],[126.14414,34.96877],[126.15007,34.97085],[126.15486,34.96858],[126.16229,34.97158],[126.16678,34.96738],[126.16096,34.95964],[126.15988,34.95435],[126.15664,34.95517],[126.16091,34.94378],[126.16846,34.94503],[126.16338,34.9497],[126.16441,34.95304],[126.16117,34.9598],[126.16683,34.96736],[126.17526,34.97301],[126.18058,34.97407],[126.17757,34.97854],[126.17793,34.98925],[126.1799,34.99449],[126.16566,35.00356],[126.16719,35.00698],[126.16187,35.01039],[126.16627,35.01546],[126.16463,35.01996],[126.16118,35.01737],[126.15546,35.02217],[126.14106,35.02231],[126.133,35.02688]]],[[[126.2022,35.05863],[126.19413,35.05616],[126.20137,35.04875],[126.20408,35.04048],[126.2098,35.04063],[126.20761,35.05206],[126.2022,35.05863]]],[[[126.14674,35.05829],[126.14057,35.05514],[126.13729,35.05752],[126.13342,35.05136],[126.12825,35.04818],[126.13676,35.04745],[126.1336,35.04284],[126.13948,35.04237],[126.15068,35.03351],[126.16026,35.03246],[126.16718,35.03381],[126.16673,35.02922],[126.17868,35.02539],[126.1826,35.02727],[126.18395,35.02147],[126.19211,35.01918],[126.19017,35.01411],[126.19173,35.00904],[126.19551,35.01021],[126.19339,35.01723],[126.19746,35.01901],[126.19583,35.03009],[126.19928,35.03088],[126.20099,35.03844],[126.19219,35.04479],[126.18849,35.04169],[126.16882,35.05604],[126.15863,35.05376],[126.15234,35.05452],[126.14674,35.05829]]],[[[125.94434,35.06484],[125.94216,35.05735],[125.94688,35.0566],[125.94901,35.06289],[125.94434,35.06484]]],[[[125.92245,35.06702],[125.92188,35.06228],[125.92671,35.0616],[125.92245,35.06702]]],[[[125.9175,35.08402],[125.91616,35.07928],[125.92424,35.07823],[125.92172,35.08398],[125.9175,35.08402]]],[[[126.1335,35.09367],[126.13119,35.08302],[126.1365,35.08474],[126.1415,35.08222],[126.14659,35.0838],[126.14633,35.09136],[126.1335,35.09367]]],[[[126.01582,35.10429],[126.01862,35.10039],[126.01017,35.09727],[126.01122,35.0891],[126.02045,35.08031],[126.02706,35.07632],[126.02986,35.08255],[126.02959,35.08905],[126.02166,35.10107],[126.01582,35.10429]]],[[[125.9857,35.10717],[125.97752,35.10431],[125.98239,35.10047],[125.98943,35.10189],[125.9857,35.10717]]],[[[126.24828,35.09711],[126.23609,35.10138],[126.23235,35.09853],[126.22721,35.10282],[126.21846,35.10643],[126.20973,35.10294],[126.19034,35.11259],[126.18042,35.10784],[126.1781,35.10396],[126.17275,35.1063],[126.16065,35.09865],[126.15696,35.0906],[126.1581,35.08701],[126.16559,35.0834],[126.16329,35.07414],[126.15958,35.07201],[126.16184,35.06661],[126.16697,35.06924],[126.17268,35.06355],[126.1792,35.06658],[126.18247,35.0578],[126.19881,35.06296],[126.20238,35.06168],[126.20715,35.05464],[126.2113,35.05666],[126.22256,35.05787],[126.23273,35.05297],[126.23524,35.04424],[126.22768,35.03809],[126.23087,35.0352],[126.22689,35.02329],[126.22991,35.0175],[126.23885,35.01824],[126.24265,35.02754],[126.24916,35.01194],[126.25845,35.01544],[126.26577,35.02243],[126.26637,35.02917],[126.27453,35.03441],[126.27398,35.03814],[126.26408,35.04254],[126.26069,35.04976],[126.26183,35.05364],[126.26207,35.05675],[126.26147,35.06431],[126.257,35.06932],[126.24669,35.07486],[126.24514,35.076],[126.24485,35.08496],[126.24766,35.08859],[126.24828,35.09711]]],[[[126.05803,35.11367],[126.05664,35.11194],[126.06433,35.10642],[126.06577,35.10854],[126.05803,35.11367]]],[[[126.04804,35.11602],[126.04207,35.11296],[126.04902,35.10912],[126.04804,35.11602]]],[[[126.2022,35.12887],[126.20006,35.12802],[126.20746,35.12241],[126.2025,35.11998],[126.19979,35.11488],[126.20751,35.1113],[126.20989,35.11545],[126.20637,35.11867],[126.20932,35.12671],[126.2022,35.12887]]],[[[125.88134,35.1392],[125.88405,35.13487],[125.88867,35.13859],[125.88134,35.1392]]],[[[125.90297,35.1421],[125.90303,35.13253],[125.90945,35.13117],[125.90932,35.13636],[125.90297,35.1421]]],[[[126.15673,35.14721],[126.14602,35.14563],[126.14149,35.14094],[126.13659,35.14454],[126.13231,35.14178],[126.11716,35.14066],[126.10867,35.13044],[126.10254,35.12799],[126.08778,35.11218],[126.07542,35.10472],[126.06219,35.10429],[126.04894,35.10248],[126.05615,35.09711],[126.04626,35.09006],[126.04219,35.08459],[126.04457,35.08],[126.04806,35.08127],[126.05791,35.07629],[126.05492,35.06768],[126.0473,35.06714],[126.04876,35.06141],[126.05591,35.0641],[126.0604,35.06131],[126.05779,35.05666],[126.06455,35.05612],[126.059,35.06595],[126.06278,35.06954],[126.06943,35.06658],[126.07734,35.06957],[126.07403,35.05971],[126.07956,35.05639],[126.10131,35.04799],[126.10589,35.0516],[126.10234,35.05681],[126.11151,35.06086],[126.11749,35.06103],[126.10894,35.06963],[126.11952,35.07286],[126.11996,35.07959],[126.1079,35.08377],[126.1228,35.08169],[126.12162,35.09259],[126.11815,35.09308],[126.11903,35.1027],[126.1169,35.1048],[126.11933,35.11152],[126.11719,35.11587],[126.12615,35.13642],[126.14062,35.13589],[126.14779,35.13994],[126.14883,35.14419],[126.15573,35.14254],[126.16383,35.1458],[126.15673,35.14721]]],[[[126.20109,35.14776],[126.19251,35.14404],[126.1831,35.14253],[126.18543,35.13558],[126.18324,35.13008],[126.19269,35.13264],[126.19591,35.13881],[126.20094,35.13726],[126.20356,35.14442],[126.20109,35.14776]]],[[[125.9102,35.21094],[125.90588,35.20964],[125.91197,35.20573],[125.9102,35.21094]]]]},"properties":{"SIGUNGU_CD":"36680","SIGUNGU_NM":"신안군","BASE_DATE":"20250630"}},
{"type":"Feature","geometry":{"type":"Polygon","coordinates":[[[129.51672,35.84167],[129.51967,35.85091],[129.52469,35.85527],[129.52737,35.86383],[129.5343,35.86836],[129.51884,35.87367],[129.52041,35.88176],[129.52927,35.88354],[129.52522,35.88958],[129.52532,35.89591],[129.53386,35.89921],[129.52342,35.91266],[129.52411,35.91546],[129.51861,35.92013],[129.51948,35.92993],[129.52937,35.93449],[129.53465,35.93999],[129.53974,35.94942],[129.54326,35.94992],[129.55072,35.96068],[129.54731,35.96413],[129.55433,35.96813],[129.55149,35.9778],[129.55823,35.9842],[129.55193,35.98559],[129.55643,35.99068],[129.56727,35.98996],[129.56662,35.99729],[129.57843,36.00837],[129.58265,36.0195],[129.57721,36.02457],[129.58188,36.02816],[129.58138,36.03656],[129.57892,36.03904],[129.58361,36.04629],[129.57761,36.04877],[129.5772,36.05759],[129.5722,36.06606],[129.56835,36.0679],[129.57029,36.07786],[129.56195,36.07833],[129.55558,36.08609],[129.54718,36.08489],[129.54431,36.07459],[129.54101,36.0733],[129.53978,36.06675],[129.53231,36.06144],[129.53071,36.05648],[129.52606,36.05828],[129.52288,36.05232],[129.51546,36.04597],[129.51537,36.04333],[129.50482,36.03707],[129.50349,36.02639],[129.49551,36.02314],[129.48859,36.01641],[129.48253,36.01653],[129.47504,36.01365],[129.45643,36.00009],[129.45621,35.99322],[129.44578,35.99163],[129.42814,35.99755],[129.4214,36.00119],[129.41768,36.00631],[129.42247,36.01345],[129.4124,36.01182],[129.4101,36.01605],[129.40702,36.0089],[129.39714,36.01416],[129.39231,36.01222],[129.3972,36.02077],[129.40087,36.0215],[129.40762,36.02923],[129.41837,36.02642],[129.43183,36.02728],[129.43096,36.03044],[129.40138,36.03873],[129.38579,36.02849],[129.37911,36.03751],[129.3762,36.04996],[129.37414,36.0496],[129.37259,36.04987],[129.37086,36.04278],[129.37128,36.03314],[129.36839,36.02871],[129.36185,36.02706],[129.36003,36.02061],[129.35397,36.01513],[129.34599,36.01935],[129.34417,36.02792],[129.33913,36.03046],[129.33618,36.03936],[129.33143,36.04249],[129.31599,36.04158],[129.30939,36.04279],[129.30675,36.04362],[129.3048,36.04936],[129.29023,36.06204],[129.28915,36.06148],[129.28725,36.06198],[129.28634,36.0627],[129.2862,36.06186],[129.28021,36.05751],[129.28418,36.04643],[129.27855,36.03405],[129.27716,36.02695],[129.28365,36.02346],[129.2916,36.01559],[129.29655,36.00822],[129.29554,36.00361],[129.29821,35.99687],[129.29454,35.99418],[129.30334,35.99511],[129.30498,35.99073],[129.3011,35.9849],[129.30909,35.96911],[129.31133,35.96929],[129.31519,35.95977],[129.31993,35.95816],[129.31949,35.95054],[129.31685,35.94633],[129.32717,35.93914],[129.33269,35.93056],[129.32961,35.92658],[129.33662,35.91616],[129.33394,35.91128],[129.33367,35.90007],[129.33751,35.89259],[129.3437,35.88809],[129.35382,35.88687],[129.36184,35.8883],[129.36586,35.88175],[129.36061,35.87424],[129.35529,35.87266],[129.35955,35.86481],[129.368,35.86505],[129.37195,35.86076],[129.3794,35.8645],[129.38386,35.86254],[129.3912,35.86335],[129.39363,35.85696],[129.40705,35.85784],[129.41053,35.86144],[129.41039,35.87052],[129.41479,35.87633],[129.42138,35.87791],[129.42127,35.88405],[129.42741,35.88349],[129.43008,35.88013],[129.43699,35.8788],[129.44072,35.86878],[129.44534,35.86678],[129.446,35.85898],[129.44911,35.8576],[129.4492,35.851],[129.45852,35.84706],[129.46795,35.85123],[129.47521,35.85011],[129.48034,35.85315],[129.49014,35.84341],[129.50783,35.83834],[129.51672,35.84167]]]},"properties":{"SIGUNGU_CD":"37011","SIGUNGU_NM":"포항시 남구","BASE_DATE":"20250630"}},
{"type":"Feature","geometry":{"type":"Polygon","coordinates":[[[129.37127,36.2678],[129.3535,36.27306],[129.34286,36.27003],[129.33986,36.26671],[129.33525,36.26899],[129.32812,36.26757],[129.31568,36.27183],[129.30412,36.26787],[129.3002,36.27369],[129.29336,36.27652],[129.28647,36.28637],[129.28808,36.28757],[129.28518,36.29769],[129.29189,36.30197],[129.29196,36.3062],[129.29828,36.30998],[129.29773,36.32387],[129.2905,36.32803],[129.28644,36.33337],[129.27474,36.32764],[129.27005,36.33175],[129.26665,36.32077],[129.25604,36.3238],[129.25181,36.32154],[129.24878,36.31878],[129.24082,36.31881],[129.23211,36.3132],[129.23129,36.30861],[129.22349,36.30185],[129.22857,36.29593],[129.22107,36.28781],[129.22634,36.28326],[129.22676,36.27702],[129.22263,36.27335],[129.21336,36.27143],[129.21361,36.26747],[129.20714,36.26672],[129.20604,36.25735],[129.19853,36.2496],[129.18658,36.23329],[129.17098,36.2248],[129.16588,36.23208],[129.15274,36.23525],[129.14554,36.24344],[129.137,36.25033],[129.13751,36.25509],[129.13281,36.26205],[129.12618,36.26407],[129.12168,36.26172],[129.11702,36.266],[129.11188,36.26427],[129.10642,36.26734],[129.10206,36.26489],[129.09895,36.27069],[129.0932,36.27439],[129.08888,36.27234],[129.08334,36.27668],[129.07844,36.27701],[129.07043,36.27117],[129.06019,36.27096],[129.05232,36.26563],[129.05602,36.25575],[129.06203,36.25216],[129.06557,36.25392],[129.07362,36.25228],[129.08087,36.23398],[129.0645,36.22571],[129.06224,36.22015],[129.05659,36.22397],[129.04204,36.222],[129.03588,36.21321],[129.03549,36.20345],[129.02815,36.19643],[129.0275,36.18481],[129.01744,36.1805],[129.00118,36.17959],[128.99064,36.17522],[128.98949,36.16811],[128.9939,36.16822],[129.00315,36.16551],[129.00577,36.1635],[129.01275,36.16366],[129.01952,36.16036],[129.0307,36.15888],[129.0364,36.15553],[129.04434,36.15597],[129.04732,36.15026],[129.06328,36.14296],[129.06454,36.13501],[129.05937,36.1296],[129.06675,36.12373],[129.07098,36.11409],[129.07851,36.11141],[129.08101,36.11759],[129.08917,36.11825],[129.09849,36.12188],[129.10518,36.11405],[129.09947,36.10698],[129.09457,36.10521],[129.09397,36.09621],[129.10514,36.08547],[129.1121,36.08202],[129.1127,36.07896],[129.12766,36.08083],[129.13461,36.07444],[129.13359,36.06827],[129.13612,36.0622],[129.15133,36.05483],[129.1547,36.0545],[129.1647,36.05516],[129.17004,36.05332],[129.17044,36.04894],[129.17634,36.04778],[129.17817,36.04077],[129.17645,36.03114],[129.18124,36.02754],[129.18909,36.03233],[129.1975,36.04059],[129.20386,36.0433],[129.22374,36.04379],[129.22736,36.04793],[129.2347,36.04929],[129.2419,36.05907],[129.24485,36.0718],[129.25425,36.07576],[129.25998,36.07462],[129.26325,36.07515],[129.26991,36.07943],[129.2762,36.07916],[129.28647,36.07001],[129.28656,36.06361],[129.28634,36.0627],[129.28725,36.06198],[129.28915,36.06148],[129.29023,36.06204],[129.3048,36.04936],[129.30675,36.04362],[129.30939,36.04279],[129.31599,36.04158],[129.33143,36.04249],[129.33618,36.03936],[129.33913,36.03046],[129.34417,36.02792],[129.34599,36.01935],[129.35397,36.01513],[129.36003,36.02061],[129.36185,36.02706],[129.36839,36.02871],[129.37128,36.03314],[129.37086,36.04278],[129.37281,36.05077],[129.37828,36.05227],[129.3787,36.05732],[129.38351,36.06327],[129.39624,36.06314],[129.40157,36.06971],[129.41798,36.07372],[129.41709,36.08158],[129.41893,36.08774],[129.42766,36.09635],[129.42628,36.09282],[129.43964,36.09451],[129.43973,36.11082],[129.43223,36.11067],[129.42362,36.11504],[129.40027,36.13238],[129.39522,36.14042],[129.40054,36.15369],[129.39777,36.16086],[129.40072,36.1654],[129.39765,36.16731],[129.39182,36.18395],[129.38722,36.18371],[129.37705,36.18974],[129.37319,36.19555],[129.37288,36.20744],[129.38421,36.2122],[129.38648,36.22407],[129.38094,36.23027],[129.38517,36.2395],[129.37837,36.2457],[129.37293,36.25493],[129.37603,36.2682],[129.37127,36.2678]]]},"properties":{"SIGUNGU_CD":"37012","SIGUNGU_NM":"포항시 북구","BASE_DATE":"20250630"}},
{"type":"Feature","geometry":{"type":"Polygon","coordinates":[[[129.28656,36.06361],[129.28647,36.07001],[129.2762,36.07916],[129.26991,36.07943],[129.26325,36.07515],[129.25998,36.07462],[129.25425,36.07576],[129.24485,36.0718],[129.2419,36.05907],[129.2347,36.04929],[129.22736,36.04793],[129.22374,36.04379],[129.20386,36.0433],[129.1975,36.04059],[129.18909,36.03233],[129.18124,36.02754],[129.17645,36.03114],[129.17817,36.04077],[129.17634,36.04778],[129.17044,36.04894],[129.17004,36.05332],[129.1647,36.05516],[129.1547,36.0545],[129.15111,36.05485],[129.14544,36.04395],[129.13877,36.04024],[129.13414,36.03456],[129.1424,36.02223],[129.14403,36.01039],[129.13491,36.00629],[129.12292,36.00647],[129.11477,36.0135],[129.11093,36.00515],[129.11336,36.00069],[129.11102,35.99717],[129.11721,35.98547],[129.11874,35.96926],[129.11614,35.96173],[129.12671,35.94995],[129.12881,35.94799],[129.12962,35.94026],[129.13611,35.933],[129.13358,35.92761],[129.12737,35.92178],[129.12157,35.92207],[129.11893,35.91708],[129.11411,35.918],[129.11385,35.92331],[129.10543,35.93417],[129.095,35.94052],[129.08918,35.93846],[129.07844,35.9416],[129.0668,35.9419],[129.05823,35.93303],[129.06168,35.93089],[129.0548,35.91994],[129.0469,35.91835],[129.04603,35.91354],[129.0375,35.91253],[129.03503,35.9086],[129.02642,35.90656],[129.02786,35.89807],[129.02496,35.89055],[129.02705,35.88927],[129.03261,35.87066],[129.02682,35.86366],[129.02408,35.86344],[129.01331,35.84642],[129.01619,35.84604],[129.01696,35.84525],[129.01617,35.84373],[129.01595,35.84169],[129.01429,35.83497],[129.00886,35.83252],[129.00131,35.81321],[128.9903,35.79985],[128.99479,35.7937],[128.99419,35.78429],[128.99796,35.78081],[128.99018,35.77268],[128.98172,35.77359],[128.97466,35.7717],[128.97764,35.7653],[128.97411,35.76544],[128.97073,35.75467],[128.9756,35.74974],[128.97288,35.73742],[128.97809,35.73585],[128.97976,35.73108],[128.98561,35.72697],[128.99155,35.7192],[128.99756,35.71725],[128.99733,35.71106],[129.0022,35.70748],[129.00423,35.69338],[129.00708,35.69456],[129.02183,35.68893],[129.03736,35.695],[129.03782,35.68862],[129.03521,35.67529],[129.04198,35.66262],[129.04264,35.65673],[129.0469,35.65052],[129.0693,35.64541],[129.07555,35.64036],[129.08085,35.64325],[129.07976,35.64911],[129.07618,35.65092],[129.0711,35.65708],[129.06727,35.66199],[129.06715,35.67135],[129.07303,35.67738],[129.06988,35.68237],[129.08029,35.69628],[129.09029,35.70268],[129.1157,35.70848],[129.12421,35.70828],[129.12621,35.71357],[129.13416,35.71211],[129.13951,35.71824],[129.14131,35.7241],[129.14721,35.72467],[129.15405,35.72197],[129.16031,35.71481],[129.17646,35.71566],[129.18129,35.72379],[129.18665,35.71952],[129.20083,35.71599],[129.2017,35.71889],[129.20894,35.72108],[129.20939,35.71862],[129.22437,35.70956],[129.23298,35.70763],[129.23401,35.70387],[129.24137,35.70387],[129.25685,35.7007],[129.26188,35.6934],[129.26186,35.68532],[129.25864,35.68311],[129.26103,35.67907],[129.2591,35.67111],[129.25475,35.66641],[129.2555,35.66046],[129.26044,35.65464],[129.26978,35.65108],[129.27495,35.65309],[129.2829,35.65173],[129.293,35.645],[129.29437,35.64457],[129.29556,35.64397],[129.29626,35.64474],[129.30294,35.64778],[129.30408,35.65664],[129.30569,35.65757],[129.31114,35.66052],[129.31936,35.65636],[129.32907,35.65818],[129.32864,35.66269],[129.33409,35.66976],[129.34006,35.66964],[129.35356,35.67938],[129.35644,35.67927],[129.36407,35.67893],[129.37265,35.66923],[129.38185,35.67118],[129.40074,35.6672],[129.40342,35.66297],[129.41097,35.66383],[129.4284,35.65558],[129.4328,35.65665],[129.43508,35.65245],[129.43927,35.65524],[129.44534,35.65343],[129.45037,35.65128],[129.45396,35.66467],[129.46475,35.66644],[129.4641,35.67499],[129.47098,35.67942],[129.47596,35.69022],[129.4761,35.69701],[129.47324,35.70514],[129.47903,35.70905],[129.4793,35.71771],[129.48278,35.72029],[129.48615,35.72928],[129.48387,35.74343],[129.49451,35.75253],[129.49138,35.75901],[129.49459,35.76194],[129.49428,35.77012],[129.49694,35.77194],[129.49211,35.78174],[129.49161,35.78781],[129.50044,35.79448],[129.49926,35.7998],[129.50423,35.80127],[129.50622,35.80875],[129.51169,35.80628],[129.51018,35.8118],[129.51408,35.81617],[129.50957,35.82428],[129.51455,35.83365],[129.52061,35.83765],[129.51672,35.84167],[129.50783,35.83834],[129.49014,35.84341],[129.48034,35.85315],[129.47521,35.85011],[129.46795,35.85123],[129.45852,35.84706],[129.4492,35.851],[129.44911,35.8576],[129.446,35.85898],[129.44534,35.86678],[129.44072,35.86878],[129.43699,35.8788],[129.43008,35.88013],[129.42741,35.88349],[129.42127,35.88405],[129.42138,35.87791],[129.41479,35.87633],[129.41039,35.87052],[129.41053,35.86144],[129.40705,35.85784],[129.39363,35.85696],[129.3912,35.86335],[129.38386,35.86254],[129.3794,35.8645],[129.37195,35.86076],[129.368,35.86505],[129.35955,35.86481],[129.35529,35.87266],[129.36061,35.87424],[129.36586,35.88175],[129.36184,35.8883],[129.35382,35.88687],[129.3437,35.88809],[129.33751,35.89259],[129.33367,35.90007],[129.33394,35.91128],[129.33662,35.91616],[129.32961,35.92658],[129.33269,35.93056],[129.32717,35.93914],[129.31685,35.94633],[129.31949,35.95054],[129.31993,35.95816],[129.31519,35.95977],[129.31133,35.96929],[129.30909,35.96911],[129.3011,35.9849],[129.30498,35.99073],[129.30334,35.99511],[129.29454,35.99418],[129.29821,35.99687],[129.29554,36.00361],[129.29655,36.00822],[129.2916,36.01559],[129.28365,36.02346],[129.27716,36.02695],[129.27855,36.03405],[129.28418,36.04643],[129.28021,36.05751],[129.2862,36.06186],[129.28656,36.06361]]]},"properties":{"SIGUNGU_CD":"37020","SIGUNGU_NM":"경주시","BASE_DATE":"20250630"}},
{"type":"Feature","geometry":{"type":"Polygon","coordinates":[[[128.14142,36.25804],[128.13686,36.25695],[128.13703,36.25667],[128.13114,36.25124],[128.12034,36.25297],[128.12139,36.24622],[128.11426,36.24129],[128.11361,36.24021],[128.10873,36.23716],[128.10248,36.24312],[128.09665,36.25227],[128.09142,36.25373],[128.08775,36.24915],[128.07716,36.24135],[128.06667,36.24289],[128.06094,36.24667],[128.0573,36.2436],[128.05042,36.24425],[128.04645,36.25173],[128.04573,36.25212],[128.04026,36.25203],[128.03566,36.24347],[128.0299,36.24001],[128.03313,36.23371],[128.03934,36.22868],[128.039,36.22218],[128.04222,36.21755],[128.05009,36.21646],[128.05079,36.206],[128.05815,36.20125],[128.05738,36.20081],[128.0529,36.20082],[128.03863,36.19416],[128.02668,36.20519],[128.02117,36.20768],[128.00975,36.20936],[127.99878,36.20747],[127.99304,36.20003],[127.98447,36.20118],[127.97802,36.19811],[127.9812,36.19588],[127.97626,36.19205],[127.97533,36.18771],[127.98413,36.17817],[127.98295,36.16988],[127.99018,36.16567],[127.99048,36.15888],[127.9972,36.15547],[127.98748,36.14738],[127.98885,36.13266],[127.98686,36.12805],[127.97711,36.1231],[127.97016,36.12188],[127.9652,36.11283],[127.96898,36.10435],[127.96463,36.09555],[127.95971,36.09451],[127.95935,36.086],[127.96169,36.08298],[127.96087,36.07034],[127.9546,36.06727],[127.94989,36.05972],[127.93629,36.05108],[127.93018,36.04944],[127.9252,36.05284],[127.91634,36.05447],[127.90941,36.05001],[127.90351,36.04342],[127.90303,36.03937],[127.88484,36.03589],[127.88346,36.02806],[127.87731,36.02341],[127.87673,36.02189],[127.8757,36.00894],[127.87827,36.00102],[127.87549,35.99698],[127.88644,35.99223],[127.89415,35.98464],[127.88961,35.97966],[127.89635,35.97766],[127.89645,35.97158],[127.90395,35.95409],[127.91137,35.94918],[127.90859,35.9416],[127.89896,35.9376],[127.89568,35.93419],[127.88321,35.93001],[127.8824,35.91947],[127.88786,35.91206],[127.8847,35.90761],[127.88478,35.89311],[127.89352,35.8868],[127.90114,35.88756],[127.90277,35.89068],[127.91852,35.89038],[127.92287,35.88258],[127.93022,35.87863],[127.92879,35.87035],[127.93322,35.8644],[127.93035,35.85637],[127.94224,35.85454],[127.95011,35.86167],[127.96029,35.85978],[127.96127,35.85625],[127.97398,35.85207],[127.98175,35.85874],[127.99648,35.83764],[128.00404,35.83512],[128.01178,35.82893],[128.01751,35.83252],[128.02978,35.83565],[128.05165,35.82988],[128.0533,35.83336],[128.06159,35.83468],[128.06979,35.8412],[128.07736,35.83966],[128.07331,35.85051],[128.07665,35.86005],[128.08685,35.87243],[128.08003,35.87316],[128.07096,35.87943],[128.06553,35.88894],[128.06654,35.89591],[128.0573,35.90199],[128.06069,35.90736],[128.0553,35.91181],[128.05467,35.91569],[128.04855,35.92015],[128.04708,35.93168],[128.0469,35.93303],[128.05615,35.94178],[128.066,35.93699],[128.07095,35.93648],[128.07192,35.93576],[128.07328,35.92857],[128.07891,35.9276],[128.08689,35.92103],[128.08847,35.9214],[128.08799,35.92352],[128.08922,35.92688],[128.09125,35.93107],[128.08842,35.9457],[128.09603,35.95514],[128.10013,35.9556],[128.11189,35.96467],[128.11822,35.9593],[128.12349,35.96223],[128.1315,35.95998],[128.15098,35.9663],[128.15285,35.96927],[128.15089,35.97582],[128.15579,35.97896],[128.15767,35.9874],[128.16745,35.98861],[128.16971,35.99206],[128.16987,35.9928],[128.17075,35.99664],[128.16622,35.99946],[128.16896,36.01118],[128.17336,36.01418],[128.16799,36.01953],[128.1671,36.02992],[128.16433,36.03246],[128.16936,36.03552],[128.17769,36.03128],[128.18528,36.03358],[128.19462,36.03197],[128.19631,36.03737],[128.1943,36.04488],[128.20597,36.04513],[128.21524,36.04885],[128.22313,36.0554],[128.22338,36.05504],[128.22505,36.05456],[128.22625,36.05361],[128.2309,36.05366],[128.23335,36.05238],[128.24104,36.04863],[128.24915,36.04819],[128.25659,36.05184],[128.26104,36.04849],[128.26995,36.04863],[128.28482,36.04597],[128.28657,36.04418],[128.28878,36.04314],[128.28952,36.0439],[128.28975,36.04383],[128.29397,36.05036],[128.29942,36.05121],[128.30088,36.06242],[128.29993,36.0634],[128.29111,36.0709],[128.28496,36.08108],[128.2902,36.0866],[128.29144,36.08843],[128.29155,36.09483],[128.28799,36.09805],[128.27478,36.10447],[128.27654,36.11193],[128.28917,36.12643],[128.29613,36.13243],[128.28419,36.14028],[128.28703,36.14757],[128.28525,36.14929],[128.2909,36.15606],[128.29377,36.16513],[128.2924,36.17091],[128.28066,36.17265],[128.27845,36.17093],[128.27071,36.17407],[128.27277,36.1759],[128.27295,36.18576],[128.27028,36.18913],[128.27135,36.19556],[128.26236,36.19744],[128.25929,36.20161],[128.24281,36.19712],[128.23646,36.20094],[128.23449,36.20172],[128.23672,36.20922],[128.23339,36.21441],[128.23532,36.22157],[128.23577,36.22222],[128.22602,36.2314],[128.21832,36.22999],[128.21408,36.23645],[128.20127,36.24027],[128.19682,36.24475],[128.18672,36.24298],[128.17232,36.24562],[128.1676,36.25356],[128.15953,36.25777],[128.15639,36.25648],[128.1428,36.25746],[128.14142,36.25804]]]},"properties":{"SIGUNGU_CD":"37030","SIGUNGU_NM":"김천시","BASE_DATE":"20250630"}},
{"type":"Feature","geometry":{"type":"Polygon","coordinates":[[[128.80446,36.81348],[128.80891,36.81655],[128.80296,36.82316],[128.79966,36.8223],[128.79424,36.81469],[128.78618,36.81251],[128.78154,36.80734],[128.7759,36.80492],[128.76877,36.80614],[128.76304,36.80207],[128.75862,36.80978],[128.75215,36.80717],[128.74832,36.80934],[128.7458,36.80233],[128.74334,36.79579],[128.74153,36.79228],[128.74069,36.79014],[128.73793,36.79178],[128.73678,36.78359],[128.74522,36.77813],[128.73564,36.76268],[128.74302,36.75594],[128.74295,36.74995],[128.73718,36.74453],[128.73746,36.73884],[128.73416,36.73752],[128.73204,36.72845],[128.73537,36.72662],[128.73354,36.71955],[128.72918,36.71409],[128.73708,36.70733],[128.73736,36.70639],[128.73828,36.70314],[128.7378,36.7022],[128.73519,36.70168],[128.73602,36.69987],[128.73466,36.69656],[128.73192,36.69623],[128.72908,36.69537],[128.72715,36.69602],[128.72469,36.69807],[128.7236,36.69934],[128.72112,36.70215],[128.71997,36.70262],[128.71799,36.7026],[128.71507,36.70311],[128.70788,36.70008],[128.70752,36.70007],[128.69852,36.70674],[128.69379,36.70255],[128.68495,36.70028],[128.6765,36.70201],[128.66688,36.71271],[128.64991,36.71078],[128.64385,36.71567],[128.64262,36.71765],[128.64106,36.71828],[128.63996,36.71843],[128.62973,36.71966],[128.62771,36.71659],[128.61817,36.71526],[128.61445,36.71245],[128.60665,36.71715],[128.59818,36.71506],[128.59548,36.71025],[128.59609,36.70195],[128.59216,36.70098],[128.59082,36.70098],[128.59084,36.69952],[128.59046,36.69957],[128.59067,36.69835],[128.59706,36.69815],[128.60494,36.69317],[128.6091,36.69281],[128.61026,36.68455],[128.60123,36.67911],[128.60531,36.67209],[128.60464,36.65578],[128.60427,36.65244],[128.59576,36.65245],[128.58092,36.6475],[128.5781,36.64987],[128.56676,36.6464],[128.56585,36.64022],[128.55885,36.63593],[128.55285,36.63666],[128.54463,36.63193],[128.53793,36.6338],[128.53368,36.63015],[128.52486,36.62854],[128.52196,36.61952],[128.52926,36.61828],[128.53443,36.61418],[128.53253,36.60706],[128.52866,36.60584],[128.52949,36.60138],[128.52096,36.6021],[128.51322,36.60063],[128.50654,36.60212],[128.50492,36.60672],[128.49393,36.59978],[128.49199,36.58667],[128.49908,36.58448],[128.49577,36.5825],[128.4926,36.56954],[128.48323,36.5682],[128.46802,36.55988],[128.45547,36.55446],[128.4564,36.55022],[128.46454,36.54139],[128.46459,36.53827],[128.45691,36.53824],[128.45344,36.53649],[128.44789,36.53147],[128.44016,36.52855],[128.4377,36.52208],[128.42953,36.5209],[128.42849,36.52037],[128.43705,36.51632],[128.43198,36.51108],[128.4331,36.50284],[128.43694,36.50243],[128.44512,36.49536],[128.4546,36.4909],[128.45749,36.49388],[128.46064,36.49024],[128.46415,36.49892],[128.47473,36.49874],[128.47765,36.51473],[128.49538,36.51658],[128.49927,36.51201],[128.50064,36.5049],[128.5054,36.49906],[128.51018,36.50029],[128.51773,36.49735],[128.52643,36.49885],[128.53914,36.49547],[128.54358,36.49028],[128.55126,36.48906],[128.55239,36.47589],[128.55899,36.47216],[128.56068,36.46319],[128.56471,36.46081],[128.56643,36.45244],[128.57002,36.45091],[128.57707,36.44004],[128.58927,36.43916],[128.59821,36.43164],[128.59516,36.42208],[128.59796,36.40887],[128.60356,36.40514],[128.61036,36.41811],[128.62104,36.41844],[128.62913,36.4207],[128.6285,36.42594],[128.6333,36.42519],[128.63746,36.42969],[128.64587,36.42845],[128.65361,36.42972],[128.66047,36.43586],[128.66794,36.43869],[128.6752,36.43695],[128.68327,36.44428],[128.69141,36.44401],[128.69957,36.44742],[128.7069,36.44802],[128.70671,36.45805],[128.70413,36.46898],[128.71012,36.47304],[128.70976,36.47654],[128.71882,36.4824],[128.72798,36.47638],[128.73429,36.47814],[128.74731,36.48886],[128.76773,36.48057],[128.7741,36.47124],[128.78216,36.46473],[128.79242,36.46595],[128.79964,36.45882],[128.8097,36.45926],[128.81324,36.45383],[128.83045,36.45234],[128.82969,36.44391],[128.83546,36.43667],[128.83334,36.4319],[128.83745,36.42322],[128.84568,36.41164],[128.84561,36.40378],[128.85139,36.39923],[128.85029,36.38828],[128.85973,36.3878],[128.87261,36.37725],[128.87801,36.37592],[128.87207,36.37036],[128.88107,36.35891],[128.87686,36.34483],[128.88544,36.34359],[128.89263,36.32563],[128.89244,36.32063],[128.88717,36.31689],[128.88623,36.31157],[128.89228,36.30482],[128.88949,36.2974],[128.90484,36.29639],[128.9127,36.29833],[128.91826,36.30469],[128.93101,36.30607],[128.93364,36.31804],[128.94131,36.32544],[128.94494,36.32589],[128.95086,36.33593],[128.96225,36.33882],[128.96612,36.34621],[128.96287,36.35139],[128.9662,36.36111],[128.96212,36.36456],[128.96964,36.38257],[128.9751,36.38858],[128.97621,36.39033],[128.97532,36.39292],[128.98042,36.39964],[128.97934,36.40269],[128.98393,36.40716],[128.9832,36.41539],[128.97297,36.43173],[128.97319,36.43923],[128.97753,36.44553],[128.97389,36.4519],[128.96931,36.45226],[128.96787,36.46142],[128.97445,36.46752],[128.98053,36.46421],[128.98507,36.46535],[128.97944,36.46866],[128.98118,36.47578],[128.97567,36.47903],[128.97554,36.48441],[128.98288,36.48631],[128.99305,36.49783],[128.99426,36.49983],[128.99499,36.50464],[128.99655,36.51064],[128.99293,36.51797],[128.98469,36.51551],[128.98197,36.52489],[128.97265,36.53044],[128.97478,36.54412],[128.98566,36.54814],[128.99193,36.54872],[128.98815,36.55741],[128.97921,36.56099],[128.98394,36.56779],[128.9844,36.57345],[128.99073,36.57681],[129.00075,36.58922],[128.9998,36.59398],[128.99948,36.60044],[128.99591,36.60888],[128.9971,36.61718],[128.99088,36.62388],[128.99145,36.63559],[128.99488,36.6419],[128.98936,36.64775],[128.9966,36.65485],[128.99529,36.66174],[128.98974,36.66634],[128.99332,36.66918],[128.98945,36.67431],[128.99453,36.681],[128.99172,36.68891],[128.99741,36.69505],[128.99718,36.70682],[128.99956,36.71898],[128.99609,36.72277],[128.99695,36.72739],[128.98938,36.73196],[128.98745,36.73567],[128.99062,36.74327],[128.99065,36.74603],[128.99055,36.74779],[128.99055,36.74782],[128.97722,36.74692],[128.964,36.75207],[128.95822,36.76288],[128.95847,36.76584],[128.95252,36.77133],[128.94228,36.7736],[128.9346,36.76946],[128.91939,36.76708],[128.91361,36.7731],[128.90453,36.77629],[128.89659,36.77186],[128.89045,36.77206],[128.88429,36.78297],[128.87167,36.78667],[128.87183,36.78941],[128.86433,36.7944],[128.86282,36.79935],[128.84271,36.80342],[128.84039,36.80904],[128.82158,36.8102],[128.81912,36.80215],[128.81285,36.79569],[128.80672,36.80103],[128.80664,36.80848],[128.80329,36.81101],[128.80446,36.81348]]]},"properties":{"SIGUNGU_CD":"37040","SIGUNGU_NM":"안동시","BASE_DATE":"20250630"}},
{"type":"Feature","geometry":{"type":"Polygon","coordinates":[[[128.28768,36.3463],[128.28211,36.34627],[128.27734,36.35012],[128.27771,36.35739],[128.27003,36.36195],[128.2584,36.36247],[128.25096,36.35705],[128.25131,36.35132],[128.24662,36.35016],[128.23687,36.3352],[128.23261,36.33301],[128.23175,36.3194],[128.2289,36.30315],[128.22236,36.30692],[128.21281,36.3048],[128.20559,36.29866],[128.19869,36.29789],[128.18985,36.30076],[128.18492,36.29735],[128.16771,36.29923],[128.15858,36.29626],[128.1575,36.29541],[128.14906,36.28896],[128.13993,36.2864],[128.13478,36.27635],[128.13278,36.26779],[128.13755,36.26162],[128.13655,36.25728],[128.13686,36.25695],[128.14142,36.25804],[128.1428,36.25746],[128.15639,36.25648],[128.15953,36.25777],[128.1676,36.25356],[128.17232,36.24562],[128.18672,36.24298],[128.19682,36.24475],[128.20127,36.24027],[128.21408,36.23645],[128.21832,36.22999],[128.22602,36.2314],[128.23577,36.22222],[128.23532,36.22157],[128.23339,36.21441],[128.23672,36.20922],[128.23449,36.20172],[128.23646,36.20094],[128.24281,36.19712],[128.25929,36.20161],[128.26236,36.19744],[128.27135,36.19556],[128.27028,36.18913],[128.27295,36.18576],[128.27277,36.1759],[128.27071,36.17407],[128.27845,36.17093],[128.28066,36.17265],[128.2924,36.17091],[128.29377,36.16513],[128.2909,36.15606],[128.28525,36.14929],[128.28703,36.14757],[128.28419,36.14028],[128.29613,36.13243],[128.28917,36.12643],[128.27654,36.11193],[128.27478,36.10447],[128.28799,36.09805],[128.29155,36.09483],[128.29144,36.08843],[128.29204,36.08798],[128.30527,36.08686],[128.311,36.08973],[128.32166,36.09184],[128.33061,36.09138],[128.33583,36.0825],[128.34289,36.08015],[128.35122,36.06696],[128.35741,36.0666],[128.3612,36.06058],[128.37137,36.06611],[128.37693,36.06494],[128.38649,36.0702],[128.38212,36.0744],[128.39001,36.08012],[128.39548,36.09096],[128.40497,36.09211],[128.40865,36.0834],[128.41494,36.0827],[128.42228,36.08845],[128.42929,36.07994],[128.44606,36.07796],[128.44813,36.07422],[128.46287,36.06974],[128.46967,36.07226],[128.46355,36.07911],[128.46501,36.08328],[128.47711,36.0927],[128.47651,36.10034],[128.47893,36.10514],[128.4851,36.10871],[128.49012,36.11727],[128.49191,36.1259],[128.49521,36.12318],[128.49756,36.11362],[128.50782,36.10987],[128.52036,36.1146],[128.52639,36.11156],[128.5433,36.11243],[128.5472,36.10887],[128.56284,36.11112],[128.56159,36.11937],[128.55488,36.12162],[128.54859,36.13216],[128.55291,36.13906],[128.54827,36.1407],[128.55019,36.15065],[128.54241,36.15467],[128.54008,36.16109],[128.54487,36.1661],[128.55237,36.16491],[128.55688,36.17717],[128.54864,36.18004],[128.53661,36.19493],[128.5275,36.19749],[128.52278,36.20142],[128.51601,36.1997],[128.51342,36.19223],[128.50711,36.18557],[128.50294,36.18488],[128.49887,36.19601],[128.49321,36.2007],[128.49407,36.20622],[128.49156,36.21272],[128.48792,36.21472],[128.48916,36.22028],[128.47974,36.22562],[128.48561,36.23026],[128.4851,36.2331],[128.47845,36.23471],[128.4716,36.22916],[128.46739,36.23026],[128.4509,36.22174],[128.44386,36.22122],[128.44095,36.21836],[128.434,36.23435],[128.42545,36.23616],[128.42382,36.24225],[128.41765,36.24586],[128.42074,36.26619],[128.42644,36.27541],[128.41044,36.2872],[128.40685,36.28719],[128.39596,36.29306],[128.38786,36.3042],[128.38926,36.30964],[128.38037,36.31221],[128.37874,36.3226],[128.37242,36.32497],[128.36752,36.33134],[128.36573,36.33812],[128.34828,36.34317],[128.34602,36.34686],[128.33464,36.34917],[128.3317,36.3425],[128.32575,36.3426],[128.31595,36.33548],[128.31477,36.33075],[128.30542,36.33148],[128.30506,36.33753],[128.30063,36.34511],[128.29752,36.34408],[128.29361,36.34861],[128.28768,36.3463]]]},"properties":{"SIGUNGU_CD":"37050","SIGUNGU_NM":"구미시","BASE_DATE":"20250630"}},
{"type":"Feature","geometry":{"type":"Polygon","coordinates":[[[128.7091,37.03936],[128.70632,37.04009],[128.70506,37.04012],[128.70413,37.04092],[128.7004,37.04083],[128.68907,37.05305],[128.68373,37.05144],[128.67565,37.05885],[128.6574,37.06117],[128.65225,37.06558],[128.6521,37.06544],[128.63935,37.054],[128.63292,37.0405],[128.62283,37.04534],[128.62171,37.04908],[128.60844,37.05281],[128.60679,37.0434],[128.59683,37.04177],[128.58353,37.04373],[128.57773,37.03557],[128.56929,37.03488],[128.56564,37.03153],[128.56693,37.026],[128.57261,37.02197],[128.57034,37.014],[128.56292,37.00789],[128.55594,37.0057],[128.55473,36.99829],[128.54421,36.99257],[128.53553,36.99022],[128.52968,36.99081],[128.51547,36.98682],[128.51461,36.97758],[128.50642,36.97319],[128.50673,36.97008],[128.48583,36.96168],[128.4849,36.95747],[128.47705,36.95744],[128.47547,36.95687],[128.46278,36.94738],[128.4604,36.93401],[128.44159,36.92735],[128.44517,36.91741],[128.44016,36.90287],[128.43616,36.89708],[128.42679,36.88924],[128.42816,36.88477],[128.42397,36.87653],[128.43843,36.87327],[128.44334,36.86845],[128.44676,36.86531],[128.44666,36.85337],[128.44899,36.84861],[128.45933,36.8454],[128.46276,36.84695],[128.48159,36.83468],[128.48262,36.82985],[128.47336,36.81643],[128.47117,36.80352],[128.47404,36.80011],[128.47653,36.78662],[128.47505,36.77664],[128.48218,36.77694],[128.49577,36.76944],[128.49682,36.76628],[128.50895,36.76383],[128.51797,36.7715],[128.52968,36.77077],[128.53666,36.77353],[128.54266,36.76717],[128.55133,36.76911],[128.5539,36.76268],[128.56096,36.76048],[128.56609,36.75175],[128.56625,36.74752],[128.5712,36.74302],[128.57019,36.73567],[128.57288,36.73618],[128.57383,36.73578],[128.57532,36.73462],[128.57691,36.73249],[128.57682,36.73312],[128.57841,36.73218],[128.57684,36.73109],[128.57663,36.73015],[128.57662,36.72675],[128.58476,36.72296],[128.58262,36.71751],[128.58339,36.70936],[128.58978,36.70469],[128.59034,36.70097],[128.59216,36.70098],[128.59609,36.70195],[128.59548,36.71025],[128.59818,36.71506],[128.60665,36.71715],[128.61445,36.71245],[128.61817,36.71526],[128.62771,36.71659],[128.62973,36.71966],[128.63996,36.71843],[128.64106,36.71828],[128.64262,36.71765],[128.64385,36.71567],[128.64991,36.71078],[128.66688,36.71271],[128.6765,36.70201],[128.68495,36.70028],[128.69379,36.70255],[128.69852,36.70674],[128.70752,36.70007],[128.70788,36.70008],[128.71507,36.70311],[128.71799,36.7026],[128.71997,36.70262],[128.72112,36.70215],[128.7236,36.69934],[128.72469,36.69807],[128.72715,36.69602],[128.72908,36.69537],[128.73192,36.69623],[128.73466,36.69656],[128.73602,36.69987],[128.73519,36.70168],[128.7378,36.7022],[128.73828,36.70314],[128.73736,36.70639],[128.73708,36.70733],[128.72918,36.71409],[128.73354,36.71955],[128.73537,36.72662],[128.73204,36.72845],[128.73416,36.73752],[128.73746,36.73884],[128.73718,36.74453],[128.74295,36.74995],[128.74302,36.75594],[128.73564,36.76268],[128.74522,36.77813],[128.73678,36.78359],[128.73793,36.79178],[128.74069,36.79014],[128.74153,36.79228],[128.74334,36.79579],[128.7434,36.79772],[128.73671,36.80196],[128.73529,36.79559],[128.72829,36.79006],[128.72126,36.80101],[128.7276,36.81166],[128.7272,36.81889],[128.71784,36.81894],[128.71298,36.82203],[128.71723,36.83026],[128.72822,36.83078],[128.73662,36.8441],[128.73211,36.84683],[128.72684,36.85422],[128.72656,36.8661],[128.72027,36.86774],[128.71512,36.86431],[128.70543,36.8671],[128.70279,36.86196],[128.6832,36.86244],[128.68216,36.85781],[128.67723,36.85584],[128.67787,36.84908],[128.67351,36.84792],[128.67447,36.84253],[128.66763,36.84504],[128.66372,36.84213],[128.65944,36.85029],[128.64789,36.85589],[128.64629,36.85454],[128.64485,36.85326],[128.64292,36.85622],[128.64427,36.86313],[128.64655,36.86495],[128.65432,36.86755],[128.65522,36.87276],[128.65005,36.87806],[128.65177,36.88186],[128.64431,36.87952],[128.63877,36.8857],[128.64392,36.89932],[128.64682,36.90149],[128.64919,36.90981],[128.6549,36.91161],[128.65913,36.90977],[128.66657,36.91786],[128.66645,36.92364],[128.65881,36.93078],[128.66486,36.94316],[128.67336,36.94246],[128.67835,36.95379],[128.68162,36.95359],[128.68605,36.96088],[128.68806,36.97079],[128.69294,36.97377],[128.69027,36.97851],[128.69253,36.98503],[128.69197,36.99483],[128.6945,36.99898],[128.69267,37.00455],[128.70205,37.01254],[128.69975,37.01767],[128.70194,37.03164],[128.7081,37.03874],[128.7091,37.03936]]]},"properties":{"SIGUNGU_CD":"37060","SIGUNGU_NM":"영주시","BASE_DATE":"20250630"}},
{"type":"Feature","geometry":{"type":"Polygon","coordinates":[[[128.92817,36.17946],[128.9236,36.18253],[128.91956,36.18459],[128.91499,36.18039],[128.9096,36.18073],[128.90455,36.17717],[128.89728,36.17672],[128.89501,36.1732],[128.89445,36.16941],[128.9002,36.16238],[128.89161,36.15504],[128.88986,36.14253],[128.8743,36.14284],[128.86798,36.14524],[128.85857,36.14497],[128.85087,36.13805],[128.85344,36.12842],[128.85095,36.11818],[128.84314,36.11292],[128.83784,36.11305],[128.83262,36.10199],[128.82228,36.10047],[128.81883,36.09413],[128.81131,36.08933],[128.79853,36.08532],[128.78848,36.08614],[128.78762,36.08914],[128.77648,36.09567],[128.76943,36.09691],[128.76452,36.10066],[128.75367,36.09078],[128.75164,36.10305],[128.74501,36.10931],[128.74413,36.10235],[128.73634,36.09941],[128.73361,36.09426],[128.72293,36.09027],[128.7275,36.08681],[128.72939,36.08097],[128.72372,36.07352],[128.72144,36.07313],[128.71404,36.07548],[128.71146,36.06782],[128.70287,36.05551],[128.70411,36.04441],[128.69644,36.03513],[128.69984,36.02866],[128.69416,36.01821],[128.69678,36.01459],[128.70138,36.01085],[128.71786,36.00813],[128.72576,36.00395],[128.72688,36.00323],[128.72821,35.99836],[128.7336,35.99392],[128.7347,35.99308],[128.73626,35.99373],[128.74,35.99387],[128.74497,35.99174],[128.74866,35.99054],[128.75644,35.99021],[128.76989,35.98298],[128.78281,35.9852],[128.78676,35.98818],[128.80903,35.97383],[128.81188,35.97344],[128.81261,35.9658],[128.82784,35.96418],[128.83445,35.96753],[128.83616,35.96779],[128.83939,35.9652],[128.8508,35.96017],[128.85245,35.95927],[128.85633,35.95535],[128.85786,35.95512],[128.85936,35.95388],[128.85911,35.95209],[128.86084,35.93343],[128.86238,35.92924],[128.85298,35.92138],[128.85596,35.91312],[128.8534,35.90842],[128.85533,35.89976],[128.87002,35.8943],[128.87482,35.88898],[128.8708,35.88424],[128.86625,35.88372],[128.85904,35.8776],[128.86139,35.87209],[128.87283,35.86592],[128.87566,35.86025],[128.87566,35.85149],[128.87999,35.84877],[128.88286,35.84346],[128.89245,35.8447],[128.89631,35.83697],[128.90699,35.83503],[128.90959,35.83157],[128.91502,35.83727],[128.92288,35.83619],[128.93371,35.83718],[128.94101,35.83498],[128.94458,35.83009],[128.9501,35.83272],[128.95924,35.8419],[128.96856,35.84151],[128.96949,35.84078],[128.97042,35.83564],[128.97358,35.83453],[128.97751,35.83265],[128.9852,35.83408],[128.9878,35.83522],[128.99372,35.84035],[129.00354,35.84219],[129.00989,35.84495],[129.01226,35.84432],[129.01343,35.84558],[129.01419,35.84566],[129.01523,35.8462],[129.01331,35.84642],[129.02408,35.86344],[129.02682,35.86366],[129.03261,35.87066],[129.02705,35.88927],[129.02496,35.89055],[129.02786,35.89807],[129.02642,35.90656],[129.03503,35.9086],[129.0375,35.91253],[129.04603,35.91354],[129.0469,35.91835],[129.0548,35.91994],[129.06168,35.93089],[129.05823,35.93303],[129.0668,35.9419],[129.07844,35.9416],[129.08918,35.93846],[129.095,35.94052],[129.10543,35.93417],[129.11385,35.92331],[129.11411,35.918],[129.11893,35.91708],[129.12157,35.92207],[129.12737,35.92178],[129.13358,35.92761],[129.13611,35.933],[129.12962,35.94026],[129.12881,35.94799],[129.12671,35.94995],[129.11614,35.96173],[129.11874,35.96926],[129.11721,35.98547],[129.11102,35.99717],[129.11336,36.00069],[129.11093,36.00515],[129.11477,36.0135],[129.12292,36.00647],[129.13491,36.00629],[129.14403,36.01039],[129.1424,36.02223],[129.13414,36.03456],[129.13877,36.04024],[129.14544,36.04395],[129.15111,36.05485],[129.15133,36.05483],[129.13612,36.0622],[129.13359,36.06827],[129.13461,36.07444],[129.12766,36.08083],[129.1127,36.07896],[129.1121,36.08202],[129.10514,36.08547],[129.09397,36.09621],[129.09457,36.10521],[129.09947,36.10698],[129.10518,36.11405],[129.09849,36.12188],[129.08917,36.11825],[129.08101,36.11759],[129.07851,36.11141],[129.07098,36.11409],[129.06675,36.12373],[129.05937,36.1296],[129.06454,36.13501],[129.06328,36.14296],[129.04732,36.15026],[129.04434,36.15597],[129.0364,36.15553],[129.0307,36.15888],[129.01952,36.16036],[129.01275,36.16366],[129.00577,36.1635],[129.00315,36.16551],[128.9939,36.16822],[128.9876,36.16791],[128.98418,36.16788],[128.9801,36.16655],[128.97378,36.16175],[128.96898,36.16127],[128.96274,36.16655],[128.94988,36.16897],[128.93728,36.17936],[128.92817,36.17946]]]},"properties":{"SIGUNGU_CD":"37070","SIGUNGU_NM":"영천시","BASE_DATE":"20250630"}},
{"type":"Feature","geometry":{"type":"Polygon","coordinates":[[[127.88012,36.65509],[127.87496,36.65546],[127.87013,36.64552],[127.86353,36.6407],[127.86197,36.6361],[127.84675,36.63399],[127.85056,36.63125],[127.84784,36.62494],[127.84981,36.61958],[127.85573,36.61758],[127.8583,36.61353],[127.85519,36.61188],[127.84911,36.61282],[127.8407,36.60829],[127.82994,36.61262],[127.82753,36.61077],[127.821,36.61331],[127.81857,36.6083],[127.81207,36.60758],[127.80648,36.60365],[127.79918,36.60238],[127.79694,36.59785],[127.79848,36.58644],[127.8049,36.58139],[127.81297,36.57951],[127.82447,36.57091],[127.83016,36.57428],[127.83707,36.5701],[127.84326,36.56898],[127.85236,36.57115],[127.86042,36.56795],[127.86647,36.56042],[127.87032,36.55915],[127.87299,36.55133],[127.87048,36.54282],[127.87901,36.53471],[127.88872,36.53369],[127.9026,36.52745],[127.90107,36.51946],[127.90318,36.51101],[127.90486,36.50929],[127.90611,36.50614],[127.90082,36.50002],[127.89486,36.49836],[127.88871,36.49314],[127.88047,36.49327],[127.87609,36.48837],[127.87528,36.48317],[127.88062,36.48063],[127.88238,36.47587],[127.87837,36.46708],[127.88196,36.46184],[127.87968,36.45407],[127.87139,36.44157],[127.87424,36.43831],[127.8756,36.428],[127.87368,36.42385],[127.88272,36.42435],[127.87907,36.41661],[127.87569,36.41435],[127.87367,36.40657],[127.86387,36.40304],[127.86464,36.39147],[127.87572,36.39059],[127.8792,36.38336],[127.88417,36.38001],[127.88047,36.37237],[127.87981,36.37138],[127.88367,36.37064],[127.88653,36.36361],[127.89127,36.35969],[127.88564,36.3547],[127.88261,36.34592],[127.87015,36.34349],[127.86576,36.33558],[127.85203,36.33041],[127.85039,36.32025],[127.84591,36.31823],[127.84519,36.31644],[127.84532,36.31638],[127.84148,36.31],[127.84266,36.30738],[127.84686,36.30076],[127.84559,36.29483],[127.84918,36.2888],[127.84952,36.28119],[127.85232,36.27383],[127.86087,36.27708],[127.87643,36.27579],[127.88264,36.27375],[127.88871,36.28736],[127.8921,36.29193],[127.90288,36.301],[127.90563,36.2986],[127.90712,36.28649],[127.91153,36.28319],[127.92353,36.27871],[127.93091,36.27801],[127.93793,36.26906],[127.94736,36.26724],[127.94834,36.25748],[127.95461,36.25722],[127.96017,36.25237],[127.96812,36.25033],[127.97832,36.25459],[127.97672,36.25929],[127.98115,36.26371],[127.99053,36.26338],[127.99441,36.26744],[128.00048,36.26644],[128.00907,36.27201],[128.01134,36.27195],[128.01903,36.26729],[128.02622,36.2679],[128.03133,36.262],[128.04735,36.25655],[128.04551,36.25232],[128.04645,36.25173],[128.05042,36.24425],[128.0573,36.2436],[128.06094,36.24667],[128.06667,36.24289],[128.07716,36.24135],[128.08775,36.24915],[128.09142,36.25373],[128.09665,36.25227],[128.10248,36.24312],[128.10873,36.23716],[128.11361,36.24021],[128.11426,36.24129],[128.12139,36.24622],[128.12034,36.25297],[128.13114,36.25124],[128.13703,36.25667],[128.13655,36.25728],[128.13755,36.26162],[128.13278,36.26779],[128.13478,36.27635],[128.13993,36.2864],[128.14906,36.28896],[128.1575,36.29541],[128.15858,36.29626],[128.16771,36.29923],[128.18492,36.29735],[128.18985,36.30076],[128.19869,36.29789],[128.20559,36.29866],[128.21281,36.3048],[128.22236,36.30692],[128.2289,36.30315],[128.23175,36.3194],[128.23261,36.33301],[128.23687,36.3352],[128.24662,36.35016],[128.25131,36.35132],[128.25096,36.35705],[128.2584,36.36247],[128.27003,36.36195],[128.27771,36.35739],[128.27734,36.35012],[128.28211,36.34627],[128.28768,36.3463],[128.2967,36.35268],[128.30422,36.36082],[128.31034,36.36415],[128.31201,36.37535],[128.3175,36.38763],[128.32314,36.3855],[128.32933,36.38904],[128.33271,36.39938],[128.33904,36.40495],[128.33336,36.41239],[128.33354,36.42113],[128.32685,36.42407],[128.32189,36.42344],[128.32164,36.43225],[128.32651,36.43693],[128.32187,36.44566],[128.31848,36.44681],[128.31404,36.45408],[128.31351,36.45459],[128.30875,36.45439],[128.29964,36.46347],[128.29529,36.46509],[128.29115,36.46183],[128.28058,36.46355],[128.27918,36.47184],[128.26745,36.47756],[128.26205,36.47698],[128.2703,36.48678],[128.26615,36.49756],[128.26437,36.50712],[128.2666,36.51631],[128.27085,36.51922],[128.26797,36.53579],[128.26674,36.53271],[128.26366,36.5319],[128.25245,36.53527],[128.23575,36.53005],[128.2223,36.53471],[128.21705,36.53946],[128.21654,36.56107],[128.21864,36.56731],[128.21762,36.57264],[128.20615,36.57221],[128.2067,36.57852],[128.2016,36.57874],[128.19028,36.58379],[128.18208,36.58128],[128.18008,36.59012],[128.17496,36.5969],[128.16211,36.59655],[128.15826,36.60024],[128.15172,36.59933],[128.1453,36.6077],[128.13613,36.61297],[128.12704,36.6157],[128.1197,36.62193],[128.11196,36.6163],[128.11231,36.61093],[128.10527,36.60663],[128.10163,36.60866],[128.08369,36.6094],[128.07151,36.60532],[128.07211,36.59885],[128.06235,36.58724],[128.05737,36.58556],[128.05666,36.57876],[128.06622,36.56142],[128.05812,36.55681],[128.05406,36.54621],[128.04054,36.54825],[128.0275,36.54744],[128.01651,36.54395],[128.00473,36.55066],[127.99753,36.54979],[127.99287,36.54497],[127.98299,36.54572],[127.97851,36.5433],[127.9809,36.53623],[127.97764,36.53306],[127.98117,36.5275],[127.97807,36.51854],[127.97959,36.51386],[127.96727,36.51714],[127.95813,36.52441],[127.95281,36.52311],[127.93975,36.52632],[127.93187,36.5322],[127.93028,36.53602],[127.93777,36.53762],[127.9357,36.54442],[127.94003,36.55114],[127.93283,36.55798],[127.93693,36.56964],[127.93055,36.57758],[127.93319,36.58302],[127.93227,36.59197],[127.92431,36.59972],[127.92395,36.60202],[127.91996,36.60112],[127.9188,36.60868],[127.91138,36.61532],[127.90859,36.62593],[127.89017,36.62887],[127.8879,36.63464],[127.88924,36.63984],[127.88235,36.6465],[127.88012,36.65509]]]},"properties":{"SIGUNGU_CD":"37080","SIGUNGU_NM":"상주시","BASE_DATE":"20250630"}},
{"type":"Feature","geometry":{"type":"Polygon","coordinates":[[[128.26804,36.86095],[128.26503,36.86414],[128.25196,36.86702],[128.24452,36.87056],[128.24174,36.8722],[128.2395,36.8651],[128.23466,36.86283],[128.23423,36.85599],[128.23871,36.85018],[128.23702,36.84535],[128.23013,36.84537],[128.21254,36.84973],[128.21112,36.84117],[128.21451,36.83485],[128.21733,36.81828],[128.21621,36.81246],[128.20717,36.81242],[128.19368,36.81712],[128.1848,36.81663],[128.17132,36.8221],[128.16263,36.82099],[128.15143,36.82324],[128.14984,36.82758],[128.14106,36.83348],[128.13464,36.83294],[128.13357,36.8328],[128.13398,36.82844],[128.12893,36.8248],[128.10988,36.82147],[128.10818,36.81044],[128.10585,36.80595],[128.09296,36.80286],[128.0935,36.79678],[128.08383,36.7993],[128.08537,36.8042],[128.0791,36.80853],[128.07804,36.8095],[128.0718,36.81455],[128.0642,36.81744],[128.05964,36.81677],[128.05926,36.81359],[128.05795,36.80701],[128.05397,36.8052],[128.05613,36.79842],[128.05498,36.79266],[128.04831,36.78322],[128.0448,36.77105],[128.03237,36.75517],[128.03232,36.74758],[128.05072,36.73671],[128.05556,36.73042],[128.06799,36.72223],[128.07272,36.71189],[128.07038,36.7077],[128.0587,36.70895],[128.04969,36.70776],[128.03191,36.71878],[128.02578,36.71906],[128.01939,36.7237],[128.01484,36.73019],[128.00651,36.72545],[128.00194,36.71726],[127.98685,36.71755],[127.98025,36.72008],[127.97072,36.73091],[127.95697,36.73559],[127.95361,36.72268],[127.94918,36.71988],[127.94953,36.70805],[127.94648,36.70621],[127.93357,36.70649],[127.93098,36.70191],[127.93159,36.69442],[127.92646,36.69033],[127.91585,36.69399],[127.91175,36.69265],[127.89817,36.69312],[127.88751,36.69135],[127.88141,36.68769],[127.88198,36.68345],[127.87429,36.68196],[127.88001,36.67871],[127.88762,36.67863],[127.89145,36.68243],[127.89474,36.68114],[127.91297,36.67767],[127.91771,36.66785],[127.92957,36.66877],[127.93221,36.66452],[127.93164,36.6554],[127.93908,36.65275],[127.939,36.64599],[127.93573,36.64418],[127.93381,36.63608],[127.93596,36.633],[127.9314,36.62411],[127.93238,36.61874],[127.92409,36.61545],[127.92386,36.60254],[127.92431,36.59972],[127.93227,36.59197],[127.93319,36.58302],[127.93055,36.57758],[127.93693,36.56964],[127.93283,36.55798],[127.94003,36.55114],[127.9357,36.54442],[127.93777,36.53762],[127.93028,36.53602],[127.93187,36.5322],[127.93975,36.52632],[127.95281,36.52311],[127.95813,36.52441],[127.96727,36.51714],[127.97959,36.51386],[127.97807,36.51854],[127.98117,36.5275],[127.97764,36.53306],[127.9809,36.53623],[127.97851,36.5433],[127.98299,36.54572],[127.99287,36.54497],[127.99753,36.54979],[128.00473,36.55066],[128.01651,36.54395],[128.0275,36.54744],[128.04054,36.54825],[128.05406,36.54621],[128.05812,36.55681],[128.06622,36.56142],[128.05666,36.57876],[128.05737,36.58556],[128.06235,36.58724],[128.07211,36.59885],[128.07151,36.60532],[128.08369,36.6094],[128.10163,36.60866],[128.10527,36.60663],[128.11231,36.61093],[128.11196,36.6163],[128.1197,36.62193],[128.12704,36.6157],[128.13613,36.61297],[128.1453,36.6077],[128.15172,36.59933],[128.15826,36.60024],[128.16211,36.59655],[128.17496,36.5969],[128.18008,36.59012],[128.18208,36.58128],[128.19028,36.58379],[128.2016,36.57874],[128.2067,36.57852],[128.20615,36.57221],[128.21762,36.57264],[128.21864,36.56731],[128.21654,36.56107],[128.21705,36.53946],[128.2223,36.53471],[128.23575,36.53005],[128.25245,36.53527],[128.26366,36.5319],[128.26674,36.53271],[128.26797,36.53579],[128.26315,36.54155],[128.26351,36.54535],[128.263,36.5476],[128.26498,36.55196],[128.29694,36.55352],[128.2936,36.55907],[128.29532,36.56339],[128.29587,36.57833],[128.28556,36.57773],[128.28217,36.58798],[128.27524,36.59662],[128.26294,36.60568],[128.26064,36.61145],[128.27224,36.60951],[128.27327,36.61559],[128.28185,36.61631],[128.28734,36.62114],[128.28676,36.62784],[128.29747,36.63217],[128.29834,36.63589],[128.30455,36.63592],[128.30978,36.64155],[128.30787,36.65202],[128.30899,36.6561],[128.31944,36.65637],[128.32163,36.64675],[128.33385,36.64208],[128.33825,36.64662],[128.3402,36.64693],[128.34824,36.6476],[128.34841,36.64954],[128.34969,36.65412],[128.33545,36.65854],[128.33423,36.66539],[128.32801,36.66809],[128.32042,36.67829],[128.3336,36.68779],[128.3369,36.69364],[128.33092,36.69665],[128.33492,36.70362],[128.33555,36.71365],[128.33169,36.72182],[128.3347,36.72329],[128.33238,36.73499],[128.33705,36.73638],[128.33907,36.74086],[128.36173,36.74071],[128.36922,36.75203],[128.36333,36.76132],[128.36777,36.7676],[128.3645,36.77438],[128.36905,36.79197],[128.37205,36.79625],[128.37004,36.80089],[128.36797,36.80243],[128.36408,36.80222],[128.35687,36.80677],[128.35676,36.81062],[128.33279,36.81698],[128.32085,36.81564],[128.31612,36.81686],[128.31575,36.82276],[128.31082,36.82828],[128.30584,36.82892],[128.29562,36.83534],[128.28656,36.84503],[128.28243,36.8564],[128.2702,36.8601],[128.26804,36.86095]]]},"properties":{"SIGUNGU_CD":"37090","SIGUNGU_NM":"문경시","BASE_DATE":"20250630"}},
{"type":"Feature","geometry":{"type":"Polygon","coordinates":[[[128.74866,35.99054],[128.74497,35.99174],[128.74,35.99387],[128.73626,35.99373],[128.7347,35.99308],[128.73486,35.99296],[128.73097,35.98536],[128.73803,35.97752],[128.74534,35.97403],[128.74299,35.95995],[128.73981,35.9548],[128.74409,35.94396],[128.73667,35.92963],[128.74268,35.9204],[128.7553,35.91501],[128.7598,35.90683],[128.75673,35.90467],[128.75751,35.89627],[128.76127,35.88784],[128.75751,35.87597],[128.7611,35.87474],[128.75773,35.87003],[128.7598,35.86607],[128.75075,35.85751],[128.73857,35.8513],[128.73502,35.85144],[128.72661,35.85686],[128.72435,35.858],[128.72187,35.85695],[128.72687,35.84721],[128.72507,35.83605],[128.71977,35.83606],[128.70864,35.82657],[128.70906,35.8216],[128.71389,35.81751],[128.71606,35.80528],[128.71016,35.80425],[128.70788,35.80039],[128.69747,35.79435],[128.69456,35.79678],[128.68519,35.79098],[128.68233,35.78984],[128.6814,35.78586],[128.6832,35.78138],[128.68707,35.7755],[128.68635,35.76872],[128.69143,35.76395],[128.69549,35.75574],[128.69244,35.7467],[128.69273,35.74546],[128.69366,35.74365],[128.69427,35.74428],[128.70256,35.7437],[128.70303,35.73728],[128.7095,35.73257],[128.71488,35.72113],[128.73352,35.71936],[128.73463,35.7173],[128.7377,35.70885],[128.74156,35.70667],[128.7437,35.70533],[128.75008,35.70296],[128.75273,35.70139],[128.75457,35.70095],[128.76486,35.70116],[128.7666,35.70628],[128.76345,35.70861],[128.76461,35.71783],[128.77371,35.72282],[128.77329,35.727],[128.77817,35.73118],[128.78379,35.73184],[128.78938,35.74374],[128.80086,35.74582],[128.80997,35.74031],[128.8156,35.74307],[128.8271,35.73875],[128.83571,35.74549],[128.84497,35.74143],[128.85004,35.74129],[128.85847,35.74749],[128.85486,35.75683],[128.86051,35.75543],[128.8651,35.75848],[128.87614,35.74799],[128.88611,35.75101],[128.89267,35.75582],[128.89456,35.76403],[128.898,35.76221],[128.90423,35.7486],[128.90784,35.75161],[128.90734,35.75129],[128.91562,35.75758],[128.92501,35.7608],[128.9314,35.75958],[128.94587,35.7824],[128.94382,35.78629],[128.94988,35.79336],[128.95065,35.79874],[128.95664,35.80531],[128.95399,35.81195],[128.95949,35.82571],[128.96564,35.83479],[128.96571,35.83459],[128.97055,35.83554],[128.97042,35.83564],[128.96949,35.84078],[128.96856,35.84151],[128.95924,35.8419],[128.9501,35.83272],[128.94458,35.83009],[128.94101,35.83498],[128.93371,35.83718],[128.92288,35.83619],[128.91502,35.83727],[128.90959,35.83157],[128.90699,35.83503],[128.89631,35.83697],[128.89245,35.8447],[128.88286,35.84346],[128.87999,35.84877],[128.87566,35.85149],[128.87566,35.86025],[128.87283,35.86592],[128.86139,35.87209],[128.85904,35.8776],[128.86625,35.88372],[128.8708,35.88424],[128.87482,35.88898],[128.87002,35.8943],[128.85533,35.89976],[128.8534,35.90842],[128.85596,35.91312],[128.85298,35.92138],[128.86238,35.92924],[128.86084,35.93343],[128.85911,35.95209],[128.85936,35.95388],[128.85786,35.95512],[128.85633,35.95535],[128.85245,35.95927],[128.8508,35.96017],[128.83939,35.9652],[128.83616,35.96779],[128.83445,35.96753],[128.82784,35.96418],[128.81261,35.9658],[128.81188,35.97344],[128.80903,35.97383],[128.78676,35.98818],[128.78281,35.9852],[128.76989,35.98298],[128.75644,35.99021],[128.74866,35.99054]]]},"properties":{"SIGUNGU_CD":"37100","SIGUNGU_NM":"경산시","BASE_DATE":"20250630"}},
{"type":"Feature","geometry":{"type":"Polygon","coordinates":[[[128.36655,36.52947],[128.36127,36.53219],[128.35382,36.52709],[128.34753,36.52759],[128.34103,36.52434],[128.34556,36.51414],[128.33598,36.49937],[128.33875,36.48988],[128.33131,36.4855],[128.32046,36.47137],[128.31458,36.47076],[128.30863,36.46381],[128.31252,36.45818],[128.31404,36.45408],[128.31848,36.44681],[128.32187,36.44566],[128.32651,36.43693],[128.32164,36.43225],[128.32189,36.42344],[128.32685,36.42407],[128.33354,36.42113],[128.33336,36.41239],[128.33904,36.40495],[128.33271,36.39938],[128.32933,36.38904],[128.32314,36.3855],[128.3175,36.38763],[128.31201,36.37535],[128.31034,36.36415],[128.30422,36.36082],[128.2967,36.35268],[128.28768,36.3463],[128.29361,36.34861],[128.29752,36.34408],[128.30063,36.34511],[128.30506,36.33753],[128.30542,36.33148],[128.31477,36.33075],[128.31595,36.33548],[128.32575,36.3426],[128.3317,36.3425],[128.33464,36.34917],[128.34602,36.34686],[128.34828,36.34317],[128.36573,36.33812],[128.36752,36.33134],[128.37242,36.32497],[128.37874,36.3226],[128.38037,36.31221],[128.38926,36.30964],[128.38786,36.3042],[128.39596,36.29306],[128.40685,36.28719],[128.41044,36.2872],[128.41651,36.29872],[128.42789,36.29891],[128.43461,36.30569],[128.43733,36.30432],[128.43804,36.31404],[128.44511,36.3184],[128.45163,36.3272],[128.47103,36.32093],[128.47182,36.31866],[128.47319,36.31218],[128.49115,36.30403],[128.50851,36.30332],[128.51078,36.30067],[128.51805,36.30193],[128.52588,36.29931],[128.52994,36.29383],[128.53567,36.29583],[128.5428,36.29389],[128.54986,36.28424],[128.55183,36.27503],[128.56675,36.27421],[128.57581,36.27993],[128.58881,36.27728],[128.5945,36.27772],[128.59763,36.27133],[128.60891,36.27121],[128.62065,36.26746],[128.62562,36.26607],[128.62993,36.26241],[128.63614,36.26151],[128.6406,36.25751],[128.63849,36.25183],[128.64137,36.2448],[128.63313,36.23866],[128.63665,36.2331],[128.63489,36.21847],[128.63182,36.21621],[128.63541,36.209],[128.63941,36.20748],[128.6487,36.21807],[128.65303,36.21713],[128.65976,36.22138],[128.66464,36.21896],[128.66741,36.21215],[128.67193,36.20834],[128.67389,36.21194],[128.68271,36.21529],[128.69017,36.21219],[128.69421,36.21396],[128.69989,36.20884],[128.69633,36.20215],[128.70857,36.19858],[128.71863,36.20011],[128.71913,36.19808],[128.72748,36.20076],[128.735,36.20073],[128.74592,36.19445],[128.74959,36.19596],[128.75269,36.20281],[128.75798,36.20286],[128.76996,36.19343],[128.78066,36.19438],[128.79645,36.19082],[128.80379,36.20318],[128.8041,36.20981],[128.81337,36.21053],[128.82656,36.21824],[128.83422,36.2146],[128.84205,36.21614],[128.84851,36.21471],[128.85837,36.20781],[128.87122,36.20516],[128.87436,36.19981],[128.88077,36.19886],[128.88317,36.19839],[128.89538,36.20428],[128.89593,36.21318],[128.88313,36.21864],[128.8806,36.22592],[128.86898,36.23251],[128.87911,36.23597],[128.88421,36.24288],[128.88217,36.25271],[128.87178,36.25641],[128.86903,36.25465],[128.85659,36.25457],[128.85049,36.26127],[128.84962,36.26551],[128.86266,36.26796],[128.86343,36.27439],[128.8773,36.27414],[128.879,36.29534],[128.88949,36.2974],[128.89228,36.30482],[128.88623,36.31157],[128.88717,36.31689],[128.89244,36.32063],[128.89263,36.32563],[128.88544,36.34359],[128.87686,36.34483],[128.88107,36.35891],[128.87207,36.37036],[128.87801,36.37592],[128.87261,36.37725],[128.85973,36.3878],[128.85029,36.38828],[128.85139,36.39923],[128.84561,36.40378],[128.84568,36.41164],[128.83745,36.42322],[128.83334,36.4319],[128.83546,36.43667],[128.82969,36.44391],[128.83045,36.45234],[128.81324,36.45383],[128.8097,36.45926],[128.79964,36.45882],[128.79242,36.46595],[128.78216,36.46473],[128.7741,36.47124],[128.76773,36.48057],[128.74731,36.48886],[128.73429,36.47814],[128.72798,36.47638],[128.71882,36.4824],[128.70976,36.47654],[128.71012,36.47304],[128.70413,36.46898],[128.70671,36.45805],[128.7069,36.44802],[128.69957,36.44742],[128.69141,36.44401],[128.68327,36.44428],[128.6752,36.43695],[128.66794,36.43869],[128.66047,36.43586],[128.65361,36.42972],[128.64587,36.42845],[128.63746,36.42969],[128.6333,36.42519],[128.6285,36.42594],[128.62913,36.4207],[128.62104,36.41844],[128.61036,36.41811],[128.60356,36.40514],[128.59796,36.40887],[128.59516,36.42208],[128.59821,36.43164],[128.58927,36.43916],[128.57707,36.44004],[128.57002,36.45091],[128.56643,36.45244],[128.56471,36.46081],[128.56068,36.46319],[128.55899,36.47216],[128.55239,36.47589],[128.55126,36.48906],[128.54358,36.49028],[128.53914,36.49547],[128.52643,36.49885],[128.51773,36.49735],[128.51018,36.50029],[128.5054,36.49906],[128.50064,36.5049],[128.49927,36.51201],[128.49538,36.51658],[128.47765,36.51473],[128.47473,36.49874],[128.46415,36.49892],[128.46064,36.49024],[128.45749,36.49388],[128.4546,36.4909],[128.44512,36.49536],[128.43694,36.50243],[128.4331,36.50284],[128.43198,36.51108],[128.43705,36.51632],[128.42849,36.52037],[128.4278,36.52007],[128.42835,36.52036],[128.42643,36.52076],[128.42005,36.52203],[128.41447,36.52106],[128.40003,36.51008],[128.37553,36.503],[128.3697,36.50893],[128.37071,36.51672],[128.36822,36.51902],[128.36655,36.52947]]]},"properties":{"SIGUNGU_CD":"37520","SIGUNGU_NM":"의성군","BASE_DATE":"20250630"}},
{"type":"Feature","geometry":{"type":"Polygon","coordinates":[[[129.02121,36.58831],[129.01332,36.5885],[128.9998,36.59398],[129.00075,36.58922],[128.99073,36.57681],[128.9844,36.57345],[128.98394,36.56779],[128.97921,36.56099],[128.98815,36.55741],[128.99193,36.54872],[128.98566,36.54814],[128.97478,36.54412],[128.97265,36.53044],[128.98197,36.52489],[128.98469,36.51551],[128.99293,36.51797],[128.99655,36.51064],[128.99499,36.50464],[128.99426,36.49983],[128.99305,36.49783],[128.98288,36.48631],[128.97554,36.48441],[128.97567,36.47903],[128.98118,36.47578],[128.97944,36.46866],[128.98507,36.46535],[128.98053,36.46421],[128.97445,36.46752],[128.96787,36.46142],[128.96931,36.45226],[128.97389,36.4519],[128.97753,36.44553],[128.97319,36.43923],[128.97297,36.43173],[128.9832,36.41539],[128.98393,36.40716],[128.97934,36.40269],[128.98042,36.39964],[128.97532,36.39292],[128.97621,36.39033],[128.9751,36.38858],[128.96964,36.38257],[128.96212,36.36456],[128.9662,36.36111],[128.96287,36.35139],[128.96612,36.34621],[128.96225,36.33882],[128.95086,36.33593],[128.94494,36.32589],[128.94131,36.32544],[128.93364,36.31804],[128.93101,36.30607],[128.91826,36.30469],[128.9127,36.29833],[128.90484,36.29639],[128.88949,36.2974],[128.879,36.29534],[128.8773,36.27414],[128.86343,36.27439],[128.86266,36.26796],[128.84962,36.26551],[128.85049,36.26127],[128.85659,36.25457],[128.86903,36.25465],[128.87178,36.25641],[128.88217,36.25271],[128.88421,36.24288],[128.87911,36.23597],[128.86898,36.23251],[128.8806,36.22592],[128.88313,36.21864],[128.89593,36.21318],[128.89538,36.20428],[128.88317,36.19839],[128.88257,36.19701],[128.88076,36.19023],[128.88508,36.18401],[128.89105,36.18083],[128.89094,36.17622],[128.89501,36.1732],[128.89728,36.17672],[128.90455,36.17717],[128.9096,36.18073],[128.91499,36.18039],[128.91956,36.18459],[128.9236,36.18253],[128.92817,36.17946],[128.93728,36.17936],[128.94988,36.16897],[128.96274,36.16655],[128.96898,36.16127],[128.97378,36.16175],[128.9801,36.16655],[128.98418,36.16788],[128.9876,36.16791],[128.98949,36.16811],[128.99064,36.17522],[129.00118,36.17959],[129.01744,36.1805],[129.0275,36.18481],[129.02815,36.19643],[129.03549,36.20345],[129.03588,36.21321],[129.04204,36.222],[129.05659,36.22397],[129.06224,36.22015],[129.0645,36.22571],[129.08087,36.23398],[129.07362,36.25228],[129.06557,36.25392],[129.06203,36.25216],[129.05602,36.25575],[129.05232,36.26563],[129.06019,36.27096],[129.07043,36.27117],[129.07844,36.27701],[129.08334,36.27668],[129.08888,36.27234],[129.0932,36.27439],[129.09895,36.27069],[129.10206,36.26489],[129.10642,36.26734],[129.11188,36.26427],[129.11702,36.266],[129.12168,36.26172],[129.12618,36.26407],[129.13281,36.26205],[129.13751,36.25509],[129.137,36.25033],[129.14554,36.24344],[129.15274,36.23525],[129.16588,36.23208],[129.17098,36.2248],[129.18658,36.23329],[129.19853,36.2496],[129.20604,36.25735],[129.20714,36.26672],[129.21361,36.26747],[129.21336,36.27143],[129.22263,36.27335],[129.22676,36.27702],[129.22634,36.28326],[129.22107,36.28781],[129.22857,36.29593],[129.22349,36.30185],[129.23129,36.30861],[129.23211,36.3132],[129.24082,36.31881],[129.24878,36.31878],[129.25181,36.32154],[129.25022,36.32438],[129.25379,36.32943],[129.25348,36.33904],[129.24353,36.34607],[129.22855,36.34432],[129.22405,36.34662],[129.21929,36.35967],[129.21647,36.36065],[129.21795,36.37219],[129.22779,36.38022],[129.22674,36.38365],[129.22012,36.38712],[129.22226,36.3923],[129.22787,36.39622],[129.21032,36.4077],[129.21163,36.41393],[129.2091,36.42097],[129.19841,36.43025],[129.18813,36.42654],[129.18026,36.43031],[129.17609,36.43193],[129.1706,36.43591],[129.16911,36.44653],[129.16099,36.45377],[129.16214,36.45792],[129.15198,36.4682],[129.15164,36.46916],[129.14771,36.47764],[129.15098,36.47862],[129.14994,36.48419],[129.15392,36.49268],[129.15215,36.5002],[129.14662,36.50129],[129.14458,36.4991],[129.14305,36.49903],[129.12941,36.5038],[129.13101,36.50805],[129.12749,36.51282],[129.1313,36.51653],[129.12675,36.52185],[129.13103,36.52607],[129.12836,36.53385],[129.1105,36.54091],[129.10785,36.54587],[129.09909,36.54391],[129.06782,36.54245],[129.05916,36.55494],[129.05134,36.55736],[129.05009,36.56567],[129.04483,36.57512],[129.04624,36.58015],[129.0359,36.5823],[129.03198,36.58805],[129.02255,36.58783],[129.02121,36.58831]]]},"properties":{"SIGUNGU_CD":"37530","SIGUNGU_NM":"청송군","BASE_DATE":"20250630"}},
{"type":"Feature","geometry":{"type":"Polygon","coordinates":[[[129.18188,36.87846],[129.17409,36.88137],[129.16521,36.87916],[129.1658,36.87539],[129.15736,36.87664],[129.15554,36.87798],[129.15386,36.8746],[129.13777,36.87368],[129.13626,36.87304],[129.13631,36.87263],[129.1362,36.87031],[129.1292,36.86491],[129.12829,36.85838],[129.11834,36.84412],[129.10383,36.8356],[129.10048,36.82867],[129.08908,36.8243],[129.08019,36.81804],[129.07146,36.82058],[129.0644,36.81786],[129.06312,36.81337],[129.05667,36.80645],[129.05341,36.80631],[129.04669,36.79733],[129.03929,36.79555],[129.03444,36.78917],[129.03281,36.7881],[129.02193,36.78337],[129.01195,36.78278],[129.00833,36.77995],[129.00067,36.7806],[128.99027,36.77679],[128.98463,36.77259],[128.98378,36.76354],[128.99201,36.75599],[128.99163,36.74874],[128.99169,36.74784],[128.99125,36.74799],[128.99055,36.74779],[128.99065,36.74603],[128.99062,36.74327],[128.98745,36.73567],[128.98938,36.73196],[128.99695,36.72739],[128.99609,36.72277],[128.99956,36.71898],[128.99718,36.70682],[128.99741,36.69505],[128.99172,36.68891],[128.99453,36.681],[128.98945,36.67431],[128.99332,36.66918],[128.98974,36.66634],[128.99529,36.66174],[128.9966,36.65485],[128.98936,36.64775],[128.99488,36.6419],[128.99145,36.63559],[128.99088,36.62388],[128.9971,36.61718],[128.99591,36.60888],[128.99948,36.60044],[128.9998,36.59398],[129.01332,36.5885],[129.02121,36.58831],[129.02255,36.58783],[129.03198,36.58805],[129.0359,36.5823],[129.04624,36.58015],[129.04483,36.57512],[129.05009,36.56567],[129.05134,36.55736],[129.05916,36.55494],[129.06782,36.54245],[129.09909,36.54391],[129.10785,36.54587],[129.1105,36.54091],[129.12836,36.53385],[129.13103,36.52607],[129.12675,36.52185],[129.1313,36.51653],[129.12749,36.51282],[129.13101,36.50805],[129.12941,36.5038],[129.14305,36.49903],[129.14458,36.4991],[129.14662,36.50129],[129.15215,36.5002],[129.16318,36.50474],[129.17598,36.50809],[129.18188,36.50748],[129.18854,36.49968],[129.19041,36.50307],[129.20165,36.50101],[129.20506,36.50257],[129.21587,36.49891],[129.21723,36.49613],[129.21803,36.49051],[129.22434,36.48892],[129.22676,36.49461],[129.22289,36.50419],[129.22657,36.51407],[129.24382,36.50849],[129.24796,36.51031],[129.24312,36.51982],[129.23943,36.52105],[129.23913,36.52779],[129.2358,36.53275],[129.23643,36.54065],[129.24207,36.5447],[129.2405,36.55009],[129.24184,36.55977],[129.2471,36.55998],[129.24312,36.56674],[129.23674,36.56748],[129.23134,36.57758],[129.23104,36.58302],[129.21736,36.58774],[129.21757,36.59134],[129.22388,36.59762],[129.22251,36.60391],[129.23101,36.60424],[129.22926,36.61482],[129.23068,36.62029],[129.23648,36.62065],[129.23943,36.62451],[129.23934,36.63406],[129.22992,36.64754],[129.23272,36.66157],[129.2498,36.66815],[129.25381,36.6712],[129.26034,36.66858],[129.26717,36.67387],[129.26975,36.6753],[129.27856,36.68154],[129.27628,36.69169],[129.28278,36.69535],[129.28673,36.7039],[129.28624,36.7083],[129.29454,36.71904],[129.28776,36.71891],[129.28094,36.72333],[129.27533,36.72308],[129.27046,36.72774],[129.27292,36.74075],[129.2717,36.74474],[129.28467,36.75181],[129.29284,36.75228],[129.2976,36.75646],[129.29655,36.76796],[129.30329,36.77668],[129.30914,36.77382],[129.31412,36.78078],[129.31208,36.78612],[129.30612,36.79277],[129.30098,36.79347],[129.29239,36.80574],[129.28755,36.80864],[129.29082,36.82119],[129.29388,36.82392],[129.28843,36.83302],[129.28139,36.83198],[129.27266,36.83338],[129.27073,36.84074],[129.27742,36.84734],[129.27506,36.85052],[129.27562,36.85885],[129.28526,36.86505],[129.27945,36.87381],[129.27574,36.87519],[129.27163,36.87149],[129.26068,36.87138],[129.26276,36.87642],[129.25711,36.87347],[129.25521,36.86011],[129.24702,36.85231],[129.23462,36.85315],[129.22624,36.85613],[129.23238,36.86308],[129.22121,36.86104],[129.21772,36.85836],[129.21129,36.86368],[129.20832,36.85682],[129.20092,36.86217],[129.19561,36.86974],[129.19585,36.87479],[129.19224,36.8793],[129.1849,36.87941],[129.18188,36.87846]]]},"properties":{"SIGUNGU_CD":"37540","SIGUNGU_NM":"영양군","BASE_DATE":"20250630"}},
{"type":"Feature","geometry":{"type":"Polygon","coordinates":[[[129.27037,36.67356],[129.26717,36.67387],[129.26034,36.66858],[129.25381,36.6712],[129.2498,36.66815],[129.23272,36.66157],[129.22992,36.64754],[129.23934,36.63406],[129.23943,36.62451],[129.23648,36.62065],[129.23068,36.62029],[129.22926,36.61482],[129.23101,36.60424],[129.22251,36.60391],[129.22388,36.59762],[129.21757,36.59134],[129.21736,36.58774],[129.23104,36.58302],[129.23134,36.57758],[129.23674,36.56748],[129.24312,36.56674],[129.2471,36.55998],[129.24184,36.55977],[129.2405,36.55009],[129.24207,36.5447],[129.23643,36.54065],[129.2358,36.53275],[129.23913,36.52779],[129.23943,36.52105],[129.24312,36.51982],[129.24796,36.51031],[129.24382,36.50849],[129.22657,36.51407],[129.22289,36.50419],[129.22676,36.49461],[129.22434,36.48892],[129.21803,36.49051],[129.21723,36.49613],[129.21587,36.49891],[129.20506,36.50257],[129.20165,36.50101],[129.19041,36.50307],[129.18854,36.49968],[129.18188,36.50748],[129.17598,36.50809],[129.16318,36.50474],[129.15215,36.5002],[129.15392,36.49268],[129.14994,36.48419],[129.15098,36.47862],[129.14771,36.47764],[129.15164,36.46916],[129.15198,36.4682],[129.16214,36.45792],[129.16099,36.45377],[129.16911,36.44653],[129.1706,36.43591],[129.17609,36.43193],[129.18026,36.43031],[129.18813,36.42654],[129.19841,36.43025],[129.2091,36.42097],[129.21163,36.41393],[129.21032,36.4077],[129.22787,36.39622],[129.22226,36.3923],[129.22012,36.38712],[129.22674,36.38365],[129.22779,36.38022],[129.21795,36.37219],[129.21647,36.36065],[129.21929,36.35967],[129.22405,36.34662],[129.22855,36.34432],[129.24353,36.34607],[129.25348,36.33904],[129.25379,36.32943],[129.25022,36.32438],[129.25181,36.32154],[129.25604,36.3238],[129.26665,36.32077],[129.27005,36.33175],[129.27474,36.32764],[129.28644,36.33337],[129.2905,36.32803],[129.29773,36.32387],[129.29828,36.30998],[129.29196,36.3062],[129.29189,36.30197],[129.28518,36.29769],[129.28808,36.28757],[129.28647,36.28637],[129.29336,36.27652],[129.3002,36.27369],[129.30412,36.26787],[129.31568,36.27183],[129.32812,36.26757],[129.33525,36.26899],[129.33986,36.26671],[129.34286,36.27003],[129.3535,36.27306],[129.37127,36.2678],[129.37603,36.2682],[129.38138,36.27484],[129.37581,36.28299],[129.37458,36.28817],[129.37869,36.29116],[129.3776,36.30736],[129.37981,36.30938],[129.37919,36.31916],[129.38232,36.32194],[129.37935,36.3331],[129.38226,36.34181],[129.38853,36.34833],[129.38823,36.35543],[129.39503,36.36127],[129.39641,36.36956],[129.4061,36.38177],[129.40733,36.38849],[129.41426,36.39165],[129.4176,36.39848],[129.42267,36.39988],[129.42716,36.4055],[129.43035,36.41512],[129.43619,36.42614],[129.43261,36.44063],[129.43673,36.44683],[129.43516,36.45359],[129.43753,36.46516],[129.43268,36.47684],[129.43539,36.4843],[129.4449,36.48942],[129.44642,36.50368],[129.45252,36.5065],[129.44916,36.51259],[129.444,36.51226],[129.44452,36.51976],[129.4392,36.53661],[129.44112,36.54912],[129.43851,36.5546],[129.43177,36.55729],[129.43326,36.5595],[129.41833,36.57477],[129.41285,36.58414],[129.41013,36.59495],[129.41628,36.60341],[129.41277,36.61433],[129.4121,36.62236],[129.41708,36.63031],[129.41764,36.63935],[129.42321,36.6435],[129.42002,36.64448],[129.41925,36.65059],[129.4109,36.65296],[129.40678,36.65922],[129.39639,36.66151],[129.39693,36.66554],[129.38885,36.66453],[129.38352,36.66885],[129.3615,36.66044],[129.35432,36.65097],[129.34901,36.65678],[129.33009,36.66154],[129.32731,36.66668],[129.31758,36.66563],[129.31046,36.66835],[129.30456,36.66778],[129.2942,36.67141],[129.28542,36.66803],[129.27037,36.67356]]]},"properties":{"SIGUNGU_CD":"37550","SIGUNGU_NM":"영덕군","BASE_DATE":"20250630"}},
{"type":"Feature","geometry":{"type":"Polygon","coordinates":[[[129.01617,35.84373],[129.01696,35.84525],[129.01619,35.84604],[129.01523,35.8462],[129.01419,35.84566],[129.01343,35.84558],[129.01226,35.84432],[129.00989,35.84495],[129.00354,35.84219],[128.99372,35.84035],[128.9878,35.83522],[128.9852,35.83408],[128.97751,35.83265],[128.97358,35.83453],[128.97055,35.83554],[128.96571,35.83459],[128.96564,35.83479],[128.95949,35.82571],[128.95399,35.81195],[128.95664,35.80531],[128.95065,35.79874],[128.94988,35.79336],[128.94382,35.78629],[128.94587,35.7824],[128.9314,35.75958],[128.92501,35.7608],[128.91562,35.75758],[128.90734,35.75129],[128.90784,35.75161],[128.90423,35.7486],[128.898,35.76221],[128.89456,35.76403],[128.89267,35.75582],[128.88611,35.75101],[128.87614,35.74799],[128.8651,35.75848],[128.86051,35.75543],[128.85486,35.75683],[128.85847,35.74749],[128.85004,35.74129],[128.84497,35.74143],[128.83571,35.74549],[128.8271,35.73875],[128.8156,35.74307],[128.80997,35.74031],[128.80086,35.74582],[128.78938,35.74374],[128.78379,35.73184],[128.77817,35.73118],[128.77329,35.727],[128.77371,35.72282],[128.76461,35.71783],[128.76345,35.70861],[128.7666,35.70628],[128.76486,35.70116],[128.75457,35.70095],[128.75273,35.70139],[128.75008,35.70296],[128.7437,35.70533],[128.74156,35.70667],[128.7377,35.70885],[128.73463,35.7173],[128.73352,35.71936],[128.71488,35.72113],[128.7095,35.73257],[128.70303,35.73728],[128.70256,35.7437],[128.69427,35.74428],[128.69211,35.74229],[128.68908,35.73811],[128.69096,35.73089],[128.68929,35.72973],[128.68314,35.72558],[128.68324,35.72145],[128.66352,35.7205],[128.64727,35.71149],[128.64621,35.70817],[128.63825,35.70579],[128.6305,35.70667],[128.624,35.7023],[128.61392,35.70984],[128.61582,35.72017],[128.6101,35.72621],[128.61455,35.72962],[128.61389,35.73689],[128.6075,35.739],[128.6,35.73634],[128.59424,35.73708],[128.5896,35.7315],[128.58242,35.73833],[128.57084,35.73453],[128.56355,35.73588],[128.56099,35.72971],[128.5525,35.7266],[128.54409,35.71943],[128.53331,35.71647],[128.5279,35.71274],[128.53389,35.70326],[128.53186,35.69662],[128.53526,35.69405],[128.52991,35.6835],[128.52974,35.68104],[128.52681,35.6735],[128.53078,35.66274],[128.53743,35.65976],[128.53784,35.65079],[128.53477,35.6437],[128.53817,35.63191],[128.53655,35.6245],[128.55125,35.61655],[128.55873,35.6148],[128.55873,35.60737],[128.56198,35.60268],[128.56941,35.60396],[128.57296,35.59322],[128.58815,35.58515],[128.59269,35.58487],[128.59599,35.58281],[128.6058,35.58024],[128.60816,35.58068],[128.63075,35.58742],[128.63653,35.5847],[128.64409,35.59305],[128.65829,35.59769],[128.66442,35.59375],[128.67424,35.5961],[128.6876,35.59503],[128.69319,35.59088],[128.69494,35.58342],[128.70331,35.57801],[128.71496,35.5776],[128.72462,35.58148],[128.73197,35.57595],[128.73742,35.57715],[128.75561,35.56838],[128.75814,35.56749],[128.76847,35.57084],[128.77104,35.56863],[128.78553,35.56689],[128.79235,35.57047],[128.7974,35.57681],[128.80265,35.58915],[128.80428,35.5894],[128.80889,35.58892],[128.81026,35.58919],[128.82291,35.59577],[128.83365,35.59735],[128.84264,35.58899],[128.85408,35.59718],[128.85936,35.60622],[128.86479,35.60905],[128.86815,35.61612],[128.87388,35.62164],[128.87538,35.63233],[128.88146,35.63548],[128.88724,35.62911],[128.90167,35.63321],[128.91505,35.64062],[128.92924,35.6368],[128.94115,35.63507],[128.9512,35.63015],[128.95359,35.62524],[128.96126,35.62056],[128.96088,35.61558],[128.97281,35.61345],[128.98264,35.60871],[128.98675,35.60912],[128.9971,35.615],[129.00274,35.62026],[129.00967,35.62589],[129.01802,35.62965],[129.02067,35.63497],[129.02661,35.6364],[129.03549,35.63202],[129.04334,35.64097],[129.0469,35.65052],[129.04264,35.65673],[129.04198,35.66262],[129.03521,35.67529],[129.03782,35.68862],[129.03736,35.695],[129.02183,35.68893],[129.00708,35.69456],[129.00423,35.69338],[129.0022,35.70748],[128.99733,35.71106],[128.99756,35.71725],[128.99155,35.7192],[128.98561,35.72697],[128.97976,35.73108],[128.97809,35.73585],[128.97288,35.73742],[128.9756,35.74974],[128.97073,35.75467],[128.97411,35.76544],[128.97764,35.7653],[128.97466,35.7717],[128.98172,35.77359],[128.99018,35.77268],[128.99796,35.78081],[128.99419,35.78429],[128.99479,35.7937],[128.9903,35.79985],[129.00131,35.81321],[129.00886,35.83252],[129.01429,35.83497],[129.01595,35.84169],[129.01617,35.84373]]]},"properties":{"SIGUNGU_CD":"37560","SIGUNGU_NM":"청도군","BASE_DATE":"20250630"}},
{"type":"Feature","geometry":{"type":"Polygon","coordinates":[[[128.41598,35.85176],[128.38759,35.85241],[128.38654,35.85131],[128.39283,35.83822],[128.38155,35.83901],[128.37315,35.83484],[128.37624,35.8321],[128.37885,35.82309],[128.37445,35.81722],[128.36879,35.81682],[128.37017,35.80742],[128.36738,35.79407],[128.36558,35.79339],[128.35026,35.79905],[128.33806,35.79712],[128.32128,35.81229],[128.31368,35.81407],[128.30537,35.81235],[128.29925,35.81508],[128.28981,35.82638],[128.28451,35.82673],[128.2814,35.82735],[128.27811,35.82654],[128.27392,35.82502],[128.2733,35.82109],[128.27451,35.80999],[128.27215,35.80466],[128.2739,35.79722],[128.27051,35.79133],[128.26524,35.79477],[128.24981,35.78948],[128.25187,35.78127],[128.23828,35.78232],[128.23307,35.78702],[128.22507,35.78758],[128.21708,35.79212],[128.21321,35.8001],[128.21359,35.80055],[128.2136,35.80941],[128.20957,35.81592],[128.20271,35.81484],[128.1985,35.81543],[128.18788,35.81934],[128.17658,35.81837],[128.16497,35.81259],[128.16234,35.80546],[128.16527,35.80082],[128.17295,35.79726],[128.17884,35.78734],[128.16477,35.77815],[128.16351,35.77701],[128.16153,35.77001],[128.165,35.76349],[128.17138,35.75967],[128.1741,35.75875],[128.18463,35.75407],[128.18728,35.7533],[128.19378,35.73798],[128.19809,35.73606],[128.19663,35.73038],[128.20125,35.72316],[128.20258,35.71228],[128.20025,35.70931],[128.20436,35.69657],[128.20235,35.69352],[128.20482,35.68392],[128.1993,35.68451],[128.19249,35.68187],[128.19131,35.67878],[128.18414,35.68005],[128.17888,35.67293],[128.1666,35.67409],[128.16009,35.6675],[128.15986,35.66571],[128.16166,35.65978],[128.15953,35.65753],[128.16589,35.65299],[128.17637,35.6568],[128.18524,35.65767],[128.19174,35.65494],[128.19887,35.64915],[128.20123,35.64372],[128.21044,35.6439],[128.21179,35.64135],[128.22018,35.63999],[128.22654,35.64154],[128.23573,35.64044],[128.23775,35.64396],[128.23636,35.65108],[128.24184,35.65512],[128.24351,35.65545],[128.25864,35.6478],[128.26234,35.64274],[128.27736,35.64729],[128.27947,35.65231],[128.29625,35.65073],[128.29728,35.65632],[128.30599,35.65548],[128.31791,35.65149],[128.32404,35.64661],[128.32954,35.64853],[128.33697,35.64525],[128.34917,35.64645],[128.35794,35.63736],[128.36193,35.62893],[128.36459,35.61382],[128.36463,35.61336],[128.37175,35.61088],[128.37341,35.61249],[128.38838,35.61793],[128.40125,35.63273],[128.40004,35.64555],[128.39227,35.65345],[128.37251,35.66662],[128.36232,35.67557],[128.35719,35.6822],[128.35155,35.69746],[128.3518,35.70402],[128.35888,35.7087],[128.38197,35.70155],[128.39706,35.70022],[128.4122,35.69584],[128.42546,35.69923],[128.43398,35.70707],[128.43489,35.71476],[128.43321,35.72333],[128.42165,35.73313],[128.39125,35.74835],[128.38343,35.75826],[128.39212,35.77329],[128.39634,35.77713],[128.40812,35.79921],[128.42083,35.80935],[128.44095,35.80929],[128.44103,35.80602],[128.47043,35.80592],[128.48154,35.81601],[128.48296,35.82301],[128.48122,35.83009],[128.47416,35.83254],[128.46869,35.83846],[128.4666,35.83973],[128.45,35.84666],[128.41598,35.85176]]]},"properties":{"SIGUNGU_CD":"37570","SIGUNGU_NM":"고령군","BASE_DATE":"20250630"}},
{"type":"Feature","geometry":{"type":"Polygon","coordinates":[[[128.22338,36.05504],[128.22313,36.0554],[128.21524,36.04885],[128.20597,36.04513],[128.1943,36.04488],[128.19631,36.03737],[128.19462,36.03197],[128.18528,36.03358],[128.17769,36.03128],[128.16936,36.03552],[128.16433,36.03246],[128.1671,36.02992],[128.16799,36.01953],[128.17336,36.01418],[128.16896,36.01118],[128.16622,35.99946],[128.17075,35.99664],[128.16987,35.9928],[128.16971,35.99206],[128.16745,35.98861],[128.15767,35.9874],[128.15579,35.97896],[128.15089,35.97582],[128.15285,35.96927],[128.15098,35.9663],[128.1315,35.95998],[128.12349,35.96223],[128.11822,35.9593],[128.11189,35.96467],[128.10013,35.9556],[128.09603,35.95514],[128.08842,35.9457],[128.09125,35.93107],[128.08922,35.92688],[128.08799,35.92352],[128.08847,35.9214],[128.08689,35.92103],[128.07891,35.9276],[128.07328,35.92857],[128.07192,35.93576],[128.07095,35.93648],[128.066,35.93699],[128.05615,35.94178],[128.0469,35.93303],[128.04708,35.93168],[128.04855,35.92015],[128.05467,35.91569],[128.0553,35.91181],[128.06069,35.90736],[128.0573,35.90199],[128.06654,35.89591],[128.06553,35.88894],[128.07096,35.87943],[128.08003,35.87316],[128.08685,35.87243],[128.07665,35.86005],[128.07331,35.85051],[128.07736,35.83966],[128.0844,35.837],[128.09003,35.83097],[128.09112,35.83056],[128.09302,35.83175],[128.09478,35.83226],[128.09899,35.83032],[128.11092,35.82388],[128.11937,35.8249],[128.12455,35.81944],[128.12163,35.80878],[128.1219,35.80349],[128.12872,35.79429],[128.12863,35.78934],[128.13578,35.78484],[128.14797,35.78401],[128.15437,35.78645],[128.15894,35.78007],[128.16044,35.77833],[128.16371,35.77719],[128.16477,35.77815],[128.17884,35.78734],[128.17295,35.79726],[128.16527,35.80082],[128.16234,35.80546],[128.16497,35.81259],[128.17658,35.81837],[128.18788,35.81934],[128.1985,35.81543],[128.20271,35.81484],[128.20957,35.81592],[128.2136,35.80941],[128.21359,35.80055],[128.21321,35.8001],[128.21708,35.79212],[128.22507,35.78758],[128.23307,35.78702],[128.23828,35.78232],[128.25187,35.78127],[128.24981,35.78948],[128.26524,35.79477],[128.27051,35.79133],[128.2739,35.79722],[128.27215,35.80466],[128.27451,35.80999],[128.2733,35.82109],[128.27392,35.82502],[128.27811,35.82654],[128.2814,35.82735],[128.28451,35.82673],[128.28981,35.82638],[128.29925,35.81508],[128.30537,35.81235],[128.31368,35.81407],[128.32128,35.81229],[128.33806,35.79712],[128.35026,35.79905],[128.36558,35.79339],[128.36738,35.79407],[128.37017,35.80742],[128.36879,35.81682],[128.37445,35.81722],[128.37885,35.82309],[128.37624,35.8321],[128.37315,35.83484],[128.38155,35.83901],[128.39283,35.83822],[128.38654,35.85131],[128.38351,35.85283],[128.38359,35.86255],[128.38845,35.87176],[128.39913,35.89632],[128.39872,35.90352],[128.39689,35.90711],[128.39908,35.92662],[128.39656,35.94003],[128.39576,35.94165],[128.38728,35.93892],[128.37971,35.93864],[128.37576,35.94166],[128.36866,35.94196],[128.36384,35.9475],[128.36528,35.9498],[128.35937,35.9562],[128.34736,35.95525],[128.34029,35.96377],[128.34258,35.96759],[128.33921,35.97008],[128.33924,35.97557],[128.32943,35.97746],[128.31888,35.98272],[128.31319,35.99326],[128.31406,36.00285],[128.31142,36.00634],[128.31228,36.01473],[128.31761,36.01835],[128.31172,36.02306],[128.31039,36.0289],[128.29602,36.031],[128.28956,36.04058],[128.28994,36.04373],[128.28952,36.0439],[128.28878,36.04314],[128.28657,36.04418],[128.28482,36.04597],[128.26995,36.04863],[128.26104,36.04849],[128.25659,36.05184],[128.24915,36.04819],[128.24104,36.04863],[128.23335,36.05238],[128.2309,36.05366],[128.22625,36.05361],[128.22505,36.05456],[128.22338,36.05504]]]},"properties":{"SIGUNGU_CD":"37580","SIGUNGU_NM":"성주군","BASE_DATE":"20250630"}},
{"type":"Feature","geometry":{"type":"Polygon","coordinates":[[[128.56284,36.11112],[128.5472,36.10887],[128.5433,36.11243],[128.52639,36.11156],[128.52036,36.1146],[128.50782,36.10987],[128.49756,36.11362],[128.49521,36.12318],[128.49191,36.1259],[128.49012,36.11727],[128.4851,36.10871],[128.47893,36.10514],[128.47651,36.10034],[128.47711,36.0927],[128.46501,36.08328],[128.46355,36.07911],[128.46967,36.07226],[128.46287,36.06974],[128.44813,36.07422],[128.44606,36.07796],[128.42929,36.07994],[128.42228,36.08845],[128.41494,36.0827],[128.40865,36.0834],[128.40497,36.09211],[128.39548,36.09096],[128.39001,36.08012],[128.38212,36.0744],[128.38649,36.0702],[128.37693,36.06494],[128.37137,36.06611],[128.3612,36.06058],[128.35741,36.0666],[128.35122,36.06696],[128.34289,36.08015],[128.33583,36.0825],[128.33061,36.09138],[128.32166,36.09184],[128.311,36.08973],[128.30527,36.08686],[128.29204,36.08798],[128.2902,36.0866],[128.28496,36.08108],[128.29111,36.0709],[128.29993,36.0634],[128.30088,36.06242],[128.29942,36.05121],[128.29397,36.05036],[128.28975,36.04383],[128.28994,36.04373],[128.28956,36.04058],[128.29602,36.031],[128.31039,36.0289],[128.31172,36.02306],[128.31761,36.01835],[128.31228,36.01473],[128.31142,36.00634],[128.31406,36.00285],[128.31319,35.99326],[128.31888,35.98272],[128.32943,35.97746],[128.33924,35.97557],[128.33921,35.97008],[128.34258,35.96759],[128.34029,35.96377],[128.34736,35.95525],[128.35937,35.9562],[128.36528,35.9498],[128.36384,35.9475],[128.36866,35.94196],[128.37576,35.94166],[128.37971,35.93864],[128.38728,35.93892],[128.39576,35.94165],[128.39656,35.94003],[128.39908,35.92662],[128.39689,35.90711],[128.39872,35.90352],[128.39898,35.89993],[128.40713,35.90072],[128.41829,35.91663],[128.41809,35.92129],[128.42378,35.92311],[128.4249,35.92804],[128.44013,35.93253],[128.44111,35.93494],[128.45034,35.93504],[128.45416,35.94315],[128.45607,35.94216],[128.4582,35.94122],[128.46303,35.93854],[128.46963,35.93861],[128.47584,35.93547],[128.47617,35.92821],[128.47326,35.92321],[128.47276,35.91444],[128.4654,35.90859],[128.46775,35.90022],[128.47527,35.89446],[128.47848,35.89682],[128.48462,35.89393],[128.49062,35.89758],[128.50034,35.88645],[128.50391,35.88946],[128.50495,35.89169],[128.50465,35.89801],[128.50486,35.89933],[128.51012,35.90993],[128.5169,35.91184],[128.52316,35.91757],[128.5258,35.92292],[128.52946,35.92359],[128.53528,35.93838],[128.53255,35.95054],[128.53481,35.95838],[128.5305,35.96199],[128.5269,35.97585],[128.52835,35.98035],[128.53612,35.97944],[128.54374,35.97444],[128.54634,35.96634],[128.55332,35.96076],[128.55665,35.96976],[128.55637,35.97174],[128.56471,35.97294],[128.57284,35.97831],[128.58234,35.97825],[128.59304,35.98084],[128.59293,35.98336],[128.6035,35.98601],[128.60336,35.98799],[128.61749,36.00674],[128.63058,36.00712],[128.63996,36.00957],[128.63923,36.01287],[128.6369,36.01689],[128.62135,36.02524],[128.62259,36.03781],[128.62773,36.04505],[128.62844,36.05995],[128.63269,36.06684],[128.62759,36.06901],[128.63136,36.07671],[128.62776,36.08016],[128.61821,36.07694],[128.59788,36.07496],[128.59759,36.06689],[128.59446,36.06283],[128.58698,36.06365],[128.58347,36.06789],[128.57199,36.05985],[128.5694,36.05823],[128.56892,36.062],[128.56384,36.06976],[128.56772,36.07984],[128.56901,36.0885],[128.56756,36.09555],[128.56336,36.09833],[128.56522,36.10962],[128.56284,36.11112]]]},"properties":{"SIGUNGU_CD":"37590","SIGUNGU_NM":"칠곡군","BASE_DATE":"20250630"}},
{"type":"Feature","geometry":{"type":"Polygon","coordinates":[[[128.57019,36.73567],[128.5712,36.74302],[128.56625,36.74752],[128.56609,36.75175],[128.56096,36.76048],[128.5539,36.76268],[128.55133,36.76911],[128.54266,36.76717],[128.53666,36.77353],[128.52968,36.77077],[128.51797,36.7715],[128.50895,36.76383],[128.49682,36.76628],[128.49577,36.76944],[128.48218,36.77694],[128.47505,36.77664],[128.47653,36.78662],[128.47404,36.80011],[128.47117,36.80352],[128.47336,36.81643],[128.48262,36.82985],[128.48159,36.83468],[128.46276,36.84695],[128.45933,36.8454],[128.44899,36.84861],[128.4415,36.8376],[128.43411,36.83414],[128.43205,36.82407],[128.42048,36.81151],[128.39963,36.81287],[128.39436,36.81487],[128.38126,36.81388],[128.37331,36.80767],[128.37275,36.80541],[128.3684,36.80208],[128.37004,36.80089],[128.37205,36.79625],[128.36905,36.79197],[128.3645,36.77438],[128.36777,36.7676],[128.36333,36.76132],[128.36922,36.75203],[128.36173,36.74071],[128.33907,36.74086],[128.33705,36.73638],[128.33238,36.73499],[128.3347,36.72329],[128.33169,36.72182],[128.33555,36.71365],[128.33492,36.70362],[128.33092,36.69665],[128.3369,36.69364],[128.3336,36.68779],[128.32042,36.67829],[128.32801,36.66809],[128.33423,36.66539],[128.33545,36.65854],[128.34969,36.65412],[128.34841,36.64954],[128.34824,36.6476],[128.3402,36.64693],[128.33825,36.64662],[128.33385,36.64208],[128.32163,36.64675],[128.31944,36.65637],[128.30899,36.6561],[128.30787,36.65202],[128.30978,36.64155],[128.30455,36.63592],[128.29834,36.63589],[128.29747,36.63217],[128.28676,36.62784],[128.28734,36.62114],[128.28185,36.61631],[128.27327,36.61559],[128.27224,36.60951],[128.26064,36.61145],[128.26294,36.60568],[128.27524,36.59662],[128.28217,36.58798],[128.28556,36.57773],[128.29587,36.57833],[128.29532,36.56339],[128.2936,36.55907],[128.29694,36.55352],[128.26498,36.55196],[128.263,36.5476],[128.26351,36.54535],[128.26315,36.54155],[128.26797,36.53579],[128.27085,36.51922],[128.2666,36.51631],[128.26437,36.50712],[128.26615,36.49756],[128.2703,36.48678],[128.26205,36.47698],[128.26745,36.47756],[128.27918,36.47184],[128.28058,36.46355],[128.29115,36.46183],[128.29529,36.46509],[128.29964,36.46347],[128.30875,36.45439],[128.31351,36.45459],[128.31252,36.45818],[128.30863,36.46381],[128.31458,36.47076],[128.32046,36.47137],[128.33131,36.4855],[128.33875,36.48988],[128.33598,36.49937],[128.34556,36.51414],[128.34103,36.52434],[128.34753,36.52759],[128.35382,36.52709],[128.36127,36.53219],[128.36655,36.52947],[128.36822,36.51902],[128.37071,36.51672],[128.3697,36.50893],[128.37553,36.503],[128.40003,36.51008],[128.41447,36.52106],[128.42005,36.52203],[128.42643,36.52076],[128.42835,36.52036],[128.4278,36.52007],[128.42953,36.5209],[128.4377,36.52208],[128.44016,36.52855],[128.44789,36.53147],[128.45344,36.53649],[128.45691,36.53824],[128.46459,36.53827],[128.46454,36.54139],[128.4564,36.55022],[128.45547,36.55446],[128.46802,36.55988],[128.48323,36.5682],[128.4926,36.56954],[128.49577,36.5825],[128.49908,36.58448],[128.49199,36.58667],[128.49393,36.59978],[128.50492,36.60672],[128.50654,36.60212],[128.51322,36.60063],[128.52096,36.6021],[128.52949,36.60138],[128.52866,36.60584],[128.53253,36.60706],[128.53443,36.61418],[128.52926,36.61828],[128.52196,36.61952],[128.52486,36.62854],[128.53368,36.63015],[128.53793,36.6338],[128.54463,36.63193],[128.55285,36.63666],[128.55885,36.63593],[128.56585,36.64022],[128.56676,36.6464],[128.5781,36.64987],[128.58092,36.6475],[128.59576,36.65245],[128.60427,36.65244],[128.60464,36.65578],[128.60531,36.67209],[128.60123,36.67911],[128.61026,36.68455],[128.6091,36.69281],[128.60494,36.69317],[128.59706,36.69815],[128.59067,36.69835],[128.59046,36.69957],[128.59084,36.69952],[128.59082,36.70098],[128.59034,36.70097],[128.58978,36.70469],[128.58339,36.70936],[128.58262,36.71751],[128.58476,36.72296],[128.57662,36.72675],[128.57663,36.73015],[128.57684,36.73109],[128.57841,36.73218],[128.57682,36.73312],[128.57691,36.73249],[128.57532,36.73462],[128.57383,36.73578],[128.57288,36.73618],[128.57019,36.73567]]]},"properties":{"SIGUNGU_CD":"37600","SIGUNGU_NM":"예천군","BASE_DATE":"20250630"}},
{"type":"Feature","geometry":{"type":"Polygon","coordinates":[[[129.09625,37.10041],[129.0944,37.09939],[129.07695,37.09299],[129.07013,37.08746],[129.0656,37.07875],[129.06742,37.07619],[129.06398,37.06814],[129.05944,37.06525],[129.05343,37.07019],[129.04187,37.07106],[129.03667,37.07617],[129.03241,37.07492],[129.02435,37.07835],[129.02085,37.07654],[129.00063,37.08036],[128.98417,37.08469],[128.97539,37.08101],[128.95927,37.07758],[128.95482,37.07959],[128.95343,37.08492],[128.94566,37.09378],[128.93206,37.09087],[128.92452,37.09177],[128.92332,37.09212],[128.91506,37.08371],[128.91693,37.0787],[128.91037,37.06962],[128.91042,37.06613],[128.89807,37.0576],[128.89739,37.0489],[128.89761,37.04642],[128.89642,37.04452],[128.88734,37.05036],[128.87854,37.05326],[128.87684,37.04608],[128.87248,37.04395],[128.86595,37.04794],[128.84687,37.05161],[128.84402,37.05717],[128.83595,37.06594],[128.83167,37.0674],[128.83208,37.07508],[128.82938,37.07846],[128.81943,37.07703],[128.81257,37.07871],[128.80787,37.076],[128.79997,37.07897],[128.79942,37.08694],[128.78581,37.08785],[128.78028,37.09234],[128.77359,37.08751],[128.77784,37.08328],[128.77793,37.07893],[128.77134,37.07635],[128.76839,37.06781],[128.76475,37.06355],[128.75718,37.07001],[128.75258,37.05786],[128.75302,37.05372],[128.76142,37.04444],[128.76218,37.03616],[128.75455,37.03196],[128.75376,37.02783],[128.74908,37.02886],[128.73583,37.03975],[128.71867,37.04375],[128.71101,37.04118],[128.70909,37.03934],[128.7081,37.03874],[128.70194,37.03164],[128.69975,37.01767],[128.70205,37.01254],[128.69267,37.00455],[128.6945,36.99898],[128.69197,36.99483],[128.69253,36.98503],[128.69027,36.97851],[128.69294,36.97377],[128.68806,36.97079],[128.68605,36.96088],[128.68162,36.95359],[128.67835,36.95379],[128.67336,36.94246],[128.66486,36.94316],[128.65881,36.93078],[128.66645,36.92364],[128.66657,36.91786],[128.65913,36.90977],[128.6549,36.91161],[128.64919,36.90981],[128.64682,36.90149],[128.64392,36.89932],[128.63877,36.8857],[128.64431,36.87952],[128.65177,36.88186],[128.65005,36.87806],[128.65522,36.87276],[128.65432,36.86755],[128.64655,36.86495],[128.64427,36.86313],[128.64292,36.85622],[128.64485,36.85326],[128.64629,36.85454],[128.64789,36.85589],[128.65944,36.85029],[128.66372,36.84213],[128.66763,36.84504],[128.67447,36.84253],[128.67351,36.84792],[128.67787,36.84908],[128.67723,36.85584],[128.68216,36.85781],[128.6832,36.86244],[128.70279,36.86196],[128.70543,36.8671],[128.71512,36.86431],[128.72027,36.86774],[128.72656,36.8661],[128.72684,36.85422],[128.73211,36.84683],[128.73662,36.8441],[128.72822,36.83078],[128.71723,36.83026],[128.71298,36.82203],[128.71784,36.81894],[128.7272,36.81889],[128.7276,36.81166],[128.72126,36.80101],[128.72829,36.79006],[128.73529,36.79559],[128.73671,36.80196],[128.7434,36.79772],[128.7458,36.80233],[128.74832,36.80934],[128.75215,36.80717],[128.75862,36.80978],[128.76304,36.80207],[128.76877,36.80614],[128.7759,36.80492],[128.78154,36.80734],[128.78618,36.81251],[128.79424,36.81469],[128.79966,36.8223],[128.80296,36.82316],[128.80891,36.81655],[128.80446,36.81348],[128.80329,36.81101],[128.80664,36.80848],[128.80672,36.80103],[128.81285,36.79569],[128.81912,36.80215],[128.82158,36.8102],[128.84039,36.80904],[128.84271,36.80342],[128.86282,36.79935],[128.86433,36.7944],[128.87183,36.78941],[128.87167,36.78667],[128.88429,36.78297],[128.89045,36.77206],[128.89659,36.77186],[128.90453,36.77629],[128.91361,36.7731],[128.91939,36.76708],[128.9346,36.76946],[128.94228,36.7736],[128.95252,36.77133],[128.95847,36.76584],[128.95822,36.76288],[128.964,36.75207],[128.97722,36.74692],[128.99055,36.74782],[128.99125,36.74799],[128.99169,36.74784],[128.99163,36.74874],[128.99201,36.75599],[128.98378,36.76354],[128.98463,36.77259],[128.99027,36.77679],[129.00067,36.7806],[129.00833,36.77995],[129.01195,36.78278],[129.02193,36.78337],[129.03281,36.7881],[129.03444,36.78917],[129.03929,36.79555],[129.04669,36.79733],[129.05341,36.80631],[129.05667,36.80645],[129.06312,36.81337],[129.0644,36.81786],[129.07146,36.82058],[129.08019,36.81804],[129.08908,36.8243],[129.10048,36.82867],[129.10383,36.8356],[129.11834,36.84412],[129.12829,36.85838],[129.1292,36.86491],[129.1362,36.87031],[129.13631,36.87263],[129.13626,36.87304],[129.13777,36.87368],[129.15386,36.8746],[129.15516,36.8782],[129.15552,36.88784],[129.14761,36.89031],[129.14924,36.89592],[129.14458,36.89849],[129.14809,36.90479],[129.14475,36.91017],[129.14741,36.91333],[129.13724,36.926],[129.13501,36.92748],[129.12477,36.93021],[129.11848,36.93547],[129.11089,36.9338],[129.10413,36.93795],[129.10804,36.94258],[129.09653,36.94606],[129.09105,36.94456],[129.08359,36.94665],[129.08758,36.95142],[129.07681,36.95568],[129.07707,36.95856],[129.08389,36.96333],[129.09061,36.96156],[129.09512,36.97759],[129.09167,36.9791],[129.09049,36.98543],[129.09298,36.99505],[129.08943,36.99921],[129.09464,37.00687],[129.08469,37.00881],[129.0914,37.01371],[129.10319,37.01912],[129.10628,37.02496],[129.11463,37.02552],[129.11799,37.02932],[129.1264,37.02981],[129.12909,37.03239],[129.13248,37.03436],[129.13945,37.03286],[129.14728,37.02498],[129.15499,37.02344],[129.15946,37.0197],[129.17094,37.0245],[129.17236,37.02569],[129.17619,37.02848],[129.17684,37.02973],[129.17895,37.03588],[129.18373,37.03826],[129.18437,37.03978],[129.18541,37.04172],[129.18503,37.04658],[129.17571,37.0578],[129.1704,37.06036],[129.16614,37.06916],[129.15524,37.07028],[129.14805,37.07613],[129.14427,37.07658],[129.13947,37.08227],[129.13358,37.08178],[129.12649,37.08506],[129.12658,37.08894],[129.11799,37.09273],[129.10778,37.0935],[129.10173,37.09916],[129.1004,37.09944],[129.09625,37.10041]]]},"properties":{"SIGUNGU_CD":"37610","SIGUNGU_NM":"봉화군","BASE_DATE":"20250630"}},
{"type":"Feature","geometry":{"type":"Polygon","coordinates":[[[129.34099,37.1446],[129.33975,37.1466],[129.33644,37.14198],[129.33057,37.1405],[129.32483,37.14229],[129.31815,37.13295],[129.3118,37.13221],[129.30889,37.12794],[129.30387,37.12824],[129.29523,37.1203],[129.29459,37.11437],[129.282,37.1161],[129.27674,37.11855],[129.27124,37.11638],[129.27024,37.10692],[129.26566,37.10215],[129.25908,37.10105],[129.24903,37.09615],[129.24046,37.08504],[129.23086,37.07662],[129.22538,37.07372],[129.23307,37.06388],[129.22954,37.05474],[129.23177,37.05426],[129.23359,37.0404],[129.22531,37.04456],[129.2138,37.04303],[129.20505,37.04497],[129.19475,37.04063],[129.18541,37.04172],[129.18437,37.03978],[129.18373,37.03826],[129.17895,37.03588],[129.17684,37.02973],[129.17619,37.02848],[129.17236,37.02569],[129.17094,37.0245],[129.15946,37.0197],[129.15499,37.02344],[129.14728,37.02498],[129.13945,37.03286],[129.13248,37.03436],[129.12909,37.03239],[129.1264,37.02981],[129.11799,37.02932],[129.11463,37.02552],[129.10628,37.02496],[129.10319,37.01912],[129.0914,37.01371],[129.08469,37.00881],[129.09464,37.00687],[129.08943,36.99921],[129.09298,36.99505],[129.09049,36.98543],[129.09167,36.9791],[129.09512,36.97759],[129.09061,36.96156],[129.08389,36.96333],[129.07707,36.95856],[129.07681,36.95568],[129.08758,36.95142],[129.08359,36.94665],[129.09105,36.94456],[129.09653,36.94606],[129.10804,36.94258],[129.10413,36.93795],[129.11089,36.9338],[129.11848,36.93547],[129.12477,36.93021],[129.13501,36.92748],[129.13724,36.926],[129.14741,36.91333],[129.14475,36.91017],[129.14809,36.90479],[129.14458,36.89849],[129.14924,36.89592],[129.14761,36.89031],[129.15552,36.88784],[129.15516,36.8782],[129.15554,36.87798],[129.15736,36.87664],[129.1658,36.87539],[129.16521,36.87916],[129.17409,36.88137],[129.18188,36.87846],[129.1849,36.87941],[129.19224,36.8793],[129.19585,36.87479],[129.19561,36.86974],[129.20092,36.86217],[129.20832,36.85682],[129.21129,36.86368],[129.21772,36.85836],[129.22121,36.86104],[129.23238,36.86308],[129.22624,36.85613],[129.23462,36.85315],[129.24702,36.85231],[129.25521,36.86011],[129.25711,36.87347],[129.26276,36.87642],[129.26068,36.87138],[129.27163,36.87149],[129.27574,36.87519],[129.27945,36.87381],[129.28526,36.86505],[129.27562,36.85885],[129.27506,36.85052],[129.27742,36.84734],[129.27073,36.84074],[129.27266,36.83338],[129.28139,36.83198],[129.28843,36.83302],[129.29388,36.82392],[129.29082,36.82119],[129.28755,36.80864],[129.29239,36.80574],[129.30098,36.79347],[129.30612,36.79277],[129.31208,36.78612],[129.31412,36.78078],[129.30914,36.77382],[129.30329,36.77668],[129.29655,36.76796],[129.2976,36.75646],[129.29284,36.75228],[129.28467,36.75181],[129.2717,36.74474],[129.27292,36.74075],[129.27046,36.72774],[129.27533,36.72308],[129.28094,36.72333],[129.28776,36.71891],[129.29454,36.71904],[129.28624,36.7083],[129.28673,36.7039],[129.28278,36.69535],[129.27628,36.69169],[129.27856,36.68154],[129.26975,36.6753],[129.27037,36.67356],[129.28542,36.66803],[129.2942,36.67141],[129.30456,36.66778],[129.31046,36.66835],[129.31758,36.66563],[129.32731,36.66668],[129.33009,36.66154],[129.34901,36.65678],[129.35432,36.65097],[129.3615,36.66044],[129.38352,36.66885],[129.38885,36.66453],[129.39693,36.66554],[129.39639,36.66151],[129.40678,36.65922],[129.4109,36.65296],[129.41925,36.65059],[129.42002,36.64448],[129.42321,36.6435],[129.42826,36.64878],[129.43081,36.65899],[129.43601,36.66805],[129.44227,36.6746],[129.45902,36.68178],[129.4629,36.67742],[129.4655,36.67994],[129.46497,36.68668],[129.46837,36.69362],[129.47634,36.69934],[129.47574,36.70978],[129.47176,36.72043],[129.47774,36.7271],[129.47662,36.73367],[129.46841,36.74954],[129.46831,36.75826],[129.47266,36.76034],[129.47864,36.76797],[129.47,36.78063],[129.46234,36.78864],[129.46292,36.7956],[129.4595,36.79958],[129.45713,36.81451],[129.44528,36.82768],[129.44429,36.83437],[129.42942,36.8482],[129.41991,36.86861],[129.42191,36.87328],[129.4154,36.88936],[129.42019,36.89921],[129.41555,36.90921],[129.41559,36.91627],[129.4199,36.91934],[129.41743,36.92975],[129.4211,36.93633],[129.41942,36.95131],[129.41379,36.96828],[129.40804,36.97969],[129.4105,36.98473],[129.41896,36.99301],[129.41615,37.01126],[129.41113,37.01995],[129.41023,37.0308],[129.41717,37.03377],[129.4133,37.04808],[129.4186,37.05692],[129.42984,37.05669],[129.42623,37.06493],[129.40187,37.07918],[129.39623,37.0834],[129.38257,37.09869],[129.3796,37.09906],[129.37465,37.11052],[129.38002,37.1189],[129.37348,37.123],[129.3709,37.12978],[129.3748,37.1356],[129.37128,37.13602],[129.36277,37.14577],[129.3575,37.14503],[129.35485,37.14574],[129.34461,37.14602],[129.34279,37.14508],[129.34099,37.1446]]]},"properties":{"SIGUNGU_CD":"37620","SIGUNGU_NM":"울진군","BASE_DATE":"20250630"}},
{"type":"Feature","geometry":{"type":"MultiPolygon","coordinates":[[[[130.94008,37.5311],[130.93536,37.529],[130.93793,37.52563],[130.94008,37.5311]]],[[[130.90555,37.54914],[130.89766,37.54674],[130.89191,37.54107],[130.87568,37.5432],[130.86745,37.53689],[130.85647,37.5345],[130.84534,37.53553],[130.83049,37.52873],[130.82969,37.52693],[130.81714,37.52581],[130.8124,37.52198],[130.80247,37.519],[130.79169,37.51881],[130.80487,37.50259],[130.80212,37.48388],[130.80844,37.48083],[130.81217,37.47371],[130.82963,37.47048],[130.83165,37.46664],[130.85112,37.46355],[130.85498,37.4604],[130.86842,37.45892],[130.87275,37.45373],[130.88107,37.46773],[130.89004,37.47394],[130.90706,37.4769],[130.91129,37.48347],[130.91676,37.48294],[130.92087,37.48663],[130.91403,37.48639],[130.91425,37.49167],[130.91019,37.49708],[130.91543,37.50083],[130.91391,37.50773],[130.91792,37.5138],[130.90787,37.52719],[130.91204,37.53818],[130.91886,37.54183],[130.91045,37.54165],[130.90555,37.54914]]]]},"properties":{"SIGUNGU_CD":"37630","SIGUNGU_NM":"울릉군","BASE_DATE":"20250630"}},
{"type":"Feature","geometry":{"type":"Polygon","coordinates":[[[128.2699,35.25623],[128.25891,35.25603],[128.2464,35.25356],[128.23823,35.25366],[128.23144,35.25618],[128.21948,35.26468],[128.2097,35.26499],[128.20497,35.26174],[128.20149,35.25366],[128.19387,35.25645],[128.19573,35.26563],[128.19132,35.26725],[128.19015,35.27208],[128.18016,35.27907],[128.18103,35.28525],[128.17421,35.2943],[128.17743,35.29798],[128.17273,35.30824],[128.17263,35.314],[128.17757,35.31665],[128.17843,35.32264],[128.16435,35.33617],[128.1636,35.34246],[128.15802,35.34582],[128.15491,35.35113],[128.14585,35.34861],[128.13201,35.33776],[128.12428,35.33311],[128.11474,35.33116],[128.10878,35.33018],[128.10165,35.33501],[128.08049,35.33704],[128.073,35.33309],[128.05862,35.33357],[128.05091,35.32098],[128.05233,35.31269],[128.04224,35.30402],[128.03462,35.30781],[128.01519,35.30312],[128.01189,35.2986],[128.00594,35.29741],[128.00432,35.29309],[127.9952,35.2852],[127.98625,35.28691],[127.98433,35.28183],[127.9863,35.27711],[127.98289,35.27052],[127.97355,35.27003],[127.9714,35.25009],[127.96678,35.24652],[127.94757,35.24165],[127.94167,35.2472],[127.93242,35.25067],[127.92554,35.24938],[127.92328,35.25023],[127.91662,35.2483],[127.91196,35.24073],[127.91158,35.23929],[127.91097,35.22751],[127.91004,35.22539],[127.90555,35.22259],[127.89732,35.22726],[127.88986,35.22753],[127.88782,35.21848],[127.88958,35.21288],[127.89454,35.20789],[127.89485,35.19697],[127.90825,35.18429],[127.9175,35.17994],[127.92508,35.17832],[127.93925,35.16594],[127.93719,35.16217],[127.93861,35.15259],[127.94051,35.15205],[127.95101,35.15201],[127.95616,35.15682],[127.96351,35.15559],[127.9637,35.15071],[127.96872,35.15869],[127.97206,35.15633],[127.98067,35.15912],[127.98141,35.15654],[127.98652,35.15723],[127.99855,35.15537],[127.9993,35.14646],[127.99669,35.14498],[128.00313,35.13358],[127.99946,35.12365],[128.00308,35.11513],[128.00853,35.11315],[128.01556,35.118],[128.02214,35.11714],[128.0281,35.12288],[128.03719,35.11975],[128.04303,35.12065],[128.0487,35.12457],[128.05063,35.13153],[128.05639,35.12777],[128.0706,35.12831],[128.07575,35.12322],[128.08829,35.11855],[128.0911,35.11606],[128.0915,35.10103],[128.09796,35.1064],[128.10907,35.10548],[128.11397,35.10862],[128.11761,35.11348],[128.11811,35.11415],[128.12058,35.11371],[128.12086,35.11375],[128.12685,35.11595],[128.13198,35.11727],[128.14735,35.11446],[128.15546,35.10882],[128.15964,35.10039],[128.16269,35.10161],[128.16641,35.0969],[128.17206,35.09532],[128.16772,35.08569],[128.16932,35.08381],[128.16275,35.07986],[128.15183,35.08106],[128.14794,35.07764],[128.152,35.07437],[128.15604,35.06579],[128.16243,35.06618],[128.17243,35.05195],[128.18279,35.05147],[128.18432,35.05092],[128.19005,35.05412],[128.19457,35.06337],[128.19618,35.06502],[128.20325,35.07032],[128.21098,35.07326],[128.21073,35.07557],[128.19095,35.07664],[128.18836,35.08144],[128.18807,35.09263],[128.1902,35.09867],[128.19695,35.09557],[128.20299,35.10942],[128.20958,35.11216],[128.20947,35.11486],[128.21089,35.11545],[128.22771,35.11393],[128.24188,35.12085],[128.24728,35.12831],[128.26355,35.12712],[128.26959,35.13174],[128.2892,35.13138],[128.30003,35.12552],[128.30635,35.12498],[128.31613,35.12957],[128.32264,35.12985],[128.32809,35.124],[128.33841,35.12792],[128.34513,35.12711],[128.34827,35.12709],[128.34814,35.13082],[128.36282,35.14024],[128.35919,35.1486],[128.36185,35.15087],[128.36044,35.1572],[128.3632,35.1679],[128.36452,35.17038],[128.36471,35.17808],[128.3682,35.19126],[128.36566,35.19478],[128.35716,35.20675],[128.35293,35.20954],[128.3287,35.20687],[128.32269,35.21327],[128.32013,35.22062],[128.31623,35.22272],[128.30743,35.22151],[128.30809,35.22938],[128.30171,35.23837],[128.29377,35.2408],[128.29864,35.24989],[128.29356,35.25345],[128.28635,35.25156],[128.27553,35.25721],[128.27404,35.2574],[128.2699,35.25623]]]},"properties":{"SIGUNGU_CD":"38030","SIGUNGU_NM":"진주시","BASE_DATE":"20250630"}},
{"type":"Feature","geometry":{"type":"MultiPolygon","coordinates":[[[[128.44514,34.54844],[128.43542,34.5408],[128.43719,34.53755],[128.44915,34.54487],[128.44514,34.54844]]],[[[128.34569,34.56318],[128.34319,34.55897],[128.34811,34.55825],[128.34569,34.56318]]],[[[128.18648,34.57275],[128.18424,34.56404],[128.17658,34.55879],[128.18334,34.55906],[128.18855,34.56323],[128.19031,34.56906],[128.18648,34.57275]]],[[[128.31716,34.62349],[128.31838,34.61939],[128.32596,34.62025],[128.31716,34.62349]]],[[[128.30259,34.62558],[128.29847,34.62119],[128.30912,34.61619],[128.30605,34.62458],[128.30259,34.62558]]],[[[128.5543,34.63086],[128.5454,34.62897],[128.55039,34.61875],[128.55595,34.62884],[128.5543,34.63086]]],[[[128.23402,34.65288],[128.22765,34.64881],[128.23498,34.64405],[128.2339,34.63917],[128.22387,34.63814],[128.2252,34.63289],[128.22918,34.63116],[128.23588,34.63573],[128.23487,34.62877],[128.24263,34.62368],[128.24272,34.61981],[128.23089,34.61682],[128.23558,34.61181],[128.24515,34.61332],[128.24379,34.61837],[128.25863,34.62109],[128.26297,34.62738],[128.27104,34.62488],[128.2763,34.61927],[128.28882,34.62065],[128.28644,34.62608],[128.29607,34.63333],[128.29356,34.63503],[128.29922,34.63975],[128.29044,34.64086],[128.28445,34.63853],[128.27724,34.63013],[128.27588,34.62496],[128.26503,34.63438],[128.26873,34.63378],[128.27572,34.6392],[128.26508,34.64592],[128.25876,34.64481],[128.24825,34.65162],[128.23656,34.65066],[128.23402,34.65288]]],[[[128.35271,34.65155],[128.3441,34.64944],[128.34384,34.64573],[128.34926,34.63985],[128.35614,34.63901],[128.35945,34.64301],[128.36885,34.63853],[128.38121,34.64053],[128.37652,34.64531],[128.37184,34.63962],[128.36817,34.64566],[128.36092,34.64711],[128.35271,34.65155]]],[[[128.5768,34.65069],[128.57153,34.6423],[128.558,34.6348],[128.56517,34.63261],[128.57135,34.6334],[128.57688,34.63882],[128.58523,34.64363],[128.57923,34.64531],[128.5768,34.65069]]],[[[128.34007,34.66276],[128.34096,34.65827],[128.35085,34.65506],[128.34783,34.66187],[128.34007,34.66276]]],[[[128.25173,34.66808],[128.24319,34.66631],[128.24538,34.66311],[128.25178,34.66206],[128.25702,34.66572],[128.25173,34.66808]]],[[[128.25309,34.68101],[128.2473,34.67735],[128.24456,34.67897],[128.23628,34.67572],[128.23359,34.67776],[128.23259,34.67025],[128.24288,34.67135],[128.24417,34.66868],[128.25542,34.67127],[128.25178,34.67893],[128.25309,34.68101]]],[[[128.57841,34.68868],[128.57395,34.68238],[128.58402,34.68124],[128.57841,34.68868]]],[[[128.28552,34.6914],[128.27967,34.68877],[128.28745,34.68743],[128.28552,34.6914]]],[[[128.54678,34.70129],[128.54136,34.69962],[128.54859,34.69633],[128.54678,34.70129]]],[[[128.17562,34.71159],[128.16744,34.70503],[128.16835,34.70158],[128.18294,34.69135],[128.19301,34.69239],[128.19704,34.69002],[128.19444,34.68592],[128.2024,34.69134],[128.19821,34.70667],[128.18957,34.7108],[128.18242,34.70909],[128.17562,34.71159]]],[[[128.55457,34.71825],[128.56001,34.7077],[128.56515,34.70728],[128.55948,34.71595],[128.55457,34.71825]]],[[[128.42766,34.73404],[128.42312,34.7274],[128.42574,34.72027],[128.42853,34.72005],[128.42975,34.72882],[128.42766,34.73404]]],[[[128.52941,34.73478],[128.52293,34.73282],[128.52397,34.72947],[128.53,34.72714],[128.5356,34.72916],[128.53607,34.73353],[128.52941,34.73478]]],[[[128.46442,34.73581],[128.45458,34.72659],[128.45935,34.72128],[128.45955,34.71702],[128.45071,34.71356],[128.44874,34.70907],[128.45154,34.70455],[128.46264,34.70384],[128.46774,34.70813],[128.46034,34.71706],[128.47145,34.72873],[128.46442,34.73581]]],[[[128.40069,34.73917],[128.39292,34.73567],[128.40022,34.72933],[128.40607,34.72944],[128.40457,34.73674],[128.40069,34.73917]]],[[[128.38133,34.74159],[128.37846,34.73875],[128.38849,34.74091],[128.38133,34.74159]]],[[[128.49469,34.75018],[128.48589,34.74531],[128.47525,34.74657],[128.46602,34.7424],[128.46694,34.73925],[128.48158,34.73979],[128.48176,34.73505],[128.49175,34.73559],[128.49657,34.73179],[128.50241,34.73813],[128.50443,34.73224],[128.5133,34.73356],[128.5144,34.7359],[128.50086,34.74099],[128.49469,34.75018]]],[[[128.40422,34.7515],[128.39907,34.7465],[128.40443,34.74186],[128.41076,34.74711],[128.40422,34.7515]]],[[[128.40003,34.75596],[128.39436,34.75146],[128.40028,34.75058],[128.40003,34.75596]]],[[[128.42416,34.75598],[128.42148,34.75487],[128.42224,34.74585],[128.42624,34.75453],[128.42416,34.75598]]],[[[128.29398,34.7632],[128.28619,34.75908],[128.28702,34.75365],[128.29253,34.74773],[128.29765,34.74877],[128.30105,34.75379],[128.30676,34.75121],[128.30856,34.75576],[128.30004,34.75826],[128.29398,34.7632]]],[[[128.5236,34.76595],[128.51074,34.76625],[128.51128,34.75967],[128.52481,34.75485],[128.53592,34.75509],[128.55204,34.74807],[128.56074,34.751],[128.55394,34.75292],[128.56011,34.75555],[128.55831,34.75987],[128.54192,34.76038],[128.53866,34.75641],[128.52976,34.75811],[128.5341,34.7643],[128.5236,34.76595]]],[[[128.36886,34.78606],[128.3614,34.78364],[128.3623,34.77975],[128.35694,34.78058],[128.35848,34.77483],[128.36588,34.77807],[128.37094,34.77568],[128.37414,34.7827],[128.36886,34.78606]]],[[[128.51577,34.79867],[128.51226,34.79391],[128.52004,34.79191],[128.5192,34.79791],[128.51577,34.79867]]],[[[128.50499,34.80155],[128.50046,34.80425],[128.49445,34.79344],[128.50007,34.79292],[128.50384,34.78722],[128.50752,34.79974],[128.50499,34.80155]]],[[[128.48409,34.81801],[128.47844,34.81564],[128.46958,34.81798],[128.46563,34.81339],[128.46987,34.80422],[128.4783,34.80608],[128.48479,34.79832],[128.4762,34.80432],[128.47318,34.80328],[128.47498,34.79476],[128.46893,34.79499],[128.46743,34.78774],[128.46526,34.78918],[128.46823,34.80097],[128.46208,34.80572],[128.46436,34.79722],[128.46017,34.78667],[128.46468,34.78175],[128.46864,34.78332],[128.4731,34.77484],[128.47098,34.76271],[128.4757,34.75946],[128.47845,34.7623],[128.48376,34.75837],[128.48995,34.75738],[128.50263,34.76631],[128.50841,34.76674],[128.51095,34.77841],[128.50484,34.78086],[128.50507,34.78443],[128.49364,34.78215],[128.49096,34.79392],[128.49134,34.80166],[128.48481,34.80822],[128.48836,34.81234],[128.47981,34.80818],[128.47777,34.8136],[128.48409,34.81801]]],[[[128.35059,34.82191],[128.34701,34.81977],[128.35695,34.81174],[128.3578,34.81783],[128.35059,34.82191]]],[[[128.13156,34.83622],[128.12609,34.83515],[128.12458,34.83118],[128.12855,34.82653],[128.13573,34.82363],[128.14203,34.82579],[128.14227,34.83273],[128.13156,34.83622]]],[[[128.23656,34.84136],[128.22503,34.83792],[128.21773,34.83902],[128.21295,34.83145],[128.20686,34.82719],[128.21366,34.82111],[128.20443,34.82221],[128.19957,34.81976],[128.20136,34.81703],[128.21075,34.81719],[128.21613,34.81274],[128.2079,34.80911],[128.21465,34.80698],[128.22414,34.80801],[128.22296,34.80215],[128.22555,34.79968],[128.23679,34.80129],[128.24201,34.79491],[128.2463,34.79949],[128.24306,34.81099],[128.25481,34.80808],[128.26025,34.80916],[128.26102,34.81428],[128.26606,34.81496],[128.26355,34.81828],[128.24844,34.82586],[128.24844,34.82954],[128.24098,34.83545],[128.23656,34.84136]]],[[[128.35356,34.84272],[128.34705,34.84027],[128.34915,34.83574],[128.34411,34.83155],[128.34205,34.84156],[128.33946,34.83901],[128.34002,34.82801],[128.33431,34.83326],[128.33628,34.82635],[128.32973,34.82961],[128.33088,34.82488],[128.34029,34.81799],[128.34559,34.82541],[128.35652,34.82427],[128.36708,34.81841],[128.37868,34.81553],[128.38144,34.81186],[128.37613,34.80704],[128.38069,34.8058],[128.37624,34.79842],[128.37274,34.80293],[128.36375,34.79641],[128.37367,34.79396],[128.38257,34.79748],[128.38252,34.79221],[128.38891,34.79027],[128.39089,34.78463],[128.38661,34.78236],[128.38841,34.77876],[128.39731,34.77956],[128.39436,34.77348],[128.39713,34.76597],[128.40763,34.76779],[128.40641,34.76243],[128.41433,34.76272],[128.42124,34.76523],[128.42377,34.76202],[128.42378,34.76982],[128.4357,34.77952],[128.4347,34.78284],[128.42143,34.78837],[128.42079,34.79353],[128.43449,34.78932],[128.44014,34.79468],[128.43299,34.79923],[128.43143,34.80566],[128.44071,34.80294],[128.44185,34.80909],[128.43948,34.81208],[128.43977,34.82856],[128.43639,34.82535],[128.43253,34.83003],[128.41887,34.83511],[128.40826,34.83405],[128.40429,34.82822],[128.40086,34.82914],[128.39274,34.82317],[128.39167,34.82611],[128.38399,34.82952],[128.38775,34.81546],[128.38521,34.81347],[128.38243,34.82311],[128.37248,34.82875],[128.36979,34.83417],[128.36659,34.83075],[128.36261,34.83449],[128.35612,34.83179],[128.359,34.83793],[128.35356,34.84272]]],[[[128.2001,34.85985],[128.19026,34.85929],[128.18229,34.85547],[128.17098,34.85395],[128.16762,34.85163],[128.16695,34.84415],[128.17184,34.83873],[128.17786,34.83598],[128.18114,34.83805],[128.18405,34.83381],[128.17912,34.83134],[128.18262,34.82671],[128.18996,34.82614],[128.19851,34.83153],[128.19987,34.8393],[128.2039,34.84221],[128.22116,34.84443],[128.22811,34.84226],[128.2324,34.84464],[128.22266,34.85243],[128.21371,34.85138],[128.21054,34.85534],[128.2001,34.85985]]],[[[128.46597,34.92127],[128.46912,34.91844],[128.4637,34.91044],[128.46597,34.90595],[128.47623,34.90458],[128.47602,34.91073],[128.4727,34.91474],[128.47278,34.91994],[128.46597,34.92127]]],[[[128.32142,34.92684],[128.31826,34.92227],[128.32442,34.92517],[128.32142,34.92684]]],[[[128.48733,34.93895],[128.48427,34.93374],[128.48689,34.92907],[128.49134,34.93252],[128.48733,34.93895]]],[[[128.48666,34.96812],[128.48209,34.96361],[128.48422,34.95451],[128.49054,34.95388],[128.48554,34.95789],[128.48666,34.96812]]],[[[128.44098,34.97215],[128.43296,34.97606],[128.42305,34.97541],[128.41861,34.97146],[128.41729,34.96987],[128.41564,34.96721],[128.40035,34.97046],[128.39986,34.964],[128.392,34.96367],[128.3891,34.96102],[128.39102,34.95201],[128.38224,34.94762],[128.36679,34.94569],[128.35369,34.94185],[128.35109,34.93828],[128.34568,34.93827],[128.34551,34.92911],[128.33594,34.92164],[128.35082,34.92344],[128.34628,34.92106],[128.35347,34.92019],[128.35073,34.91638],[128.35581,34.90927],[128.34975,34.90529],[128.33902,34.90851],[128.31954,34.90739],[128.31892,34.90963],[128.30792,34.90859],[128.29779,34.90011],[128.30959,34.89275],[128.31069,34.887],[128.31938,34.87919],[128.32605,34.8868],[128.32955,34.88503],[128.32526,34.88131],[128.32935,34.87586],[128.33719,34.87756],[128.33273,34.88221],[128.34235,34.88077],[128.34169,34.87449],[128.34828,34.8731],[128.3505,34.87672],[128.35119,34.88652],[128.35311,34.87913],[128.3565,34.88065],[128.35601,34.8711],[128.36245,34.87003],[128.36815,34.87256],[128.37214,34.86954],[128.3755,34.8729],[128.37179,34.87544],[128.37258,34.87995],[128.36885,34.88529],[128.37507,34.88191],[128.38013,34.88565],[128.37632,34.89113],[128.38114,34.88921],[128.38527,34.88168],[128.38174,34.87763],[128.38199,34.87242],[128.38852,34.87616],[128.38477,34.86899],[128.40506,34.86536],[128.40491,34.86772],[128.41335,34.86461],[128.41512,34.86767],[128.42071,34.86243],[128.41389,34.85917],[128.40156,34.8623],[128.397,34.85825],[128.39683,34.86288],[128.38824,34.86265],[128.38515,34.85631],[128.37826,34.85152],[128.37236,34.85304],[128.37013,34.84912],[128.37755,34.84584],[128.3723,34.84434],[128.37734,34.84017],[128.38173,34.84392],[128.38791,34.84253],[128.3889,34.83903],[128.38341,34.838],[128.38555,34.83352],[128.3907,34.83578],[128.39583,34.82949],[128.39869,34.83536],[128.40497,34.8326],[128.41801,34.83975],[128.43518,34.8384],[128.43387,34.84449],[128.44126,34.84256],[128.45218,34.84655],[128.45278,34.85838],[128.4466,34.86392],[128.44932,34.86783],[128.45604,34.86458],[128.45623,34.8698],[128.45191,34.87378],[128.45522,34.87498],[128.45749,34.88258],[128.45985,34.88124],[128.46186,34.87113],[128.46748,34.87251],[128.46914,34.88747],[128.47592,34.88968],[128.47319,34.89396],[128.46623,34.89148],[128.46521,34.89884],[128.45826,34.89789],[128.45381,34.90117],[128.46053,34.90495],[128.45211,34.9108],[128.45151,34.91521],[128.43821,34.91197],[128.4436,34.90969],[128.44615,34.90462],[128.45143,34.90286],[128.44417,34.89995],[128.44443,34.89498],[128.43894,34.89269],[128.4455,34.88888],[128.43635,34.88996],[128.43207,34.88835],[128.43451,34.88428],[128.43256,34.87729],[128.42125,34.87317],[128.4235,34.88383],[128.41837,34.89163],[128.42204,34.90197],[128.41774,34.9102],[128.42189,34.91435],[128.42963,34.91782],[128.42847,34.92835],[128.43602,34.93151],[128.42856,34.93519],[128.42539,34.93926],[128.43005,34.94475],[128.42908,34.95695],[128.43133,34.95696],[128.44385,34.96846],[128.44098,34.97215]]]]},"properties":{"SIGUNGU_CD":"38050","SIGUNGU_NM":"통영시","BASE_DATE":"20250630"}},
{"type":"Feature","geometry":{"type":"MultiPolygon","coordinates":[[[[128.07573,34.91078],[128.07227,34.90844],[128.0745,34.89355],[128.07076,34.88992],[128.07463,34.88601],[128.08013,34.88912],[128.07587,34.89442],[128.08224,34.89779],[128.07809,34.90448],[128.08082,34.90621],[128.07573,34.91078]]],[[[128.0364,34.92749],[128.03287,34.92469],[128.03713,34.91879],[128.04216,34.92176],[128.0364,34.92749]]],[[[127.96498,34.96618],[127.9605,34.96419],[127.9652,34.96088],[127.96498,34.96618]]],[[[127.99504,34.97783],[127.99381,34.97257],[127.9976,34.9733],[127.99504,34.97783]]],[[[127.9695,34.99033],[127.96323,34.98293],[127.96211,34.97167],[127.96891,34.96721],[127.98349,34.96281],[127.98389,34.96569],[127.99483,34.96767],[127.991,34.97251],[127.98635,34.96673],[127.97939,34.97052],[127.98273,34.97206],[127.97635,34.97463],[127.97356,34.98052],[127.96578,34.9821],[127.9695,34.99033]]],[[[127.98067,35.15912],[127.97206,35.15633],[127.96872,35.15869],[127.9637,35.15071],[127.96351,35.15559],[127.95616,35.15682],[127.95101,35.15201],[127.94051,35.15205],[127.93697,35.15146],[127.93184,35.14973],[127.93154,35.14547],[127.92144,35.15033],[127.90746,35.14969],[127.90309,35.15487],[127.89639,35.15643],[127.89652,35.1528],[127.88004,35.14871],[127.88093,35.13932],[127.88544,35.13046],[127.89035,35.13099],[127.9105,35.12066],[127.91085,35.11836],[127.89936,35.1074],[127.90932,35.09813],[127.90187,35.09527],[127.90228,35.08761],[127.89351,35.08657],[127.89865,35.07885],[127.90632,35.07882],[127.90832,35.07342],[127.91171,35.07345],[127.91447,35.06453],[127.92227,35.06206],[127.92473,35.05371],[127.93118,35.04774],[127.92392,35.04183],[127.92515,35.02954],[127.92419,35.0276],[127.91976,35.02547],[127.92435,35.018],[127.92273,35.0142],[127.92903,35.01362],[127.93332,35.00599],[127.9412,35.00205],[127.93489,34.99838],[127.93163,34.99221],[127.93389,34.98526],[127.93945,34.98441],[127.93489,34.98155],[127.95306,34.97533],[127.94687,34.98286],[127.95049,34.98615],[127.95711,34.98526],[127.96192,34.99012],[127.96167,34.99452],[127.96772,34.99209],[127.9718,34.99393],[127.97464,34.99018],[127.97268,34.98643],[127.98341,34.97575],[127.99192,34.98208],[127.98788,34.98534],[127.99653,34.98787],[127.99341,34.99165],[127.99786,34.99601],[128.0037,34.98314],[128.01085,34.98515],[128.00752,34.99588],[128.01388,34.99083],[128.01986,35.00459],[128.01809,35.01032],[128.00809,35.01248],[128.009,35.02212],[127.99817,35.03116],[127.99434,35.03201],[127.99701,35.03714],[127.98759,35.03857],[127.98911,35.03416],[127.98553,35.03203],[127.9761,35.03302],[127.98263,35.03703],[127.98412,35.04521],[127.99485,35.04669],[128.00864,35.03848],[128.01471,35.04008],[128.00875,35.04899],[128.01582,35.04594],[128.01946,35.04074],[128.01381,35.03621],[128.00566,35.03375],[128.01422,35.02857],[128.01992,35.02809],[128.0253,35.03309],[128.02616,35.04267],[128.03036,35.04842],[128.02625,35.05104],[128.02525,35.05665],[128.0348,35.06291],[128.03205,35.06866],[128.04119,35.07247],[128.0398,35.07803],[128.0461,35.07597],[128.05412,35.08171],[128.06186,35.07864],[128.04512,35.06731],[128.03844,35.05329],[128.04115,35.04713],[128.03877,35.03769],[128.04165,35.03069],[128.03551,35.02433],[128.0376,35.02097],[128.04339,35.02459],[128.05048,35.01607],[128.0485,35.0108],[128.03963,35.00298],[128.03981,34.99032],[128.04367,34.98322],[128.0525,34.97703],[128.04935,34.96894],[128.04171,34.96493],[128.03376,34.95847],[128.03007,34.95876],[128.03435,34.95051],[128.03943,34.94646],[128.03966,34.94153],[128.05527,34.92843],[128.06489,34.92631],[128.07736,34.92702],[128.08801,34.92617],[128.08594,34.91899],[128.08931,34.91856],[128.09236,34.92428],[128.10263,34.92521],[128.10286,34.92036],[128.11029,34.92358],[128.1191,34.92281],[128.11575,34.92688],[128.11434,34.93386],[128.12236,34.93851],[128.12313,34.94911],[128.13242,34.95957],[128.13506,34.96871],[128.13366,34.97739],[128.14344,34.98954],[128.1524,34.99129],[128.16625,34.98355],[128.17053,34.98624],[128.16563,34.99565],[128.15783,35.00698],[128.15925,35.00956],[128.15839,35.01184],[128.1629,35.0276],[128.17356,35.03141],[128.18003,35.03852],[128.182,35.04754],[128.18418,35.0505],[128.18279,35.05147],[128.17243,35.05195],[128.16243,35.06618],[128.15604,35.06579],[128.152,35.07437],[128.14794,35.07764],[128.15183,35.08106],[128.16275,35.07986],[128.16932,35.08381],[128.16772,35.08569],[128.17206,35.09532],[128.16641,35.0969],[128.16269,35.10161],[128.15964,35.10039],[128.15546,35.10882],[128.14735,35.11446],[128.13198,35.11727],[128.12685,35.11595],[128.12086,35.11375],[128.12058,35.11371],[128.11811,35.11415],[128.11761,35.11348],[128.11397,35.10862],[128.10907,35.10548],[128.09796,35.1064],[128.0915,35.10103],[128.0911,35.11606],[128.08829,35.11855],[128.07575,35.12322],[128.0706,35.12831],[128.05639,35.12777],[128.05063,35.13153],[128.0487,35.12457],[128.04303,35.12065],[128.03719,35.11975],[128.0281,35.12288],[128.02214,35.11714],[128.01556,35.118],[128.00853,35.11315],[128.00308,35.11513],[127.99946,35.12365],[128.00313,35.13358],[127.99669,35.14498],[127.9993,35.14646],[127.99855,35.15537],[127.98652,35.15723],[127.98141,35.15654],[127.98067,35.15912]]]]},"properties":{"SIGUNGU_CD":"38060","SIGUNGU_NM":"사천시","BASE_DATE":"20250630"}},
{"type":"Feature","geometry":{"type":"Polygon","coordinates":[[[128.87238,35.38219],[128.86945,35.39177],[128.86523,35.39547],[128.8595,35.39555],[128.84654,35.38941],[128.82699,35.3816],[128.81354,35.37961],[128.80255,35.37353],[128.79504,35.36049],[128.7861,35.35131],[128.77512,35.34644],[128.76412,35.34551],[128.75315,35.33437],[128.75019,35.33944],[128.74971,35.33212],[128.74436,35.33205],[128.74212,35.33154],[128.74163,35.33071],[128.74275,35.32639],[128.74246,35.32073],[128.73303,35.31586],[128.72216,35.32152],[128.71788,35.3256],[128.71323,35.32183],[128.71144,35.31525],[128.71477,35.31044],[128.70925,35.30892],[128.69689,35.31039],[128.69224,35.30813],[128.69218,35.30395],[128.69786,35.30159],[128.70356,35.29466],[128.7066,35.28753],[128.70538,35.28129],[128.70605,35.28007],[128.71003,35.27178],[128.71103,35.2707],[128.71149,35.26969],[128.71099,35.26759],[128.71127,35.26541],[128.71146,35.26473],[128.71249,35.26179],[128.71315,35.25911],[128.7141,35.25715],[128.71879,35.2499],[128.72051,35.24292],[128.72328,35.24445],[128.72531,35.23747],[128.72511,35.2309],[128.72003,35.22361],[128.72252,35.2144],[128.728,35.20695],[128.73345,35.20555],[128.74543,35.20611],[128.75069,35.20145],[128.75053,35.19457],[128.74622,35.1918],[128.74365,35.18507],[128.74127,35.16905],[128.74099,35.16715],[128.75088,35.16739],[128.75567,35.16485],[128.75697,35.16819],[128.7635,35.16793],[128.77443,35.16153],[128.77783,35.15951],[128.79314,35.15712],[128.79367,35.15716],[128.80587,35.16044],[128.81597,35.16016],[128.82753,35.15559],[128.83601,35.15914],[128.84293,35.15799],[128.84629,35.16469],[128.85974,35.16817],[128.86739,35.16771],[128.87273,35.16178],[128.86518,35.15819],[128.87166,35.15046],[128.87666,35.15128],[128.87421,35.15842],[128.88139,35.16134],[128.87604,35.16554],[128.87812,35.16849],[128.87348,35.17414],[128.88085,35.17145],[128.88142,35.18282],[128.87645,35.18754],[128.87619,35.19263],[128.87035,35.20156],[128.87899,35.20999],[128.8864,35.21448],[128.89661,35.21314],[128.90969,35.21546],[128.90502,35.22007],[128.9125,35.22252],[128.92013,35.21642],[128.92924,35.22003],[128.93669,35.22546],[128.944,35.22833],[128.94853,35.22524],[128.97274,35.22723],[128.98416,35.22976],[128.99429,35.23404],[128.9988,35.23808],[129.01162,35.26332],[129.01482,35.27053],[129.01163,35.27774],[129.00388,35.28495],[128.98414,35.29577],[128.97314,35.31019],[128.97114,35.32461],[128.96889,35.32821],[128.96392,35.33181],[128.94563,35.33778],[128.92362,35.35703],[128.91261,35.36424],[128.9071,35.36542],[128.8906,35.36503],[128.88087,35.36781],[128.87642,35.37141],[128.87429,35.38223],[128.87238,35.38219]]]},"properties":{"SIGUNGU_CD":"38070","SIGUNGU_NM":"김해시","BASE_DATE":"20250630"}},
{"type":"Feature","geometry":{"type":"Polygon","coordinates":[[[129.00274,35.62026],[128.9971,35.615],[128.98675,35.60912],[128.98264,35.60871],[128.97281,35.61345],[128.96088,35.61558],[128.96126,35.62056],[128.95359,35.62524],[128.9512,35.63015],[128.94115,35.63507],[128.92924,35.6368],[128.91505,35.64062],[128.90167,35.63321],[128.88724,35.62911],[128.88146,35.63548],[128.87538,35.63233],[128.87388,35.62164],[128.86815,35.61612],[128.86479,35.60905],[128.85936,35.60622],[128.85408,35.59718],[128.84264,35.58899],[128.83365,35.59735],[128.82291,35.59577],[128.81026,35.58919],[128.80889,35.58892],[128.80428,35.5894],[128.80265,35.58915],[128.7974,35.57681],[128.79235,35.57047],[128.78553,35.56689],[128.77104,35.56863],[128.76847,35.57084],[128.75814,35.56749],[128.75561,35.56838],[128.73742,35.57715],[128.73197,35.57595],[128.72462,35.58148],[128.71496,35.5776],[128.70331,35.57801],[128.69494,35.58342],[128.69319,35.59088],[128.6876,35.59503],[128.67424,35.5961],[128.66442,35.59375],[128.65829,35.59769],[128.64409,35.59305],[128.63653,35.5847],[128.63075,35.58742],[128.60816,35.58068],[128.6058,35.58024],[128.59599,35.58281],[128.59319,35.58445],[128.58471,35.57974],[128.58571,35.57245],[128.58363,35.56662],[128.58874,35.56328],[128.58911,35.55721],[128.58562,35.55528],[128.58975,35.54429],[128.59372,35.54231],[128.59113,35.537],[128.58509,35.53869],[128.57744,35.53786],[128.5776,35.53699],[128.58193,35.53446],[128.58379,35.52897],[128.58177,35.52508],[128.5849,35.52056],[128.59171,35.51746],[128.58592,35.50632],[128.57752,35.50635],[128.57292,35.49551],[128.5712,35.49242],[128.57379,35.47163],[128.57922,35.4656],[128.57729,35.45974],[128.58322,35.45359],[128.59419,35.45343],[128.60391,35.4515],[128.61546,35.44619],[128.61694,35.44928],[128.6261,35.45197],[128.6309,35.44896],[128.63619,35.43479],[128.64528,35.43266],[128.65116,35.42612],[128.64594,35.41267],[128.64952,35.39795],[128.64418,35.39318],[128.64445,35.38847],[128.64245,35.38745],[128.63991,35.38726],[128.63874,35.38657],[128.63858,35.3846],[128.6496,35.38553],[128.64753,35.38072],[128.65073,35.3749],[128.65949,35.37402],[128.67048,35.37743],[128.68937,35.37755],[128.70352,35.37111],[128.71453,35.36853],[128.72629,35.36135],[128.74329,35.34825],[128.75357,35.34822],[128.76412,35.34551],[128.77512,35.34644],[128.7861,35.35131],[128.79504,35.36049],[128.80255,35.37353],[128.81354,35.37961],[128.82699,35.3816],[128.84654,35.38941],[128.8595,35.39555],[128.86523,35.39547],[128.86945,35.39177],[128.87238,35.38219],[128.87527,35.38284],[128.88061,35.38651],[128.87855,35.3907],[128.87942,35.39809],[128.89027,35.40398],[128.89089,35.41451],[128.90354,35.41979],[128.91453,35.41509],[128.92188,35.41937],[128.92362,35.4211],[128.92225,35.42596],[128.90792,35.43536],[128.90644,35.43991],[128.91851,35.45177],[128.93357,35.45264],[128.94241,35.45636],[128.95011,35.45426],[128.95706,35.45766],[128.96705,35.46673],[128.96839,35.47188],[128.96443,35.47776],[128.96316,35.4845],[128.96762,35.48998],[128.95978,35.49593],[128.95795,35.49957],[128.96194,35.50937],[128.96364,35.5092],[128.97566,35.50761],[128.97901,35.50915],[128.98877,35.51592],[128.98935,35.51735],[128.99159,35.52714],[128.99371,35.52758],[128.99466,35.53043],[128.99883,35.53854],[128.99699,35.54497],[128.98935,35.5516],[128.98092,35.54637],[128.97119,35.5603],[128.97791,35.56345],[128.99581,35.56789],[129.00793,35.58019],[129.0189,35.58382],[129.02275,35.59126],[129.02462,35.59992],[129.02265,35.60295],[129.02302,35.61344],[129.01667,35.61629],[129.00792,35.61619],[129.00274,35.62026]]]},"properties":{"SIGUNGU_CD":"38080","SIGUNGU_NM":"밀양시","BASE_DATE":"20250630"}},
{"type":"Feature","geometry":{"type":"MultiPolygon","coordinates":[[[[128.71596,34.78917],[128.71101,34.78693],[128.71355,34.78245],[128.71596,34.78917]]],[[[128.54366,34.82463],[128.53483,34.82274],[128.53088,34.81312],[128.5265,34.81176],[128.52822,34.80256],[128.53469,34.80299],[128.54075,34.8073],[128.5468,34.81698],[128.54366,34.82463]]],[[[128.75437,34.82675],[128.75024,34.82499],[128.74607,34.81454],[128.75134,34.81593],[128.75437,34.82675]]],[[[128.46603,34.83516],[128.46316,34.83281],[128.46409,34.82576],[128.46955,34.82619],[128.473,34.82103],[128.47972,34.82394],[128.47051,34.8303],[128.47381,34.83374],[128.46603,34.83516]]],[[[128.72572,34.97126],[128.72979,34.96486],[128.73624,34.96806],[128.72572,34.97126]]],[[[128.5189,34.97547],[128.51204,34.96462],[128.51849,34.95802],[128.51776,34.94614],[128.51171,34.94337],[128.51953,34.93401],[128.51899,34.93007],[128.52939,34.92917],[128.52874,34.9346],[128.52544,34.93422],[128.52599,34.93989],[128.5328,34.93826],[128.53289,34.94325],[128.52691,34.9459],[128.52221,34.95688],[128.53854,34.9642],[128.53198,34.9728],[128.5189,34.97547]]],[[[128.62179,35.01201],[128.62005,35.00807],[128.62691,35.00905],[128.62179,35.01201]]],[[[128.64842,35.02237],[128.64732,35.01784],[128.64116,35.01119],[128.63845,35.01572],[128.63125,35.00596],[128.63506,35.00294],[128.63351,34.99839],[128.61713,34.99924],[128.61572,34.99507],[128.62659,34.99364],[128.61788,34.98447],[128.6159,34.98703],[128.61111,34.98331],[128.61245,34.97973],[128.60881,34.97605],[128.61273,34.97269],[128.61797,34.97563],[128.62168,34.98343],[128.63052,34.97881],[128.63816,34.97711],[128.64702,34.98098],[128.6479,34.98623],[128.64515,34.99412],[128.65445,35.0112],[128.65269,35.01764],[128.64842,35.02237]]],[[[128.73621,35.02254],[128.73532,35.01741],[128.74598,35.0149],[128.74232,35.02135],[128.73621,35.02254]]],[[[128.67872,35.04075],[128.675,35.04015],[128.68492,35.03496],[128.6749,35.03069],[128.67602,35.02155],[128.67196,35.02221],[128.67109,35.01212],[128.66769,35.00679],[128.67717,35.00426],[128.68029,35.00869],[128.6824,35.00203],[128.67332,35.00101],[128.6786,34.99666],[128.68092,34.98884],[128.67465,34.99005],[128.67142,34.99866],[128.66598,34.9941],[128.65957,34.9977],[128.6636,34.99043],[128.65359,34.98755],[128.65399,34.98292],[128.65942,34.98251],[128.65237,34.97693],[128.64696,34.96636],[128.65135,34.96163],[128.64214,34.95862],[128.63838,34.96263],[128.63125,34.96119],[128.62407,34.96367],[128.62038,34.96127],[128.61671,34.96365],[128.60912,34.95807],[128.6051,34.95792],[128.60892,34.96497],[128.60678,34.96988],[128.5979,34.96555],[128.60006,34.95619],[128.59308,34.94914],[128.58939,34.9527],[128.58604,34.94295],[128.59471,34.93697],[128.5923,34.93516],[128.60348,34.92493],[128.61124,34.92331],[128.60819,34.91477],[128.61521,34.91594],[128.618,34.90635],[128.62572,34.89851],[128.62425,34.89238],[128.62172,34.89886],[128.61818,34.90015],[128.6145,34.89653],[128.61192,34.90185],[128.60621,34.89873],[128.60489,34.9035],[128.5972,34.90257],[128.59626,34.90644],[128.58954,34.90638],[128.58824,34.915],[128.58004,34.914],[128.57091,34.90832],[128.57633,34.90376],[128.57364,34.89927],[128.56541,34.89923],[128.55719,34.90563],[128.5496,34.9069],[128.54388,34.91089],[128.54524,34.91424],[128.52751,34.92358],[128.52256,34.9212],[128.51675,34.91092],[128.50922,34.90742],[128.50005,34.9109],[128.50651,34.90557],[128.50303,34.90421],[128.49686,34.907],[128.50125,34.90163],[128.49287,34.8983],[128.47609,34.88377],[128.47279,34.87677],[128.47308,34.86994],[128.47591,34.86827],[128.47584,34.85542],[128.48101,34.85509],[128.47813,34.84873],[128.48213,34.84023],[128.49293,34.8366],[128.49535,34.8333],[128.50149,34.83311],[128.50092,34.8238],[128.50921,34.81769],[128.51027,34.80892],[128.5167,34.80821],[128.52398,34.8173],[128.51921,34.82228],[128.52829,34.82142],[128.52765,34.82491],[128.5211,34.82694],[128.52818,34.82932],[128.52402,34.83248],[128.53759,34.83364],[128.56367,34.83286],[128.56276,34.84227],[128.56513,34.84681],[128.56994,34.84861],[128.57302,34.85429],[128.57832,34.8534],[128.58895,34.84645],[128.58731,34.84077],[128.58149,34.84426],[128.57727,34.84304],[128.58639,34.83642],[128.58485,34.83373],[128.59545,34.82766],[128.58489,34.81799],[128.58601,34.80809],[128.58417,34.79783],[128.57798,34.79362],[128.56494,34.79345],[128.55627,34.79022],[128.55064,34.79415],[128.55,34.79024],[128.54376,34.78583],[128.54053,34.77796],[128.54519,34.77817],[128.55442,34.78423],[128.55652,34.7894],[128.56873,34.78646],[128.55998,34.77787],[128.55222,34.77502],[128.5554,34.76653],[128.56375,34.76621],[128.56796,34.77366],[128.5767,34.77863],[128.58193,34.77555],[128.59799,34.77607],[128.59202,34.77027],[128.60151,34.7666],[128.59924,34.76284],[128.59124,34.76452],[128.58683,34.7614],[128.58502,34.76441],[128.57905,34.76135],[128.58198,34.75616],[128.578,34.7535],[128.57663,34.73815],[128.58357,34.73916],[128.60652,34.73484],[128.60459,34.72756],[128.5956,34.72408],[128.58507,34.72327],[128.58818,34.71689],[128.57895,34.71497],[128.57855,34.70918],[128.57506,34.70702],[128.5768,34.70257],[128.58122,34.70276],[128.58465,34.7071],[128.59613,34.70829],[128.59935,34.70401],[128.6097,34.70146],[128.61842,34.70582],[128.62055,34.71161],[128.62794,34.71322],[128.63717,34.70757],[128.64181,34.71488],[128.63028,34.72],[128.62706,34.72825],[128.62145,34.73279],[128.62749,34.73701],[128.62917,34.73127],[128.63877,34.7357],[128.65139,34.7341],[128.65518,34.73985],[128.66694,34.73545],[128.67256,34.73823],[128.67137,34.7309],[128.67616,34.72899],[128.67503,34.7362],[128.68312,34.7379],[128.67637,34.74407],[128.67178,34.74254],[128.66773,34.74528],[128.66222,34.74191],[128.65168,34.74245],[128.64676,34.74737],[128.64946,34.75053],[128.64457,34.75358],[128.64392,34.75799],[128.63813,34.76137],[128.6385,34.76833],[128.64168,34.77476],[128.64863,34.77904],[128.65753,34.77443],[128.66567,34.78009],[128.66999,34.78074],[128.67382,34.78688],[128.66622,34.79303],[128.66872,34.79828],[128.66635,34.80032],[128.66931,34.80592],[128.66616,34.81052],[128.67361,34.81406],[128.6901,34.80888],[128.69352,34.80543],[128.68829,34.79787],[128.69905,34.79799],[128.69917,34.80275],[128.69539,34.80478],[128.70954,34.81235],[128.71533,34.80083],[128.70995,34.79481],[128.72541,34.79214],[128.73072,34.79239],[128.73913,34.78644],[128.74064,34.79035],[128.73565,34.79554],[128.7351,34.79973],[128.72829,34.81132],[128.7218,34.81406],[128.71944,34.82555],[128.72573,34.82725],[128.72524,34.83163],[128.71743,34.83765],[128.71538,34.83234],[128.71042,34.82843],[128.7029,34.83257],[128.70291,34.84216],[128.71853,34.84974],[128.72501,34.84152],[128.73433,34.84276],[128.73619,34.84528],[128.73333,34.8525],[128.7298,34.85288],[128.7288,34.85905],[128.72376,34.86431],[128.72938,34.8672],[128.73325,34.86203],[128.743,34.86766],[128.74371,34.87089],[128.73864,34.87861],[128.74458,34.87985],[128.74289,34.88349],[128.75214,34.89299],[128.7368,34.88516],[128.73309,34.89157],[128.72468,34.88905],[128.71688,34.88043],[128.7181,34.87747],[128.71012,34.86942],[128.70468,34.87243],[128.70905,34.87655],[128.70523,34.87839],[128.69877,34.87421],[128.69998,34.87858],[128.69667,34.89131],[128.70467,34.89131],[128.70792,34.89958],[128.71728,34.90054],[128.71281,34.90445],[128.7104,34.91074],[128.71384,34.91297],[128.71845,34.90975],[128.72333,34.91327],[128.71704,34.92256],[128.71998,34.92844],[128.71497,34.93605],[128.7189,34.93646],[128.72014,34.94144],[128.72308,34.93726],[128.72711,34.93894],[128.72708,34.94615],[128.72057,34.94932],[128.71539,34.95743],[128.71621,34.96453],[128.70688,34.9656],[128.70372,34.9718],[128.69679,34.97293],[128.69494,34.98017],[128.7001,34.98762],[128.69989,34.99226],[128.69507,34.99056],[128.69431,34.99773],[128.70161,34.99868],[128.70657,34.9962],[128.7054,35.00146],[128.70189,35.00105],[128.70207,35.00615],[128.70788,35.00938],[128.71146,35.00512],[128.71793,35.00992],[128.72161,35.01909],[128.72078,35.02433],[128.71243,35.03171],[128.70645,35.03162],[128.69892,35.03691],[128.69964,35.0316],[128.68982,35.03206],[128.68803,35.03732],[128.67872,35.04075]]]]},"properties":{"SIGUNGU_CD":"38090","SIGUNGU_NM":"거제시","BASE_DATE":"20250630"}},
{"type":"Feature","geometry":{"type":"Polygon","coordinates":[[[129.19994,35.43511],[129.19698,35.4389],[129.19051,35.43509],[129.18555,35.43518],[129.16805,35.43179],[129.16081,35.43512],[129.15204,35.44187],[129.13959,35.44853],[129.13809,35.45211],[129.12638,35.46168],[129.12177,35.46344],[129.12127,35.47011],[129.1174,35.47589],[129.10832,35.48107],[129.10882,35.48789],[129.10672,35.49514],[129.1026,35.49767],[129.09062,35.49831],[129.08626,35.50202],[129.08033,35.50284],[129.06161,35.50963],[129.05264,35.51445],[129.05211,35.5244],[129.05657,35.52711],[129.05582,35.53227],[129.03246,35.52568],[129.02734,35.52711],[129.01296,35.52314],[129.00903,35.52555],[129.00969,35.52806],[128.99539,35.52782],[128.99371,35.52758],[128.99159,35.52714],[128.98935,35.51735],[128.98877,35.51592],[128.97901,35.50915],[128.97566,35.50761],[128.96364,35.5092],[128.96194,35.50937],[128.95795,35.49957],[128.95978,35.49593],[128.96762,35.48998],[128.96316,35.4845],[128.96443,35.47776],[128.96839,35.47188],[128.96705,35.46673],[128.95706,35.45766],[128.95011,35.45426],[128.94241,35.45636],[128.93357,35.45264],[128.91851,35.45177],[128.90644,35.43991],[128.90792,35.43536],[128.92225,35.42596],[128.92362,35.4211],[128.92188,35.41937],[128.91453,35.41509],[128.90354,35.41979],[128.89089,35.41451],[128.89027,35.40398],[128.87942,35.39809],[128.87855,35.3907],[128.88061,35.38651],[128.87527,35.38284],[128.87429,35.38223],[128.87642,35.37141],[128.88087,35.36781],[128.8906,35.36503],[128.9071,35.36542],[128.91261,35.36424],[128.92362,35.35703],[128.94563,35.33778],[128.96392,35.33181],[128.96889,35.32821],[128.97114,35.32461],[128.97314,35.31019],[128.98414,35.29577],[129.00388,35.28495],[129.01163,35.27774],[129.01348,35.27376],[129.01712,35.27546],[129.02151,35.2761],[129.03068,35.27688],[129.03591,35.27547],[129.03873,35.27536],[129.0475,35.27421],[129.04775,35.27452],[129.05387,35.28287],[129.05217,35.28586],[129.05836,35.29484],[129.06933,35.29379],[129.07427,35.29076],[129.0861,35.30137],[129.09055,35.30342],[129.10067,35.30397],[129.10561,35.30658],[129.1086,35.30555],[129.10856,35.30458],[129.11241,35.31014],[129.11218,35.31735],[129.11814,35.32248],[129.12595,35.33342],[129.12396,35.33714],[129.12714,35.3454],[129.13468,35.35301],[129.1212,35.36736],[129.12757,35.36773],[129.14876,35.36425],[129.16111,35.3594],[129.16281,35.35681],[129.17435,35.35172],[129.17819,35.35177],[129.18573,35.35857],[129.19337,35.36124],[129.19876,35.3665],[129.19918,35.37598],[129.19359,35.38209],[129.19937,35.38904],[129.20117,35.38778],[129.20282,35.39261],[129.20892,35.39943],[129.21888,35.40697],[129.21024,35.41975],[129.20016,35.42415],[129.20211,35.43207],[129.19964,35.4352],[129.19994,35.43511]]]},"properties":{"SIGUNGU_CD":"38100","SIGUNGU_NM":"양산시","BASE_DATE":"20250630"}},
{"type":"Feature","geometry":{"type":"Polygon","coordinates":[[[128.65073,35.3749],[128.63438,35.36857],[128.60982,35.38534],[128.60152,35.39338],[128.59338,35.39167],[128.58511,35.38518],[128.57692,35.38094],[128.57639,35.3808],[128.57407,35.37209],[128.57721,35.36594],[128.57149,35.3615],[128.57145,35.3582],[128.56129,35.35698],[128.55929,35.35269],[128.56491,35.34965],[128.56226,35.34712],[128.56466,35.3411],[128.57016,35.33592],[128.56476,35.32735],[128.57248,35.31991],[128.57203,35.3157],[128.58266,35.30852],[128.57283,35.30112],[128.57691,35.29062],[128.58141,35.28729],[128.58337,35.27843],[128.58944,35.27789],[128.59165,35.27324],[128.58749,35.2722],[128.58609,35.27209],[128.58688,35.27093],[128.5852,35.26537],[128.58671,35.26316],[128.59616,35.2592],[128.60448,35.24942],[128.602,35.24563],[128.61578,35.23541],[128.61185,35.22231],[128.61844,35.21883],[128.62694,35.21711],[128.63292,35.22076],[128.64372,35.23266],[128.64457,35.23217],[128.64497,35.23251],[128.6509,35.24142],[128.65547,35.24345],[128.66555,35.24598],[128.66962,35.24594],[128.68196,35.24197],[128.69428,35.23221],[128.70297,35.23341],[128.71171,35.23669],[128.71732,35.23521],[128.72531,35.23747],[128.72328,35.24445],[128.72051,35.24292],[128.71879,35.2499],[128.7141,35.25715],[128.71315,35.25911],[128.71249,35.26179],[128.71146,35.26473],[128.71127,35.26541],[128.71099,35.26759],[128.71149,35.26969],[128.71103,35.2707],[128.71003,35.27178],[128.70605,35.28007],[128.70538,35.28129],[128.7066,35.28753],[128.70356,35.29466],[128.69786,35.30159],[128.69218,35.30395],[128.69224,35.30813],[128.69689,35.31039],[128.70925,35.30892],[128.71477,35.31044],[128.71144,35.31525],[128.71323,35.32183],[128.71788,35.3256],[128.72216,35.32152],[128.73303,35.31586],[128.74246,35.32073],[128.74275,35.32639],[128.74163,35.33071],[128.74212,35.33154],[128.74436,35.33205],[128.74971,35.33212],[128.75019,35.33944],[128.75315,35.33437],[128.76412,35.34551],[128.75357,35.34822],[128.74329,35.34825],[128.72629,35.36135],[128.71453,35.36853],[128.70352,35.37111],[128.68937,35.37755],[128.67048,35.37743],[128.65949,35.37402],[128.65073,35.3749]]]},"properties":{"SIGUNGU_CD":"38111","SIGUNGU_NM":"창원시 의창구","BASE_DATE":"20250630"}},
{"type":"Feature","geometry":{"type":"Polygon","coordinates":[[[128.68196,35.24197],[128.66945,35.24596],[128.66587,35.246],[128.66478,35.24585],[128.65547,35.24345],[128.6509,35.24142],[128.64497,35.23251],[128.64457,35.23217],[128.64372,35.23266],[128.63363,35.22151],[128.63273,35.21823],[128.6247,35.21284],[128.60842,35.21186],[128.58933,35.1994],[128.5924,35.19133],[128.59138,35.1784],[128.59417,35.17218],[128.60065,35.16811],[128.59816,35.16555],[128.60491,35.16046],[128.61101,35.16269],[128.60779,35.1566],[128.60966,35.15092],[128.61294,35.15184],[128.63315,35.1713],[128.6377,35.1763],[128.64674,35.17647],[128.65452,35.18027],[128.66979,35.1807],[128.67927,35.17346],[128.68908,35.1698],[128.70833,35.16781],[128.73301,35.15743],[128.73845,35.15657],[128.73997,35.16505],[128.74127,35.16905],[128.74365,35.18507],[128.74622,35.1918],[128.75053,35.19457],[128.75069,35.20145],[128.74543,35.20611],[128.73345,35.20555],[128.728,35.20695],[128.72252,35.2144],[128.72003,35.22361],[128.72511,35.2309],[128.72531,35.23747],[128.71732,35.23521],[128.71171,35.23669],[128.70297,35.23341],[128.69428,35.23221],[128.68196,35.24197]]]},"properties":{"SIGUNGU_CD":"38112","SIGUNGU_NM":"창원시 성산구","BASE_DATE":"20250630"}},
{"type":"Feature","geometry":{"type":"MultiPolygon","coordinates":[[[[128.57444,35.06341],[128.56959,35.06207],[128.57031,35.05709],[128.57541,35.06057],[128.57444,35.06341]]],[[[128.63719,35.06593],[128.63126,35.06099],[128.63928,35.06261],[128.63719,35.06593]]],[[[128.5514,35.07009],[128.54207,35.06891],[128.55676,35.05336],[128.5624,35.05213],[128.56836,35.05469],[128.56023,35.06385],[128.56125,35.06692],[128.5514,35.07009]]],[[[128.48836,35.08405],[128.48795,35.07851],[128.49109,35.077],[128.49473,35.08092],[128.48836,35.08405]]],[[[128.54672,35.08559],[128.5431,35.08532],[128.54434,35.07893],[128.54672,35.08559]]],[[[128.49338,35.09391],[128.48893,35.09167],[128.49271,35.08842],[128.49338,35.09391]]],[[[128.52068,35.09653],[128.51453,35.09603],[128.51722,35.08862],[128.52068,35.09653]]],[[[128.58898,35.21367],[128.58928,35.2191],[128.58461,35.22251],[128.58179,35.2201],[128.58088,35.21983],[128.57681,35.2147],[128.56456,35.21784],[128.55083,35.2121],[128.54413,35.21428],[128.53621,35.20959],[128.53905,35.20507],[128.53794,35.1991],[128.54114,35.19105],[128.52887,35.18519],[128.51793,35.17705],[128.50675,35.17854],[128.50312,35.17743],[128.49774,35.18072],[128.48706,35.18043],[128.47905,35.18802],[128.47868,35.18782],[128.47707,35.18827],[128.46549,35.18896],[128.45758,35.18394],[128.44536,35.18058],[128.444,35.17018],[128.43888,35.16684],[128.43429,35.16415],[128.43027,35.16431],[128.41727,35.1702],[128.40966,35.17906],[128.4058,35.17961],[128.40314,35.18503],[128.40719,35.192],[128.40087,35.20482],[128.39869,35.20559],[128.39039,35.20722],[128.37995,35.20176],[128.37409,35.19306],[128.36723,35.19427],[128.3682,35.19126],[128.36471,35.17808],[128.36452,35.17038],[128.3632,35.1679],[128.36044,35.1572],[128.36185,35.15087],[128.35919,35.1486],[128.36282,35.14024],[128.34814,35.13082],[128.34827,35.12709],[128.34871,35.12616],[128.35367,35.1184],[128.35012,35.11183],[128.35691,35.10797],[128.37192,35.11115],[128.38026,35.10444],[128.38602,35.10297],[128.38993,35.09871],[128.39303,35.08724],[128.39956,35.08356],[128.39975,35.09044],[128.41107,35.09265],[128.41699,35.0915],[128.42828,35.0846],[128.42546,35.07638],[128.4261,35.06933],[128.42313,35.05632],[128.43199,35.05759],[128.43876,35.07144],[128.44623,35.07168],[128.45244,35.07425],[128.46148,35.07167],[128.46557,35.07959],[128.47094,35.08138],[128.47623,35.0759],[128.47907,35.0817],[128.46615,35.08528],[128.45953,35.09076],[128.45476,35.09183],[128.44705,35.09793],[128.45257,35.10312],[128.45055,35.10611],[128.45966,35.10583],[128.47065,35.0982],[128.48548,35.10169],[128.4884,35.10824],[128.4951,35.10558],[128.50579,35.09852],[128.51951,35.09969],[128.51983,35.10502],[128.52657,35.1044],[128.53468,35.11457],[128.53588,35.11962],[128.54112,35.11676],[128.53909,35.1108],[128.54877,35.1073],[128.54143,35.10148],[128.54818,35.10035],[128.54569,35.09764],[128.57004,35.09317],[128.57285,35.09116],[128.58316,35.09129],[128.58294,35.08736],[128.57355,35.08656],[128.56935,35.08252],[128.5641,35.08225],[128.56294,35.07573],[128.56584,35.07332],[128.56362,35.06686],[128.56906,35.07],[128.58164,35.06475],[128.59084,35.07231],[128.59663,35.06824],[128.58901,35.06576],[128.5883,35.0628],[128.57807,35.06027],[128.57299,35.05413],[128.58114,35.05406],[128.59179,35.05655],[128.60159,35.05629],[128.60879,35.06061],[128.61956,35.06442],[128.62428,35.0644],[128.63516,35.06878],[128.63542,35.07129],[128.62634,35.07382],[128.61492,35.06948],[128.6078,35.07037],[128.61116,35.07528],[128.60281,35.07646],[128.60288,35.08029],[128.61659,35.08103],[128.62762,35.08429],[128.62188,35.09002],[128.61522,35.08961],[128.61153,35.09212],[128.61739,35.09394],[128.60851,35.09715],[128.60115,35.10258],[128.59945,35.11918],[128.59579,35.11803],[128.58591,35.12039],[128.59869,35.12416],[128.59919,35.13271],[128.59221,35.13178],[128.5904,35.12898],[128.58221,35.12754],[128.57633,35.12989],[128.57506,35.13747],[128.57901,35.13959],[128.58721,35.13042],[128.59782,35.14191],[128.59087,35.14668],[128.59091,35.15305],[128.58444,35.15537],[128.59089,35.1579],[128.58273,35.16372],[128.58576,35.16524],[128.57976,35.17274],[128.57039,35.17499],[128.56459,35.18454],[128.56828,35.19082],[128.5665,35.18253],[128.56866,35.17947],[128.57407,35.18132],[128.57095,35.19117],[128.57606,35.19879],[128.58541,35.20531],[128.58898,35.21367]]]]},"properties":{"SIGUNGU_CD":"38113","SIGUNGU_NM":"창원시 마산합포구","BASE_DATE":"20250630"}},
{"type":"Feature","geometry":{"type":"Polygon","coordinates":[[[128.58301,35.27064],[128.57769,35.26906],[128.5682,35.27406],[128.5583,35.27706],[128.54463,35.27058],[128.53769,35.27176],[128.53265,35.26656],[128.52515,35.27022],[128.51067,35.26857],[128.50711,35.27336],[128.49624,35.27531],[128.49445,35.27428],[128.49174,35.27388],[128.49056,35.27192],[128.49063,35.27109],[128.49022,35.26922],[128.48972,35.26471],[128.48953,35.26483],[128.48833,35.25992],[128.47895,35.25337],[128.47366,35.24044],[128.47584,35.23787],[128.47417,35.2223],[128.47879,35.21751],[128.4793,35.21262],[128.4843,35.21182],[128.49049,35.20474],[128.47905,35.18802],[128.48706,35.18043],[128.49774,35.18072],[128.50312,35.17743],[128.50675,35.17854],[128.51793,35.17705],[128.52887,35.18519],[128.54114,35.19105],[128.53794,35.1991],[128.53905,35.20507],[128.53621,35.20959],[128.54413,35.21428],[128.55083,35.2121],[128.56456,35.21784],[128.57681,35.2147],[128.58088,35.21983],[128.58179,35.2201],[128.58461,35.22251],[128.58928,35.2191],[128.58898,35.21367],[128.58765,35.20973],[128.60261,35.21086],[128.60835,35.21313],[128.61713,35.21261],[128.62694,35.21711],[128.61844,35.21883],[128.61185,35.22231],[128.61578,35.23541],[128.602,35.24563],[128.60448,35.24942],[128.59616,35.2592],[128.58671,35.26316],[128.5852,35.26537],[128.58688,35.27093],[128.58609,35.27209],[128.58301,35.27064]]]},"properties":{"SIGUNGU_CD":"38114","SIGUNGU_NM":"창원시 마산회원구","BASE_DATE":"20250630"}},
{"type":"Feature","geometry":{"type":"MultiPolygon","coordinates":[[[[128.66923,35.05646],[128.66899,35.06095],[128.66349,35.05947],[128.66923,35.05646]]],[[[128.72238,35.08956],[128.71737,35.08399],[128.72291,35.08388],[128.72238,35.08956]]],[[[128.65122,35.1058],[128.64384,35.10247],[128.64649,35.09892],[128.65361,35.09971],[128.65912,35.0965],[128.65589,35.10399],[128.65122,35.1058]]],[[[128.73997,35.16505],[128.73845,35.15657],[128.73301,35.15743],[128.70833,35.16781],[128.68908,35.1698],[128.67927,35.17346],[128.66979,35.1807],[128.65452,35.18027],[128.64674,35.17647],[128.6377,35.1763],[128.63315,35.1713],[128.61294,35.15184],[128.6099,35.14897],[128.61498,35.14698],[128.60753,35.14106],[128.60708,35.1377],[128.61355,35.13954],[128.61875,35.13587],[128.62259,35.13704],[128.6295,35.14858],[128.6372,35.14595],[128.63471,35.14948],[128.64706,35.15048],[128.6426,35.14785],[128.64446,35.13562],[128.65891,35.13695],[128.66336,35.13046],[128.66627,35.1185],[128.6709,35.12316],[128.67732,35.12484],[128.67404,35.1324],[128.67242,35.14197],[128.67959,35.14675],[128.68852,35.14718],[128.6876,35.14266],[128.69074,35.13785],[128.69482,35.13974],[128.6973,35.13446],[128.69338,35.13295],[128.69973,35.12566],[128.70087,35.1166],[128.69544,35.10978],[128.68832,35.10902],[128.68848,35.10265],[128.69477,35.09733],[128.70283,35.10021],[128.70031,35.1033],[128.70388,35.10601],[128.71035,35.10357],[128.71464,35.10643],[128.71508,35.09692],[128.72185,35.09714],[128.72893,35.08997],[128.73655,35.09495],[128.74016,35.10021],[128.73586,35.08888],[128.7398,35.08293],[128.75099,35.08225],[128.75603,35.07735],[128.7524,35.07194],[128.7528,35.06147],[128.76376,35.05983],[128.76561,35.06246],[128.77501,35.06524],[128.77499,35.08216],[128.77926,35.08215],[128.77923,35.08634],[128.7842,35.09232],[128.7842,35.09755],[128.7656,35.09759],[128.76296,35.10517],[128.76958,35.10356],[128.77275,35.09889],[128.77934,35.10293],[128.78119,35.11014],[128.7848,35.11379],[128.78969,35.11337],[128.78835,35.10697],[128.7916,35.10255],[128.7883,35.09837],[128.79699,35.10049],[128.80245,35.09917],[128.8005,35.09386],[128.79158,35.09508],[128.78247,35.08534],[128.78469,35.07772],[128.81151,35.07758],[128.8115,35.08299],[128.81853,35.083],[128.82643,35.08621],[128.8287,35.08997],[128.82035,35.09642],[128.82178,35.09792],[128.82486,35.10234],[128.83392,35.10181],[128.8417,35.10599],[128.84278,35.11351],[128.83683,35.11855],[128.8361,35.11959],[128.83704,35.12059],[128.83739,35.12148],[128.83788,35.1229],[128.83785,35.12337],[128.83742,35.12409],[128.83298,35.12994],[128.82727,35.12816],[128.82423,35.13103],[128.81536,35.13263],[128.80213,35.1419],[128.80177,35.1466],[128.79464,35.15589],[128.79314,35.15712],[128.77783,35.15951],[128.77443,35.16153],[128.7635,35.16793],[128.75697,35.16819],[128.75567,35.16485],[128.75088,35.16739],[128.74099,35.16715],[128.73997,35.16505]]]]},"properties":{"SIGUNGU_CD":"38115","SIGUNGU_NM":"창원시 진해구","BASE_DATE":"20250630"}},
{"type":"Feature","geometry":{"type":"Polygon","coordinates":[[[128.32134,35.50836],[128.31586,35.51574],[128.30334,35.51536],[128.29265,35.51738],[128.29024,35.51232],[128.28167,35.51024],[128.26648,35.5099],[128.26084,35.50209],[128.26193,35.49719],[128.25509,35.49417],[128.23786,35.49469],[128.22762,35.48852],[128.21734,35.48441],[128.20954,35.4837],[128.20602,35.47821],[128.20072,35.47537],[128.20637,35.46878],[128.21246,35.46558],[128.21612,35.46366],[128.21629,35.46172],[128.20777,35.46013],[128.20713,35.4484],[128.203,35.44264],[128.20017,35.43223],[128.18521,35.41915],[128.19157,35.40856],[128.1899,35.39898],[128.17964,35.39575],[128.15827,35.39154],[128.14766,35.38577],[128.12875,35.38768],[128.12606,35.37984],[128.13005,35.37323],[128.12689,35.37224],[128.12289,35.37741],[128.11393,35.37979],[128.11241,35.38232],[128.10305,35.37289],[128.0959,35.36793],[128.08733,35.36865],[128.0844,35.36907],[128.08315,35.36883],[128.08747,35.36568],[128.10239,35.36712],[128.09998,35.36162],[128.09537,35.35985],[128.09911,35.35351],[128.09208,35.34832],[128.09649,35.34152],[128.10301,35.34117],[128.11046,35.33786],[128.11474,35.33116],[128.12428,35.33311],[128.13201,35.33776],[128.14585,35.34861],[128.15491,35.35113],[128.15802,35.34582],[128.1636,35.34246],[128.16435,35.33617],[128.17843,35.32264],[128.17757,35.31665],[128.17263,35.314],[128.17273,35.30824],[128.17743,35.29798],[128.17421,35.2943],[128.18103,35.28525],[128.18016,35.27907],[128.19015,35.27208],[128.19132,35.26725],[128.19573,35.26563],[128.19387,35.25645],[128.20149,35.25366],[128.20497,35.26174],[128.2097,35.26499],[128.21948,35.26468],[128.23144,35.25618],[128.23823,35.25366],[128.2464,35.25356],[128.25891,35.25603],[128.2699,35.25623],[128.27404,35.2574],[128.27666,35.26308],[128.27918,35.27198],[128.28245,35.2756],[128.29868,35.28045],[128.30126,35.28443],[128.29708,35.28908],[128.29154,35.29411],[128.29047,35.30209],[128.29772,35.31535],[128.30719,35.32215],[128.31747,35.32532],[128.31201,35.34788],[128.31252,35.35706],[128.32053,35.36261],[128.32395,35.36286],[128.33833,35.35884],[128.34568,35.35167],[128.35464,35.33968],[128.37368,35.33446],[128.39019,35.33274],[128.39568,35.33391],[128.39566,35.33751],[128.38153,35.35186],[128.3845,35.3587],[128.38999,35.36006],[128.40649,35.36082],[128.412,35.35867],[128.41583,35.36267],[128.42458,35.36289],[128.42845,35.36651],[128.41978,35.37838],[128.43137,35.39103],[128.43745,35.39279],[128.43023,35.40618],[128.42324,35.41591],[128.39779,35.42154],[128.38826,35.42587],[128.37598,35.43971],[128.37595,35.45355],[128.38293,35.46115],[128.392,35.46224],[128.41208,35.4697],[128.42097,35.47745],[128.42168,35.4831],[128.41978,35.49354],[128.41198,35.50071],[128.38884,35.51128],[128.38332,35.51248],[128.37986,35.51363],[128.37445,35.51263],[128.37027,35.51567],[128.37238,35.50226],[128.3714,35.50183],[128.3649,35.50018],[128.35621,35.50239],[128.3533,35.50302],[128.35189,35.50265],[128.34701,35.50194],[128.33941,35.50934],[128.3307,35.50757],[128.32454,35.50849],[128.32134,35.50836]]]},"properties":{"SIGUNGU_CD":"38510","SIGUNGU_NM":"의령군","BASE_DATE":"20250630"}},
{"type":"Feature","geometry":{"type":"Polygon","coordinates":[[[128.5398,35.37974],[128.51676,35.39388],[128.51199,35.40151],[128.50167,35.40057],[128.49429,35.39565],[128.48011,35.38117],[128.46687,35.38017],[128.46131,35.3811],[128.45093,35.38363],[128.44176,35.38821],[128.43732,35.39275],[128.43137,35.39103],[128.41978,35.37838],[128.42845,35.36651],[128.42458,35.36289],[128.41583,35.36267],[128.412,35.35867],[128.40649,35.36082],[128.38999,35.36006],[128.3845,35.3587],[128.38153,35.35186],[128.39566,35.33751],[128.39568,35.33391],[128.39019,35.33274],[128.37368,35.33446],[128.35464,35.33968],[128.34568,35.35167],[128.33833,35.35884],[128.32395,35.36286],[128.32053,35.36261],[128.31252,35.35706],[128.31201,35.34788],[128.31747,35.32532],[128.30719,35.32215],[128.29772,35.31535],[128.29047,35.30209],[128.29154,35.29411],[128.29708,35.28908],[128.30126,35.28443],[128.29868,35.28045],[128.28245,35.2756],[128.27918,35.27198],[128.27666,35.26308],[128.27553,35.25721],[128.28635,35.25156],[128.29356,35.25345],[128.29864,35.24989],[128.29377,35.2408],[128.30171,35.23837],[128.30809,35.22938],[128.30743,35.22151],[128.31623,35.22272],[128.32013,35.22062],[128.32269,35.21327],[128.3287,35.20687],[128.35293,35.20954],[128.35716,35.20675],[128.36566,35.19478],[128.36723,35.19427],[128.37409,35.19306],[128.37995,35.20176],[128.39039,35.20722],[128.39869,35.20559],[128.40087,35.20482],[128.40719,35.192],[128.40314,35.18503],[128.4058,35.17961],[128.40966,35.17906],[128.41727,35.1702],[128.43027,35.16431],[128.43429,35.16415],[128.43888,35.16684],[128.444,35.17018],[128.44536,35.18058],[128.45758,35.18394],[128.46549,35.18896],[128.47707,35.18827],[128.47868,35.18782],[128.47905,35.18802],[128.49049,35.20474],[128.4843,35.21182],[128.4793,35.21262],[128.47879,35.21751],[128.47417,35.2223],[128.47584,35.23787],[128.47366,35.24044],[128.47895,35.25337],[128.48833,35.25992],[128.48953,35.26483],[128.48972,35.26471],[128.49022,35.26922],[128.49063,35.27109],[128.49056,35.27192],[128.49174,35.27388],[128.49445,35.27428],[128.49624,35.27531],[128.50711,35.27336],[128.51067,35.26857],[128.52515,35.27022],[128.53265,35.26656],[128.53769,35.27176],[128.54463,35.27058],[128.5583,35.27706],[128.5682,35.27406],[128.57769,35.26906],[128.58301,35.27064],[128.5859,35.2721],[128.58749,35.2722],[128.59165,35.27324],[128.58944,35.27789],[128.58337,35.27843],[128.58141,35.28729],[128.57691,35.29062],[128.57283,35.30112],[128.58266,35.30852],[128.57203,35.3157],[128.57248,35.31991],[128.56476,35.32735],[128.57016,35.33592],[128.56466,35.3411],[128.56226,35.34712],[128.56491,35.34965],[128.55929,35.35269],[128.56129,35.35698],[128.57145,35.3582],[128.57149,35.3615],[128.57721,35.36594],[128.57407,35.37209],[128.57639,35.3808],[128.57143,35.37953],[128.5483,35.37894],[128.5398,35.37974]]]},"properties":{"SIGUNGU_CD":"38520","SIGUNGU_NM":"함안군","BASE_DATE":"20250630"}},
{"type":"Feature","geometry":{"type":"Polygon","coordinates":[[[128.52974,35.68104],[128.52793,35.68316],[128.51817,35.67943],[128.5148,35.67542],[128.50946,35.67471],[128.50681,35.65015],[128.51061,35.64657],[128.50723,35.64095],[128.50656,35.64005],[128.50624,35.63956],[128.5038,35.63878],[128.50124,35.63892],[128.50003,35.63919],[128.48134,35.63527],[128.47619,35.64021],[128.46626,35.63674],[128.46111,35.64066],[128.45335,35.6369],[128.44648,35.63841],[128.44107,35.63399],[128.43098,35.62164],[128.42387,35.62484],[128.42171,35.62398],[128.41667,35.62196],[128.413,35.61656],[128.4065,35.61419],[128.39929,35.61592],[128.38239,35.60697],[128.37245,35.60885],[128.37115,35.61023],[128.37175,35.61088],[128.36463,35.61336],[128.36468,35.61286],[128.35239,35.60768],[128.35357,35.59687],[128.35923,35.58129],[128.35736,35.56444],[128.35044,35.55084],[128.35142,35.53684],[128.36286,35.52481],[128.37419,35.51555],[128.38332,35.51248],[128.38884,35.51128],[128.41198,35.50071],[128.41978,35.49354],[128.42168,35.4831],[128.42097,35.47745],[128.41208,35.4697],[128.392,35.46224],[128.38293,35.46115],[128.37595,35.45355],[128.37598,35.43971],[128.38826,35.42587],[128.39779,35.42154],[128.42324,35.41591],[128.43023,35.40618],[128.43745,35.39279],[128.43732,35.39275],[128.44176,35.38821],[128.45093,35.38363],[128.46131,35.3811],[128.46687,35.38017],[128.48011,35.38117],[128.49429,35.39565],[128.50167,35.40057],[128.51199,35.40151],[128.51676,35.39388],[128.5398,35.37974],[128.5483,35.37894],[128.57143,35.37953],[128.57692,35.38094],[128.58511,35.38518],[128.59338,35.39167],[128.60152,35.39338],[128.60982,35.38534],[128.63438,35.36857],[128.65073,35.3749],[128.64753,35.38072],[128.6496,35.38553],[128.63858,35.3846],[128.63874,35.38657],[128.63991,35.38726],[128.64245,35.38745],[128.64445,35.38847],[128.64418,35.39318],[128.64952,35.39795],[128.64594,35.41267],[128.65116,35.42612],[128.64528,35.43266],[128.63619,35.43479],[128.6309,35.44896],[128.6261,35.45197],[128.61694,35.44928],[128.61546,35.44619],[128.60391,35.4515],[128.59419,35.45343],[128.58322,35.45359],[128.57729,35.45974],[128.57922,35.4656],[128.57379,35.47163],[128.5712,35.49242],[128.57292,35.49551],[128.57752,35.50635],[128.58592,35.50632],[128.59171,35.51746],[128.5849,35.52056],[128.58177,35.52508],[128.58379,35.52897],[128.58193,35.53446],[128.5776,35.53699],[128.57744,35.53786],[128.58509,35.53869],[128.59113,35.537],[128.59372,35.54231],[128.58975,35.54429],[128.58562,35.55528],[128.58911,35.55721],[128.58874,35.56328],[128.58363,35.56662],[128.58571,35.57245],[128.58471,35.57974],[128.59319,35.58445],[128.59269,35.58487],[128.58815,35.58515],[128.57296,35.59322],[128.56941,35.60396],[128.56198,35.60268],[128.55873,35.60737],[128.55873,35.6148],[128.55125,35.61655],[128.53655,35.6245],[128.53817,35.63191],[128.53477,35.6437],[128.53784,35.65079],[128.53743,35.65976],[128.53078,35.66274],[128.52681,35.6735],[128.52974,35.68104]]]},"properties":{"SIGUNGU_CD":"38530","SIGUNGU_NM":"창녕군","BASE_DATE":"20250630"}},
{"type":"Feature","geometry":{"type":"MultiPolygon","coordinates":[[[[128.17896,34.89111],[128.17613,34.88668],[128.18116,34.88442],[128.17896,34.89111]]],[[[128.22651,34.93338],[128.22024,34.93093],[128.21796,34.92611],[128.22324,34.92243],[128.22826,34.93068],[128.22651,34.93338]]],[[[128.34513,35.12711],[128.33841,35.12792],[128.32809,35.124],[128.32264,35.12985],[128.31613,35.12957],[128.30635,35.12498],[128.30003,35.12552],[128.2892,35.13138],[128.26959,35.13174],[128.26355,35.12712],[128.24728,35.12831],[128.24188,35.12085],[128.22771,35.11393],[128.21089,35.11545],[128.20947,35.11486],[128.20958,35.11216],[128.20299,35.10942],[128.19695,35.09557],[128.1902,35.09867],[128.18807,35.09263],[128.18836,35.08144],[128.19095,35.07664],[128.21073,35.07557],[128.21098,35.07326],[128.20325,35.07032],[128.19618,35.06502],[128.19457,35.06337],[128.19005,35.05412],[128.18432,35.05092],[128.18418,35.0505],[128.182,35.04754],[128.18003,35.03852],[128.17356,35.03141],[128.1629,35.0276],[128.15839,35.01184],[128.15925,35.00956],[128.15783,35.00698],[128.16563,34.99565],[128.17053,34.98624],[128.16625,34.98355],[128.1524,34.99129],[128.14344,34.98954],[128.13366,34.97739],[128.13506,34.96871],[128.13242,34.95957],[128.12313,34.94911],[128.12236,34.93851],[128.11434,34.93386],[128.11575,34.92688],[128.1191,34.92281],[128.11191,34.92297],[128.10394,34.91944],[128.10208,34.91456],[128.11109,34.90254],[128.11426,34.9084],[128.11787,34.9039],[128.1163,34.90098],[128.12206,34.89643],[128.1257,34.89701],[128.13237,34.8891],[128.13626,34.88919],[128.1411,34.89508],[128.14105,34.90284],[128.14971,34.90025],[128.1454,34.90456],[128.15179,34.90397],[128.15514,34.9087],[128.16053,34.9066],[128.16428,34.89926],[128.16878,34.90174],[128.16923,34.89683],[128.17652,34.89541],[128.17219,34.904],[128.17893,34.90546],[128.17768,34.90033],[128.18386,34.89486],[128.18919,34.90513],[128.18687,34.89512],[128.19495,34.89335],[128.20248,34.89422],[128.2034,34.89961],[128.1997,34.90191],[128.19631,34.91171],[128.20363,34.92368],[128.19699,34.93721],[128.20775,34.94067],[128.20914,34.93556],[128.21398,34.94257],[128.21766,34.93902],[128.22299,34.94631],[128.22641,34.94107],[128.2389,34.94367],[128.25219,34.94116],[128.25659,34.93638],[128.25888,34.94037],[128.26369,34.93717],[128.26726,34.93917],[128.2697,34.93395],[128.26594,34.92777],[128.26133,34.92715],[128.26148,34.92265],[128.26692,34.9192],[128.26661,34.91173],[128.27201,34.91427],[128.27556,34.91029],[128.27489,34.90433],[128.28298,34.90494],[128.28011,34.90917],[128.28118,34.91608],[128.28667,34.91132],[128.30031,34.91266],[128.29827,34.9169],[128.30418,34.91848],[128.29934,34.93593],[128.30571,34.93588],[128.30868,34.94176],[128.31426,34.93809],[128.31364,34.94245],[128.31985,34.94629],[128.31681,34.94895],[128.31929,34.95388],[128.31505,34.95771],[128.3196,34.96221],[128.32132,34.95746],[128.32887,34.95517],[128.33261,34.95667],[128.32912,34.94797],[128.33462,34.94475],[128.3405,34.94844],[128.34233,34.94292],[128.34003,34.9387],[128.34568,34.93827],[128.35109,34.93828],[128.35369,34.94185],[128.36679,34.94569],[128.38224,34.94762],[128.39102,34.95201],[128.3891,34.96102],[128.392,34.96367],[128.39986,34.964],[128.40035,34.97046],[128.41564,34.96721],[128.41729,34.96987],[128.41861,34.97146],[128.42305,34.97541],[128.43296,34.97606],[128.44098,34.97215],[128.44368,34.97766],[128.44121,34.98278],[128.42323,34.98631],[128.41062,34.98524],[128.40651,34.98786],[128.4073,34.99405],[128.41553,34.99673],[128.42197,34.99289],[128.43639,34.99456],[128.4595,34.99041],[128.46664,34.98805],[128.47044,34.99021],[128.46413,34.99783],[128.47395,34.99347],[128.47952,34.99602],[128.47623,34.99847],[128.48424,35.0006],[128.481,35.00312],[128.48701,35.01155],[128.49092,35.00549],[128.50122,35.01363],[128.50043,35.02079],[128.48149,35.02828],[128.48637,35.03778],[128.47647,35.04214],[128.47362,35.03459],[128.47142,35.04031],[128.45898,35.04658],[128.46109,35.04947],[128.46845,35.04946],[128.47925,35.04695],[128.48138,35.05417],[128.47574,35.05612],[128.48239,35.06414],[128.47615,35.06498],[128.47705,35.06865],[128.46886,35.07561],[128.467,35.06684],[128.46025,35.06315],[128.45263,35.07127],[128.44448,35.06605],[128.44248,35.06023],[128.44604,35.05408],[128.45052,35.0515],[128.43907,35.04954],[128.42827,35.04471],[128.41803,35.04262],[128.40929,35.04319],[128.39979,35.0402],[128.38995,35.03465],[128.38805,35.02429],[128.38844,35.01672],[128.38266,35.01869],[128.37558,35.01541],[128.3677,35.01682],[128.36629,35.02169],[128.37152,35.02399],[128.36944,35.03139],[128.37413,35.02989],[128.38222,35.03592],[128.3642,35.04692],[128.37384,35.04493],[128.37338,35.04961],[128.38366,35.04649],[128.38343,35.04998],[128.40119,35.05468],[128.40283,35.05794],[128.4098,35.05826],[128.41198,35.06188],[128.41736,35.05994],[128.41529,35.05517],[128.42313,35.05632],[128.4261,35.06933],[128.42546,35.07638],[128.42828,35.0846],[128.41699,35.0915],[128.41107,35.09265],[128.39975,35.09044],[128.39956,35.08356],[128.39303,35.08724],[128.38993,35.09871],[128.38602,35.10297],[128.38026,35.10444],[128.37192,35.11115],[128.35691,35.10797],[128.35012,35.11183],[128.35367,35.1184],[128.34871,35.12616],[128.34513,35.12711]],[[128.12213,34.90472],[128.12658,34.89767],[128.12167,34.89715],[128.11656,34.90144],[128.12213,34.90472]]]]},"properties":{"SIGUNGU_CD":"38540","SIGUNGU_NM":"고성군","BASE_DATE":"20250630"}},
{"type":"Feature","geometry":{"type":"MultiPolygon","coordinates":[[[[128.04762,34.69157],[128.04302,34.68456],[128.0456,34.68103],[128.05043,34.68284],[128.05185,34.6882],[128.04762,34.69157]]],[[[128.05027,34.6998],[128.0472,34.69514],[128.05751,34.69572],[128.05027,34.6998]]],[[[127.94031,34.73099],[127.93364,34.7279],[127.94238,34.7234],[127.94031,34.73099]]],[[[128.07307,34.75714],[128.07,34.75435],[128.07251,34.75044],[128.07307,34.75714]]],[[[128.03032,34.92194],[128.02339,34.91953],[128.0169,34.91996],[128.00483,34.91604],[127.99578,34.90954],[127.99638,34.90678],[127.98874,34.90097],[127.99205,34.8987],[127.9853,34.89181],[127.9765,34.8787],[127.97188,34.87803],[127.96205,34.86959],[127.96148,34.86326],[127.96526,34.85844],[127.96483,34.8527],[127.97062,34.84834],[127.97098,34.84211],[127.97876,34.84158],[127.98694,34.83663],[128.00175,34.83592],[128.01281,34.83925],[128.01901,34.83871],[128.01849,34.84229],[128.02413,34.84729],[128.04206,34.8399],[128.04591,34.8359],[128.05334,34.83861],[128.06178,34.83461],[128.06508,34.83052],[128.07037,34.83585],[128.0782,34.83205],[128.07772,34.82815],[128.08738,34.82978],[128.08523,34.8354],[128.07782,34.83816],[128.07705,34.84326],[128.06703,34.84581],[128.06348,34.84344],[128.05993,34.84772],[128.06456,34.84988],[128.06189,34.85562],[128.05346,34.85352],[128.0586,34.86001],[128.06465,34.86128],[128.0669,34.86997],[128.06246,34.87514],[128.06413,34.87801],[128.05777,34.87913],[128.05597,34.88501],[128.04643,34.88348],[128.05019,34.887],[128.04762,34.89027],[128.03972,34.8882],[128.03678,34.89808],[128.0314,34.89329],[128.02258,34.87934],[128.02252,34.87123],[128.02565,34.86788],[128.02026,34.86351],[128.00986,34.86778],[128.01262,34.87703],[128.01507,34.89245],[128.02598,34.90308],[128.03289,34.91668],[128.03032,34.92194]]],[[[127.89121,34.94685],[127.87334,34.94102],[127.87071,34.94197],[127.86526,34.93697],[127.86592,34.93232],[127.85832,34.93142],[127.85991,34.92819],[127.85421,34.92759],[127.85894,34.92374],[127.85431,34.92216],[127.85151,34.91587],[127.85685,34.91277],[127.86451,34.90405],[127.86199,34.90123],[127.85426,34.90286],[127.8445,34.90163],[127.84275,34.90641],[127.84019,34.90333],[127.84333,34.8992],[127.83574,34.89838],[127.82557,34.90299],[127.83114,34.89557],[127.82395,34.89419],[127.83308,34.8923],[127.82716,34.87375],[127.82097,34.87617],[127.81775,34.87441],[127.81866,34.86899],[127.81358,34.86165],[127.81081,34.86475],[127.81187,34.85399],[127.80735,34.85349],[127.81257,34.84774],[127.81298,34.83405],[127.82338,34.81942],[127.82822,34.81669],[127.82791,34.8113],[127.83285,34.81113],[127.83118,34.80739],[127.83653,34.79769],[127.83485,34.79256],[127.84508,34.78743],[127.84554,34.78163],[127.84982,34.77706],[127.85237,34.76908],[127.84099,34.76722],[127.84372,34.76275],[127.842,34.75751],[127.8355,34.75586],[127.83669,34.74991],[127.84929,34.75007],[127.85338,34.74764],[127.85589,34.74093],[127.85276,34.73573],[127.86184,34.7343],[127.85943,34.72856],[127.87501,34.72749],[127.87863,34.72401],[127.88559,34.72255],[127.90609,34.72774],[127.91231,34.73608],[127.91298,34.74022],[127.90924,34.74444],[127.91051,34.74947],[127.90514,34.75407],[127.90676,34.75712],[127.90286,34.76423],[127.90943,34.7689],[127.91791,34.76881],[127.91918,34.7717],[127.92809,34.77571],[127.93841,34.77564],[127.94923,34.77754],[127.95451,34.77266],[127.94902,34.76686],[127.94418,34.74708],[127.94755,34.73958],[127.94635,34.73344],[127.9492,34.72966],[127.95421,34.73141],[127.94958,34.72628],[127.95731,34.72179],[127.95897,34.71781],[127.95463,34.71756],[127.95376,34.71327],[127.96506,34.70962],[127.98004,34.71171],[127.98432,34.70923],[127.9879,34.71204],[127.98364,34.71828],[127.99229,34.71948],[127.99251,34.7141],[128.00092,34.71698],[128.0072,34.71113],[128.01108,34.71677],[128.00746,34.72103],[128.01553,34.72414],[128.02615,34.71843],[128.02207,34.70628],[128.01913,34.70269],[128.02481,34.70055],[128.02765,34.70768],[128.03666,34.70737],[128.03612,34.70286],[128.04448,34.70229],[128.0426,34.70588],[128.04774,34.71014],[128.05328,34.70798],[128.05325,34.71182],[128.05901,34.70961],[128.05368,34.71492],[128.04647,34.7151],[128.03461,34.72164],[128.03539,34.73136],[128.04207,34.73819],[128.04873,34.73987],[128.05014,34.74368],[128.05641,34.74606],[128.05687,34.75383],[128.05421,34.7556],[128.05476,34.76822],[128.04978,34.77479],[128.04929,34.78235],[128.05525,34.78686],[128.05533,34.7928],[128.05091,34.79504],[128.05559,34.802],[128.06491,34.80028],[128.06132,34.80545],[128.0659,34.81265],[128.06628,34.81838],[128.05521,34.8218],[128.04982,34.82711],[128.0426,34.8226],[128.03257,34.82891],[128.03068,34.83429],[128.01935,34.83287],[128.01971,34.83024],[128.01123,34.83045],[127.9985,34.83297],[127.99016,34.83305],[127.98281,34.82655],[127.97702,34.82567],[127.97855,34.82079],[127.95842,34.81367],[127.96588,34.80915],[127.95965,34.8055],[127.95364,34.80501],[127.94534,34.80884],[127.94105,34.81592],[127.94188,34.82547],[127.93674,34.83115],[127.93071,34.83334],[127.92418,34.83074],[127.92221,34.83497],[127.91718,34.83548],[127.91188,34.84992],[127.9026,34.86261],[127.89832,34.87123],[127.90156,34.87829],[127.90138,34.88406],[127.91077,34.88376],[127.90992,34.88635],[127.92056,34.8923],[127.92531,34.89158],[127.92176,34.90058],[127.9274,34.9069],[127.92473,34.91062],[127.92998,34.91496],[127.92458,34.92124],[127.927,34.92304],[127.921,34.93471],[127.92573,34.93967],[127.91893,34.94308],[127.91584,34.9386],[127.91323,34.9414],[127.90821,34.93904],[127.90741,34.94306],[127.90272,34.94124],[127.89541,34.94639],[127.89121,34.94685]]]]},"properties":{"SIGUNGU_CD":"38550","SIGUNGU_NM":"남해군","BASE_DATE":"20250630"}},
{"type":"Feature","geometry":{"type":"MultiPolygon","coordinates":[[[[127.83135,34.93985],[127.82886,34.934],[127.82964,34.92852],[127.83457,34.93879],[127.83135,34.93985]]],[[[127.68878,35.31921],[127.6827,35.32275],[127.66341,35.32127],[127.6582,35.32878],[127.64018,35.3246],[127.63145,35.32667],[127.62074,35.33256],[127.61663,35.33109],[127.60769,35.32504],[127.60654,35.32066],[127.59296,35.31183],[127.58567,35.30914],[127.57748,35.3089],[127.57607,35.30608],[127.57639,35.30228],[127.57737,35.29516],[127.58407,35.2911],[127.5957,35.26813],[127.61016,35.26205],[127.61525,35.25039],[127.61243,35.24797],[127.61282,35.24162],[127.61929,35.2356],[127.62114,35.22465],[127.62073,35.21266],[127.61744,35.21008],[127.61803,35.19974],[127.62149,35.19179],[127.61814,35.1909],[127.62462,35.18257],[127.62746,35.1816],[127.63203,35.1762],[127.6375,35.17313],[127.64837,35.16039],[127.65934,35.15896],[127.6757,35.14734],[127.69203,35.13109],[127.69385,35.12793],[127.69523,35.12071],[127.69485,35.10629],[127.69726,35.10178],[127.70662,35.09541],[127.71769,35.08261],[127.73422,35.07533],[127.73867,35.06998],[127.73994,35.06336],[127.75154,35.05672],[127.76345,35.05483],[127.76966,35.04645],[127.77163,35.03372],[127.77879,35.02473],[127.78521,35.02042],[127.78682,35.01021],[127.78048,34.99401],[127.77906,34.98811],[127.77372,34.98271],[127.7635,34.97609],[127.7606,34.96889],[127.75939,34.96677],[127.77017,34.96713],[127.77333,34.95498],[127.78069,34.9495],[127.78127,34.94429],[127.79224,34.94041],[127.79507,34.93054],[127.79857,34.92274],[127.80557,34.92414],[127.80243,34.93579],[127.80939,34.93926],[127.8166,34.93901],[127.81934,34.9434],[127.8291,34.948],[127.82321,34.95335],[127.83501,34.94887],[127.83925,34.95088],[127.84051,34.96261],[127.8456,34.95783],[127.84384,34.95208],[127.84856,34.94909],[127.86586,34.94603],[127.88213,34.9496],[127.88533,34.95624],[127.89429,34.95795],[127.90023,34.9649],[127.90164,34.97029],[127.90905,34.97424],[127.91188,34.97241],[127.911,34.97998],[127.90738,34.98254],[127.914,34.98493],[127.91879,34.9814],[127.91447,34.99258],[127.91971,34.99347],[127.91635,34.99707],[127.92221,35.00681],[127.91767,35.00989],[127.92273,35.0142],[127.92435,35.018],[127.91976,35.02547],[127.92419,35.0276],[127.92515,35.02954],[127.92392,35.04183],[127.93118,35.04774],[127.92473,35.05371],[127.92227,35.06206],[127.91447,35.06453],[127.91171,35.07345],[127.90832,35.07342],[127.90632,35.07882],[127.89865,35.07885],[127.89351,35.08657],[127.90228,35.08761],[127.90187,35.09527],[127.90932,35.09813],[127.89936,35.1074],[127.91085,35.11836],[127.9105,35.12066],[127.89035,35.13099],[127.88544,35.13046],[127.88093,35.13932],[127.88004,35.14871],[127.89652,35.1528],[127.89639,35.15643],[127.90309,35.15487],[127.90746,35.14969],[127.92144,35.15033],[127.93154,35.14547],[127.93184,35.14973],[127.93697,35.15146],[127.93861,35.15259],[127.93719,35.16217],[127.93925,35.16594],[127.92508,35.17832],[127.9175,35.17994],[127.90825,35.18429],[127.89485,35.19697],[127.89454,35.20789],[127.88958,35.21288],[127.88782,35.21848],[127.88986,35.22753],[127.88782,35.23762],[127.89311,35.25044],[127.87447,35.25094],[127.87582,35.25663],[127.86916,35.26005],[127.86516,35.25858],[127.8568,35.24893],[127.85781,35.24248],[127.85074,35.23603],[127.8472,35.23549],[127.84324,35.22758],[127.83533,35.22963],[127.82655,35.22249],[127.81426,35.22183],[127.79956,35.21927],[127.78273,35.22094],[127.77606,35.21948],[127.76831,35.22335],[127.76546,35.22753],[127.76025,35.22856],[127.75282,35.23688],[127.74891,35.24945],[127.73756,35.25547],[127.73381,35.25483],[127.71795,35.25953],[127.70481,35.26487],[127.70032,35.27478],[127.69564,35.27707],[127.69023,35.28424],[127.6927,35.28775],[127.68897,35.2928],[127.68841,35.31496],[127.68878,35.31921]],[[127.79218,34.94135],[127.80001,34.94289],[127.80317,34.93237],[127.79521,34.93078],[127.79218,34.94135]],[[127.79639,34.93085],[127.80327,34.93222],[127.80504,34.92604],[127.79788,34.92684],[127.79639,34.93085]]]]},"properties":{"SIGUNGU_CD":"38560","SIGUNGU_NM":"하동군","BASE_DATE":"20250630"}},
{"type":"Feature","geometry":{"type":"Polygon","coordinates":[[[127.95294,35.51927],[127.94651,35.51931],[127.94123,35.51443],[127.92533,35.51535],[127.91998,35.51997],[127.92129,35.52367],[127.91322,35.52563],[127.90138,35.53497],[127.89395,35.53016],[127.88758,35.5314],[127.88079,35.52696],[127.88058,35.53155],[127.87455,35.53837],[127.87745,35.55044],[127.87201,35.55222],[127.86934,35.55949],[127.87481,35.56721],[127.87085,35.57552],[127.86197,35.57501],[127.85656,35.56927],[127.85639,35.56941],[127.84779,35.558],[127.84041,35.54578],[127.83325,35.54047],[127.82278,35.52791],[127.81685,35.52544],[127.81596,35.52166],[127.82329,35.51664],[127.82025,35.50969],[127.82277,35.49972],[127.81628,35.49065],[127.80611,35.49122],[127.80532,35.4856],[127.80951,35.48274],[127.80766,35.47812],[127.81449,35.47156],[127.81237,35.46908],[127.79955,35.46731],[127.78534,35.4609],[127.78234,35.45711],[127.78943,35.45178],[127.7896,35.44821],[127.78934,35.44601],[127.78673,35.44432],[127.7792,35.44677],[127.7733,35.44471],[127.77273,35.43975],[127.78005,35.43433],[127.7689,35.42621],[127.76997,35.42067],[127.76325,35.41847],[127.75902,35.41404],[127.76005,35.40639],[127.75759,35.40182],[127.74837,35.39715],[127.75257,35.38323],[127.74603,35.37645],[127.73949,35.37327],[127.7388,35.36484],[127.73412,35.36119],[127.73311,35.35456],[127.73516,35.34712],[127.73066,35.33691],[127.7185,35.33436],[127.70766,35.32556],[127.70637,35.32036],[127.70061,35.31607],[127.68878,35.31921],[127.68841,35.31496],[127.68897,35.2928],[127.6927,35.28775],[127.69023,35.28424],[127.69564,35.27707],[127.70032,35.27478],[127.70481,35.26487],[127.71795,35.25953],[127.73381,35.25483],[127.73756,35.25547],[127.74891,35.24945],[127.75282,35.23688],[127.76025,35.22856],[127.76546,35.22753],[127.76831,35.22335],[127.77606,35.21948],[127.78273,35.22094],[127.79956,35.21927],[127.81426,35.22183],[127.82655,35.22249],[127.83533,35.22963],[127.84324,35.22758],[127.8472,35.23549],[127.85074,35.23603],[127.85781,35.24248],[127.8568,35.24893],[127.86516,35.25858],[127.86916,35.26005],[127.87582,35.25663],[127.87447,35.25094],[127.89311,35.25044],[127.88782,35.23762],[127.88986,35.22753],[127.89732,35.22726],[127.90555,35.22259],[127.91004,35.22539],[127.91097,35.22751],[127.91158,35.23929],[127.91196,35.24073],[127.91662,35.2483],[127.92328,35.25023],[127.92554,35.24938],[127.93242,35.25067],[127.94167,35.2472],[127.94757,35.24165],[127.96678,35.24652],[127.9714,35.25009],[127.97355,35.27003],[127.98289,35.27052],[127.9863,35.27711],[127.98433,35.28183],[127.98625,35.28691],[127.9952,35.2852],[128.00432,35.29309],[128.00594,35.29741],[128.01189,35.2986],[128.01519,35.30312],[128.03462,35.30781],[128.04224,35.30402],[128.05233,35.31269],[128.05091,35.32098],[128.05862,35.33357],[128.073,35.33309],[128.08049,35.33704],[128.10165,35.33501],[128.10878,35.33018],[128.11474,35.33116],[128.11046,35.33786],[128.10301,35.34117],[128.09649,35.34152],[128.09208,35.34832],[128.09911,35.35351],[128.09537,35.35985],[128.09998,35.36162],[128.10239,35.36712],[128.08747,35.36568],[128.08315,35.36883],[128.08231,35.36982],[128.08928,35.38077],[128.08068,35.38909],[128.07292,35.38896],[128.06623,35.39633],[128.06607,35.40228],[128.05922,35.40537],[128.05449,35.41632],[128.05303,35.41772],[128.04525,35.41578],[128.04156,35.41933],[128.03471,35.41568],[128.02764,35.41885],[128.02313,35.42638],[128.01166,35.42619],[128.00833,35.43542],[128.0018,35.43798],[127.99572,35.437],[127.98671,35.4456],[127.98632,35.45102],[127.98165,35.45153],[127.98487,35.45651],[127.97829,35.46242],[127.97962,35.46544],[127.97395,35.47697],[127.97656,35.48702],[127.9746,35.49493],[127.96258,35.50002],[127.9601,35.51231],[127.96095,35.51666],[127.9568,35.51792],[127.95507,35.51911],[127.95294,35.51927]]]},"properties":{"SIGUNGU_CD":"38570","SIGUNGU_NM":"산청군","BASE_DATE":"20250630"}},
{"type":"Feature","geometry":{"type":"Polygon","coordinates":[[[127.85236,35.65799],[127.84678,35.6565],[127.84067,35.6601],[127.83313,35.66144],[127.83314,35.66967],[127.82506,35.67073],[127.82345,35.67424],[127.81496,35.67809],[127.81137,35.68575],[127.80339,35.68593],[127.80125,35.69567],[127.79544,35.70424],[127.78438,35.70524],[127.77705,35.71295],[127.76367,35.72145],[127.76276,35.72958],[127.75524,35.73348],[127.74815,35.73111],[127.74144,35.72475],[127.73794,35.72478],[127.7337,35.71966],[127.72876,35.7218],[127.71622,35.73114],[127.71294,35.73575],[127.70981,35.74897],[127.70343,35.75212],[127.69939,35.75767],[127.69282,35.75899],[127.68325,35.76415],[127.68056,35.7681],[127.67958,35.76839],[127.6788,35.76895],[127.66841,35.77106],[127.66551,35.76694],[127.66229,35.76083],[127.66365,35.75594],[127.66183,35.74918],[127.66313,35.74158],[127.66039,35.73746],[127.66321,35.72598],[127.66345,35.72505],[127.65987,35.71583],[127.66099,35.70986],[127.6575,35.70579],[127.64944,35.7038],[127.6418,35.69289],[127.63905,35.67899],[127.63908,35.66992],[127.62791,35.66221],[127.62948,35.65664],[127.62216,35.65102],[127.61977,35.64346],[127.62515,35.63574],[127.62426,35.63179],[127.63534,35.61848],[127.6214,35.61512],[127.61239,35.60685],[127.61291,35.59884],[127.60746,35.59491],[127.61119,35.58389],[127.59607,35.57369],[127.58877,35.56477],[127.58729,35.55704],[127.58486,35.55391],[127.5877,35.55389],[127.58891,35.55357],[127.59071,35.55404],[127.59471,35.5477],[127.59863,35.54759],[127.60958,35.54026],[127.61207,35.53593],[127.61915,35.5366],[127.6207,35.53384],[127.62473,35.53369],[127.62578,35.52518],[127.63423,35.52046],[127.63306,35.51527],[127.64182,35.50508],[127.64431,35.49902],[127.65039,35.4979],[127.65074,35.48902],[127.65311,35.48687],[127.63739,35.47927],[127.63669,35.45935],[127.64519,35.44913],[127.65339,35.45158],[127.66116,35.44754],[127.66778,35.44908],[127.67407,35.44572],[127.67068,35.43962],[127.66518,35.43565],[127.66577,35.42743],[127.66047,35.41443],[127.65684,35.41392],[127.64645,35.40266],[127.63692,35.40104],[127.6318,35.39229],[127.62529,35.3847],[127.62565,35.37691],[127.62129,35.37222],[127.61266,35.36893],[127.6102,35.36592],[127.61224,35.35585],[127.62333,35.34217],[127.62071,35.33378],[127.62074,35.33256],[127.63145,35.32667],[127.64018,35.3246],[127.6582,35.32878],[127.66341,35.32127],[127.6827,35.32275],[127.68878,35.31921],[127.70061,35.31607],[127.70637,35.32036],[127.70766,35.32556],[127.7185,35.33436],[127.73066,35.33691],[127.73516,35.34712],[127.73311,35.35456],[127.73412,35.36119],[127.7388,35.36484],[127.73949,35.37327],[127.74603,35.37645],[127.75257,35.38323],[127.74837,35.39715],[127.75759,35.40182],[127.76005,35.40639],[127.75902,35.41404],[127.76325,35.41847],[127.76997,35.42067],[127.7689,35.42621],[127.78005,35.43433],[127.77273,35.43975],[127.7733,35.44471],[127.7792,35.44677],[127.78673,35.44432],[127.78934,35.44601],[127.7896,35.44821],[127.78943,35.45178],[127.78234,35.45711],[127.78534,35.4609],[127.79955,35.46731],[127.81237,35.46908],[127.81449,35.47156],[127.80766,35.47812],[127.80951,35.48274],[127.80532,35.4856],[127.80611,35.49122],[127.81628,35.49065],[127.82277,35.49972],[127.82025,35.50969],[127.82329,35.51664],[127.81596,35.52166],[127.81685,35.52544],[127.82278,35.52791],[127.83325,35.54047],[127.84041,35.54578],[127.84779,35.558],[127.85639,35.56941],[127.85573,35.57007],[127.85044,35.57788],[127.8362,35.57681],[127.83678,35.58465],[127.84385,35.58746],[127.84723,35.59457],[127.85332,35.5961],[127.85844,35.60365],[127.86424,35.60836],[127.86323,35.61121],[127.87137,35.62111],[127.86953,35.62563],[127.87069,35.63402],[127.87792,35.64096],[127.87432,35.64874],[127.87539,35.65966],[127.87495,35.66114],[127.8769,35.66942],[127.86897,35.6711],[127.86206,35.66319],[127.86145,35.6594],[127.8566,35.65852],[127.85236,35.65799]]]},"properties":{"SIGUNGU_CD":"38580","SIGUNGU_NM":"함양군","BASE_DATE":"20250630"}},
{"type":"Feature","geometry":{"type":"Polygon","coordinates":[[[128.07736,35.83966],[128.06979,35.8412],[128.06159,35.83468],[128.0533,35.83336],[128.05165,35.82988],[128.02978,35.83565],[128.01751,35.83252],[128.01178,35.82893],[128.00404,35.83512],[127.99648,35.83764],[127.98175,35.85874],[127.97398,35.85207],[127.96127,35.85625],[127.96029,35.85978],[127.95011,35.86167],[127.94224,35.85454],[127.93035,35.85637],[127.93322,35.8644],[127.92879,35.87035],[127.93022,35.87863],[127.92287,35.88258],[127.91852,35.89038],[127.90277,35.89068],[127.90114,35.88756],[127.89352,35.8868],[127.88478,35.89311],[127.8847,35.90761],[127.88506,35.90961],[127.87951,35.90985],[127.87071,35.90435],[127.85954,35.90649],[127.85708,35.89499],[127.85053,35.89028],[127.85368,35.88134],[127.84433,35.87513],[127.84175,35.86625],[127.83273,35.86892],[127.82656,35.86835],[127.81941,35.86253],[127.81435,35.85389],[127.80436,35.85869],[127.79205,35.85241],[127.78757,35.85263],[127.77917,35.84724],[127.77276,35.83958],[127.75666,35.83729],[127.75253,35.8414],[127.74445,35.84442],[127.73778,35.83439],[127.73947,35.82971],[127.73246,35.82091],[127.72965,35.813],[127.72526,35.81318],[127.72421,35.80589],[127.71939,35.79732],[127.70942,35.79139],[127.70028,35.78913],[127.69979,35.78812],[127.69486,35.78461],[127.68481,35.77768],[127.68434,35.77497],[127.68123,35.77214],[127.67944,35.7685],[127.68056,35.7681],[127.68325,35.76415],[127.69282,35.75899],[127.69939,35.75767],[127.70343,35.75212],[127.70981,35.74897],[127.71294,35.73575],[127.71622,35.73114],[127.72876,35.7218],[127.7337,35.71966],[127.73794,35.72478],[127.74144,35.72475],[127.74815,35.73111],[127.75524,35.73348],[127.76276,35.72958],[127.76367,35.72145],[127.77705,35.71295],[127.78438,35.70524],[127.79544,35.70424],[127.80125,35.69567],[127.80339,35.68593],[127.81137,35.68575],[127.81496,35.67809],[127.82345,35.67424],[127.82506,35.67073],[127.83314,35.66967],[127.83313,35.66144],[127.84067,35.6601],[127.84678,35.6565],[127.85236,35.65799],[127.8566,35.65852],[127.86145,35.6594],[127.86206,35.66319],[127.86897,35.6711],[127.8769,35.66942],[127.87495,35.66114],[127.87539,35.65966],[127.87432,35.64874],[127.87792,35.64096],[127.87069,35.63402],[127.86953,35.62563],[127.87137,35.62111],[127.86323,35.61121],[127.86424,35.60836],[127.85844,35.60365],[127.85332,35.5961],[127.84723,35.59457],[127.84385,35.58746],[127.83678,35.58465],[127.8362,35.57681],[127.85044,35.57788],[127.85573,35.57007],[127.85656,35.56927],[127.86197,35.57501],[127.87085,35.57552],[127.87481,35.56721],[127.86934,35.55949],[127.87201,35.55222],[127.87745,35.55044],[127.87455,35.53837],[127.88058,35.53155],[127.88079,35.52696],[127.88758,35.5314],[127.89395,35.53016],[127.90138,35.53497],[127.91322,35.52563],[127.92129,35.52367],[127.91998,35.51997],[127.92533,35.51535],[127.94123,35.51443],[127.94651,35.51931],[127.95294,35.51927],[127.95507,35.51911],[127.9568,35.51792],[127.95969,35.51804],[127.96008,35.51872],[127.96036,35.52265],[127.96066,35.52429],[127.95916,35.52534],[127.95348,35.52984],[127.95389,35.54448],[127.95531,35.54996],[127.97453,35.55863],[127.97464,35.56525],[127.98113,35.56576],[127.97928,35.57396],[127.98071,35.58007],[127.98692,35.59142],[127.98274,35.60212],[127.98433,35.60886],[128.00084,35.61106],[127.99672,35.62314],[128.00184,35.62791],[127.99957,35.63168],[128.00894,35.63998],[128.01762,35.64343],[128.02097,35.65267],[128.02462,35.65267],[128.04413,35.66115],[128.04659,35.67057],[128.0442,35.67481],[128.06024,35.68162],[128.06782,35.68181],[128.07204,35.67271],[128.0752,35.67397],[128.07786,35.68164],[128.08259,35.68452],[128.09286,35.68444],[128.09518,35.69076],[128.08021,35.69589],[128.07406,35.70218],[128.07559,35.70648],[128.07392,35.71788],[128.0709,35.72138],[128.06165,35.72373],[128.05617,35.74009],[128.05066,35.7481],[128.04424,35.75214],[128.05104,35.76109],[128.04896,35.76991],[128.05222,35.77426],[128.04904,35.77863],[128.04075,35.77992],[128.035,35.78607],[128.03801,35.79086],[128.04791,35.79526],[128.04991,35.80292],[128.05317,35.8051],[128.069,35.80619],[128.07444,35.81347],[128.08469,35.81749],[128.08387,35.82237],[128.09074,35.83064],[128.09003,35.83097],[128.0844,35.837],[128.07736,35.83966]]]},"properties":{"SIGUNGU_CD":"38590","SIGUNGU_NM":"거창군","BASE_DATE":"20250630"}},
{"type":"Feature","geometry":{"type":"Polygon","coordinates":[[[128.09899,35.83032],[128.09478,35.83226],[128.09302,35.83175],[128.09112,35.83056],[128.09074,35.83064],[128.08387,35.82237],[128.08469,35.81749],[128.07444,35.81347],[128.069,35.80619],[128.05317,35.8051],[128.04991,35.80292],[128.04791,35.79526],[128.03801,35.79086],[128.035,35.78607],[128.04075,35.77992],[128.04904,35.77863],[128.05222,35.77426],[128.04896,35.76991],[128.05104,35.76109],[128.04424,35.75214],[128.05066,35.7481],[128.05617,35.74009],[128.06165,35.72373],[128.0709,35.72138],[128.07392,35.71788],[128.07559,35.70648],[128.07406,35.70218],[128.08021,35.69589],[128.09518,35.69076],[128.09286,35.68444],[128.08259,35.68452],[128.07786,35.68164],[128.0752,35.67397],[128.07204,35.67271],[128.06782,35.68181],[128.06024,35.68162],[128.0442,35.67481],[128.04659,35.67057],[128.04413,35.66115],[128.02462,35.65267],[128.02097,35.65267],[128.01762,35.64343],[128.00894,35.63998],[127.99957,35.63168],[128.00184,35.62791],[127.99672,35.62314],[128.00084,35.61106],[127.98433,35.60886],[127.98274,35.60212],[127.98692,35.59142],[127.98071,35.58007],[127.97928,35.57396],[127.98113,35.56576],[127.97464,35.56525],[127.97453,35.55863],[127.95531,35.54996],[127.95389,35.54448],[127.95348,35.52984],[127.95916,35.52534],[127.96066,35.52429],[127.96036,35.52265],[127.96008,35.51872],[127.95969,35.51804],[127.96095,35.51666],[127.9601,35.51231],[127.96258,35.50002],[127.9746,35.49493],[127.97656,35.48702],[127.97395,35.47697],[127.97962,35.46544],[127.97829,35.46242],[127.98487,35.45651],[127.98165,35.45153],[127.98632,35.45102],[127.98671,35.4456],[127.99572,35.437],[128.0018,35.43798],[128.00833,35.43542],[128.01166,35.42619],[128.02313,35.42638],[128.02764,35.41885],[128.03471,35.41568],[128.04156,35.41933],[128.04525,35.41578],[128.05303,35.41772],[128.05449,35.41632],[128.05922,35.40537],[128.06607,35.40228],[128.06623,35.39633],[128.07292,35.38896],[128.08068,35.38909],[128.08928,35.38077],[128.08231,35.36982],[128.0844,35.36907],[128.08733,35.36865],[128.0959,35.36793],[128.10305,35.37289],[128.11241,35.38232],[128.11393,35.37979],[128.12289,35.37741],[128.12689,35.37224],[128.13005,35.37323],[128.12606,35.37984],[128.12875,35.38768],[128.14766,35.38577],[128.15827,35.39154],[128.17964,35.39575],[128.1899,35.39898],[128.19157,35.40856],[128.18521,35.41915],[128.20017,35.43223],[128.203,35.44264],[128.20713,35.4484],[128.20777,35.46013],[128.21629,35.46172],[128.21612,35.46366],[128.21246,35.46558],[128.20637,35.46878],[128.20072,35.47537],[128.20602,35.47821],[128.20954,35.4837],[128.21734,35.48441],[128.22762,35.48852],[128.23786,35.49469],[128.25509,35.49417],[128.26193,35.49719],[128.26084,35.50209],[128.26648,35.5099],[128.28167,35.51024],[128.29024,35.51232],[128.29265,35.51738],[128.30334,35.51536],[128.31586,35.51574],[128.32134,35.50836],[128.32454,35.50849],[128.3307,35.50757],[128.33941,35.50934],[128.34701,35.50194],[128.35189,35.50265],[128.3533,35.50302],[128.35621,35.50239],[128.3649,35.50018],[128.3714,35.50183],[128.37238,35.50226],[128.37027,35.51567],[128.37445,35.51263],[128.37986,35.51363],[128.37419,35.51555],[128.36286,35.52481],[128.35142,35.53684],[128.35044,35.55084],[128.35736,35.56444],[128.35923,35.58129],[128.35357,35.59687],[128.35239,35.60768],[128.36468,35.61286],[128.36459,35.61382],[128.36193,35.62893],[128.35794,35.63736],[128.34917,35.64645],[128.33697,35.64525],[128.32954,35.64853],[128.32404,35.64661],[128.31791,35.65149],[128.30599,35.65548],[128.29728,35.65632],[128.29625,35.65073],[128.27947,35.65231],[128.27736,35.64729],[128.26234,35.64274],[128.25864,35.6478],[128.24351,35.65545],[128.24184,35.65512],[128.23636,35.65108],[128.23775,35.64396],[128.23573,35.64044],[128.22654,35.64154],[128.22018,35.63999],[128.21179,35.64135],[128.21044,35.6439],[128.20123,35.64372],[128.19887,35.64915],[128.19174,35.65494],[128.18524,35.65767],[128.17637,35.6568],[128.16589,35.65299],[128.15953,35.65753],[128.16166,35.65978],[128.15986,35.66571],[128.16009,35.6675],[128.1666,35.67409],[128.17888,35.67293],[128.18414,35.68005],[128.19131,35.67878],[128.19249,35.68187],[128.1993,35.68451],[128.20482,35.68392],[128.20235,35.69352],[128.20436,35.69657],[128.20025,35.70931],[128.20258,35.71228],[128.20125,35.72316],[128.19663,35.73038],[128.19809,35.73606],[128.19378,35.73798],[128.18728,35.7533],[128.18463,35.75407],[128.1741,35.75875],[128.17138,35.75967],[128.165,35.76349],[128.16153,35.77001],[128.16351,35.77701],[128.16371,35.77719],[128.16044,35.77833],[128.15894,35.78007],[128.15437,35.78645],[128.14797,35.78401],[128.13578,35.78484],[128.12863,35.78934],[128.12872,35.79429],[128.1219,35.80349],[128.12163,35.80878],[128.12455,35.81944],[128.11937,35.8249],[128.11092,35.82388],[128.09899,35.83032]]]},"properties":{"SIGUNGU_CD":"38600","SIGUNGU_NM":"합천군","BASE_DATE":"20250630"}},
{"type":"Feature","geometry":{"type":"MultiPolygon","coordinates":[[[[126.15175,33.31345],[126.14366,33.31144],[126.15357,33.31129],[126.15175,33.31345]]],[[[126.22667,33.41247],[126.22179,33.40747],[126.2253,33.40424],[126.23071,33.40556],[126.23216,33.41],[126.22667,33.41247]]],[[[126.9545,33.52594],[126.9481,33.52307],[126.94883,33.51475],[126.94447,33.51319],[126.94091,33.50659],[126.94459,33.49705],[126.94309,33.49498],[126.95616,33.49114],[126.95975,33.49266],[126.96552,33.48947],[126.96669,33.49697],[126.97131,33.49877],[126.96507,33.51322],[126.96786,33.51633],[126.95879,33.51277],[126.96247,33.51935],[126.9545,33.52594]]],[[[126.90191,33.48252],[126.90513,33.48866],[126.91177,33.49067],[126.91307,33.50727],[126.90667,33.51099],[126.89963,33.50969],[126.90255,33.51918],[126.89381,33.52667],[126.88203,33.52945],[126.86527,33.52891],[126.86134,33.52494],[126.85492,33.52816],[126.85169,33.5327],[126.8402,33.53455],[126.82719,33.54776],[126.82964,33.55098],[126.82475,33.55851],[126.81411,33.56201],[126.80534,33.55662],[126.7968,33.55562],[126.79368,33.55968],[126.78491,33.56168],[126.78203,33.56498],[126.77599,33.56131],[126.77256,33.56576],[126.76506,33.56582],[126.76147,33.55855],[126.74209,33.55884],[126.73882,33.55472],[126.72998,33.56063],[126.71943,33.55796],[126.71623,33.55356],[126.7128,33.55448],[126.69086,33.55154],[126.68405,33.5482],[126.68029,33.55242],[126.67654,33.55191],[126.67438,33.54514],[126.66382,33.54355],[126.662,33.54646],[126.64764,33.5495],[126.64992,33.5533],[126.64457,33.55584],[126.63858,33.54529],[126.63501,33.5453],[126.63556,33.53661],[126.62321,33.53927],[126.61259,33.53827],[126.60345,33.53502],[126.59751,33.53774],[126.59102,33.5335],[126.58502,33.52545],[126.57989,33.52463],[126.57485,33.52813],[126.5641,33.52482],[126.56152,33.52774],[126.55896,33.52257],[126.55138,33.52059],[126.55344,33.52422],[126.54316,33.52381],[126.53344,33.51799],[126.51823,33.5195],[126.5147,33.51587],[126.50084,33.51749],[126.49412,33.52069],[126.48578,33.51761],[126.48284,33.51074],[126.4639,33.50671],[126.46312,33.50316],[126.45422,33.50375],[126.45226,33.49763],[126.44567,33.49882],[126.44069,33.49616],[126.428,33.4939],[126.42356,33.49493],[126.41744,33.4892],[126.4085,33.48872],[126.40761,33.48519],[126.39448,33.48415],[126.3913,33.48943],[126.38551,33.48936],[126.36888,33.47839],[126.35966,33.4798],[126.35334,33.47745],[126.35191,33.47336],[126.34727,33.47411],[126.33808,33.46703],[126.33177,33.46964],[126.32654,33.46713],[126.31249,33.46967],[126.30798,33.46614],[126.31046,33.46021],[126.30619,33.45252],[126.29312,33.4438],[126.27725,33.44104],[126.27312,33.43507],[126.2614,33.4342],[126.26373,33.42318],[126.25983,33.42504],[126.26292,33.4164],[126.25584,33.41267],[126.25865,33.40935],[126.25227,33.40965],[126.25013,33.401],[126.23662,33.39512],[126.23478,33.38954],[126.22321,33.38997],[126.21455,33.38205],[126.2137,33.37563],[126.20582,33.37217],[126.2001,33.36504],[126.19595,33.36626],[126.18742,33.35861],[126.18208,33.35716],[126.18044,33.34651],[126.17424,33.34323],[126.16756,33.34302],[126.16302,33.33657],[126.16296,33.32391],[126.16838,33.31648],[126.16351,33.30624],[126.16696,33.29787],[126.16055,33.29262],[126.16228,33.28512],[126.17007,33.28345],[126.17201,33.28607],[126.17154,33.28881],[126.18042,33.29009],[126.19169,33.29367],[126.19201,33.29835],[126.2027,33.2955],[126.22979,33.28467],[126.2387,33.27638],[126.24465,33.27297],[126.24275,33.28316],[126.24455,33.2885],[126.25303,33.29281],[126.26836,33.29619],[126.27958,33.3],[126.29241,33.31049],[126.29636,33.32194],[126.30595,33.32665],[126.32385,33.32659],[126.34164,33.34363],[126.3495,33.34094],[126.36747,33.34115],[126.37592,33.34689],[126.39164,33.34356],[126.40206,33.34452],[126.4091,33.34212],[126.43259,33.34112],[126.43642,33.34665],[126.43702,33.3548],[126.44806,33.35925],[126.46021,33.35871],[126.46775,33.3598],[126.47498,33.35604],[126.48275,33.35968],[126.49045,33.35495],[126.49909,33.35985],[126.50867,33.35867],[126.5111,33.36104],[126.52154,33.36085],[126.53474,33.36323],[126.55372,33.37368],[126.56492,33.37174],[126.57457,33.37182],[126.58209,33.37376],[126.59158,33.37377],[126.59322,33.37615],[126.60693,33.38224],[126.62492,33.38504],[126.62633,33.39019],[126.63588,33.39289],[126.65342,33.39505],[126.65497,33.39942],[126.66046,33.40196],[126.66834,33.40024],[126.68773,33.41328],[126.69962,33.41919],[126.70906,33.4219],[126.71728,33.42188],[126.73183,33.42672],[126.7414,33.42027],[126.75058,33.41942],[126.76128,33.42146],[126.77003,33.42626],[126.77848,33.43399],[126.78346,33.4349],[126.78856,33.44136],[126.79927,33.43958],[126.80177,33.44219],[126.81821,33.44783],[126.82082,33.4471],[126.82032,33.44707],[126.82212,33.44671],[126.82394,33.45302],[126.8295,33.45364],[126.84631,33.46201],[126.85469,33.46331],[126.85774,33.46706],[126.86675,33.46896],[126.87257,33.47493],[126.88147,33.47707],[126.88452,33.48067],[126.89764,33.48243],[126.90056,33.4823],[126.90191,33.48252]]],[[[126.63594,33.92211],[126.63785,33.91789],[126.64235,33.92026],[126.63594,33.92211]]],[[[126.33672,33.957],[126.32529,33.95158],[126.31369,33.95492],[126.31118,33.9526],[126.30395,33.95309],[126.30511,33.94819],[126.312,33.94618],[126.3166,33.94098],[126.32141,33.93008],[126.32901,33.93011],[126.33082,33.93322],[126.32564,33.93495],[126.32407,33.93891],[126.32728,33.9449],[126.33441,33.9439],[126.34203,33.94663],[126.33833,33.9526],[126.34252,33.95452],[126.33672,33.957]]],[[[126.28214,33.97081],[126.28399,33.96409],[126.29721,33.95234],[126.30171,33.95246],[126.30221,33.95815],[126.29458,33.96147],[126.30024,33.96188],[126.29588,33.96578],[126.28441,33.96757],[126.28214,33.97081]]],[[[126.34644,33.98498],[126.34598,33.98175],[126.35261,33.98086],[126.34644,33.98498]]],[[[126.31712,33.98921],[126.32301,33.98488],[126.32171,33.98896],[126.31712,33.98921]]],[[[126.25129,33.98911],[126.24617,33.98708],[126.25212,33.98573],[126.25129,33.98911]]],[[[126.33441,34.01287],[126.32966,34.01087],[126.34548,34.00605],[126.34758,34.00358],[126.35309,34.00598],[126.34468,34.01065],[126.33441,34.01287]]]]},"properties":{"SIGUNGU_CD":"39010","SIGUNGU_NM":"제주시","BASE_DATE":"20250630"}},
{"type":"Feature","geometry":{"type":"MultiPolygon","coordinates":[[[[126.26798,33.12426],[126.26475,33.11796],[126.26851,33.11238],[126.27031,33.11568],[126.26798,33.12426]]],[[[126.27058,33.17602],[126.26252,33.16886],[126.2677,33.16637],[126.27031,33.16086],[126.2786,33.1706],[126.27058,33.17602]]],[[[126.65616,33.22714],[126.65218,33.22365],[126.65801,33.22321],[126.65616,33.22714]]],[[[126.90056,33.4823],[126.89764,33.48243],[126.88452,33.48067],[126.88147,33.47707],[126.87257,33.47493],[126.86675,33.46896],[126.85774,33.46706],[126.85469,33.46331],[126.84631,33.46201],[126.8295,33.45364],[126.82394,33.45302],[126.82212,33.44671],[126.82032,33.44707],[126.82082,33.4471],[126.81821,33.44783],[126.80177,33.44219],[126.79927,33.43958],[126.78856,33.44136],[126.78346,33.4349],[126.77848,33.43399],[126.77003,33.42626],[126.76128,33.42146],[126.75058,33.41942],[126.7414,33.42027],[126.73183,33.42672],[126.71728,33.42188],[126.70906,33.4219],[126.69962,33.41919],[126.68773,33.41328],[126.66834,33.40024],[126.66046,33.40196],[126.65497,33.39942],[126.65342,33.39505],[126.63588,33.39289],[126.62633,33.39019],[126.62492,33.38504],[126.60693,33.38224],[126.59322,33.37615],[126.59158,33.37377],[126.58209,33.37376],[126.57457,33.37182],[126.56492,33.37174],[126.55372,33.37368],[126.53474,33.36323],[126.52154,33.36085],[126.5111,33.36104],[126.50867,33.35867],[126.49909,33.35985],[126.49045,33.35495],[126.48275,33.35968],[126.47498,33.35604],[126.46775,33.3598],[126.46021,33.35871],[126.44806,33.35925],[126.43702,33.3548],[126.43642,33.34665],[126.43259,33.34112],[126.4091,33.34212],[126.40206,33.34452],[126.39164,33.34356],[126.37592,33.34689],[126.36747,33.34115],[126.3495,33.34094],[126.34164,33.34363],[126.32385,33.32659],[126.30595,33.32665],[126.29636,33.32194],[126.29241,33.31049],[126.27958,33.3],[126.26836,33.29619],[126.25303,33.29281],[126.24455,33.2885],[126.24275,33.28316],[126.24465,33.27297],[126.2387,33.27638],[126.22979,33.28467],[126.2027,33.2955],[126.19201,33.29835],[126.19169,33.29367],[126.18042,33.29009],[126.17154,33.28881],[126.17201,33.28607],[126.17007,33.28345],[126.16897,33.27505],[126.17889,33.26796],[126.18127,33.26083],[126.20225,33.24597],[126.21203,33.24199],[126.21931,33.24292],[126.22744,33.23978],[126.23292,33.23531],[126.24109,33.22128],[126.24539,33.2196],[126.25654,33.20945],[126.26179,33.21072],[126.26459,33.20549],[126.26113,33.19962],[126.26516,33.19548],[126.27088,33.19413],[126.27559,33.19849],[126.28538,33.20039],[126.28975,33.19517],[126.29491,33.19789],[126.29064,33.2037],[126.29794,33.22265],[126.30261,33.22661],[126.31477,33.23131],[126.31642,33.23641],[126.3305,33.24083],[126.33545,33.23481],[126.34704,33.23616],[126.35059,33.23458],[126.36175,33.23714],[126.36668,33.22892],[126.3796,33.23397],[126.38469,33.2334],[126.40164,33.24105],[126.40334,33.24334],[126.41319,33.24452],[126.42057,33.24123],[126.42408,33.23697],[126.43295,33.23367],[126.43823,33.23902],[126.44227,33.23715],[126.44993,33.24111],[126.45731,33.24133],[126.46197,33.23747],[126.46098,33.23171],[126.4646,33.23061],[126.47294,33.22299],[126.47252,33.22586],[126.47953,33.22655],[126.49629,33.23215],[126.49792,33.22953],[126.51055,33.23043],[126.5162,33.23748],[126.52296,33.2403],[126.53443,33.23897],[126.54037,33.24165],[126.54346,33.23864],[126.55084,33.24127],[126.55858,33.23631],[126.56031,33.24243],[126.5656,33.23762],[126.56882,33.243],[126.57678,33.24481],[126.59198,33.24082],[126.59103,33.23884],[126.59946,33.23427],[126.60298,33.23826],[126.61824,33.24129],[126.61977,33.24971],[126.6279,33.25121],[126.64375,33.26175],[126.64191,33.26564],[126.65309,33.2698],[126.65825,33.26856],[126.65819,33.27388],[126.66236,33.27397],[126.66413,33.2698],[126.66852,33.27108],[126.67865,33.2685],[126.69962,33.27092],[126.72312,33.27857],[126.73152,33.27853],[126.73544,33.28125],[126.73984,33.27745],[126.74538,33.2784],[126.75129,33.28667],[126.75373,33.28547],[126.76127,33.29173],[126.76418,33.29083],[126.7671,33.29885],[126.77263,33.30044],[126.77858,33.30694],[126.79208,33.30273],[126.80591,33.30413],[126.80699,33.30194],[126.81639,33.30766],[126.82249,33.30534],[126.82918,33.30614],[126.83731,33.31129],[126.84394,33.31926],[126.84844,33.31953],[126.84933,33.32552],[126.84467,33.32583],[126.84405,33.33284],[126.84789,33.3327],[126.8569,33.33863],[126.86011,33.34722],[126.86843,33.35396],[126.86743,33.3638],[126.87369,33.36813],[126.87115,33.37096],[126.87742,33.37535],[126.8857,33.3843],[126.89284,33.38775],[126.9065,33.39124],[126.90765,33.3982],[126.9041,33.40431],[126.90829,33.40629],[126.91207,33.41982],[126.91718,33.42639],[126.91533,33.43238],[126.92014,33.43524],[126.92542,33.43065],[126.92256,33.42656],[126.92938,33.42259],[126.9365,33.42917],[126.92286,33.43975],[126.92279,33.44982],[126.9344,33.4608],[126.93969,33.45603],[126.9469,33.45674],[126.94355,33.4609],[126.93655,33.46418],[126.93614,33.47379],[126.92888,33.47352],[126.92782,33.46647],[126.9317,33.46396],[126.92876,33.4585],[126.92328,33.45553],[126.92144,33.45945],[126.92354,33.46818],[126.92761,33.4739],[126.92094,33.46948],[126.9116,33.47391],[126.90954,33.47981],[126.90495,33.47902],[126.90191,33.48252],[126.90056,33.4823]]]]},"properties":{"SIGUNGU_CD":"39020","SIGUNGU_NM":"서귀포시","BASE_DATE":"20250630"}}
]}