O_GRID,D_GRID,VOL
다바8911,다바9213,62.250759326058
다사4449,다사5251,133.544040462446
마라0255,마라0155,56.3622865226204
다사6848,다사6642,61.3168123865898
다사7050,다사7150,50.839401250503
다라0546,다라0546,57.6195083355595
다사3725,다사3425,96.5946636002705
라마9157,라마9963,61.5894609918001
다사6630,다사6631,62.1338903562079
다사6424,다사6633,113.582781205242
다사5912,다사6113,213.826853926955
다사6016,다사5718,188.7437952643
라사1985,라사1986,89.4614495685843
라사2085,라사2185,104.431520034128
다나1199,다다0901,52.6564719820668
마라0991,마라1089,143.284454868653
라아9421,라아9620,92.304683918626
다사6519,다사6310,61.875636932814
다사5150,다사5149,139.945797237615
다사4846,다사5452,72.0253313659651
다사2436,다사2432,102.628306203966
다사6445,다사6547,54.1532322471409
다라3470,다라3469,140.360269283014
다사6819,다사6820,65.5442784239672
마마0964,마마1165,82.7796200550974
다사2645,다사2646,64.2708226353008
다사6754,다사6755,110.791089253765
마마7322,마마7225,98.598535080687
다라4285,다라4084,73.4174704484251
다사7151,다사6749,58.0688681180635
라바0379,다바9472,74.3207930060253
다사5134,다사5032,55.6237742081227
다사2360,다사2262,207.873239948327
다마4972,다마5174,75.9049410895566
다라4484,다라3685,92.4311022836368
다사6354,다사5946,58.9147384965115
다사4058,다사4159,63.2271128628411
라마9357,라마9258,115.083319266696
라라1759,라라1860,72.9916258591166
다라4887,다라4884,60.614753969641
다사6211,다사6310,122.604109098935
다사6019,다사6633,141.921884550513
다바7609,다바7610,69.8028808340532
다사6736,다사6634,53.5315857981286
다마6562,다마6660,67.6349971500287
다사5717,다사5316,129.093295877713
라사2083,라사2187,89.5061449416727
다바2651,다바3254,133.767813932889
다바7609,다바7711,58.8123756918068
다라3685,다라3788,79.9493861751598
다바5891,다바6293,64.0032659290727
라바5924,라바5824,108.287485420118
다바9852,다바9952,111.250224774771
다사5348,다사5251,180.936038429834
마사2375,마사2475,57.2146815079282
다사2436,다사2935,64.8508262901328
마라4384,마라4283,116.52188089177
다사3337,다사2939,113.315051852227
마라4889,마라4887,151.559551948163
다사6161,다사6161,210.716997798173
다사6045,다사6145,139.764794903638
다사6252,다사5945,50.6876162261334
다사4742,다사4742,196.537081200987
다사4843,다사4642,60.3569332984426
다사6546,다사5844,103.502318071098
마라3579,마라3979,75.7692607971731
다사2736,다사2833,165.387593435266
다사5853,다사5753,58.1366772724751
다나1374,다나1274,57.7035706004246
다사2655,다사2254,81.2865663827318
라마9572,라마9672,87.8497912377108
다라4580,다라4478,55.4135983743891
다마6659,다마6559,66.3182205650563
마라3380,마라3477,71.624995259972
다사6206,다사6310,355.216188603032
다사4943,다사4942,55.4123977516317
다사2539,다사2539,122.30749723301
다사3543,다사3644,154.660829533656
다바8143,다바8144,88.4243264065421
마마3603,마마3809,57.9769205166086
다사5229,다사5130,113.303443807742
다바7831,다바7833,582.949148696493
다사6348,다사5844,128.774360804375
다사4943,다사6045,157.005311853053
라마6090,라마6092,447.178835369138
다사3646,다사3647,60.2792004989875
다사6736,다사7137,62.6070185119433
마마0860,마마0761,55.9733617459851
다라0646,나라9738,75.1912175580618
다사6738,다사6529,75.3900457838619
다마6556,다마6556,117.987616729965
마사4840,마사4739,133.938898685907
다라0146,다라0146,154.704420767339
다사5970,다사6069,71.0010693315212
다사3762,다사3761,97.1026536952409
다사4734,다사5132,79.6947325926349
다사4943,다사6145,131.282686569498
다사4857,다사4858,102.265965994754
다사4932,다사5032,289.142665866828
라사3927,라사3928,108.708585673674
다바9447,다바9346,73.0944655537009
다아8316,다아8316,56.6908971400299
다사8261,다사8262,93.7831870092161
다사5856,다사5957,54.1711269512512
마마6738,마마6528,121.511581566719
다바1916,다바1917,71.4909684631088
다바8511,다바8916,310.940844521794
다라4484,다라4586,58.9073845545144
다사5759,다사5551,52.9764899318168
마마6738,마마6830,52.7451627725751
다사4151,다사4151,291.652355776544
다바8518,다바8917,431.191900684886
라마9259,라마9257,51.1766207498434
다바2134,다바2134,68.60734028709
다사6730,다사6731,70.4789070761458
마라0792,마라0794,72.310875101908
다사6351,다사6149,113.660802339451
다사3545,다사3644,103.600720372813
다사6008,다사6307,77.1887869064865
라마9062,라마9059,106.570265048622
다사5862,다사5351,103.862839987644
라바3886,라바3787,55.3250772326159
다라4884,다라4783,153.669993269346
다사5046,다사4947,149.318062194563
다라3989,다라3685,113.108858901124
다라4885,다라4885,50.6324168265491
다사4024,다사3622,236.857480023094
마마6782,마마6782,62.7136023769445
다사6737,다사7137,319.445838090737
라마9162,라마8962,63.0764640464077
마라4489,마라4489,73.2374990084673
마라4682,마라4483,61.5102562412064
마라0991,마라0294,56.5971664361467
라라3648,라라3649,57.7247279465589
다사4346,다사5452,69.7187963494063
다사4751,다사5051,70.4437879229596
다바1918,다바1917,87.4008497395927
마라3691,마라3791,70.5763248644107
다사3545,다사3647,109.005035205491
마라0856,마라0953,99.5800393313522
다사5151,다사5351,107.532016262227
다사3143,다사3143,64.9174495749106
다사3140,다사3041,117.251759724831
다사5850,다사5852,55.2611512635498
다사6161,다사6063,59.6457809398979
다사4846,다사4947,375.720809165134
다사3129,다사3622,113.876711273632
다사6243,다사6045,77.8497540211462
다라3685,다라3688,129.512093138589
다사2358,다사2257,52.5759246718478
다사6262,다사5251,158.81116523276
마라4493,마라4388,77.8828336458485
다사2532,다사2331,56.8327283691649
라라5376,라라5174,106.8548968039
다사6115,다사6017,65.5256504364177
다사4856,다사5452,103.289929833663
다사5251,다사5352,485.606136658002
다사6014,다사6017,62.3619220446745
마라2394,마라1599,54.1338912519001
다바9012,다바9214,67.3236602273285
다사6937,다사7037,115.537099341073
마마0265,마마0165,86.8550945204571
마바0741,마바1041,124.250475030351
라마8544,라마8339,91.6686562697162
라마9563,라마9061,66.9259055405915
다사5127,다사4929,87.9041699858164
마라4483,마라4887,88.6958330112191
다바7833,다바7939,109.879342838252
마라3880,마라4185,52.493809760791
다사3738,다사3737,292.045604254352
라마9563,라마9666,50.4606583802232
다사4351,다사4051,50.6647927813527
다바9327,다바7833,51.086711721499
다사2745,다사2543,51.0399144378029
다사3545,다사3645,235.236224064773
다사4248,다사4447,164.614822317341
마사4149,마사4251,51.067754226103
다사6063,다사6162,73.8583577626098
다사5751,다사5551,98.3467460752542
다사6063,다사5352,63.5173120770382
라라0162,라라0262,63.476983945083
다마6060,다마6160,104.424323392003
다바8523,다바8723,131.372741227779
다사5343,다사4947,87.1602272960089
라바3787,라바3887,122.948365610971
다사6950,다사6849,65.3717768526713
다바6665,다바6666,84.6848600352256
다사4644,다사4947,84.3194067403353
다사3760,다사3760,153.223520168122
다사6426,다사6017,135.472543962541
다바9951,다바9852,52.482012802507
마사2573,마사2475,101.505275067587
다사5650,다사5452,55.2962493156086
다사5952,다사5953,63.6705261339333
다사5955,다사5956,94.7674007149806
다사5844,다사6145,65.3026417206041
다사4944,다사4642,90.1596349391959
다라3685,다라3789,139.80420972197
다사5044,다사5251,112.588230865323
마마1322,마마1123,61.5851054496833
다사6171,다사6171,108.033603153214
다사2556,다사2254,314.434367717361
마라0799,마라0598,176.765639712869
다사6632,다사6633,144.486198168379
다사3243,다사3342,59.3936249786603
다바8448,다바8449,73.8277873894135
다바4188,다바4185,110.212856382026
다라3686,다라3688,99.2719954919613
다바9347,다바9447,103.574472551635
마사2475,마사2273,215.692558147735
라바3787,라바3786,64.3591659141521
라마5592,라마5593,70.2560893609988
마라5086,마라4987,66.8107416253059
라사1885,라사2086,61.6346709629855
다다1403,다다1001,63.618019553078
다바7833,다바8518,222.404061013946
다사4845,다사4542,74.5541115239185
마라4483,마라4284,141.962541519146
다사4250,다사4250,87.946965448632
라마9064,라마8960,99.9326713973397
다사4024,다사2926,112.632535819803
라라5476,라라5174,71.8060714772108
다사6644,다사6446,89.4346980581262
다사5758,다사5351,74.2491760517638
라사2286,라사2286,58.8801653121188
다마6457,다마6557,82.9108567828201
다사3841,다사4541,62.5860321196448
다사6006,다사6206,210.550031926207
다사3244,다사4542,53.0803329609582
다사4244,다사5251,136.342223080325
다사4058,다사5251,60.5855551779759
마마5478,마마5578,103.996100102173
마라0353,마라0254,178.035834991732
라마7591,라마8493,73.8657030163584
다사4743,다사5251,91.2737545939402
다사4853,다사5352,57.961967637012
다사5857,다사5860,69.798845439553
다바6670,다바6770,71.332643707311
다사5155,다사5251,149.43082736942
다사5331,다사5536,69.3947143421858
다사4951,다사5452,56.6308648181939
다바7589,다바7890,65.4226955395381
다사5750,다사4947,89.5196513316851
다사4159,다사5251,88.9984896336889
다사6643,다사6742,68.1047134631567
다사4956,다사4857,75.0774014420905
마사4247,마사4149,67.8687441054158
다사6105,다사6307,67.2425449889988
다사6172,다사6071,56.3224558797586
마라0195,마라0894,146.611769577817
다사6345,다사6145,157.466437789136
다사6738,다사7137,71.5866642694325
다마2716,다마2715,79.3359136397894
다바6567,다바6968,52.6230313077928
다사4244,다사4245,51.6461193870151
다사4322,다사4321,95.7658543129049
다사4647,다사4648,78.9490843765767
다사4740,다사4541,79.3134056543734
다사4956,다사5351,87.0591348710021
다마6557,다마6660,50.5780107574761
라바0047,다바9845,58.8087887537773
다바8512,다바8917,81.7409335317106
라라9193,라라9295,137.154974000623
다사6426,다사5945,53.2639609794729
다사6258,다사6161,125.22572330663
마라4277,마라4278,95.4911029448588
다사5755,다사5352,112.66405702002
다사4747,다사6045,81.3397759491513
다사4346,다사4447,99.5852294963107
다사2736,다사2932,182.398140269632
라바3887,라바3990,115.103177887176
다바8411,다바8511,188.575125640722
마마5105,마마5204,159.84544498019
다사5754,다사5652,96.5649533571886
마마0162,라마9963,77.4941300302721
다사5131,다사5230,60.9780757220688
다사6149,다사6249,117.046957286106
다바6770,다바6770,152.888743042277
다사6011,다사6206,66.9249352073074
마라3987,마라4080,67.7492464569016
다사5845,다사6145,67.6867430605789
다사4641,다사4542,454.472656420556
마사4150,마사4248,54.3156523334695
다사6310,다사6308,121.250982464098
마마6934,마마6833,60.8963045226944
다사3738,다사3831,78.015100532786
라사4025,라사3927,76.0467884697589
다라3685,다라3590,76.7510786920675
다사7288,다사7388,59.7815799829391
다바4055,다바4054,59.5626456728624
다사3660,다사3562,50.100227951371
마라4391,마라4387,53.2664716850988
다라4381,다라4484,75.9651386572684
다사5816,다사6113,120.210258725082
다사5856,다사5451,90.8026672597255
다사2556,다사2556,193.100837659915
다라4581,다라4681,81.8042053845967
다사6454,다사6049,53.965374759538
마라3880,마라3579,55.7221881175261
마마7322,마마7224,225.35922475566
다사6252,다사5251,122.0505094133
마마5732,마마5332,136.798895588448
라바0611,라바0611,213.491106120448
마마3604,마마3603,95.9215168270184
다사5050,다사5452,54.2656103930864
다사5151,다사4947,95.9945708451364
마라0196,마라0491,50.0405333782337
다사6310,다사6204,68.7782757112962
마라2979,마라2679,104.608107181232
마라2497,마라2497,83.7425282320409
라아1812,라아1811,50.4095580714753
다사6272,다사6272,113.015603348103
다바4188,다바4286,114.87921887349
다사6572,다사6471,128.497576825254
다사2262,다사2257,367.97681716307
라마8762,라마8762,89.7387744986647
다바7833,다바6730,212.810110295901
다사6737,다사7037,220.865078717923
마바6990,마바6990,114.445028581936
다사5850,다사5251,180.880195928269
다라3686,다라3685,205.432504446935
다사3248,다사3148,119.832688705079
다마6661,다마6661,56.5783158687933
마마7425,마마7425,130.252815146033
다나0598,다다0500,79.9314441304812
마바0741,마바0841,116.98884409071
다사5144,다사5145,79.1358873462099
다라9964,다라9862,58.2097299240541
라마8488,라마8493,63.4793639058621
마라4591,마라4592,57.4886182447761
다사2448,다사2548,72.3243909930993
다사2339,다사2039,106.494542674633
다사5860,다사5451,68.3481406246102
다사3129,다사3326,52.5361447262202
마마6887,마마7179,54.2863750293887
다바8448,다바8549,55.2371958369578
다사5750,다사5351,94.1550194180618
다라0440,다라0241,99.2087419671473
다사2440,다사2340,89.3618513837982
다사6426,다사6424,129.286345645751
다사5962,다사6063,61.1413431357213
다바6666,다바6768,58.2299448516274
라라1739,라라1940,56.7158204609294
라마8762,라마8961,58.61162814739
마라3679,마라3678,61.226448938746
다사6125,다사6426,102.473832082117
다사5250,다사4947,126.630157764768
다바2345,다바2651,51.3669243577802
다사6471,다사7388,50.3180467925942
라라3549,라라3649,155.084176488612
다사4343,다사4542,75.1443405325011
다사5961,다사5251,122.027725835506
라바0048,라바0047,72.9099991862695
다사5961,다사5452,86.0478637685805
다사2262,다사2063,50.9845740307925
다라3685,다라4184,68.5921005243159
다사6214,다바6293,121.274175109529
다사3337,다사3238,62.0433878542858
라마7586,라마7684,58.0041625299066
라마9563,라마9767,50.0704782700817
마라2184,마라2382,134.283450317816
마라3986,마라4186,57.7103362847449
마사4244,마사4248,179.020935946758
다바8916,다바8917,472.344144268379
마마5104,마마5204,222.427274429174
다마4329,다마4130,168.777236250736
다사5050,다사4950,52.8288008496525
다사5657,다사5451,51.2669239687743
마마2976,마마3070,66.7736846479168
라바0046,다바9449,73.6275497059919
다사2743,다사2544,51.2043142964674
다사2441,다사2341,50.4320113044107
다바9257,다바9255,82.8025219265804
다사6232,다사6045,60.7957361872459
다라4486,다라4585,53.664309836957
다사4647,다사4747,118.018345147474
다사4645,다사5251,146.466947323433
다사5652,다사5651,63.4241032669985
마마7423,마마7526,214.576106002793
다사3947,다사3646,134.534472868736
다사6088,다사6189,57.36186480905
다사7368,다사7370,56.124857427888
다마5373,다마6773,65.1784943180677
다사6345,다사5844,204.61618052353
다라4588,다라4588,82.7116191202713
다사6261,다사5251,190.992672934771
다사6345,다사6045,179.651434754962
마마0565,마마0964,70.6453463356191
라마3743,라마3743,205.507906635322
다라4532,다라4532,56.1731166639837
다라3987,다라3685,103.537126078825
다사2650,다사2749,50.7946960437199
마라4387,마라4285,146.205717469462
다바8916,다바9017,106.115112577083
다사5946,다사4947,88.9508287639846
다사2841,다사2742,139.788148422241
다바9116,다바8916,52.3523215345809
라바0147,다바9845,131.290444048876
다사3842,다사5251,77.0182560352898
다사4446,다사5452,57.2893693773706
다바6571,다바6573,216.236228801615
다사6162,다사5251,127.597878572253
라바3885,라바3786,69.4443700475396
다바8916,다바8818,83.6573822397535
다사4930,다사4929,157.818617993033
마라4384,마라4284,106.047535924192
마라4287,마라4387,145.214668553837
마라0695,마라0792,82.2312046118535
다사5759,다사5652,61.0679924885248
마마3603,마마3604,236.70098074142
다사6248,다사6349,56.3508778325965
다라4587,다라4588,70.1404882307232
다라4487,다라4484,66.0768979697819
마라5288,마라4080,60.4665058294122
다사2955,다사2556,112.777396231753
다마6359,다마6457,52.5312265344278
마라3685,마라3785,64.7924767820662
라바9968,라바9970,175.538173680545
마마5104,마마5105,99.2316873484958
라마7691,라마7591,129.950662666676
다사3841,다사4642,91.3858932685731
다사6520,다사6519,107.921963073416
다사6855,다사6854,113.943417889843
다사4839,다사4739,142.163688344974
다사2440,다사2544,52.9295730595974
다바6968,다바6770,117.975237240428
마라4483,마라4285,76.3851882848747
마마6228,마마6628,105.819713774089
다사3841,다사4542,142.751287972806
마마1064,마마0964,176.346833099683
다사6018,다사6017,140.208726698819
라마7492,라마7591,88.65554960903
다사6155,다사5953,53.4775615020853
다사3841,다사4442,56.4623320026605
다사7251,다사7250,186.862478601631
마라0155,마라0056,529.768770659423
다사6938,다사6837,54.9872951584329
다사5912,다사6310,105.260537457857
다사6632,다사5251,65.612979225335
다사6516,다사6517,113.992189674972
다사4857,다사4857,208.803973792053
마라4493,마라4390,62.3357597088986
마라4284,마라4080,115.876664604892
마라3794,마라4285,56.5606654857457
라사2285,라사2183,51.1749782611428
다사5521,다사6019,50.4510561089733
마라5287,마라5388,126.151360379825
다사2556,다사2355,64.7358948072463
마라4391,마라4491,62.2673406272254
다사5054,다사5053,58.2349875245918
다바9513,다바8917,55.6666284339287
다바9025,다바9124,52.5358007618723
다사5717,다사5718,128.170847326876
다사5242,다사4642,51.0928389003737
다사6222,다사6122,72.6141366129997
다바9357,다바8855,50.8315161694191
다사3148,다사3448,61.4561304249974
다사4242,다사4342,54.9551480955433
다사4944,다사4947,170.031006451658
다바6196,다바6293,76.6152857473715
다마6559,다마6858,103.041639043865
마마0164,마마0265,65.7689687961992
다사6446,다사6446,63.5813928812114
마마7277,마마7079,51.7921000952385
다사4747,다사4847,281.386505568782
마마6740,마마6738,119.837202313246
다사6455,다사5452,54.181235902836
마라3791,마라3483,60.8883177040476
다라4282,다라4283,55.8886097381353
마마7323,마마7224,230.26784107374
마라5086,마라5186,93.1515508258171
마라4376,마라4078,155.709780108876
다라3685,다라3790,186.045457701631
다라4291,다라4391,68.2064622118061
마라2493,마라2593,73.98604701042
다사5656,다사5556,62.9466212780605
다사4643,다사4542,77.0829971657051
마라0991,마라0990,91.7844683165369
마라4388,마라4185,80.6924446519143
다사4643,다사4647,57.0750810639578
다바6830,다바6730,144.499069777695
다사3058,다사2660,148.099955725803
라마7494,라마7492,124.405252575288
다사4442,다사4441,70.3619335590273
다바2177,다바2277,82.7388274170081
다사4449,다사4450,143.517300954228
다바8516,다바8916,127.453917799017
다사6850,다사6547,68.223466867737
라라5085,라라5289,59.8227329458564
다사4151,다사4150,100.270003267282
마마6887,마마6987,66.1709848174351
다사5144,다사4947,89.5705859459537
다사3827,다사3622,80.5085337315917
다바6764,다바6571,77.5762137435067
다사3129,다사2926,483.519339760136
다사6324,다사6533,63.2496227834361
다사5941,다사5942,151.748487057529
다바2545,다바2651,110.424883642061
라아9423,라아9523,132.929039130995
다바8912,다바9213,80.2658006213111
다사5656,다사5754,88.3769657307165
다사6071,다사6471,80.0715758409928
다다1101,다다0901,121.806028065651
다사5343,다사4542,60.6921872146701
다사5757,다사5860,65.1441080558142
다사4752,다사5049,54.9065382947982
다사7215,다사7415,153.744488551999
다나0774,다나1274,68.8392288609756
다바6590,다바6589,59.7993838020077
다바5963,다바6064,63.0958854872764
다라4182,다라4180,71.0790215262444
다사6310,다바6293,346.353088176501
다사5251,다사5251,174.878547491803
다사5862,다사5861,90.0339102799979
다사4248,다사5251,212.211556219356
다바6770,다바6573,357.976888925736
다사6642,다사6446,61.4066011703857
다사6345,다사6642,64.5578326933154
마라4078,마라4080,81.9833734080712
라마8391,라마7989,59.5928083210782
다사3543,다사3345,68.6731495465658
다사5860,다사5963,75.3198035521164
마마6527,마마6728,52.5299587215829
다사7038,다사7037,130.494581117914
라마9262,라마8960,68.76688811881
다바7833,다바8917,670.218486646931
라마9564,라마9464,61.4198359478831
다사4351,다사5451,65.1803035611764
다사4747,다사4647,179.329472981106
다사6528,다사6628,69.8579109332097
다사6310,다사6019,102.954657020018
다사5753,다사5451,50.2336300766838
다사6426,다사6224,108.289559028324
다사5751,다사5251,151.065804026603
다사5812,다사6206,72.7751962807487
다사6224,다사6426,75.0624680805708
라사2924,라사3026,50.4912131393228
다사2939,다사2940,54.3216963564849
마사2174,마사2273,55.7550577498162
다사1143,다사0541,80.9262891581444
다마6457,다마6556,103.174226904433
다사4024,다사3425,116.525030599311
다라3468,다라3469,267.600241804285
마라3984,마라3884,52.5614462146274
마마3704,마마3705,58.3004127307913
다라4378,다라4084,54.9213687726554
다사4943,다사5845,57.1637760000717
라바3887,라바3885,137.8407033477
마마0909,마마0614,63.2325126079329
라마9461,라마9160,62.6079894392488
다사8561,다사8561,57.5399691889618
다사3446,다사3345,54.9289724824751
다사7252,다사6849,64.1522776469677
다다1403,다다1302,94.7864603740722
라마9461,라마9059,60.0502401061268
다사5944,다사5841,52.8092501461735
마라1990,마라1891,164.254775627205
다사6533,다사6633,287.095084981747
다사4845,다사4945,54.5067093001776
다사5251,다사5844,54.967292774504
마마4007,마마3906,67.600804832241
다사4957,다사5351,175.001022610439
다사6019,다사6017,307.146784315585
라바3984,라바3886,59.8839592422379
다사4543,다사4742,76.7138313622168
라라9893,라라9891,82.3035010875284
다사5951,다사6049,77.4140675763427
다바2378,다바2377,106.870275710914
다사5242,다사6145,98.7906166273417
다사2339,다사2339,95.2259272276988
다사3144,다사3145,74.0818604708798
다사2660,다사3058,90.3914446652267
마마5114,마마5014,146.709669428533
마라5287,마라5287,94.5019732909021
다사4855,다사5452,64.227766593718
다사4856,다사5352,62.3481419319125
마라1987,마라1889,105.177173331603
다사4347,다사4946,55.2822865259506
다사6152,다사4947,55.1979444895787
다사6351,다사6350,100.69032884188
다바6688,다바6588,106.247299902423
다사4942,다사5452,52.9330985417497
다사6248,다사5844,88.92285111287
다바7833,다바8143,131.908524459246
다사3039,다사3239,60.7769913963533
다마2973,다마3074,51.112449524305
마라1990,마라1990,180.585582383277
다사5961,다사5451,68.2125279511578
다사3139,다사2834,60.5744099611668
다바6287,다바6293,70.4446748131451
다사7152,다사7250,56.7098414733512
다사6148,다사6045,73.6092090158711
다사5853,다사5351,77.6844513842727
다사6425,다사6633,129.129398131431
마마5010,마마5114,93.7258768782903
라마9027,라마9027,146.343524449827
마라4390,마라4490,97.8402113620739
다사5962,다사6061,77.5892596970673
다사6248,다사5945,69.0720021779975
다라3685,다라3382,127.857457850552
다사4149,다사4847,57.3211111998902
다사4258,다사4157,62.2964218488816
다사4841,다사4943,54.4166753025256
다사6843,다사6844,53.1513382103496
다바9357,다바9456,235.602662921845
라라9397,라라9196,50.9174250957945
다사3761,다사3562,64.8812021722231
다마5072,다마4972,85.664040301748
다사4747,다사4947,549.040571546178
마마0162,마마0163,126.025013929151
라마9666,라마9767,164.663542860896
다사7415,다사7315,123.43212054716
다사6743,다사6644,124.946397160052
마라4681,마라4682,88.3581157965514
다사6643,다사6045,52.4737337422264
마라0991,마라0988,91.2467230739325
다사4349,다사4151,99.3673840310202
다사3926,다사3622,117.626915696832
다사5143,다사4947,111.241595155682
마사0332,마사0231,95.4132681948727
다바7833,다바8733,164.382259177485
다사4743,다사4844,59.4802068243664
다바8523,다바8724,175.431573242154
다사5752,다사5251,153.583018565634
다사5857,다사5857,102.116280840188
다사3852,다사4151,164.501608132182
다사6214,다사6113,121.504993048982
다사4341,다사4642,76.2392289517173
다사8262,다사8260,76.7472211236559
다사6737,다사7039,91.6649467948033
다바2377,다바2277,154.047069580922
마마7423,마마7321,78.5903739202639
다사5433,다사5132,150.296404145313
다마2873,다마1474,55.6047517773455
라사4343,라사4939,55.6292402355648
다사3244,다사3045,126.924434188313
다사6645,다사6544,57.9449346239554
마마6738,마마6839,60.2800039363589
다사5862,다사5962,103.624514956531
다사5812,다사6310,134.089740183291
다사5231,다사5333,55.3529516467042
다사4252,다사4151,83.3221968515087
다다1000,다다0900,72.9552478226586
다사4745,다사4644,70.4776892580276
다사5251,다사5351,467.836933583247
다사4545,다사4947,231.367262376271
다사4752,다사4653,167.11975114225
다사5646,다사4947,81.7725768749364
라마9362,라마9361,84.1291713538275
라바9968,마바0068,177.007629432377
라바3787,라바2886,55.4152291778838
마라4682,마라4080,84.8786112664858
마라3679,마라3378,58.8544425881625
다사4854,다사5351,126.857663644458
마마3805,마마3704,58.4643762047817
다다1000,다다0901,123.358534759086
다라4788,다라4588,56.6930706726849
다마6860,다마6858,68.1991573639065
다사5858,다사5351,72.6710660021972
다사5322,다사5125,91.9768120494382
다사3926,다사3224,58.7051160567128
다바8615,다바8518,76.1913770696251
마마0067,라마9967,83.3047788400732
다사4751,다사5049,77.5386485714855
다사5856,다사5754,57.3453408197096
다사7050,다사6950,79.7194761603747
다사4450,다사4848,80.074458228166
다바9227,다바9025,91.7443849941418
다사4160,다사4161,77.5204069441886
다바9115,다바9214,96.2178671725917
다라4784,다라4784,64.8198297949767
마라5696,마라5695,122.280209194663
라마9358,라마8544,64.7930646409092
다사5757,다사5858,100.181851229026
다사3129,다사3324,62.888470149028
다바9846,다바9845,58.2315847117338
다바6988,다바6990,51.8598516523295
다사3644,다사3644,132.426045345777
라마9162,라마8960,139.425234330462
마라0991,마라0889,134.843482244629
다사5653,다사5251,65.7188817983659
다사2840,다사3040,88.091111121845
다사5850,다사5750,108.211027167524
라바0611,라바0810,68.6756664218954
다사4024,다사3825,108.91007485039
다바9113,다바9214,102.630164942315
다사4251,다사4247,66.4880229205646
다바9560,다바9456,109.172946003322
다바9214,다바8917,92.1048981365121
다사4422,다사4322,51.4734718259913
다사4244,다사5452,77.4473103861222
다사5341,다사5351,60.6736463965713
다사4745,다사4647,78.3676889845114
마라0196,마라0393,77.2556202496753
다사3248,다사3149,91.4249506525372
마마1321,마마1515,73.1675029785995
다사4348,다사4447,105.10493021178
다마6656,다마6858,90.4696033158323
다사6344,다사6145,75.5340238443028
다사2746,다사2742,90.2897327573957
마마1321,마마1323,206.11411326102
다사3244,다사3144,126.106804939238
다마5273,다마5473,88.6041797593161
다마3048,다마3148,69.4692987879289
마마6738,마마6932,127.082126636477
다사5148,다사5352,55.4729051552008
다사5342,다사5442,104.270576031894
다사5756,다사5351,178.700034818512
다사2840,다사2940,120.510578320173
라마7494,라마7989,130.811885437556
다바8030,다바7833,223.536376122348
다사2441,다사2543,61.1086339397796
마마1102,마마1101,108.166668813834
다사3129,다사3027,198.986306864142
라사3330,라사3230,52.2674840520031
다사5954,다사5953,125.765798237298
마마0358,마마0163,76.7024489756438
다바9413,다바9213,74.4621350165796
다라4090,다라4091,136.264271431604
다사2749,다사2254,63.1001190433167
마라5386,마라5287,79.5646177318453
다사3327,다사3225,113.28331633378
다라3570,다라3469,188.540942558778
다바8321,다바8518,184.395623562913
다사3043,다사3144,85.6296829504011
라바6345,라바6143,108.52936333359
다사7039,다사6642,66.736598984373
다사3228,다사3224,129.136326885093
다사6053,다사6052,78.7639657498031
다사3243,다사3445,57.3592689050614
다사6530,다사6633,140.693572279411
다사4321,다사3622,75.8024445563944
마마0960,마마0964,64.718931607464
다사4703,다바4699,53.5552563765691
다사6257,다사6457,53.6392262576433
마라4587,마라4387,73.2745306759675
마마1968,마마1964,76.2305573809615
다사4947,다사4946,84.0282824640913
다사3233,다사2734,57.0007021700006
다사3543,다사3842,54.119447874942
라마5592,라마5694,54.7700663906189
다사3543,다사3544,135.044174219458
마라3479,마라3378,53.9267977163823
마라4688,마라4389,58.7169528378347
라마8389,라마7990,56.5621143072619
마사2074,마사2475,91.5953190069991
다사5820,다사5621,62.5193542505186
다사7760,다사6855,72.1039158421491
다바4809,다바4709,201.32444836331
라바0711,라바0611,63.2845913367208
다사4149,다사5452,70.2521033781363
다사5050,다사5049,50.6337531342629
마라3380,마라2382,68.3945872933862
라바3787,라바3885,96.2710440060137
다사6111,다사6211,81.7782895453845
마마3906,마마3907,80.1473655050119
다바9317,다바9219,56.6478631690412
마라3579,마라3579,61.3167067964153
다바8925,다바8917,57.6608389637708
다사4855,다사4854,130.147094781893
다바9348,다바9549,63.6314128653986
마라4376,마라4276,55.1281742509074
다사6749,다사6546,52.2321647868412
마마1223,마마1322,150.604047008104
다사6943,다사6844,54.4185507843324
다사5756,다사5452,143.306368840457
다사6456,다사5251,66.0640517495013
다사6737,다사6841,74.2969493450148
다사5971,다사5971,76.4559765087496
다사3543,다사3646,190.574793408317
다사3147,다사3248,87.7593005338161
다사6426,다사6533,133.881246211046
마마6781,마마6782,68.261412670767
다사5252,다사5351,150.547882811214
다사6159,다사5251,147.363100775857
라라9893,라라9994,92.705789455841
라마7069,라마7169,83.2713849190745
다라4182,다라4084,104.53925066197
라바8644,라바8551,139.362998985656
다사7251,다사7350,59.0945589709067
다바7833,다바8424,53.356379197963
다다1002,다다1001,71.7992213740816
마라0891,마라0792,152.67031750641
다사5872,다사5970,52.3515094286417
다사4321,다사3224,57.437308528234
다라4582,다라4084,55.4980818977799
다사6057,다사5956,88.2451929011892
다사3923,다사4024,208.643072044941
다바7833,다바8449,171.043602114013
다사5851,다사5850,87.6014847139789
다사3952,다사4947,101.492997687909
마라1990,마라1993,99.0630033194496
다사5843,다사5942,121.420638554566
다사4347,다사4248,63.3675251162514
다사3039,다사2840,230.254481194352
마라0892,마라0690,102.93066654105
다사5231,다사5032,65.1142600078588
다사5248,다사5351,57.4912352342776
다사6062,다사6162,56.4759043358685
나라9746,나라9845,66.9416400688348
다사5851,다사5751,96.6864316619456
라마9563,라마9764,74.6531868118335
다사6323,다사6019,56.5641013863896
마라3785,마라3585,78.1021042385768
다바8318,다바8917,79.3848816730946
다사6349,다사6445,55.5840722043979
다사5749,다사5251,142.694803040879
다사4162,다사5251,82.8954429985655
다사5554,다사5552,68.8163354159356
다사6662,다사6861,94.1337187491007
다사4538,다사4638,62.6063553552587
다라4182,다라4083,61.453136961557
마마5564,마마5563,91.5815478544956
다사5046,다사5251,72.3421483778292
다사5130,다사5132,175.73131697617
라라0663,라라0855,70.7286731122681
다사3952,다사4251,79.9590614801679
다사4640,다사4742,183.443056820664
다사6353,다사5946,95.2030639994303
마라4790,마라4790,63.0108067574759
마라4078,마라4078,177.483065549149
다라1819,다라1719,83.6986698655748
다사7215,다사7315,192.041937243758
라라5585,라라5484,116.79708981044
다사4842,다사5844,85.5506144440823
다바8915,다바9016,53.4949595195166
다사6738,다사6738,133.508718857828
라마5593,라마6092,98.7735635915044
마마3076,마마3070,182.546558014504
라라9791,라라9692,52.5396630018585
다사6353,다사6045,60.2106699051667
마라0356,마라0254,68.1024478837543
마라0195,마라0494,55.1937561335129
마라4483,마라4283,99.8440826155512
마마5565,마마5462,138.922825886672
마마1157,마마2063,58.971330385101
다라4484,다라4084,193.360941129722
다라2645,다라2645,50.9854557555784
마라1979,마라2378,183.780287113321
다바9112,다바9214,54.9238747958408
라마8393,라마7890,60.6762346160908
다사3546,다사3744,58.3669026387943
다바6788,다바6588,168.735699730041
다바9952,다바9948,80.3812160488743
다사5760,다사5858,92.6235268873361
다사5131,다사5132,262.998320792948
다라3570,다라3470,93.8147440123453
라바2686,라바2886,52.7953320536956
마라3877,마라3876,83.6500991784464
라마9571,라마9566,111.373645585822
다사6527,다사6628,152.490444400431
다사5918,다사6017,251.150860494675
다사5041,다사6045,54.9731925349836
마라4589,마라4489,111.301609338523
나바9262,나바9361,81.6226832185372
마라0991,마라0695,60.6931845318915
다사3128,다사3027,90.7078307772351
라바3886,라바3890,51.3720380983683
다바9447,다바9447,135.418213375036
다바9115,다바9114,75.0230254185543
라라5584,라라5484,169.164566733465
다사6255,다사6049,66.897083358647
다사5232,다사5132,339.35134259434
다사2840,다사2834,130.07763829578
라마6092,라마5694,124.203729659793
마라0452,마라0255,171.476408599068
다라4286,다라4484,79.1550071821176
라사2286,라사2086,101.177502983539
다사6648,다사6642,74.7186572102751
다사6950,다사5251,83.2972207449966
다사5750,다사5751,95.9346802110896
다바7833,다바7934,793.595780919111
마라3794,마라3485,70.9631419838961
라마9357,라마9160,62.4028125184205
다바8511,다바8518,157.084131921389
다사4740,다사4742,112.185832907376
다마5273,다마5573,67.4248804565674
다사4755,다사5251,107.352553595584
다사5650,다사5551,61.5114515898963
다사4931,다사5032,53.1698833968212
라마9064,라마9159,73.9865915500879
다사6253,다사6151,78.3614152260833
다라4083,다라4484,100.151453335106
마라4488,마라4285,67.8276192874602
라라5288,라라5388,82.8889120359045
다사6424,다사5844,51.6816447971968
마라3885,마라4186,70.7101625564511
라라8353,라라8353,58.3598141607939
라마7494,라바7402,64.5037645655138
마라3895,마라3794,106.99459168274
다사6248,다사6045,85.0624425461834
다바5664,다바5664,153.789927387484
다사5645,다사4947,74.2535922642637
다사5049,다사4947,288.558270358251
마라2494,마라2092,163.033692097595
다라4384,다라4484,104.680727707125
다사3058,다사5251,130.757681226753
마마1322,마마1322,137.303817993736
마라4286,마라4286,66.3432016408808
다바9845,라바0045,61.8851247832121
다사3737,다사3443,53.5704636729525
다사7835,다사7834,133.865927555297
라사3925,라사4025,87.3596866579487
다사4639,다사4638,61.9016734194261
다사5855,다사5854,106.621479486959
다바2545,다바2545,95.2963864336089
다라4884,다라4884,80.2705885988257
라마0039,라마0139,83.1231240716409
다라4184,다라4484,85.3968775054975
라마8548,라마8544,108.782050082719
다사4321,다사4422,60.1053164821211
마사4739,마사4739,61.6903277306867
다마5072,다마5071,73.3954702233415
다바8926,다바9224,113.282018353891
라라0262,라라0262,141.525364763732
다사6444,다사5942,55.9302109920075
다사5349,다사5251,126.980513199241
마마1059,마마1159,66.6901948005545
다라1097,다라0998,154.647689815535
다사3545,다사3646,233.217695942808
라라5687,라라5388,147.816942648518
다바8518,다바8517,167.489049742337
다사6057,다사6056,103.269851692417
다바9327,다바8926,56.9127976997502
다사6248,다사6446,75.3446670827862
다바0664,다바0764,87.5977371891176
다바8916,다바9213,102.319444590171
다사6526,다사6528,89.7481089310406
마라4590,마라4692,79.7441635901511
다바1817,다바2015,112.535292356033
마라3780,마라3879,72.834327149563
라라5688,라라5986,73.35608757611
라마8086,라마7989,77.3042708991526
마라0452,마라0056,173.833675229356
다사5650,다사5251,103.313407947471
나라9746,나라9946,54.0460485729314
다사4751,다사4851,67.2652651305949
다라0046,다라0147,52.8426929370026
다사5144,다사5045,52.2698324541165
라라8551,라라8452,53.9487880927717
다사4845,다사5251,112.262456562756
다라0245,다라0145,55.5327136758157
다사3327,다사3027,129.17822028568
다사6204,다사6310,74.5564678680447
다라4681,다라4681,113.196347979768
마라5288,마라5288,63.2848470366071
마라2878,마라2979,52.699124642812
마라3575,마라3477,104.367685166131
다사1044,다사0838,174.583490247754
마사2475,마사2074,91.6253852003788
다사6008,다사5704,57.8566865092884
다사4851,다사5051,67.5055799485086
다바6870,다바6673,104.580033728554
다사2432,다사2430,125.943223462052
마라5286,마라5086,62.5656595831543
다사5241,다사5844,151.180376619533
다사4540,다사4541,132.3816748512
다사3045,다사5251,95.5613024202086
마라4285,마라4887,79.1583943808482
다사4148,다사5251,188.229062169762
다사5871,다사5971,70.0789932340439
다마8811,다마9013,72.9563778250173
다사5970,다사5973,65.7442388324932
다나0499,다나0599,140.74814841571
다사2436,다사2638,65.6293718189153
라아9421,라아9523,194.918502503651
다사1144,다사0739,70.1572752341998
다사6344,다사6045,66.4590382467619
다사2556,다사3248,57.3378038405941
다사2645,다사2544,114.330857126972
다사4248,다사4644,54.4018898449995
다바6667,다바6571,141.642620841611
마라4081,마라3979,104.958241632333
다사4747,다사4151,80.3472067089144
라마1479,라마1678,51.3358817097052
다사4856,다사5251,237.522017115477
다바6097,다바6091,66.7776048490654
다사3045,다사3143,124.999404518252
다마2874,다마2874,62.5138929765632
마라3588,마라3488,78.6738810887824
다라4579,다라4478,72.072141264936
다사5856,다사5856,155.18842310538
라사3826,라사3727,54.223009031748
다바7832,다바7833,281.819858523392
다사6645,다사6045,73.526557995368
라사2085,라사2187,54.17276298199
다사4933,다사4833,77.0090815723364
다사8262,다사8259,83.0975243107828
마마6416,마마6717,126.366556727467
다사6938,다사6737,224.960486850405
라아9708,라아9808,64.4405228120127
라마9458,라마9459,101.401481138461
다사4753,다사5351,56.0519231123792
다사4346,다사4345,70.730551210914
다마6399,다바6200,105.503018302554
마바6990,마사6700,173.070202857793
마마6887,마마6786,60.8724916246304
라마9162,라마9060,74.3659745967676
다사6157,다사5251,136.973028519308
다사4951,다사5251,130.062267163636
다사4748,다사4947,219.587237465966
다사5918,다사6118,65.9026211613831
다바8818,다바8917,472.151627988074
다사6737,다사6433,55.5154009666389
다라3787,다라4091,78.9071921848186
다사6839,다사6737,58.2362599659062
라마9470,라마9470,62.9134775251587
라라9687,라라9688,163.15858124254
마마1321,마마1321,141.84959229958
다사4943,다사5843,62.7674979898322
다사1044,다사0541,273.361923803726
마라3781,마라3879,63.8634721414455
다사6152,다사6052,80.1660888183172
마마6527,마마6427,84.8988012293887
라라8452,라라8349,51.9907298446354
다사4855,다사4857,92.4846900421824
다사5532,다사5433,64.8215855681336
다바9214,다바9314,95.6738101074723
다마3074,다마3175,54.0824504670195
다사6849,다사6849,160.10775888753
다바6588,다바6097,130.546231133978
다바6567,다바6666,66.1939961605583
다사5150,다사5251,299.485026491102
라마8544,라마8338,204.430794099693
마마6228,마마6327,57.7719948011796
라라1240,라라1540,50.1833350495072
다사6045,다사5945,97.4322381910437
마마7422,마마7425,54.6852719181519
다바5664,다바5261,74.2496367415239
다사3233,다사2834,117.480774607941
다사6105,다사6202,106.495191673705
다바7833,다바9021,50.7244650646201
다라3226,다라3227,53.8741731387297
다사5643,다사5644,93.4846321826137
다사6643,다사6642,195.714496633161
다사6211,다바6293,190.262169758566
라마7791,라마7989,53.2851642185688
다바5265,다바5265,50.6776824757325
마라4494,마라4692,57.3820465861997
다라0546,다라0446,77.2491568741374
다라4587,다라4687,63.0443800868493
다사5852,다사5452,75.1955859959712
마라0890,마라0789,63.716315821155
다사6855,다사7459,54.0898328219242
마사3109,마사3209,60.6466950694156
다사2661,다사2262,128.54715109995
다사2749,다사2448,112.045245425969
다사5944,다사6044,68.889862096385
다사4633,다사4833,55.6152862496607
다바8916,다바9025,79.5729072181861
다사4012,다사3912,75.6697018267116
다사6546,다사5944,77.0145412739176
라라1759,라라1356,58.9991811710257
다라4283,다라4184,95.4666734440515
다사4442,다사4442,62.9147974103504
다사4449,다사6045,60.8294297727063
마마1157,마마1959,60.3285746355387
다사6248,다사6546,50.4227816889127
마라1052,마라0953,53.9893138206
마마0961,마마0960,58.7852862383784
다사3129,다사3227,192.368681701554
다사6112,다사6113,357.143335972135
마라3688,마라3485,54.4177466745853
다바8816,다바8817,69.861599332236
마마6428,마마6328,50.4404852336555
라바0611,라바0511,56.952402240437
마마3502,마마4109,55.0054228884385
마마6582,마마7179,69.2456165420573
다사3227,다사3126,212.953494776369
다사5144,다사5251,88.6670646495805
다사4349,다사4947,122.42050277037
다사6070,다사6070,68.4456342627968
라마9665,라마9666,73.3153804536408
다사2740,다사2740,75.0150094929994
다다1002,다다1000,81.8262119881008
다사4449,다사4251,58.8570886206303
다사4345,다사4151,52.2688812237997
다사6634,다사6737,63.4512765321441
다사3344,다사3443,87.5108330512473
라라1761,라라0764,53.2028617678068
다사4943,다사5942,61.9420788779281
다사5818,다사6019,82.8550624513349
다바6095,다바6293,397.36076068537
마라4490,마라4391,90.0527908611147
다사9520,다사9916,126.852540796037
마라4185,마라4081,54.9491351477012
다사4742,다사4642,285.446454770687
마라0195,라라9893,70.4466262978926
다사4932,다사5132,374.732308576944
마라2493,마라2893,84.6387347000656
다사6162,다사5551,55.7097698327983
다사6257,다사6258,64.2966329814967
마라0793,마라0491,69.5987723547825
다사6054,다사5953,143.463129775031
다사4946,다사5351,61.923938660726
다사6310,다사6017,291.827763821293
다사6148,다사5946,59.2530853533504
마라0891,마라0791,71.1392945061262
다바9114,다바9214,99.847415372446
마마0167,마마0068,80.5122452258852
나라9746,나라9744,51.0237403448965
다바8415,다바8917,94.755270312654
라마9362,라마9061,81.7053733918079
마라1979,마라2078,89.1731219956706
다사5717,다사6017,95.6655947090623
다바9319,다바9118,81.9747562410273
다사5442,다사5442,52.0211921908293
다사6151,다사5251,103.950121942941
마라0396,마라0792,61.577759886071
다사6938,다사6738,53.317160570286
다바6200,다마6499,74.7763817839709
다사4348,다사4548,73.3442932015006
다사6049,다사6049,138.252584469698
다사5341,다사5843,65.0888960181658
다사3953,다사5251,102.116958766681
다바9314,다바9414,60.1213062561692
마마5214,마마5113,57.8833600267312
다사3129,다사2925,112.393825288259
다사3344,다사3343,65.835947002701
다사5758,다사5757,91.9588787609842
다사6072,다사6471,88.6795467479905
다라0446,나라9738,132.162706071452
다바9413,다바9414,75.6121254779858
다사6144,다사6144,68.1084126620504
다라4581,다라4783,108.400783647716
다사6150,다사6049,50.9899704376759
다사6748,다사6848,149.48145725996
라마9457,라마9061,66.1879659345865
다사3126,다사3028,50.5157844787874
다사2945,다사2945,67.3784520068355
다사5142,다사5139,105.96324753693
다사2641,다사2640,64.2850265333876
다사5750,다사5651,89.0428104795613
마라4492,마라4495,60.1538593248203
다사5233,다사5132,306.303018889636
다사6232,다사6633,170.713087979801
다바5664,다바5564,150.350139986422
다사5853,다사5251,168.985889090814
다바9747,다바9748,100.610518012003
라마9963,라마9964,78.3250806337702
다바6966,다바6968,63.2202735535133
다사4853,다사4947,64.1479075616449
마마0960,마마1360,50.8127977506283
라바0665,라바0764,110.70174773491
라마9357,라마9457,103.795893650258
다다1403,다다1503,77.418187475062
마마0260,마마0163,58.7876104485153
다사6735,다사6631,70.4208951537102
다사6222,다사6633,175.258110403149
다바9113,다바9114,74.8120888423918
마라4290,마라4190,133.736873873846
다사6426,다사6334,74.46619175661
마마3603,마마3704,91.9340613797269
마라3780,마라4080,50.491685624942
다바5981,다바6080,268.297763387185
마라3791,마라3488,78.5732723985169
다사4752,다사5351,100.704707141802
다사6354,다사6049,97.5167101790313
다사3842,다사3842,62.0251977595225
라마9571,라마9671,55.3980340380813
라라9584,라라9687,149.388249238107
마라0353,마라0056,250.157613408967
다나0499,다다0600,66.3364781195427
다라4883,다라4783,50.3394023021214
다바7890,다바7989,239.178738492008
다나0873,다나0774,55.8747613669771
다사6649,다사6749,56.8799998560023
다바9648,다바9449,79.4329027699506
다사4951,다사5051,230.999869702188
다사4929,다사5025,82.7083400575915
다바9515,다바9317,76.9946401216662
다사7037,다사6737,294.936663576573
다사7448,다사7548,62.3808991785062
다바9013,다바7833,51.1940684543206
다사4944,다사5351,76.4864653611382
다사5759,다사6149,58.5369272481408
다라4887,다라4783,122.517667226047
마라3589,마라3588,159.179743843846
라라0459,다라9861,70.229081387957
다사6528,다사6633,133.722984575739
다사6160,다사6149,72.2576600961064
마마5928,마마6428,50.261804679951
마라2794,마라2893,132.435686423647
다사4942,다사5642,53.6848971468139
다사6206,다사6307,206.279318980247
다사3149,다사3045,58.8835650903724
다바1817,다바0923,85.684358610841
다바7890,다바8089,58.9235051160378
다사6105,다사6310,148.292795710125
다사7037,다사7038,63.1477628514462
다마2687,다마2787,138.913830095681
다사2840,다사2742,206.443224992143
라마7695,라마7394,55.0654248020003
다라4390,다라4091,79.7918237174355
다사6749,다사6848,77.7900227890468
다사3248,다사3547,70.2899452409959
다사6525,다사6633,91.7620765644774
다사6426,다사6633,314.831935870026
다마6663,다마6563,69.4884780506699
마마6432,마마6428,55.3509814527993
라마7494,라마7890,75.883402287158
다사6516,다사6519,57.8747529941003
다사4932,다사5130,127.036708539926
다사6749,다사6049,51.0620715522056
다바9611,다바9512,61.2304301605724
다바9012,다바8912,56.0648145454393
다사4644,다사4646,55.7980303279678
라마9162,라마9059,141.680745684915
마라4080,마라4081,88.9406411948839
마마5105,마마5105,155.556061348111
다사5860,다사5858,97.1111613337377
다사4857,다사5452,155.398797231113
마라4290,마라4290,239.046931624158
라라0764,라라1760,90.3685411797659
다사5857,다사5251,124.316935848072
다라4881,다라4782,88.4260429255516
라마8488,라마7989,95.6903118987562
다사4944,다사5145,78.145547275396
마마6416,마마6614,82.5620480192479
다사3128,다사3126,263.793395032389
라마9457,라마9257,56.3354339251341
다사1044,다사1044,116.959835492133
다바7833,다바9745,56.9612717650241
다사3347,다사3045,62.8262403358062
라라9891,마라0091,70.5573333803372
다사3146,다사3144,102.631043701081
라아9322,라아9523,83.4908791359371
다바7990,다바7990,72.8225529931276
다사4341,다사4540,60.274409945075
다마6561,다마6262,92.1222702201564
다바9016,다바9016,94.0194020051698
마라3477,마라3478,98.7615600703044
다마5072,다마4973,59.7854702810141
다사6830,다사6730,54.2434189883006
다사4648,다사4947,306.918371126827
마마0067,마마0066,120.128227592034
다마6663,다마6759,73.5732009299044
라마9259,라마9359,65.3425331353456
마마3805,마마4008,56.5938439165243
마라4496,마라4498,131.682111259147
다사4743,다사4743,88.7267820388134
라라5585,라라5388,50.1294133896571
라마9469,라마9470,101.768725295232
다바3468,다바3268,89.3169685809082
다바6390,다바6293,427.835524424343
다사6855,다사7056,54.0276685845126
다사5857,다사5652,58.7517969985533
다사6744,다사6643,95.9173915518892
다바9016,다바9114,50.6798235044989
다사6448,다사6049,60.37469653058
다사6012,다사6214,66.5943892450934
마라3380,마라3379,71.7867234709357
라라5288,라라5187,54.7301221062251
마라0254,라라9957,149.280909446151
마마1157,마마1257,54.6283022976646
다사2754,다사2749,51.6170292811708
다사4122,다사4024,55.9726769503319
다사4950,다사5051,53.6927156235414
다사6012,다사6113,105.727333790899
마마6330,마마5929,54.6397582972603
다사6530,다사6530,75.0348029178784
마라0694,마라0494,54.3779700834576
다사6842,다사6045,81.7162155861383
다사6736,다사6737,68.949974617392
마마0964,마마1065,56.7752112557208
다사4855,다사4653,135.3320195354
다사6511,다사6310,268.160419189069
라라9687,라라9789,97.1774441341629
다사6222,다사6019,57.3247636598629
마마0067,마마0068,231.390408933436
다사4944,다사4944,114.92603425648
다사4222,다사4223,101.063699607098
마마7427,마마7425,52.5968870167212
다사4447,다사4347,109.675082173092
라바0379,다바9680,168.648148417444
다사3744,다사3645,91.0147015358987
라아9423,라아9421,58.1020890943168
다바9115,다바8518,54.8246886851684
라마9461,라마9564,58.9315206185447
다사4854,다사5251,185.94170349761
마라4389,마라4284,51.3278079329334
다바8516,다바8517,76.873711868689
마라1990,마라0792,71.7637727306077
다사2260,다사2262,179.605163961658
다사2430,다사2530,53.7265781831309
다사5757,다사5653,66.2060580158621
마라3885,마라3979,50.5325892616058
다사7388,다사7388,116.88953906174
마마5929,마마5929,133.929539641568
라라0663,라라0956,94.2190161798383
다사6855,다사6755,127.027189183141
다사6529,다사6633,172.900492576672
다사5854,다사5854,189.641517895669
다사4857,다사5552,96.8380409355693
다바8814,다바8917,87.5465111720842
다사7660,다사7761,117.563830670187
나라9739,나라9738,284.46094134388
다사3327,다사3126,309.134780301654
다사5816,다사5316,70.64139800966
라바3986,라바3885,63.5958255552318
다바8818,다바8518,141.678487910658
다사5142,다사6045,210.119803353819
다사4735,다사4833,70.9154795646575
다사4854,다사5149,70.0208808698468
다사6149,다사6248,79.0197751970791
다사6449,다사6348,89.0912774638905
다바9448,다바9350,81.1211858155992
다다1403,다다1202,92.3698218389622
다사3464,다사3662,52.1494770336606
다사4932,다사5228,71.43531954479
다사3238,다사3337,52.647835096522
다사6258,다사5251,104.773173258664
다마2973,다마3175,56.7156830390686
마마6254,마마7156,93.0728886165055
다사5044,다사5351,66.5017107638092
다마6654,다마6457,85.2566900314521
마라3380,마라3479,80.8569076094859
다바7833,다바8538,92.7213829592804
다사4953,다사4953,73.2405240596492
다사6144,다사6045,124.961266655342
마라1990,마라1595,140.095894553923
다사5657,다사5452,88.0900841439589
마마5162,마마5462,89.0088004490814
라마8762,라마8963,77.8111889766471
마라3588,마라3588,52.6840173214237
다사4747,다사5352,107.3331839257
마라3379,마라2378,132.724254106834
다라3787,다라3690,61.1274084737984
다사3565,다사3661,76.3754133358222
다사4701,다사4703,98.4020456068906
다사4321,다사4421,102.064912467648
다사5242,다사6045,113.86202234504
다바4987,다바4987,121.220834313119
다사6258,다사6259,160.612106185093
다사5320,다사5320,68.8548908118561
다바6869,다바6673,62.1527076180199
다사5444,다사5443,80.1538804405242
다사4846,다사5046,58.9192705070626
다사6011,다사6012,70.5384861162961
마마6838,마마6738,51.5956805670657
다마5373,다마5273,213.492297535425
다사6633,다사6631,80.6320891826731
다사7251,다사6546,70.2104665047011
다사4943,다사4541,62.4252717719532
다바6195,다바6097,80.2818057760153
다바9122,다바8917,148.337133131887
다마4229,다마3434,61.8811982949322
다사6426,다사6323,69.7416502437477
다사5044,다사4542,79.1545170123083
마라4287,마라4388,117.611482839512
다사6248,다사5949,67.8047583319148
다사6855,다사5944,50.402950382219
마바0717,마바0717,50.2454398158754
라사2083,라사2286,54.1730065843678
다사4641,다사4643,168.867156834242
다라4182,다라4183,77.7958323375056
라라1340,라라1748,63.2250296784646
다마6656,다마6559,71.4540194429114
다사6842,다사6017,51.4666637770507
라마5492,라마5591,97.4046848056424
다라3991,다라4091,205.239040394119
다바6566,다바6571,96.8971746615777
다사2840,다사3238,81.5977755590285
다마6663,다마6262,71.9344177874499
마라1879,마라2178,101.151517248953
다마6457,다마6660,84.6095978644084
다사6545,다사6445,115.431441771773
다사6737,다사7038,172.125353518227
다사4450,다사4947,326.015481590578
다사6064,다사5452,61.8285379858569
마마6738,마마6832,55.8153125658853
마라0254,라라9958,54.5488020354216
다사5250,다사5351,156.471104243138
다사6547,다사6546,57.398686382628
다사6049,다사6149,145.111962224773
마마6989,마마6987,63.9710015250514
마라3588,마라3688,64.000255258088
마라3979,마라3979,72.8542332596487
라사3726,라사3725,77.8268718073452
다사5751,다사5351,90.5123777500119
다사4345,다사4446,70.1665249538817
다사3444,다사3646,72.7752427995107
라마9357,라마9458,53.940515942836
다사6058,다사5251,70.0421251501244
마라4384,마라4582,51.5316550418564
다사4545,다사4742,63.930248886632
다사5718,다사6113,226.433026290459
다바8516,다바8917,155.730097878864
마라4490,마라4388,89.7536177960105
다사4347,다사4447,125.477549280073
다사7861,다사7761,144.787722006695
다바8517,다바7833,90.7921817064593
다바0764,다바0764,63.2410472363625
다바6770,다바6169,73.306605866016
다사4747,다사5251,282.02148787801
다사3543,다사3547,122.35319517888
라라1761,라라1760,326.210028789318
다라4785,다라4783,90.5830887585178
마라4492,마라4692,96.4671543834624
다사6172,다사5971,51.3373907051706
다사6188,다사6089,154.176665654816
다사3040,다사3140,56.5295755762081
마라1986,마라2793,58.1028514505641
다사3233,다사2935,73.6083716459393
다사7449,다사7449,71.1903576890315
다사6854,다사6854,114.018842862588
다라3685,다라4091,122.71078922127
마라3679,마라3879,66.4472936698961
다사2840,다사2938,90.1771855736252
다사2538,다사2939,55.5979006904644
라사6204,라사5805,80.8345124799252
다사5350,다사5451,66.4750093037191
다사6426,다사5351,91.4943957467286
다사3543,다사3444,57.4603766539542
다사6861,다사6457,63.6748959872422
다사6262,다사6160,70.825972827714
다바6865,다바6469,56.1399813333532
다라0646,다라0547,104.278268446887
마라3475,마라3477,148.72064024557
마라5387,마라5287,122.70131531983
다바6567,다바6567,66.9503366038806
다사3445,다사3448,53.8914290685017
다마6562,다마6561,64.8798048533916
마라3991,마라3588,67.5526830557478
다사3951,다사3952,59.4123809695564
마라4086,마라4186,63.5416491077993
다사5760,다사5860,125.846745977769
다사5145,다사5351,51.8464083920322
마라3790,마라3588,58.7088017277893
다바9328,다바9325,53.0336198370178
다사6848,다사6748,133.246014360792
라라0161,라라0162,95.7639481283308
다사6750,다사6750,121.85454743146
라사6204,라사6304,87.0985529983062
다사6354,다사6151,60.6153762991036
다사4944,다사5642,65.5914220050596
마라3379,마라2679,69.918330563833
다사6755,다사6855,114.861977532821
다사6212,다사6113,210.221674303926
다사3952,다사3952,145.527198603464
마마0163,라마9765,86.3427418714473
다다1002,다다1002,71.5756682127875
다사6163,다사6161,110.524317102541
다사6117,다사6017,134.866899580255
라라0262,라라0161,124.533177719875
라마7492,라마7989,52.6344796086021
라라5476,라라5175,91.5051226595237
마라4085,마라3488,56.0916738522807
다라4785,다라4684,55.2813043932308
다라4886,다라4783,69.6696309061085
다다1000,다다1000,77.0786361064884
다사3144,다사3144,141.543489969463
다사7351,다사7350,56.8708304860454
다라3787,다라3787,75.9192389422327
마라5594,마라5695,51.5811780717248
라마9665,라마9767,90.1273265528098
다바8143,다바7833,211.012837290889
다사6844,다사6546,65.5867060513203
다사4747,다사4848,115.258261138815
마마6887,마마6681,58.3017698335794
마마6987,마마6582,51.1954509443193
마라3475,마라3475,61.3219507526711
다사4646,다사4847,54.7378106725811
다사4943,다사5945,74.3506289516946
다사5050,다사5050,103.600754554838
다사1044,다사0742,104.005161903642
라바7686,라바7787,264.87314018822
다사5252,다사5452,114.119366340116
다사5113,다사5114,51.8049772945677
다사4839,다사4642,51.1771134535425
라바0044,다바9845,66.5367549232268
마라4290,마라3585,51.5046384053339
다바7833,다바8621,81.9988592655557
다바9474,다바9472,88.2524814884151
다사4932,다사5232,62.5465165825312
다바4809,다바4608,89.755582534729
다사9420,다사9420,86.5880785953953
다라4586,다라4484,50.9130240110634
마마1060,마마1059,145.493267919943
다바4887,다바6293,51.5579046220076
다사6016,다사6113,225.541602845518
다사6748,다사5944,58.4080919866656
다사6106,다사6310,55.5003465505493
다사3644,다사3743,70.8272534387221
다사6052,다사5452,88.2128098512783
라사6305,라사6304,89.0580790973184
다바9751,다바9852,64.0988810023112
다사3917,다사3921,72.2015041643179
다마6358,다마6457,62.4801862891461
다사5149,다사5352,145.064009443447
다사5756,다사5652,110.020150265787
다사2548,다사2543,50.6455860042129
다사5150,다사5351,210.084579659324
다사6838,다사6737,223.232129863351
다사5654,다사5351,104.101232630042
다사6255,다사6256,64.7504806475079
다사3830,다사3831,107.567403856779
다사4149,다사5251,215.356256025711
다사5342,다사5443,139.803861330608
다라4582,다라4684,82.4787412634877
다사3841,다사3644,79.4634716924115
다사7251,다사7252,98.1794869655795
다사3952,다사4151,241.093057709423
다바6388,다바6290,62.7198813351425
다사6625,다사6628,51.2984181031376
라바0764,라바0765,90.250531741933
다마2874,다마2876,64.939553940787
다사6734,다사6934,71.2493317726581
다사4742,다사4943,85.1853554188947
다라0440,다라0441,149.804414076624
다라3785,다라3382,51.2193402439845
마마6631,마마6330,57.5523233765541
다사4943,다사4542,116.437739261215
다사3248,다사3249,122.743493830322
다사5132,다사5536,103.826085862709
다바9218,다바9118,126.64820070366
다사5857,다사5451,61.9343632791036
다바8818,다바8815,50.4381906703324
다사3228,다사3126,291.589013579216
다사6256,다사6257,55.8301279807527
마라3478,마라3378,78.9514245126129
다바8518,다바8618,127.134504885965
다사6526,다사6628,95.3783591415548
라마7395,라마6092,79.2091720804195
다사6310,다사6214,363.690067937033
다사5442,다사5844,69.4106921788003
다바8432,다바7833,310.203533461413
다마3047,다마3048,174.431666795028
라라5361,라라5259,151.107789980577
다사6426,다사6430,76.0769074159823
다사6738,다사6633,116.615572682364
마라0195,마라0690,50.4990362278356
다바7833,다바8029,154.693271757825
다사4929,다사5127,75.3666117281589
다사6072,다사6272,57.2434823970112
다사5142,다사5442,57.128399922664
마마0863,마마1064,56.6755031058952
다사6749,다사5944,58.2842617413291
다사2556,다사4947,93.0347552474652
마라4284,마라4185,75.8279951296742
다마5473,다마5072,73.4337125357412
마마6228,마마6428,152.927478531626
다바9515,다바8917,59.2503014037283
다사5441,다사5251,53.5911502100608
다사2633,다사2734,65.7235800381401
다사5142,다사5242,65.3671608541789
다바9446,다바9347,70.3168927521417
다사4048,다사4048,59.0561809935491
다사5230,다사5130,59.0485079746327
다사3725,다사3125,59.0848537150729
다사3943,다사3843,71.8272820662871
다사4250,다사4450,50.5775689286962
라마8393,라마8493,173.414966843558
다사5313,다사5316,85.4885993972279
다사5962,다사5961,94.4066938069201
라바0611,라바0612,109.635267949596
다사5651,다사5251,73.3536031185966
라마9471,라마9472,79.5678550919434
마마6328,마마6228,70.4193330756512
마라4291,마라4390,75.0933175069144
다사5956,다사5251,133.627209225621
다바6770,다바6571,320.22497523678
다사6245,다사6145,66.2892988961574
다사4851,다사5351,79.9508361091172
다사6749,다사6547,69.1709581926667
다바8926,다바8825,52.7992241769317
다바9851,다바9852,81.2368284622537
다사4547,다사5352,56.1638334706785
마바0070,마바0069,73.5923953704829
라마9461,라마9461,85.6047781592079
다사3841,다사3743,54.5332091146765
라마2497,라마2597,69.2247616286454
다사4348,다사4349,53.5794152675958
다사7252,다사7250,139.659750764368
다사6015,다사5718,186.315238399586
다사6069,다사6071,79.40578104661
다사6350,다사6350,136.013651134891
라마8643,라마8649,56.1753168481322
다바7833,다바9017,100.763925463807
마라0495,마라0396,54.0367346606277
마라3685,마라3483,71.955564013077
마라4077,마라3979,71.3499582382636
다바9317,다바8917,163.148086326768
다사6063,다사6063,123.143835783007
다사5850,다사5352,72.5116034603976
마라0694,마라0793,172.835344212117
마라3795,마라3794,212.309656633831
다사9621,다사9916,98.4993595997324
라사4126,라사4027,72.9017254611779
다사4943,다사4943,180.88800911635
다바2277,다바2987,96.6668954817157
다라3686,다라4091,74.2964084994812
마사2475,마사2272,84.0853620985269
라사2286,라사1985,75.3809201395972
마라2394,마라2495,57.9145679123475
다마6556,다마6654,55.0066686748451
다사6957,다사6855,165.706303877891
다다0400,다다0700,52.2358017573148
다사4162,다사4162,197.815316558189
다바8817,다바8916,232.606650409097
마마5463,마마5563,51.8435566852953
다사5133,다사5132,228.551554736068
다라5374,다라5669,62.9642018124088
다사6152,다사5251,90.179120581112
다사6848,다사6747,91.2298366245484
다사2661,다사4947,73.6384187784469
라마9257,라마9358,106.255597365772
다바9516,다바9414,63.3530654520792
다바6666,다바6570,57.8253251630933
다사5256,다사5251,85.0931638858323
다사5242,다사5643,91.1456864115833
다사6642,다사6643,221.264391223677
다사4143,다사4947,61.5581032380158
마마0265,라마9765,78.6882015654779
다사4932,다사4933,105.802426414343
마라3575,마라3476,55.6002392553506
다사4946,다사4946,76.56190434877
다사6737,다사6045,106.890545902821
라마8544,라마8643,343.293098023783
라마9062,라마8861,65.0629396632826
마라0196,마라0792,78.6081902810972
다사6625,다사6424,57.3840163580261
마마7425,마마7429,146.670588721149
마마0067,라마9867,61.6330168903303
다사4248,다사4747,128.378795656225
다사2262,다사1072,61.9991677600832
라마9459,라마9459,82.1602376383047
다바8515,다바8916,97.2572072860328
다바9215,다바9214,66.3874354548521
라마8762,라마9160,59.4391742213012
다사2855,다사2556,59.7377148464816
다라4590,다라4590,83.477396280943
다사3327,다사3224,205.715152873894
다사5719,다사6019,59.0216942444559
다바8511,다바8511,112.554249902429
마마5478,마마5279,74.2449793505361
다사4648,다사4646,51.6871393314268
다사1444,다사0739,59.664083200239
다사6748,다사5251,148.441586053579
라바3884,라바2686,65.5714859354722
라사4426,라사4326,66.6030968388275
다사6855,다사6856,130.753743199646
다바6289,다바6293,96.9361319823543
다사5913,다사5914,50.1977458606576
다사5144,다사5245,95.4396828995287
마마3076,마마2975,105.757304233226
마사4148,마사4248,118.300792141525
다바7733,다바7833,175.956457703384
다사3743,다사3646,113.752862221593
다마6160,다마6060,104.5621097841
마바0742,마바0841,80.3384751472505
다사6155,다사6155,81.1620537935914
다사2433,다사2430,162.052786627899
다사4942,다사5844,195.120573813202
다사5154,다사5251,143.691280043033
마마6730,마마6931,75.2801611750955
다사3244,다사3345,69.721565626686
다바8447,다바8248,59.4403943724564
다사3345,다사3547,54.6834645330143
다사5757,다사5251,236.647979968801
다사4347,다사4747,72.3667250917416
다사2661,다사2257,73.7350656602799
다마4556,다마4356,65.5704125309673
다라3787,다라3685,213.359704273246
다사5644,다사4947,115.720549451075
다사6929,다사6631,64.5085793106598
라사3331,라사3230,114.885472193586
다사6015,다사6015,63.3619982708939
라아9809,라아9808,56.1401683861771
다라4884,다라4784,94.195836890791
다마0310,다마0213,108.156954621571
다사2436,다사2932,64.4706756668581
다사6371,다사6370,62.8564689814298
다사6152,다사6053,58.7967001007992
라마9357,라마9159,120.891888871046
다사6737,다사6643,163.578933178338
다사4545,다사6045,82.1870416621872
다사3133,다사2939,66.0892777734479
다바9319,다바9418,55.2555093449618
마라0195,마라0792,153.482297008732
다사5917,다사5818,115.503904634857
다사6354,다사5844,70.694610346961
다사2532,다사2430,97.0660043204383
다사5342,다사5543,80.4276616148592
다사4244,다사5351,72.5766998182077
다사3149,다사3248,181.730985317024
다사2639,다사2539,132.067265396857
마라4383,마라4285,89.5007984220064
다사3148,다사3248,175.980995778551
다사3446,다사3646,70.8391285437488
마마4008,마마4009,127.812312920686
다사6648,다사6145,80.7224800402088
다사5030,다사5228,102.771927851309
다사5861,다사5860,145.460281860023
다사2737,다사2834,55.6470504644426
다사6349,다사6145,100.626877950389
라사2183,라사2283,53.0725659588356
다바8717,다바8916,106.493685389496
다사5042,다사5844,157.481747015673
다사5751,다사5552,66.600065891745
라바0079,다바9680,77.412260676267
다사6262,다사6161,189.997018083488
다사6838,다사6838,60.3827809452883
다사6626,다사6526,64.2056041507849
마마0063,마마0163,88.1483969005883
다사4932,다사5025,63.9787582441236
다마9113,다마9013,103.027966989863
다사2441,다사2241,53.1178074995765
다사2840,다사3337,63.9299387288827
마라4085,마라4186,60.1510392327433
다사3129,다사3125,146.156705003728
마라5696,마라5694,58.062925433148
다사9520,다사9520,66.9782727849524
다사2746,다사2643,82.2763131695368
다사6349,다사5351,52.0834887079486
다사5043,다사4943,99.499430350036
마마0065,마마0165,76.5184444069578
다사4059,다사4162,56.2144469412484
다사3129,다사3323,61.6592984740806
마라1879,마라2078,63.9666966895439
다사5029,다사5132,161.434726531285
다사4845,다사5351,79.8641292445981
다사5245,다사4947,141.70280905231
다사4647,다사5351,80.1028649869456
다바9013,다바8518,78.4597901075483
라바8644,라바8451,162.983414932036
다바9017,다바9314,105.171185513355
다사5753,다사5251,164.356680548052
다사4548,다사5051,61.194741174149
다사6261,다사6260,76.382720648279
다바9017,다바8518,98.8165453893093
마마0366,마마0270,68.5827705535635
다사5746,다사5251,84.6300969252203
다사4321,다사4124,62.8946870395564
라아9423,라아9620,72.9147063851867
다바7633,다바7833,93.7453900184898
다사5952,다사5952,86.7925986681879
마사3108,마사3208,59.1719725543507
다사3952,다사4051,74.5490212140715
다사3058,다사3156,122.981257207664
마바6990,마사6601,61.0230381425209
다사5027,다사4929,300.262480796526
다사6530,다사6529,174.068962201898
마사1687,마사1688,127.529083272971
다사6349,다사5643,54.7458930082384
다사5043,다사5142,63.2275821952141
다사9519,다사9420,57.212965756116
다사5851,다사5352,82.2395311333195
마마6631,마마6931,57.9437772504429
다사4322,다사4023,52.61354815465
다사6737,다사6529,131.146523874533
다사5851,다사6049,104.605085354539
다사7834,다사7735,55.7920118174302
다사4051,다사4151,220.312615612304
다라0440,나라9738,101.283966391231
다사5327,다사5032,53.0996719965735
나라9746,나라9846,63.6732468822341
다사4147,다사4051,52.1477487108148
다다0801,다다0901,91.3017678818806
다라3786,다라3690,80.1291097574919
마라2494,마라2394,112.496241819253
라바9968,라바9869,71.5542546729659
다바6197,다바6293,63.2996024215539
마마5464,마마5563,221.624533716474
다사5861,다사5963,59.6865278636762
라라9995,라라9994,58.7147585696333
마라3785,마라4185,65.3166497243491
다사6250,다사5251,54.1204823636059
다사4842,다사4943,68.0563510506428
마마6738,마마6448,57.8032355207429
다바9547,다바9647,64.145924622826
마라0155,라라9857,76.7663857742723
마라3986,마라4185,102.053476248562
다사3228,다사3027,58.5979964371004
다바8515,다바8917,110.706355322318
다사6511,다사6113,88.1569098970785
마마5204,마마5404,103.314538501141
다사2636,다사2430,85.8696165418198
마라4689,마라4887,128.335934870788
마라3794,마라3488,106.991225357959
다바8815,다바8917,245.723221601852
다사4958,다사4857,124.476306939636
다사3040,다사2742,85.6798218082341
다마5170,다마5373,64.3576173775556
다바9515,다바9415,65.2018386287159
다사4250,다사4251,135.953765689627
마라4688,마라4887,131.178607337337
마마6631,마마6528,76.8290599616053
다라4182,다라4181,67.2827820682168
마마0064,마마0265,73.6558746740271
마라3475,마라3476,82.3344866235145
다사6856,다사6756,57.945352921759
라라1540,라라1646,89.3002864409843
다사4050,다사4051,72.699073099241
다바4709,다바4608,61.0106262948034
다사7549,다사7549,66.9965831043238
마라1986,마라1889,149.641035312143
다바5981,다바5678,110.689372646397
마라4685,마라4887,145.297842805979
다사6444,다사5845,52.9690705740876
다사5649,다사5251,72.3852252248322
다바9356,다바9357,115.776661735624
다사4945,다사5351,86.1082659841074
다사4942,다사5451,50.7218900260574
마라1989,마라1889,70.9416585595471
마라2495,마라2593,72.3664514997198
마마5214,마마5118,113.408306507423
다사3244,다사3143,54.6320386325359
다사6445,다사6446,107.450117590756
다사6169,다사6069,53.3913018346346
다사5760,다사5652,59.2676095856666
다사6944,다사6844,103.626124716561
라마9357,라마9257,211.716978744212
다사6545,다사6544,71.8681688984383
다사5959,다사5251,57.7346866875462
다사5759,다사5759,101.784870015941
다마6457,다마6357,50.2406188049964
마라2979,마라3287,53.7872142360683
다사6353,다사5846,66.9447389441668
다사5945,다사6045,142.637584787953
다바8818,다바8719,109.19471110408
다사5056,다사5251,91.6424349850043
마라4583,마라4581,79.6394430315708
라라5486,라라5487,70.7629413509964
마라4287,마라4285,138.24593242894
마마7427,마마7526,134.651508256585
다사4149,다사4149,150.456921396625
다마5170,다마5272,75.1977915797528
다사3337,다사3139,83.4930426241989
다바4187,다바4286,63.8246641607212
다사3926,다사3623,66.4095143891506
다사6856,다사6755,80.3036315648601
마라0254,마라1153,51.613825912595
다사4151,다사4248,70.9759805734072
다사6849,다사6747,81.1922443592749
다사7251,다사7150,78.6355452519913
다사6426,다사6529,144.352925609878
다사5755,다사5755,110.357507838812
라마9062,라마9159,91.8926216774757
라마9157,라마9358,112.486542005839
다사4957,다사5251,417.074201310374
다사5143,다사4643,100.957956794199
다다1101,다다1002,86.1096060636348
마라1979,마라2184,79.9841160412048
다사3565,다사3564,94.2100926382297
라마9765,라마9764,72.4944318965989
다사3841,다사3744,133.930075720863
다사4647,다사5251,208.776503728126
다바8518,다바8815,60.0048500863927
다사5229,다사5433,59.5740038416325
마마6582,마마6883,50.0575860400766
다바9122,다바9022,86.044807719902
다사6262,다사6263,51.574676293789
다사6426,다사6324,138.553252949272
다사5443,다사4947,92.5599662058737
다사3058,다사4151,236.780383241687
다사6625,다사6737,58.6139886641148
다사5942,다사5943,67.9493110182311
다사7039,다사6737,305.824873153137
다사3327,다사3025,123.266146545017
라마7686,라마7788,63.0989329813096
다사4944,다사4943,128.395049587601
다사3148,다사3147,74.5149415134885
다사2066,다사2065,50.5780181718232
다사5151,다사5251,154.383612057303
다라0998,다라0998,118.871435625102
다사2339,다사2933,53.3023784455222
다사4746,다사4746,65.3623008920529
다바6491,다바6293,142.82481463681
라사4025,라사3826,68.1637673944664
다마9013,다마8912,105.088229228191
다사4845,다사4946,107.895302544325
다사5743,다사5251,51.0829795186089
마라4287,마라4080,129.489221683787
다사6629,다사6633,128.015555651426
마마6738,마마6833,171.336220514342
다바8621,다바8721,81.3013981917088
다사6044,다사4947,125.792234048592
다사3039,다사2932,50.8799609717344
다사5955,다사5854,58.9493435378597
마라4497,마라4887,59.6243367808614
다사3747,다사3646,145.68683970865
다사6544,다사6644,102.43954892241
마라0990,마라0992,57.5955645910934
마라4188,마라4080,50.8185810372384
라마9866,라마9767,97.3783239715917
다사2430,다사2433,172.59031266867
라바3887,라바3886,164.253519866111
다사6310,다사6314,102.435217513372
다사4824,다사5132,63.1608232628944
다사4247,다사4147,90.2777544100108
라마9571,라마9572,233.128722319928
마라4077,마라4078,217.25002523248
다사3045,다사2945,112.301592746574
다바9317,다바9217,76.9666997248467
다바4987,다바4886,76.7599223438655
다사5818,다사6017,222.589438271827
다사5520,다사5316,63.6420324541643
라마8548,라마8337,111.641363721133
라사3466,라사3365,70.2375867181933
다사2857,다사2556,128.037079832115
다마5173,다마5172,54.7885174165448
다사4845,다사4747,54.389157363459
다바9448,다바9449,204.80604147021
다사5951,다사6050,55.8130580689191
다사4646,다사4646,101.335770627134
다바6975,다바6573,62.7913302763615
다사4855,다사4756,51.865616745148
다사4051,다사4947,72.354940787621
다사4545,다사5844,89.8570366718593
다라0646,다라0546,68.7087391096268
다마4555,다마4456,80.5917241701921
다사3564,다사4947,81.0445892314441
다사5950,다사5951,61.1938148691878
다사6157,다사6161,56.5433121170822
마마1361,마마2063,80.9097531142009
다바8818,다바9122,65.4340011283234
다사4645,다사4545,71.5267870386877
마마5463,마마5462,116.127463552097
다라0446,다라0547,177.895395514374
다사4341,다사4947,75.8990066723149
다마5373,다마5571,62.0825912664286
다바9016,다바8916,282.197769927377
다라9863,다라9864,95.6463699495998
다사5959,다사5958,61.7762651650219
마마4007,마마4008,50.0127476422742
다사5853,다사5552,75.9016588001228
라마9866,라마9867,50.4332388036943
마마7128,마마7029,138.487369009125
다사4321,다사4321,95.1479581194549
다사4950,다사4947,100.564740891642
라사6204,라사5705,69.2567153199499
다사4857,다사4956,97.2177732807665
다사6161,다사6261,82.7890784399273
다바4708,다바4709,112.096941469919
마라2793,마라2593,63.8756635465466
다사6310,다사6307,145.706091715699
라라0260,라라0262,69.6596554931174
다바6768,다바6571,81.6899963100903
다라0146,다라0147,108.382406042464
다사5554,다사5553,111.077277380156
다사6248,다사6145,99.7236722595375
다사5348,다사5348,78.2671776037406
다사4321,다사4024,224.31227132757
다다1403,다다0901,152.991537208981
다사4544,다사4543,104.003188485948
다사2430,다사2331,245.212257975981
마마5204,마마5104,99.253717459975
다바6669,다바6673,83.1338005867955
마라4276,마라4376,52.1696623033636
다사5844,다사5945,62.2026645049446
마라4887,마라4887,86.0364526087703
마라0991,마라0393,102.629262442302
마라0396,마라0195,66.3239240852122
다사5941,다사5943,50.6270955665337
다사5054,다사5154,61.2574815428263
다사6507,다사6310,96.7940614369581
마라4785,마라4684,64.0292810059313
다사2641,다사2742,54.8678965695359
다사5143,다사5643,68.4369620518634
다사5752,다사5652,149.039404674822
다라4290,다라4391,71.8012083092825
다바9945,다바9845,158.446666930211
다사4701,다사4702,52.2962457592771
다사4351,다사4151,155.792581886269
다바2278,다바2377,118.543646809286
다사6310,다사6114,230.464038304275
마라0195,마라0196,86.0040686850478
다바9328,다바8917,71.8413807792332
다사3746,다사3547,102.978694656884
다바6667,다바6767,141.329533733124
마사2274,마사2273,58.6522815485266
다바6097,다바6293,1028.88622636877
라마8544,라마9027,57.9630110783236
다바7830,다바7833,181.234699752806
라라1839,라라1839,97.131478783267
다사5963,다사5862,102.170462630917
다사5912,다사6112,67.1878977063624
라사3230,라사3826,54.7084159736365
라마6948,라마6947,60.8194874995186
다사5943,다사6145,79.3255369159009
다마2687,다마2779,52.4265503905299
다사4647,다사5452,78.9649435293333
다사3133,다사2833,98.7434884825565
마라5086,마라4887,151.906560123919
다사4647,다사4647,151.551752706164
다사5850,다사6145,58.1948284082344
다사5919,다사5920,328.515257307249
마마0258,마마0163,85.889399800782
마라0353,마라0255,160.498695590849
다바8415,다바8916,64.5375955990004
마라4286,마라4284,137.564693953012
다사6546,다사4947,84.213780960915
다사5651,다사5551,98.0944646648077
라마7789,라마7591,57.4407282388271
다사4644,다사4744,50.9968668605506
다사6355,다사6254,88.3439416518574
라마5593,라마5694,155.369276792519
다사5950,다사5851,64.5116913190482
마마0960,마마0861,64.3882504998247
다라4182,다라4484,122.283281776045
마라4686,마라5186,51.9447303048334
마라4077,마라4080,76.2146814946415
다사5222,다사5322,78.2057603186786
다라4283,다라4383,54.4188533428537
다사6455,다사6254,83.9523826114534
라마9357,라마9861,61.6407023160606
다사5953,다사5652,58.1767479609922
다사3129,다사3425,62.0316861328704
라바3887,라바3888,84.8137497883226
다나1198,다나1197,95.580272053009
마사2473,마사2475,94.5966067090226
다사6349,다사6449,92.4164035358612
다사6633,다사5844,55.4453195597877
다사6849,다사7050,61.7583476397809
다바8926,다바8917,69.7028710900132
다사5754,다사5552,111.636490042198
다라3687,다라3685,53.2915384957299
다사5744,다사5251,96.6898195454837
다사3927,다사4024,127.182015715143
다라4579,다라4783,94.2474716290898
다사4757,다사4857,87.7124353446403
다사5132,다사4947,84.0142038008432
마라4287,마라4286,110.006702959493
다사6254,다사6355,73.8047809114967
다라3469,다라3569,91.674637052612
마라1889,마라1891,93.3214141356032
마라0694,마라0491,56.7165377816529
다사4740,다사4741,88.3730907660664
마라4278,마라4080,73.9522168780363
다사4221,다사4220,56.5232259714937
마라3793,마라3585,71.2126860331646
다사5851,다사5651,80.4630476822825
다나0774,다나0774,96.4906439402518
마마0860,마마0961,50.32385009066
라라9689,라라9688,62.9329184877354
마마6638,마마6738,140.055697594694
다라4885,다라4886,64.9237696227836
다바9649,다바9449,136.00513646761
다사5154,다사5054,83.8589669432759
다사4641,다사4541,203.235402331589
다바8511,다바9025,59.5108140604923
라마9571,라마9967,60.4609679574301
다나0699,다다0700,105.462896070235
다바8916,다바8816,60.6559806468084
다사5918,다사6310,53.9329958852401
다사3564,다사3463,91.187242084612
다사5654,다사5551,84.363548309165
다사3953,다사4051,57.0932791817899
다사6545,다사6642,146.503000830891
다사4441,다사4742,96.4736163071081
다사6635,다사6633,53.2302582860511
다사4024,다사4223,94.822641454627
다사5028,다사5129,81.2338035303809
마라2493,마라2092,96.6195297997594
다사3034,다사2934,100.116062561765
다사5041,다사4941,85.2295040101836
다사7453,다사7554,58.0634867205192
마라2477,마라2577,58.2995417924639
다사4147,다사4642,51.3892881636105
다바8321,다바8319,50.3001153330164
다사4149,다사4351,92.3732023698639
라마7590,라마7989,139.600535768416
라라5687,라라5387,137.242729625897
다라4382,다라4484,54.5660371501967
다사3045,다사3144,219.002586513709
다사5959,다사5860,116.587146569605
다사5911,다사6310,109.469965271342
마마0964,마마0163,62.6873205449235
마라4787,마라5186,50.3184858641861
다마5273,다마5372,52.6624407934987
다사6529,다사5844,99.5852365194114
다사4548,다사4947,203.031848931063
다사5943,다사5945,66.6382126213727
다사6532,다사6633,111.134375299622
다사6063,다사6064,86.8371986263696
다바9413,다바9613,52.5109864979425
라마8962,라마8862,61.8347958063499
라마8493,라마8393,51.9260302539343
다사4450,다사4151,157.825132283021
다사6750,다사6446,77.5083774551557
다사4149,다사5352,66.9355271847009
다사6748,다사6748,110.670774284079
다사3644,다사4742,59.3329802269776
다사4742,다사5844,108.85204327864
마라4494,마라4394,243.187358016107
다마2873,다마2875,67.2952502948773
마라3784,마라3488,59.5544802390862
마라3482,마라3584,89.5432060537278
다사6426,다사5844,179.505747892208
다사6749,다사6950,57.7619947610294
마라4584,마라4284,120.559689286678
다바8518,다바8916,247.206478985847
다사5919,다사5718,81.4198844106203
마라4286,마라4285,177.999916464188
마마0964,마마1964,50.3553824575688
다마6060,다마6560,79.8642632110689
다다0500,다나0598,70.1478858557283
다사9520,다사9419,53.2241311214509
마마2974,마마2971,60.9458127279316
다마1574,다마1572,59.6535188603457
라마9865,라마9765,174.951365408629
라바0147,다바9949,62.6220523411467
다사5950,다사6049,51.8764209875771
다사6519,다사5251,55.4956059454547
라라1761,라라2359,50.3867997810566
다사1044,다사0739,273.765881524909
다사3644,다사4542,60.6131907901796
다사4247,다사4647,57.1719025191711
다사5756,다사5251,261.109219840075
다사6506,다사6310,60.9810232318142
마라2593,마라2593,66.0012531164468
다사5962,다사5761,51.7273148984615
다바5664,다바5565,123.480125948862
다사5319,다사5319,63.9253600667668
다사3725,다사3424,62.4215785605688
다사6348,다사6248,86.458201213139
다사4648,다사5251,125.962844735745
라라1641,라라1441,61.7445230873196
다사6350,다사6250,91.2023562305077
다라8023,다라8124,78.5599265530101
라바6143,라바5459,75.4141381962279
다사6849,다사4947,53.2281956063696
다사5962,다사5251,94.8756228473588
다라0446,다라0246,72.6759629867394
다사4746,다사4542,54.7928834759303
다사4857,다사5351,116.484390466245
다사6156,다사6155,73.1983797327817
마라4383,마라4582,50.6512792373308
다사4646,다사5452,62.9851176384431
다사6310,다사6511,222.025250747394
다사5857,다사5757,70.7267204782416
다사5248,다사5251,74.7636603419891
다사4248,다사4348,94.954291570145
라사4024,라사4025,117.124986058239
마라2580,마라2679,62.5396084114075
마마5010,마마5013,94.6550800109595
다사6529,다사6529,194.241467432904
다사4942,다사4843,61.2417756669241
라바6144,라바6143,176.907807527541
마마6987,마마6989,101.357990202959
다사6019,다사6519,87.0620468312845
다마6557,다마6657,74.8209092228008
라마8544,라마8548,163.564789554978
다라3786,다라3689,85.1196841455936
다사2655,다사2556,147.417140389686
마마1301,마마1302,51.7235472166421
다사6455,다사6455,162.507700909529
마마5731,마마5630,62.8902510467713
다사5234,다사5132,189.800147782011
마마4731,마마4234,68.5160739137596
마마7088,마마7091,114.039547230397
다사5319,다사5119,68.9168391753975
라마9460,라마9360,59.0602674705725
라사2187,라사2086,69.6058031605197
마사2475,마사2075,77.9844428416988
다마2975,다마2974,60.7745978842662
다바0564,나바9262,58.443682094312
다사7127,다사6631,60.2010060493701
다사3546,다사3646,320.437084240905
다사2857,다사2257,80.7786035138894
다바7589,다바7886,106.502063170803
다바9548,다바9549,51.1255400604356
다사7734,다사7834,73.5445472280945
다사3245,다사3046,50.1693675828035
다사4752,다사5251,233.000580393088
다바7833,다바7831,262.646319173581
다사3737,다사3935,143.772035572431
다바9319,다바9216,53.1129898964972
다사3327,다사3525,59.7448590712431
다사3445,다사3646,206.642652052253
다바9472,다바9478,78.1006385824033
마라4186,마라4286,81.478194524197
마라3380,마라3381,122.326994159422
다라0146,다라0145,85.211164698408
라사2183,라사1985,92.6406249776039
다사9519,다사9916,100.958087708259
다바1817,다바2016,114.346234272768
다바9348,다바9550,51.474685720717
다사2749,다사2544,70.6043457498974
마라3784,마라3685,77.742384965771
마마7176,마마6975,117.124275383187
마사2475,마사2374,180.733398703617
다사3926,다사4024,108.223891269211
라마5593,라마5492,124.759860756438
다사7760,다사7660,74.8275125075261
마사4739,마사4740,92.736931926462
다사6223,다사6426,120.68970643882
다사4747,다사5844,107.750483006349
다라3888,다라3685,102.425559249632
다바9458,다바9456,50.5412862435231
라마9257,라마9257,105.80958533711
마라5187,마라5288,75.306102668796
마라0352,마라0056,130.123348688349
라라9893,라라9894,148.213006285849
다사6261,다사6161,233.682599571668
다바8321,다바9025,52.3615313601648
다사4957,다사5844,57.2387536421897
다바8817,다바8917,375.875824212786
다사5328,다사5229,75.0099718359186
다사4545,다사5251,191.448706758765
라마9763,라마9964,82.9973524165607
다사3564,다사3563,111.237906160705
다마1674,다마1474,59.1655082215468
다마5373,다마6275,64.0821670396549
다사4846,다사4847,99.9919545261199
다사5859,다사5860,63.3395133149639
다사4958,다사5251,131.802310756234
다바5664,다바5265,87.9486771515473
다사4853,다사5251,133.552326549915
다다0700,다다0600,97.3594102974563
다사4250,다사4351,104.228541529217
다바8926,다바8926,70.9499217661768
다사6354,다사6353,178.322605088954
다사5242,다사5251,102.745750016559
다사5643,다사5844,56.6144777743227
마라3479,마라3479,74.6316173002647
다사3445,다사3744,162.782081851316
다사6519,다사6633,133.282977903032
다사4150,다사4351,58.6986023451511
라사2925,라사3026,64.7357221182199
다마6557,다마6559,56.1228525005569
라마9564,라마9765,50.081878127716
다사5858,다사5551,64.2197251110683
라사3925,라사4027,93.7282506864264
다바6195,다사5902,62.1432094745975
다바2278,다바2277,187.196948947841
다바4408,다바4709,98.4111800848517
마라3479,마라3679,56.5748663528177
라라1937,라라1540,71.5992795473181
마사2474,마사2373,50.9822890332801
다바0485,다바0089,145.612617842436
다바4188,다바4186,157.91125329673
다사5144,다사4542,57.4594391944717
다바6966,다바6666,51.6599500454623
마라0856,마라0955,90.7169208450264
다사6426,다사5940,57.4433146358053
다사6222,다사6121,66.4059066020877
다사6530,다사6232,50.2743900305825
다사4928,다사5132,141.127430158421
다사4833,다사5132,238.006146186988
다사2941,다사2840,68.2688982640979
라마9961,라마9861,65.3738989893409
마사2473,마사2374,71.3613990494113
라마8962,라마8962,82.1998923418648
다사5142,다사5942,63.5104093909638
다라5374,다라5374,142.301707753548
라마3743,라마3742,68.6303292828934
다바0483,나바9789,68.3325210065425
다사3631,다사3831,110.820487889715
마마1322,마마1223,126.809046579442
다다1100,다다0901,63.8162062745459
다바2277,다바2277,185.969513495029
다바9748,다바9948,98.7725088155434
다사4846,다사5351,75.7646250619341
다사4441,다사4542,133.497385882099
다사4539,다사4947,52.4205722508095
다사4252,다사4251,66.858768902572
다다1403,다다0900,68.2925944498956
다사4244,다사4542,110.621891368794
다사7038,다사7038,107.018205158994
다사4645,다사5844,57.223334379825
다사4341,다사4541,64.8135815082013
다사5231,다사5229,54.1777221805872
라라1761,라라2258,60.5447577228106
다사6345,다사6547,60.2716693655214
다사3544,다사3644,147.237936301563
마라1254,마라1253,52.3073295571209
다사6546,다사6045,117.903526780984
다사3243,다사3144,109.619751032216
라사2085,라사2086,61.8504965856424
다사5233,다사5233,85.0775513086614
다바9017,다바9414,86.2790200946914
마마5204,마마5204,104.180695510409
다사6643,다사6446,61.0193409662325
다사6850,다사6643,58.4775654866839
다사5960,다사5859,88.2443242313191
다사4852,다사5251,149.281028023031
다사7351,다사7252,97.6581975880129
다사3644,다사3643,93.6860661041157
다사5756,다사5553,100.162300514402
다사4537,다사4638,147.330347760063
마라4687,마라4587,55.4572298836622
라바6143,라바5947,53.7228696409977
다사6648,다사6547,285.797732376495
마라0853,마라0254,93.7686160097725
다사4248,다사5352,64.8365436565698
다사6345,다사5944,101.573650307329
다사4251,다사4151,188.840617973105
다라3990,다라4192,73.2464450288082
다바7833,다바7735,59.0844859920916
마마6527,마마6620,59.0432755774527
다마4972,다마4872,58.1954892954591
라마9358,라마9457,54.7439417462956
마라3784,마라3483,80.6512089114118
다사3426,다사3224,57.5512263952781
다사4051,다사5251,87.5611776890502
다사5043,다사5043,61.8015257320645
다사3045,다사3146,95.8746313482775
다사4345,다사4345,64.0738824299248
다사6258,다사5452,54.0964952006993
다사5953,다사5954,54.3640996329842
마라3991,마라3991,96.1648349440873
라바0147,라바0048,138.726566806305
다사6743,다사6642,136.211209593919
다바7890,다바9799,59.4515355226997
다사2735,다사2834,185.50872784527
다바6871,다바6571,51.3245793461757
마마5203,마마5204,61.485033884025
다라4788,다라4783,122.990131728509
나라9639,나라9639,153.538811668294
다사6748,다사6547,279.488747114933
라바0048,다바9549,51.7794470824004
마라3381,마라3483,64.5777938821732
마마4911,마마5010,62.1852045279903
다라4090,다라3991,51.7288134789969
마라4489,마라4887,74.8851867758111
라라5584,라라5687,58.6622464033704
다사6006,다바6293,50.0474513453018
다사3644,다사3645,214.92681106846
다사3228,다사2926,209.930653958445
다사2646,다사2544,161.055386378022
다사5751,다사5851,66.0062745870935
다라4886,다라4887,89.7030738059605
다사4450,다사4946,68.1217255927927
다사7349,다사7250,158.401051957592
라라9891,라라9991,124.713843391084
다사4246,다사4347,121.957437569705
다사4161,다사5251,132.407552111758
마라3877,마라3979,134.663030825051
마마0960,마마1964,67.564616442873
마라4583,마라4683,93.6757649771175
다사5143,다사5351,86.0446658676287
다사3464,다사3562,164.353444347911
다바4054,다바4055,50.1942786855076
다바9572,다바9680,69.3209657638435
다사4546,다사4947,70.9983288952845
다사2340,다사2039,50.7792692520398
다사5755,다사5554,61.0768088902285
마마6430,마마6628,62.3358339361735
다사3040,다사3039,50.2750277757811
다사5341,다사5442,74.4066106008797
다바8915,다바9114,76.7148494534334
다사6116,다사6217,80.1507715539796
마마4829,마마5332,108.186592492208
다사4052,다사4947,111.091930850361
다다1000,다다0801,55.0815892335148
다사5970,다사6471,125.990080940142
다사5654,다사5652,96.1347268257193
다사4548,다사4447,69.0900110903482
다사4640,다사4542,239.705114477613
다사6517,다사6519,71.964542006626
다사3245,다사3146,59.2611703761938
마마6989,마마6782,54.5610230894652
마라0254,마라0056,376.7908823954
라마9967,라마9867,70.6719734604928
다사6444,다사6145,102.654140251911
다사6750,다사6749,84.4150365796298
다사6216,다사6216,129.532073223407
마라3885,마라4080,74.9140090244704
다사6455,다사5251,97.7732581572009
다바8524,다바8724,162.255576671185
라마9560,라마9661,59.6153497653201
다바8511,다바8411,173.175358355421
다사4539,다사4542,87.5858814644954
마라2979,마라2382,124.125570667068
다사4024,다사3723,56.7481776444901
다사5636,다사5536,112.905688915778
다사4750,다사4653,63.2649532242292
다사6512,다사6310,150.975601043265
다사3129,다사2927,111.452674214996
다사5760,다사5759,116.833316432435
다사6310,다사6210,75.0908944758147
다사6045,다사5844,83.8563825671478
라마9664,라마9663,53.938719107478
마라4188,마라4185,100.784195486493
마라1889,마라1986,106.904370655549
다사2556,다사1961,63.7804930405624
다사6261,다사6061,74.9444073156397
다사5861,다사6161,80.975935788879
라마9563,라마9964,64.4707298709183
다사5028,다사5132,91.1476590872787
다사3128,다사2926,157.35962041754
다사7834,다사7834,83.6565164076178
다사2362,다사2262,104.985480678023
다사3644,다사3646,234.087400259601
다사6950,다사6850,79.7506518321003
다라0746,다라0547,93.9400092000026
다바1817,다바0922,163.143954702566
다사5862,다사5552,52.9108953581098
다마4228,다마4229,54.9748265775473
라바3885,라바3990,92.7528092936323
마마6354,마마7156,102.262866483066
다바9350,다바9449,87.25466620969
다바9317,다바9317,122.825651104796
다사5954,다사5351,50.7519181398876
다사7834,다사6737,87.7723928821981
다사4243,다사4343,57.7424251802612
다사6737,다사6736,71.5777349341272
라마9571,라마9766,61.230109297359
마라0353,마라0955,72.905337206827
라마3643,라마3743,230.978486427086
다사6062,다사6161,78.5572325055253
다바9024,다바9327,55.4903090892626
다사6607,다사6310,111.783436229811
다사6546,다사6545,57.278135784272
다바8144,다바7833,240.35921478846
다사5148,다사5251,128.69744262946
다사3039,다사2934,125.768378509429
다사6441,다사6443,50.5663973421808
다사5843,다사5944,97.4832952760678
다사3846,다사3846,79.934317576737
다사4845,다사4947,212.038025577025
다사5232,다사5332,63.1146899357781
다사4561,다사5251,130.331476719113
마마1064,마마1064,59.8751514577489
다사4643,다사6045,50.9498561724095
라사6204,라사5806,62.2355985199749
다바8144,다바8145,81.3722573358478
다사6632,다사6634,51.2720806952035
라라1963,라라1761,69.8069704716628
다사6306,다사6310,89.6019969987067
라마9064,라마8961,98.9202474892944
다사6354,다사6455,122.446118252031
라마8290,라마7989,63.013888256982
다다1403,다다0801,54.038703379229
다바3728,다바3728,103.545658764526
다사5622,다사5818,72.5042446769516
다사5131,다사4932,51.7829544235962
다사3034,다사2733,51.1563737569166
다사5970,다사6067,51.483690053139
다사6445,다사5945,78.098643447154
마라2493,마라2191,51.3037346709643
다사4024,다사4122,121.210243977875
다사3247,다사3045,70.4519514409506
다사6631,다사6631,63.2620284943602
다사6649,다사6642,54.228495212783
다사7370,다사7168,50.8749585077837
다사5248,다사5348,52.5876062561536
다사5860,다사6161,70.5692672314246
마마1321,마마1123,60.6284339088874
마라4589,마라4490,62.8137860734113
라마9461,라마9861,51.3740595432076
다사3233,다사2932,100.527570067799
다사6350,다사6348,86.1974424504142
다사6842,다사6145,59.9926749669927
다라3685,다라3786,110.886536037626
다라4484,다라4384,130.774822288669
다바9349,다바9447,62.1360825807723
마마6887,마마6883,67.4195118511165
다사4641,다사4641,149.59193912514
다사4024,다사3525,88.4146866153858
다바6566,다바6469,58.9745648451706
다사6159,다사5846,50.6794105378491
라사3230,라사3726,70.8720113560285
다라0440,다라0141,67.1367630397239
라마9261,라마9362,51.8224994247229
다사5143,다사6145,87.9822736216
다사2840,다사3039,195.455631028285
마마0265,라마9963,50.8237761647501
마사4144,마사4244,88.4388072276127
다사6471,다사6370,77.0490807069504
마바0842,마바0941,88.9007574564943
다사3942,다사3841,111.881544428962
라마9861,라마9964,53.6486181855312
라마7494,라마7691,69.9345259561323
다사5520,다사5818,61.3382840894789
다사3464,다사5351,52.2653025003243
다사6546,다사6145,91.0185908651973
다사5320,다사5316,109.406075611975
다바9474,다바9573,50.6713638614932
다사4248,다사4148,88.8506132451204
다바9447,다바9449,171.255723458701
마사4244,마사4150,59.1457084348168
다사3327,다사3724,121.957062741226
다사6353,다사6251,74.4441942800313
다사6855,다사5351,63.0432462273014
다사7039,다사6643,67.0864265124884
다마5373,다마5072,99.9112868002102
다사6642,다사6145,96.1083941833318
라마9162,라마9564,57.2777993611834
다사4450,다사4847,169.824533526866
다사3058,다사4351,55.2038466798605
다마5473,다마6275,50.1553876215534
다바8518,다바8320,70.8351030322265
다사4748,다사5251,102.664244499898
다사4943,다사5142,77.8979829495985
마라0195,마라0794,55.2838198509942
다마6557,다마6858,71.3221809164882
다사4148,다사4847,66.4820082727181
다사9521,다사9520,52.4655167690903
마마3502,마마3602,57.5491217050192
다마6558,다마6559,100.985984878519
다사4351,다사4947,225.244396126309
마라3477,마라2378,51.1443541315382
다사1644,다사1044,62.1223449956209
다사5342,다사5351,85.9825168437196
다사6737,다사6737,207.607077058047
다사5745,다사5844,128.480159173746
마라4290,마라4289,106.236612444592
마마5563,마마5563,64.5338531956187
마라4277,마라3979,62.29686839428
마라1987,마라1986,82.4217919797586
다바8818,다바8916,217.108884700673
다사5537,다사5536,149.279349112359
다사4941,다사5251,50.2020864659121
다바6467,다바6571,65.5208019651281
다바8410,다바8511,105.704284069338
다바7833,다바8321,194.672223363048
다사4929,다사4928,67.6737121271795
다마6555,다마6660,68.9552355591387
다사6546,다사6642,82.9730292207649
다바9227,다바9327,161.192250783094
마사4150,마사4149,64.7811982805887
다라4632,다라4531,59.2763878967402
다사4247,다사4149,70.7882919358625
다사6210,다사6211,114.010453411763
다사7037,다사7037,196.378610772158
마라4888,마라4887,77.7419128228175
다사3743,다사3744,141.095564343029
다사7532,다사7632,83.9354460286607
다사4943,다사5946,50.8927284339275
다마1574,다마1474,124.762996235855
다바8518,다바8719,92.3285584812247
다사4649,다사4648,66.9170663757257
다사6357,다사6456,63.5327398702769
다사2660,다사2760,88.8381324713511
다사2940,다사2935,53.6641645611341
다사6644,다사5945,52.155954607451
라마9362,라마9464,50.7376534592739
다사5843,다사6145,69.0939491431598
다바3727,다바3728,114.438705631906
다마6708,다마6707,57.0055373053289
다사6735,다사6734,106.867788907286
마라3587,마라3587,59.0667604072423
다사4843,다사4942,50.2158230718371
다마2873,다마2974,127.527148860506
다사6261,다사6064,55.9650593071221
다사4944,다사4742,64.791736980317
다라0245,다라0146,95.1541024604353
다사2741,다사2742,170.319253405153
다바0763,다바0765,71.2828484456738
다사3243,다사3045,148.560586439266
다바9357,다바9671,74.4479140993714
라아9708,라아9809,118.537901440368
마라3588,마라3589,115.185734946916
마라0195,마라0396,72.3479518829511
다사3248,다사3147,89.5801929066542
다사3847,다사3647,138.200164262742
다바8926,다바9025,262.255414816867
다사2646,다사2450,63.1485267227427
마마0258,마마0358,71.1498118540334
다사3638,다사3737,145.621772657909
다사4735,다사4932,50.6556166461364
다사5341,다사5642,69.1886146274391
마바0641,마바0941,54.3055166255064
마라1979,마라2278,125.743645624261
라마9471,라마9470,93.7861812261189
라마9462,라마9061,52.1765349495956
다사5342,다사4643,50.5959165759188
라마7494,라마7988,56.107878380076
라아9423,라아9524,68.3011535527026
다바7732,다바7833,329.380638471045
다바8332,다바7833,221.147183314913
마라3589,마라3587,50.674539942563
다사4933,다사4932,109.684025303594
다사5851,다사5652,74.3718464700968
다바8613,다바8511,94.7021791485164
다다1101,다다0600,65.762298227433
다사5350,다사5351,191.474278344229
다사6842,다사5251,59.3574747643818
다사6323,다사6045,70.9218990447172
다사5756,다사5552,99.0940104542491
다라4484,다라4783,139.864353427925
다라4090,다라4192,110.945437149795
다바2752,다바2651,52.9597397352057
다바6469,다바6669,90.4490585689596
다사5651,다사5751,76.8083799553265
라라1441,라라1748,127.814531466912
다사2449,다사2749,75.3925548038259
다사3327,다사3324,70.7233652246141
다사6633,다사6533,131.814175189866
다사6345,다사5845,55.5827206143267
라마7686,라마7988,54.4447519479348
다바8233,다바7833,419.721964760276
다사6355,다사6049,96.0861035546862
다사6528,다사6528,137.353804777384
다사6248,다사6248,131.750351133396
라마9257,라마8544,87.090280180814
다마6457,다마6858,92.7739461446385
마사1786,마사1688,64.263687529952
다사5855,다사5452,70.6998768507431
라바2886,라바2686,234.865792267688
다바6669,다바6469,77.333351574345
다사3923,다사3126,58.2047773190251
라마3643,라마3643,70.1440393295757
다사6257,다사5452,69.867176044765
마라5288,마라5187,83.6445201970388
마라3482,마라3483,191.221403322891
라마8544,라마8749,139.34269928062
다사3133,다사3233,92.4997203667795
다바9613,다바8916,66.5294903016906
다바9014,다바8917,66.7567528751039
마라0982,마라0983,72.4632462851221
다사3146,다사3046,100.428818534523
다사3563,다사3562,162.466832101974
다사5720,다사5719,97.9065953056792
마라4291,마라4190,56.3163022024653
라라9793,라라9893,64.3966874092121
다사4024,다사3522,168.992246328466
다사3169,다사3069,51.6880597332549
다바9952,다바9951,80.8506890823214
다바9115,다바9213,97.0370257539243
라라0362,라라0262,57.7510120294756
다사5327,다사5328,64.5214412339878
다사2645,다사2645,86.5784545401931
다사9620,다사9420,81.3549761537101
다사5757,다사5451,102.844953160633
다바8916,다바8518,119.181026918832
다사5656,다사5657,56.5927218905364
다사6212,다사6112,77.8623918513513
마마6527,마마6523,72.2771204170277
마마7424,마마7526,210.288809472878
라사6306,라사6305,84.8858944846441
라라9193,라라9294,60.8481724286462
라마9358,라마9964,76.7027120069286
라마8394,라마8290,86.6717739696322
다사6067,다사5970,76.9811564132575
다사6064,다사6063,91.1568924920197
다사4151,다사4351,75.6702496437565
다사6045,다사6045,150.24035874935
다사4854,다사4853,88.7974508401463
다바6730,다바6629,62.8621480635509
마라4496,마라4494,104.314486356657
다사6737,다사6528,91.1836211602538
다사6052,다사5552,79.4138275999508
다사6249,다사6149,108.48464589044
라마9157,라마9359,98.8168561232742
라라1342,라라1748,137.757603704235
마라1152,마라1253,60.7821478298715
다바9017,다바9213,116.932457018535
다바8518,다바8516,104.306744447997
다사6054,다사6055,255.88428265815
마마5630,마마5731,101.227985165737
다바9328,다바9127,103.872598428875
다사4855,다사4956,73.8137345850329
다사5756,다사5551,76.6707140754193
다사6323,다사6017,89.2190041751246
다바2651,다바2544,76.6857148519099
마라4497,마마4602,61.9011304437038
다라3469,다라2565,58.1715947742536
마마0265,마마0264,82.6764079162797
마라4082,마라4080,172.493511836522
다바9845,다바9647,54.3486623626154
마라4387,마라4283,108.678392700632
다마4972,다마5170,69.0484652639113
라라1761,라라2259,107.196110468859
마라0792,마라1089,64.6292906788064
마라3878,마라3879,81.372471410158
다바6769,다바6571,115.207981451251
다사5142,다사5140,259.829270570002
다사6546,다사5452,72.7636294781428
다라4681,다라4783,160.903422187101
다사4841,다사4643,73.6886137382669
다사5113,다사5113,66.7268932105391
다사5653,다사5652,148.703381438688
다사6103,다사6202,100.000806050914
다사4535,다사4542,88.9239442729722
다사6021,다사6019,87.3581774497374
라라0161,다라9861,97.496148372845
다사3825,다사4024,133.982636975849
다사4241,다사4947,53.0329538158168
다사4246,다사4446,68.4900295193386
라마9357,라마9061,88.9075819623503
다사5946,다사5945,78.0431479730606
다사3923,다사4023,93.3393934116278
다사4542,다사4542,136.818060372877
마라0255,마라0255,107.23884868614
마바7355,마바7360,59.7071351417638
다사3135,다사2934,51.9338851443548
마라5086,마라4284,81.640589817029
마라2777,마라2382,67.6821813236361
다사5132,다사5433,64.4496586156855
다사7448,다사7250,65.7579688028411
마라3794,마라3491,57.0750481991234
마마6428,마마6528,58.6588653035559
다사6171,다사6070,88.259217512917
다사3129,다사4024,120.059274501416
다사6358,다사6259,67.7905148622838
나라9745,나라9646,65.9622645434656
라바3886,라바3886,91.1274322028722
다사6159,다사6160,111.162899979655
다바8915,다바9015,97.0169751794204
마라4077,마라4278,65.4231965650528
다사6355,다사6355,79.9748626696043
마마7424,마마7423,73.8504169558385
다마5473,다마5573,116.36456422813
다사5856,다사5251,196.981738825876
다사6629,다사5251,53.260029758516
다바6764,다바6665,52.5416780612095
마사2475,마사2379,55.1162946759624
다사6754,다사6854,103.90529631007
다사6157,다사5844,60.1322101193442
다사4843,다사4947,94.5379414797239
다바9515,다바9414,64.5387899763374
다사6211,다사6214,163.386831494618
마마7188,마마7091,97.8253987527917
마라3885,마라4283,76.7161911934271
다사5028,다사5027,129.458585621474
라아4211,라아4212,89.9478626991478
다사3445,다사4947,66.4116919637895
라바3787,라바3886,114.802065506576
마마6527,마마6428,150.554361831871
다사4732,다사4833,95.938326496393
다사4833,다사4933,67.3429389429336
다사3048,다사3147,55.976051481756
라마8339,라마8544,79.2512952654977
다사2636,다사2735,80.3735732858741
다사2430,다사2430,117.032805135509
다사5957,다사5552,63.9991227186919
마마7423,마마7425,68.1602720177521
다사4833,다사5032,197.195691213497
다사5857,다사5452,73.8549521568006
마마1302,마마1403,50.2699010477457
다사3743,다사3547,63.6165729619839
다사2836,다사2932,56.3273821808077
다라5374,다라5273,153.990469252186
라마7591,라마8188,64.9013949054821
다사7037,다사6937,82.56992016359
다사5858,다사5758,75.9010753783296
다사6211,다사6212,110.183859734599
다사4942,다사4642,104.222208830109
다사5750,다사5251,177.514320548901
다바8813,다바8511,53.0965657669277
다사3643,다사3443,73.0663493659791
다라4587,다라4587,69.4196688644708
마라4682,마라4283,75.732364066919
라마9961,라마9962,57.0453209390769
다사8262,다사8261,172.414586214786
다사5046,다사5145,78.8269385201075
마라0984,마라0985,64.2339430860943
다바8512,다바8511,230.962610917718
다사5855,다사5855,73.7148037703534
마마3604,마마3502,80.7634270610134
다사2741,다사2641,61.6171874755628
다사5919,다사6118,51.2797035681574
마라4284,마라4283,171.923936262141
다바8717,다바8917,169.919651441531
다사3544,다사3443,98.1905035658818
마라4278,마라4376,54.1902071171239
다사8262,다사8262,57.7361374926138
다사4541,다사4442,56.9154983911054
라라1759,라라2360,79.1064438885853
다사5054,다사5452,64.3178610947353
다마4132,다마4635,113.916781675006
다사4443,다사4542,94.8502527490433
다사5843,다사6633,54.7113799532148
다사5845,다사5846,110.037326059318
라사4024,라사3925,72.5396642166389
마라4387,마라4284,128.716935215872
라라9194,라라9196,59.5519126843596
마라4290,마라4287,62.1515646579942
다사4750,다사4947,79.8935419034057
다사6069,다사5971,67.8307865579449
라마9469,라마9667,57.7740632776956
다사5953,다사5852,70.1393248402643
다라4531,다라4833,63.9826832810911
라바3887,라바3787,80.8140709414217
다사4944,다사4542,171.593090651828
다사4024,다사5132,97.6068524817171
다사4853,다사5149,57.5641171736983
라라1739,라라2138,82.6634237504397
마마7423,마마7524,92.7152119480077
다사5755,다사5251,304.714729321841
다바5665,다바5564,66.6019205212888
마라3879,마라3979,207.702697095033
마라0355,마라0056,87.3297748690115
다바7833,다바8145,145.868187783912
다사6855,다사6956,66.3079714554303
다바4987,다바4887,68.5454587235453
마라4283,마라4285,62.1773465991872
라라5587,라라5388,55.481960595439
다사8260,다사8261,150.07468324845
다사4244,다사5841,83.3454151680495
다사4833,다사5031,60.833761023604
다사5348,다사5351,83.1418091837367
다바6788,다바6293,145.126911476216
다사6212,다사6017,55.9894646081819
마바0841,마바0941,88.19921334792
마마3905,마마4009,129.248774593038
나라9739,나라9639,205.921699678847
다사7251,다사7548,55.8117535187051
라마9064,라마8861,51.9516324729201
다바8915,다바9314,75.1510717641653
다사5422,다사5521,57.4605716522205
다사6748,다사6850,62.5350094496054
다사4350,다사4946,63.2361980512717
다사5919,다사5818,107.198314818302
다사5030,다사5129,74.9544241048919
마마3704,마마3906,142.619064102367
다사4745,다사4645,60.8772396193875
다사6857,다사6855,102.776017615156
다바0766,다바0765,58.1327830743185
다사5322,다사5321,165.291923189291
라마9257,라마9061,59.5077409691213
나바9362,나바9262,72.1232353906898
다바8925,다바9124,53.6005838436902
다라3886,다라3685,57.782865940234
마라3885,마라3584,121.187481590509
다사4752,다사4850,131.698114620424
다사5853,다사5853,114.293486295132
다사6052,다사5251,186.920247954777
마라3884,마라3884,61.8049628929785
라사0705,라사0506,67.8484078615648
다바9348,다바9348,70.3616661503067
다사6544,다사6642,78.6176587307628
다바9314,다바9314,76.5062350842039
다사4933,다사5032,96.3244331185216
다사3725,다사3323,56.0727747932093
마마1059,마마1959,76.4265570813237
다사4246,다사5844,62.2056674671343
다사4640,다사4947,88.9152415973132
라마8294,라마8497,80.9617979621616
다사6206,다사6204,59.5825976820727
다바9852,다바9845,78.9391216177714
라마8287,라마8188,71.8559655416502
다마6760,다마6761,93.3285246210505
다바9122,다바9122,139.690749246056
다다0600,다다0700,98.8361613146873
다사6062,다사6061,55.4986729996046
마마7422,마마7424,54.0225154823388
다사2341,다사2241,82.8147835692647
마라3880,마라4080,70.0649548784106
다사4952,다사5051,105.660598205382
다바6769,다바6469,65.1526331154303
라마9361,라마9461,79.9726182930204
다사2436,다사2440,79.0866366381305
다사4440,다사4540,98.2359657258135
다바8816,다바8916,221.075313816373
다사2348,다사2749,87.794198315104
다사6529,다사6430,58.636040554977
다사4321,다사3522,54.9542931653595
다다0802,다다0801,66.8534333447834
다마9990,다마9989,191.675596083319
마라4391,마라4391,91.995218477339
다라4586,다라4084,60.0577224192256
라마7695,라마7989,95.5392094864434
다사6149,다사6049,202.253635297881
다사5443,다사5644,56.4266096041811
다사5132,다사4932,117.086980801448
다사4250,다사4947,113.274102130338
다사6545,다사6545,134.377380417467
마라1089,마라0792,58.7089276913062
다사6011,다사6112,59.7475735442785
라마9765,라마9968,61.9583754617123
다사5143,다사5044,52.2630680977331
다사3546,다사3645,153.086030443397
마라0455,마라0254,122.849485664941
다사5341,다사5944,56.7053600670388
다사5027,다사5132,183.550838914623
다사3345,다사3446,61.1490207725565
다사4444,다사5251,70.5888004047052
마라4592,마라4692,144.343230190589
다바9213,다바9314,117.080965648689
다사4447,다사5351,125.342267072737
다사3564,다사3464,89.976253531275
다사4845,다사5844,77.7084529180088
라라1839,라라1748,96.9342104838551
다사5752,다사5752,101.426716350387
다마9113,다마8912,74.965632042126
다사3643,다사3543,69.0365261816153
다사6426,다사6519,93.728492195054
마라4383,마라4080,107.512133854898
다사6471,다사6572,97.023344831144
다사6750,다사5251,65.7692614903841
다사4535,다사4638,70.9144143952912
마라1990,마라1996,54.8456773176709
다사2556,다사2354,51.2067206735923
마마6582,마마6781,117.434229234508
다사4024,다사3225,57.2690293358573
다사6348,다사6149,135.511348534001
다사6645,다사5251,91.821694958818
다사4449,다사4648,87.8411449492283
다사4953,다사5051,54.5262549803021
다라1620,다라1719,56.3922743528002
마바6990,마바6989,117.445811229546
다바8817,다바8817,78.8432991519958
라마9571,라마9571,99.3387246127267
다사4543,다사4541,102.716818524337
다사6201,다사6202,50.3972340457789
다라4091,다라3685,87.96905125451
다사3645,다사3647,113.415908972065
다사4644,다사4542,109.647793869253
마마6642,마마6443,80.7156364659775
다사3327,다사2925,133.072057812065
다사2634,다사2833,95.6363203294575
마바0069,마바0070,115.393055614982
다사3943,다사4742,56.7423397678986
마라0991,마라0894,142.328700299829
다바9013,다바9213,175.425671468231
다바5995,다바6293,74.65353013767
마마0258,마마0160,67.9626924699445
다라4083,다라4084,133.244393882758
마라3794,마라3589,75.8300039278067
마마6883,마마6883,89.8406606573745
다사6632,다사6632,75.1455641134303
다사6849,다사6748,207.955792302307
다다1000,다다1001,52.3950716388954
다사6530,다사6531,65.6643733965907
마라4786,마라4684,102.970581806212
다바9748,다바9649,56.1315169050203
다사3147,다사3147,56.1735535772144
다사3747,다사3547,68.43883772524
다바9122,다바9021,123.802984205147
마라4498,마라4692,58.2869407520124
다사6642,다사6642,131.094942960301
다사4160,다사4162,64.6811225004527
다사4928,다사4928,58.804154073767
다바9213,다바8812,51.1693710665733
마마6228,마마6738,56.0623360127424
다바6388,다바6293,172.388359881702
다바9357,다바9155,98.9358602848904
다사7348,다사7348,51.202684643028
다마6556,다마6555,114.158924093222
다마4972,다마5071,73.2267336312522
다사6546,다사6446,176.959191926186
다사3685,다사3785,53.0826910959769
다마2874,다마3175,72.9443451157168
다사6938,다사7037,81.3469098115237
다라3686,다라3588,150.114179356285
다사6056,다사6157,50.0839323087857
라마9563,라마9462,74.8881390256974
다라4784,다라4783,159.012546520117
다사4250,다사4151,173.657131971887
라바5925,라바5925,63.7564701643661
다바9113,다바9013,64.7956870594677
다사6206,다사5316,59.4299081372005
다사4545,다사6145,53.2952078130109
다나0774,다나1273,204.327059938875
마라4081,마라4081,132.628236272879
라마9063,라마9061,62.3109255767056
라마9762,라마9863,60.8213821517461
다사5754,다사5452,56.2475662986197
다다3092,다다3191,56.5016136615504
다사9420,다사9419,55.0892728593798
마마5478,마마5478,53.9455659893247
다사4946,다사4947,248.558013394601
다사6160,다사5251,109.750242293904
다바9748,다바9546,53.7019335833969
다사5756,다사5656,53.0916761832704
다사4958,다사4858,68.4658184560513
다바9748,다바9548,57.9242376450356
다마6562,다마6858,61.2557697189573
라마5593,라마5695,79.7243319487589
다라3784,다라3685,66.9196959082117
다사3726,다사3026,57.5852256715559
마마0160,마마0163,76.6922874701843
다바8916,다바9214,92.899600615315
라마9570,라마9470,51.2594715854765
다사3140,다사3140,58.9522945370263
마라4190,마라4080,64.3178440847425
마라0155,라라9958,96.9328028201649
마라2397,마라2593,76.2651728803611
마마5464,마마7156,113.738289330937
다사6252,다사6153,54.3583499772544
마사2273,마사2475,67.5223946124698
다사5042,다사6045,141.573225037122
마라4491,마라4490,102.875465868604
다사2645,다사2445,58.8258204858833
마라0990,마라0894,64.9092855067555
다사6736,다사6633,65.8352375630966
다사5818,다사6113,66.066677371643
다사6456,다사6455,144.395895921881
다다1002,다다0600,64.7455140465
다사6730,다사6633,114.792781963667
마마6782,마마6681,69.5907080284794
다마3074,다마2975,50.5116562659426
라마8548,라마8749,193.288417429602
다사3831,다사3830,75.6869973363417
다바8510,다바8511,61.6989971729215
마바0642,마바0841,56.6913895628914
라마9570,라마9666,57.1743726896771
다사5851,다사5351,129.552674130557
다사6222,다사6017,75.131247913116
다사5718,다사6019,139.255254832088
마마1321,마마1420,126.896484062868
마라2794,마라2894,112.273946336148
마사2174,마사2374,64.5531198369991
다사6353,다사6454,115.16437370865
다바9348,다바9449,151.414552381994
다사4540,다사4542,119.423594054208
다바9319,다바8917,75.3245939587798
다사6848,다사6850,57.6089601901688
다사2840,다사2440,98.7471713367578
다사7350,다사7351,50.839403742887
마라4291,마라4284,84.8873027975899
다사5328,다사5132,151.510263100743
다사6011,다사6017,72.0691287838699
다사7933,다사6737,55.7486077640152
다사6837,다사6737,151.499912682216
라마5593,라마5697,87.7855678949944
다라3227,다라3227,55.4545564869588
다바9213,다바8916,166.903397842536
다사3646,다사3744,88.691821340475
라마3743,라마3643,169.026038500932
다사3947,다사3647,68.928959352564
다사5142,다사6633,69.4404399715128
다사4345,다사4747,51.5517208331475
마마1159,마마1158,51.4919206722982
다사3245,다사3244,79.2551190210611
다마6457,다마6559,83.7034002764515
마라4492,마라4285,60.2733628259035
다사4744,다사4643,69.2451428040415
다사3129,다사3625,65.3435292125848
다사3841,다사3737,50.8320134721614
다사4943,다사4843,83.2249146447498
라마9357,라마9358,135.296696307187
다사5843,다사5943,77.3097818718702
다사5342,다사4742,51.0033542661259
마라3790,마라3691,53.8214511836625
라라9689,라라9790,132.424010001923
다사3542,다사3542,59.7017487662706
다사2556,다사2057,190.666596548157
다사4441,다사4539,56.6996307107369
마라3479,마라3979,59.0110660458421
다사6643,다사6543,116.037399674522
다라9862,다라9861,66.8366750453629
다라5374,다라5373,141.082220083445
마마0861,마마1964,56.3039444175937
마라4493,마라4284,50.3321888432195
다마4229,다마4132,64.2595131106815
다바9488,다바9487,58.165125342741
다라4532,다라4833,84.106429033085
다사4643,다사5844,68.4156654888835
다사5654,다사5452,79.1963333991597
다바8618,다바8719,101.82443481708
다사6629,다사6017,56.0681907498951
라마7591,라마7590,74.5108949708904
다사5851,다사5851,189.59762266382
다사5229,다사5132,316.884509375668
라라0161,라라0261,61.6392308063532
다바6770,다바6570,200.723957886352
다사5918,다사5919,103.093206146019
다사5033,다사5132,239.629022341561
마라3884,마라4080,63.5422248623495
마라3794,마라3794,97.6957674460718
다마5373,다마4972,77.9351138499925
마마0265,마마0164,90.0380910139961
다사4539,다사4442,53.4910783405401
다마2976,다마2974,51.0508885447956
다사6848,다사6950,76.2477245372057
다라4681,다라4680,55.6613918893521
마라4786,마라4787,54.2740728661398
마마6738,마마6342,50.2002804618651
다바8915,다바8816,53.4028827701214
다바8817,다바8518,86.206417180598
마바0741,라바9046,65.5551869283108
다사4248,다사5945,52.8841639975732
라사2183,라사2083,75.9273563624514
다사6349,다사6546,56.3703500834937
다사6324,다사6424,135.142715922144
다사3760,다사3761,114.862530317777
다사2840,다사2241,61.5312321616825
다사6838,다사7137,99.3000922671525
다사5131,다사5131,65.7175073391303
마라4388,마라4489,116.150956953053
다사4450,다사4051,58.676520965155
다라4283,다라4484,144.597968365958
다사3644,다사3446,96.4096352399757
다사6016,다사6213,57.1322820375752
다사3045,다사3244,118.723756434989
마라4086,마라4285,70.2069697160538
라마7591,라마7890,183.031060835049
다사2455,다사2556,80.1854230933684
다사4147,다사4542,64.8186117097721
다사3233,다사3132,66.4015463354622
다바6830,다바6629,71.8539870542195
다사2840,다사2430,85.1825831651476
다사5651,다사5651,113.851461533684
다사2636,다사2734,66.2167286689363
라바0511,라바0611,149.712288308397
다사3841,다사5251,138.249180770369
다사3133,다사2932,120.108216476615
마마6427,마마6628,59.0495048863046
다사6626,다사6527,55.1909731916833
다사6349,다사5945,74.2616425911768
다사4740,다사4542,120.395374322974
다마2615,다마2715,74.0698364117323
다바2277,다바2278,110.543142927212
다바7833,다바8332,66.0106033552613
다사3326,다사3125,80.4988301921189
다사6937,다사7138,50.269246159705
다다1000,다다0902,53.9732415762798
다사4024,다사3524,94.6900311475942
다사4745,다사4946,50.9507341563459
마라4786,마라4887,358.038819789067
다사4928,다사4929,239.099955574171
다사3326,다사3227,61.0608726051616
마마7425,마마7322,118.650164703397
다사4348,다사4351,55.2462486215543
다사4739,다사4542,123.149213303476
다사4543,다사4543,99.5063694399552
다사3953,다사4947,76.773858172865
다사4748,다사5351,55.3897358200866
다다0801,다다0600,52.2185022239928
다사3644,다사3543,106.968534944847
마라4791,마라4792,55.8597233186851
다사4252,다사4947,62.3395506414339
다나0699,다나0598,62.4989368628174
다사6250,다사5946,59.1049868635014
다바7833,다바7833,211.52265484831
다사6544,다사4947,104.571898402255
마마5464,마마5462,247.066642588072
다사3737,다사4742,53.9703275881855
다사6155,다사6055,91.2385571669499
다사6629,다사6528,100.22137885731
마라0196,마라0195,98.4687425225884
다라4582,다라4682,115.304212206663
다사3737,다사4542,85.5549294560215
다바6200,다마6398,82.7801215967482
다사7039,다사6633,115.209532532945
다사6149,다사5251,92.1488562358231
다사3058,다사3556,119.123502851947
다사5755,다사5856,59.1319331458841
다사4957,다사4653,123.153929475419
다사2836,다사2735,74.0433153636869
다사5755,다사5754,231.789584608172
다마8913,다마9013,56.8592481820017
마라5286,마라5288,58.3720735906472
다사3337,다사2933,57.7095618942806
마라4490,마라4590,88.9856620878647
다사2738,다사2833,63.2420246857423
다사5755,다사5552,171.04598252678
다사6103,다사6206,89.7968464359564
다사6088,다사6089,177.923700597278
다사4640,다사5351,72.4171845118299
다사4248,다사4248,149.759414630447
다사3543,다사3543,137.418543929715
다사3644,다사5251,66.5417789158495
다바8447,다바8448,260.407704771945
마라4184,마라4284,71.3216518289064
라바9970,마바0069,79.8247168345861
다마8912,다마9013,72.5041498543035
다사3149,다사3149,176.610324168121
다사5851,다사6145,64.5369872160899
마라3794,마라3793,114.776694598372
다사6349,다사6249,82.8300231765071
다사6642,다사6445,51.3568015732356
라바0610,라바0612,52.1642521936324
마라4591,마라4590,72.6306290864154
다사4648,다사4747,142.423492551333
다사4024,다사3324,81.0973124649539
다사5028,다사5127,73.392847980938
마마1357,마마1358,54.7165605618383
다사5951,다사5951,157.914996003382
다바6770,다바6669,90.1500477857794
다사7418,다사7415,75.2423455884399
라바0379,라바0079,51.6305321271497
다사2556,다사2257,307.774834011066
다사4853,다사4953,84.1252672130624
다사7532,다사7532,50.9391438483592
다사6850,다사6850,103.314191310543
다사4942,다사4943,121.655134238761
다사5851,다사5251,250.25247886235
다사6444,다사6643,106.625946685687
다사6347,다사6348,51.375707380924
다바8518,다바8818,55.7909900977276
다사4321,다사4220,95.6618403295962
다사5760,다사5857,60.8324039460963
다바1818,다바1817,57.0607313676578
다사5722,다사5622,92.3914593295867
마라3790,마라3488,60.1800309514566
다사5250,다사5350,68.0286320197532
다사2749,다사2556,99.1899197092974
다사3445,다사3546,60.8436808303898
다다0700,다다0500,68.9382357168607
마라0155,마라0255,162.969855877584
다사4853,다사4653,97.1962211365061
다사5332,다사4947,50.0194081430748
다사3739,다사3738,50.9079174316816
다사6642,다사5945,59.8032022263506
마라0852,마라0953,89.3810242547216
다사6161,다사5860,82.7480203019362
마라0856,마라0954,86.1423988991899
나바9562,나바8678,71.1933115691711
다사6112,다바6293,68.6965207513024
다사6609,다사6310,156.135052778305
다사6255,다사6149,85.7842709538302
마라4681,마라4681,61.8056576977931
다사6760,다사6861,88.8775070789039
마라0055,마라0056,101.223715648743
다라3787,다라3689,119.356969607639
다사4640,다사4541,174.282706755625
다사2556,다사2955,145.059804244989
마바0817,마바0717,109.278993964772
다사5815,다사5718,69.8761652698661
다사3761,다사3663,56.7876607545492
다사4143,다사4542,97.6055211670344
다사5142,다사5743,83.5294100253396
라바0048,다바9845,155.206114985318
다라9862,다라9862,61.3601489472331
다사6069,다사5970,139.275437121668
다사4751,다사4750,99.0544708848103
라라1064,라라0764,70.9682501080111
다사2235,다사2331,50.9174637711132
다사2841,다사2841,83.7179217721257
마라4278,마라3979,93.0367954257085
다바9017,다바9217,70.8874859391972
마바0817,마바0718,71.4045681492847
다사6525,다사6529,62.6338848321698
다사5761,다사5251,89.4183546205576
다바6588,다바6488,174.782023527439
라라1760,라라2360,79.9454643644394
다사5521,다사5621,107.037524965084
다사5443,다사5642,77.5843542840729
다사4734,다사4932,53.0132330217291
다사4958,다사4859,50.5354093431138
라바3887,라바2686,125.333967687406
다사6645,다사4947,85.5937866772177
다사3565,다사3466,51.9069303959554
다사3246,다사3245,60.8557095099625
다사5917,다사6018,51.8855410019268
라마7394,라마7989,102.049592832074
마라4587,마라4388,66.2184594131589
다다0901,다다0700,94.623771319478
다바9313,다바9314,65.9607139451695
마라4497,마라4692,84.173449785691
다사5249,다사5348,80.1531454468684
다사6737,다사6734,162.2607318126
라라8298,라라8298,59.9963299831412
나라9646,다라0146,50.9750840951866
라바9968,라바9968,163.356576984637
나라9739,나라9638,50.1312544857773
다사6849,다사5844,87.6909817239799
다바6095,다바6097,170.423610080071
마라0592,마라0692,52.5422061622523
다바8040,다바7833,73.7005411335061
다사5754,다사5754,121.434742654765
다사4842,다사4643,67.7008609041904
다사4858,다사4858,99.807424017448
다바9113,다바8917,134.786308103552
다사4733,다사5132,85.463270848363
다바9113,다바9213,161.806362768954
다사4740,다사4643,70.6562729872293
다사5912,다바6293,148.210760334601
다사6062,다사6063,74.731063687133
다라4185,다라4484,59.3106229349369
다바8511,다바9213,201.090603908253
다마6459,다마6559,115.613566455684
다사5251,다사6045,67.4911566397784
다사5331,다사5231,60.7371970548865
다사4351,다사4152,60.8855687230837
다사5029,다사5228,98.6806219621754
다사4645,다사4642,67.026767523279
다마6662,다마6663,61.1204106421008
마라3482,마라3585,83.3136732133789
라마8544,라마8748,79.8115801932996
다사5030,다사5030,133.747147592428
다사6157,다사6157,62.7883949255333
마마3704,마마3805,140.378388121296
라마3744,라마3743,84.0362064336781
다사6939,다사6738,52.2294912563624
다라3685,다라4384,54.9868976547133
마사4839,마사4739,167.056384476711
마마6738,마마7526,95.9966814086547
라마9960,마마0163,55.4571065902814
다바8818,다바8817,70.8893428066023
다바8511,다바8917,491.17504831286
다사9717,다사9916,60.8368201870556
다사4642,다사4541,110.583982453118
다바9649,다바9549,54.8308768503224
라라9193,라라9194,84.9406342524226
라마3413,라마3413,83.501244877864
라마3642,라마3743,104.394576004593
다사3058,다사4947,134.711537539703
다사4834,다사5032,88.083965361779
다바0664,다바0763,58.4252591441432
다사5151,다사5051,132.40255170378
다사6750,다사6145,83.9925309802765
라사2187,라사1986,54.1801760629608
마라0892,마라0792,150.414376786601
마사0131,마사0231,66.5244622670748
다사4701,다사4804,95.0426806839441
다사5749,다사6045,51.1088756006235
다바9017,다바8917,783.174634552874
다사4248,다사4250,70.1622035771514
다사3035,다사2934,60.5214045201779
다바6669,다바6571,189.574225742881
다사6310,다사6202,79.5777053708679
라바3885,라바3886,149.957763294556
다사6144,다사4947,80.9674875250511
다바8816,다바8518,97.6203637758686
다사6519,다사5844,66.3511879677913
다사4943,다사4742,66.3254125753729
다마5373,다마5071,138.593512486776
마라4489,마라4589,60.5733763980771
다마6060,다마6161,77.195458186842
다사5858,다사5857,148.378573111681
라사8409,라사8509,56.7136868144297
다사6353,다사6250,58.9047476002473
다사6345,다사6049,50.7906223967145
다사3129,다사3126,712.363744106122
다마5373,다마6376,60.2337491890549
라마9468,라마9469,50.9417901809741
마라5696,마라5595,138.11693688547
라마7494,라마7495,52.3799190507616
라마7688,라마7989,59.5805983739817
다사6355,다사6149,59.3237681269333
라마9664,라마9566,65.5967445340774
라바3885,라바2686,86.8493345919993
다다0801,다다1000,65.4469269276147
라마9157,라마8548,50.1336053824463
다사6850,다사6747,55.0371530023944
다바9016,다바9017,108.956881237937
다사1044,다사0943,139.565180686714
다사3726,다사3826,53.0829769578401
다사5851,다사5552,56.0448792657194
마라0553,마라0255,68.5539854322833
라사6204,라사5906,122.448018643947
라라9687,라라9686,63.1817482614141
라마9359,라마9358,88.4554801572654
마라0793,마라0690,87.628210948589
다사2556,다사2755,83.503638480329
다라0245,다라0246,51.9073590242304
다사2735,다사2733,77.3697596798788
마라0991,마라0789,172.857916966861
다사5328,다사5327,50.2275589141343
마라1890,마라1889,108.603826195546
다사3747,다사3647,90.402469367432
마마3177,마마3070,66.7064212412281
다사6737,다사5945,53.4552993631553
다바9317,다바9117,52.9842661597201
라사2086,라사2187,101.392401801775
다사4322,다사3724,61.6907717807083
라마8389,라마7890,91.9736944525455
다사5942,다사5941,79.5026235959346
다사6116,다사6019,81.0249832419616
다라3988,다라3685,90.5844668532345
라마9564,라마9563,62.2379016370836
다바9418,다바8916,61.0304771440609
다사5860,다사5251,167.216725040683
다라4581,다라4682,58.9403357486095
다사8561,다사8261,69.2081376864384
다사6116,다사6633,51.2508647518546
다라4590,다라4084,50.3529078508977
다사3643,다사3645,169.390667327742
마마5464,마마5667,75.6599460630712
다사5442,다사5251,52.2778999160277
다사6310,다사5844,69.3921930469471
다사5224,다사5124,62.653476724157
다바6289,다바6388,65.6610036577649
마라4483,마라4185,78.4982303687404
다사5621,다사6019,122.610959517557
다사6015,다사6113,168.036786661724
라라8551,라라8353,53.9216078592346
다사3058,다사2959,62.8399424879003
다사5852,다사5752,89.0838162033135
다사4751,다사4847,57.2740376833761
다사4249,다사4250,124.488400453069
다바9017,다바9117,57.7297680226542
다사5142,다사5142,104.75770312003
다나0598,다다0700,121.400478643683
마마0064,라마9764,50.3946517132301
라바3884,라바3890,56.159000985134
다사7127,다사6928,57.8178394716314
다사4249,다사4647,66.3687946896123
라사2084,라사2186,55.0810693722745
다사7168,다사7672,50.0191523028601
다사6041,다사5942,87.5420495895874
라라9687,라라9689,114.267680100043
다바6769,다바6673,53.8862667431322
다사4247,다사4251,80.3888466294636
다사5030,다사5025,79.7505674836851
라마8076,라마8077,57.9315920914158
다바5665,다바5665,76.3203920594296
다사4448,다사5251,85.3808657926805
다사3544,다사3445,152.065144296672
다사6061,다사5961,57.0766951506113
다사6849,다사6950,145.062452431364
라라9688,라라9688,58.9396474087675
다사4244,다사4642,79.3787729928053
다다3091,다다2993,72.2538450082747
라사2084,라사1986,102.089231962944
마마6988,마마7088,60.957971212748
마라4388,마라4388,135.598423057009
다사3326,다사3126,93.3736964949092
라바8644,라바8942,165.617700362761
다사3926,다사3525,54.9583167820285
다사6471,다사5970,123.976026948539
다사6756,다사6755,64.4354371105373
다사6444,다사6045,103.755846070889
다바8925,다바9322,51.8781680292046
다사5755,다사5756,66.7517203385629
마마5929,마마6528,86.7066618519718
마라4391,마라4284,65.6644081023744
마마7176,마마7175,91.1529595612421
라바0146,다바9845,118.133415907227
다사4645,다사4647,70.8274672138344
다사4350,다사4151,173.134778028534
다사3327,다사3124,178.276236075637
다사5045,다사5046,130.914793635506
마마7277,마마7176,58.9304184667371
마마1059,마마1059,131.658815707743
다바9114,다바9213,132.796140156308
라바8942,라바9046,115.728440485226
라라8451,라라8452,64.9223683256766
다사4943,다사5143,50.0720216489492
다사6063,다사6062,53.511282862189
라라1241,라라1748,57.4426845886632
다사6455,다사5945,54.8835940640902
마라1979,마라1879,100.887376511624
다사3368,다사3270,77.7532069243384
다사6046,다사6145,74.887405529445
다사3129,다사3327,86.3284434940274
다사4857,다사4957,75.4208740609694
다바6768,다바6770,71.2847944505797
다사4929,다사4932,52.1355912428535
다사5918,다사5818,129.622495370725
다사3233,다사2430,73.0151916980977
라라9894,라라9894,91.4807221412466
다사4854,다사4953,77.4234654736754
마라0991,마라0591,78.7712065741642
다사7420,다사7321,166.849827071453
마마3805,마마4109,52.1805707848002
다사3747,다사3645,72.1032855891374
다사4011,다사3907,150.162929480751
라바3984,라바3884,54.2277594427555
다사6069,다사6067,57.7505705667941
마라0255,마라0254,97.920189601034
다다1403,다나0599,54.6338915361757
다사4350,다사5251,106.395752378921
라바3885,라바3890,52.7626860392658
마라3587,마라3488,77.4409254085468
다바8511,다바8517,66.2321095401063
다사8261,다사8161,84.6390567426432
다마6457,다마6458,136.311570214299
다사6019,다사6113,89.6407783538602
다사6426,다사6737,99.3728661533144
다사5130,다사5032,75.5946956380567
다사6455,다사5552,50.6951298474191
마라4790,마라4791,102.321713810584
마라3884,마라3984,58.5415290934071
라마9027,라마8927,150.229112689736
다사6019,다사5921,101.922210438328
다사3847,다사3645,170.196108067127
마라3795,마라3793,109.555507164971
라마9765,라마9964,130.163345955664
다사6426,다사6426,175.753251166876
다사4756,다사5251,56.3923050706235
다사7039,다사6939,63.426155660086
다라3686,다라3690,134.203122479535
다다1403,다다1000,80.3735331959301
다사3647,다사3646,124.910898230562
다사6052,다사6052,97.6640912615602
마라4497,마라4397,61.3303007122756
라바5824,라바5924,127.901180159936
다사2940,다사2939,116.337511841309
다사4535,다사4535,108.983137118934
마마6881,마마7079,61.6256993407615
다마6556,다마6456,85.9555988339861
다사4148,다사4248,102.573905411598
다사4945,다사5251,102.334275379125
다사6152,다사6153,51.2261399640476
라마8548,라마8250,101.374697269663
다사4024,다사3424,90.1764327998561
다사4842,다사4541,54.5743850969527
다사7038,다사6643,62.7982335846538
다사3133,다사2733,57.1590383115311
마마2976,마마2975,73.7241632433775
마마7425,마마7324,81.4138451689238
다사3953,다사3952,78.1663509285519
다바9474,다바9680,79.5656135302187
라라0262,다라9862,56.3088258268961
다라4091,다라3689,51.8534045696868
다바9013,다바9114,96.3724459294196
다사4932,다사5233,115.272172742825
다바8916,다바8817,104.966811290596
다사6015,다사6216,61.2002185623304
다사3543,다사4642,58.5348903994156
마마0358,마마0358,58.5799679134294
다사6153,다사5953,57.5782892715726
다라0440,다라0440,56.5925029381159
마사4144,마사4248,111.641409782471
다바8917,다바8917,164.463896651485
마바0070,마바0070,69.223193664853
라마6090,라마5593,77.6520076081218
다사5150,다사5352,217.081229973669
다사4740,다사4739,132.695490797492
다마5170,다마5070,60.7349277218021
다바8029,다바7833,201.446083006347
다마6663,다마6672,94.7028487017001
마라3877,마라3878,84.1648759886581
다사6210,다사6113,168.580172992203
다사5052,다사5051,141.648798742027
다바6870,다바6573,152.242623177655
라마9471,라마8374,68.4720448141281
다사3445,다사3343,57.8975635303179
다사5618,다사5316,109.808268891166
마라2397,마라2199,53.8467618821357
다라4283,다라4284,64.1143366381931
다사6455,다사6555,84.164511042376
라마8762,라마8861,59.0016849462134
다사6426,다사5846,52.2918819607403
라라5688,라라5888,52.8975531384055
다사4851,다사4950,62.0636223850564
마라4290,마라4080,127.244382534644
마라4286,마라4186,73.5491968438598
다바9015,다바9213,51.7643551501736
다사6854,다사6855,204.038118629898
마마7429,마마7527,76.0326272485027
마마6428,마마6428,83.5510137446367
다사5043,다사5351,74.0265190296604
다사5331,다사5332,85.5948270846823
다사6155,다사5251,120.821413353143
라마6092,라마5492,149.069397542317
다사5119,다사5119,73.0046447239984
라사2286,라사2184,54.3495009691166
다바6770,다바6768,68.8111095722319
라마8389,라마8290,151.848097318383
마라4685,마라4686,52.4008746530267
다사6629,다사6529,187.343517836936
다사3227,다사2926,106.359796386434
라라0260,라라0162,56.7358315722835
다마6357,다마6257,92.606235596969
다사6152,다사5953,60.2529152273734
다바9013,다바8917,227.446013745577
다사4341,다사4542,158.50840622417
다사3047,다사3144,50.8691103409116
다사5961,다사5552,71.400294883435
다사9716,다사9916,168.699116634605
마마6738,마마6432,168.287747186648
라바3884,라바3787,75.2822773217476
다사5443,다사5444,68.0014613514469
다사4858,다사4956,59.4280818096591
다사2857,다사2958,56.0904959239946
마라2497,마라2494,66.5893520780325
다사5961,다사5861,53.7608289353915
마라3880,마라3879,167.410780963871
라사4025,라사4225,96.9338924624137
다바7833,다바6629,53.3937661248045
다사6748,다사6644,115.923785217367
다마6559,다마6759,52.6523892715536
마사4247,마사4248,87.9084102288211
다사4958,다사5452,79.5740032401212
다바9357,다바9457,71.6638837140987
다사6349,다사6149,160.574575546689
다사6158,다사5251,69.4447890119139
다라0446,다라0146,174.670311964091
다사7351,다사6849,50.5763885316319
마라1986,마라2092,57.9627223535553
다사6044,다사6145,90.0990038830425
다사4929,다사5132,134.166830865327
마라4490,마라4887,86.9377117662103
다사4246,다사4447,86.7570624846229
다사4024,다사3927,64.458036071986
마마0265,라마9864,51.8461068482871
마마0066,마마0066,122.556600974648
다사6206,다바6097,51.0412464958008
다사5919,다사5820,68.5964031313255
다마6557,다마6558,52.4953363116916
다사6070,다사5970,66.5162104421254
다사4661,다사4947,93.0816065142504
다사5816,다사6019,85.2449740168745
라라0262,다라9961,52.012306442488
다사6748,다사6649,60.6721739282179
다사4144,다사4542,51.3732061954957
다바6185,다바5883,78.1735924300624
다사6206,다사6205,62.8008004580034
다사3039,다사3139,127.345669124464
다사4741,다사4642,127.937011625081
다사6446,다사5251,78.9871221319589
다사5346,다사4947,85.3837413683565
라마8393,라마8595,88.2241962376695
마마0162,라마9765,66.4547561877808
다바6567,다바6669,54.1490533373098
마라3880,마라3979,214.414557871731
다사8261,다사8260,80.7664197677784
다바9413,다바9313,53.7900131260852
다사5049,다사5452,80.5594883555236
다바9748,다바9647,78.7451572981916
다사6071,다사6070,51.4102781519766
다사3744,다사3646,102.852271296851
다사4149,다사4642,80.1971687233566
다사6450,다사6350,55.9201514828771
다사3248,다사3448,150.804542817635
다라4579,다라4684,50.7196851276676
다사5913,다사6112,60.9180078663061
마마0064,라마9964,130.792498025244
마라3576,마라3477,138.843246333299
다사5918,다사5621,89.8490986424114
라사4024,라사3826,72.0015271770017
다사5852,다사6049,63.2853405521361
다사5855,다사5251,139.019419009687
다사6526,다사6633,79.2747597434232
나바9262,나바9262,80.5583637974344
다사5943,다사5943,80.7536832526367
마라4376,마라4077,85.1323159867116
다바8518,다바9114,78.7663199225269
마라4786,마라4687,62.2140985653811
다바8511,다바8617,53.3470792216736
다바4154,다바4054,51.2303903937681
다마5373,다마5171,60.0154399391746
다사6310,다사6408,103.460178180034
다사5618,다사6017,71.6792624729905
다사6742,다사6742,88.7787860965896
라바0048,다바9947,128.190477037187
다사6426,다사6528,109.26459646722
다바6969,다바6969,51.0433631751642
다바9647,다바9748,99.0523048605775
마마1202,마라1599,61.1488770730641
라바9968,마바0070,172.239456613398
라마9360,라마9159,76.4508890903025
마라4786,마라5086,60.0105366147607
다사7138,다사6737,102.520206948276
마라3679,마라3477,82.1961770157818
다사2640,다사2440,53.5125112043452
마마0366,마마0266,51.291862124295
다사7039,다사6634,57.913615154573
다사6856,다사6856,76.5177089146737
다사5348,다사4947,127.745145968319
다사6323,다사5944,52.2396290123911
다사4745,다사5452,52.775464469943
마라4291,마라4291,52.7571682779053
라라1963,라라1760,55.129616597918
다사4350,다사4848,60.7530362694763
다사6353,다사6151,114.23080855463
다사5817,다사6019,94.2574653589807
마마4631,마마4731,117.752443243977
다라4181,다라4180,59.4705644942779
다사5860,다사5844,57.8038204547002
다라4390,다라4391,105.235798867395
다사4740,다사5251,52.4544081055092
다바9348,다바9347,65.7738348228795
다사4943,다사5844,205.340460405394
마라3991,마라3791,181.991462759052
다사6619,다사6519,50.8807956817927
다사5721,다사5621,77.3245527023251
마라4494,마라4080,53.4830778032135
다바6666,다바6867,56.3198296063733
다사4844,다사5348,59.2785933527906
라마9266,라마9566,57.8545560151664
다바6200,다마6399,86.9781603682827
라마9262,라마8961,55.5630297596238
다사4011,다사4110,59.3759515718253
다사3841,다사3841,102.505898668767
마마3502,마마4009,94.4194262000473
다마6655,다마6858,78.0079319340915
다사6426,다사6045,116.344619924877
다바2376,다바2277,59.6142346855899
다사6938,다사6734,55.7342098580458
마라2494,마라2693,115.526592982673
마라4086,마라3987,56.7356534561458
다사4833,다사5234,57.334011274497
다사6648,다사6446,62.7703584119163
다사3047,다사3248,65.3264619371654
마사2475,마사2274,56.2845562951021
마마0000,마라0095,65.3725834509883
라라9194,라라9295,68.2327384159879
다사5961,다사5859,69.756459212774
다사5041,다사5844,58.6854738879646
다라4287,다라4091,60.5457236129066
다사3240,다사2840,193.803829108735
다사6525,다사6526,68.7213009270157
마라4185,마라4284,74.8382991841721
라마9257,라마9059,72.1693797340995
다사3737,다사3638,152.783632159164
다사2938,다사2840,95.6854427005819
다사5027,다사5229,83.9406152187821
다사7632,다사7532,115.499612347609
다사3760,다사3660,61.6221596741587
라마9358,라마9357,93.8282543526973
다사6737,다사6533,122.08953559006
다바6566,다바6666,76.3096790707918
다마6654,다마6660,71.6117199829802
마라4490,마라4390,107.119917358169
라마9157,라마9864,58.0520898892084
다사5912,다사6211,63.5551468537123
다사6855,다사6860,50.1799876945188
라마9564,라마9364,63.8653217543449
다사5049,다사5844,75.4117590306001
다바9317,다바9417,72.7301200635037
다사3847,다사3547,128.698085849082
마라0991,마라0590,153.999528495247
다사6749,다사6850,67.1363549061445
마마7425,마마7624,62.7557151223824
다바9114,다바8917,135.257512029766
다사4844,다사4847,80.3562974396541
마마7424,마마7625,61.4153242427076
라마9461,라마9362,90.1263351027596
다사4545,다사5944,50.579432478537
다사5960,다사6161,51.8187355934744
다사6044,다사5251,145.190990622205
다바2278,다바1195,66.7038920151683
마마6644,마마6342,51.0474225563512
라라3649,라라3649,172.626667077768
라라9691,라라9789,58.1209579071499
다사6211,다사6114,146.261357315337
다사4241,다사4241,100.014511767235
다사4942,다사6045,142.065990414044
다바4890,다바4187,53.8062256905613
라마9162,라마9964,53.6552244147073
마라1990,마라1695,81.0143691656887
다바7934,다바7833,479.206547139706
라마9157,라마8648,53.4185355987654
다사4856,다사4854,86.8186872894757
다마6754,다마6755,60.8468872621025
다사5916,다사6017,147.732972418483
라마8391,라마8290,66.4078383929538
다사6648,다사6849,81.9999477571645
라마9660,라마9560,63.6142666405586
마라4692,마라4692,181.569270301091
라라8448,라라8452,53.2198027995803
다사5145,다사4947,111.457844318266
라마2597,라마2497,87.4819569227601
라라1739,라라1640,55.4146201066486
다사5252,다사5251,248.115760929713
다사2660,다사2661,113.347401043849
다바7833,다바7429,53.7751287370075
다사6844,다사6745,79.6282642784508
다바6667,다바6567,59.2367903696875
다사7037,다사7136,86.9587538465174
다사6013,다사6113,153.791034817906
마라4497,마라4497,96.0358973788899
다사2440,다사2441,55.2272518537241
다사4855,다사4947,84.1321689039568
다사8262,다사8159,53.1194973452241
다바6588,다바6587,75.5788664173817
다사5855,다사5955,74.7955697072403
다사5971,다사5970,126.646987791453
마라5595,마라5695,59.3983654181588
다사3047,다사3047,118.492367615326
다사4351,다사4351,89.7464922106336
다사3642,다사3643,50.1433929874771
다바5665,다바5664,68.5925755813105
라마8076,라마8177,122.050140100577
다사2734,다사2430,88.0226091005648
다바9025,다바9327,78.1943035240121
라사2086,라사2087,60.9099782021784
다사6449,다사6045,82.0130933890319
다사5943,다사5844,138.550615992793
다사4955,다사4956,72.6418346969226
마라0553,마라0056,111.384850622988
다마6660,다마6660,73.1785650799578
다사5755,다사5452,153.030489687511
다사4548,다사4448,81.5063691696649
다사3245,다사3045,110.023681625701
다사4646,다사5251,95.5702308542796
마마6432,마마6628,70.1589913283364
다사6162,다사6162,123.014791505479
다사4446,다사4947,130.683147202297
다사4932,다사5229,69.7475685821092
마라4498,마라4493,62.9882207746005
라마9901,마라0393,56.3040365529446
마마0062,라마9963,51.9022230785917
다사5843,다사6045,86.3757948612153
라라8354,라라8551,123.234832155298
다바9472,다바9476,61.3439063411264
다사6838,다사7037,83.4217353347228
마라0853,마라0255,80.7910848773827
마마5114,마마4909,50.4878931736475
다사4742,다사4646,54.529340205513
라사2184,라사1985,50.679952495165
다사3953,다사4151,141.529102097591
다사5819,다사5818,87.0796789458462
마라4786,마라4284,108.200737242009
다사4344,다사4947,123.606440323282
마마1102,마라1595,68.2332934874674
다바7833,다바9326,55.4917610488018
다사6737,다사6530,77.8525216101516
다사4745,다사4646,75.5582665293126
다사4853,다사4957,88.6791971569675
다사3566,다사3661,71.6067699743535
다사5132,다사5234,101.688081930321
다바0763,다바0665,96.5937327503969
마라0694,마라0592,63.2557147623843
다사6444,다사6644,59.7764265465608
다사5523,다사5622,110.100483504249
다사4742,다사4947,76.8933929926203
다다1002,다다0700,64.3708980698537
다사2649,다사2749,61.4935463528317
다사5751,다사4947,56.7124481731001
마마6629,마마6628,75.3647674293465
라바0665,라바0765,89.3253201947899
다사7349,다사7348,69.6202074632007
다사5851,다사4947,91.9442802040205
다사4150,다사4149,57.9946954430585
다사2538,다사2440,75.9569961248857
라마9901,라라9894,51.5424453241554
다사4855,다사5251,208.836171719189
다사6838,다사6634,54.4099785173948
다사4321,다사4222,50.4088647354226
다사6222,다사6426,132.421018612439
다마2974,다마2975,60.8442650627608
라라1839,라라1540,126.851672355299
다사6349,다사6045,101.801553392171
다라4484,다라4584,100.674244690784
라사3725,라사3928,56.2430826487007
다사7836,다사7834,65.0201797143552
다사3643,다사3646,187.555574625557
라바9968,마바1077,93.892607045466
라라9893,마라0091,98.4422822224827
다사4942,다사5251,127.755744820771
다사4851,다사5251,104.366248222189
다사4345,다사4344,82.7200986881045
라마9162,라마9362,72.656378905713
다사4747,다사5049,68.4771958606874
다사3069,다사3070,71.5455581632071
다바6387,다바6293,52.6075651097784
다사6069,다사6070,55.8930914984137
다사6662,다사6662,54.7612969800944
다사7251,다사7449,57.1691139827794
다사5745,다사5846,85.1542518531889
다사5332,다사5130,56.6187897741144
라마7590,라마7890,92.7999984121526
마라4183,마라4283,57.6040425597615
다사4561,다사3562,53.2156338830322
다사7039,다사6838,52.2296403609076
다사6630,다사6017,71.1118319410852
다사5054,다사5351,87.3136205020847
다사5919,다바6293,50.6270907496569
다사6107,다사6310,57.9614076524007
라마9468,라마9470,54.1748255963431
다사3228,다사3129,135.457293549579
라마8393,라마7989,107.619876463923
마라4283,마라4282,62.1130969199631
마라0982,마라0985,75.0145057394147
라라9891,라라9892,73.7405021616593
다사6644,다사5251,135.137378633244
다사6529,다사6528,107.417206439035
다사2840,다사2939,246.198562125138
다사5519,다사5316,111.93099381287
다사5250,다사5452,86.6875320798592
다바9845,다바9945,54.8724237496125
다사5480,다사5485,64.1706631038125
다사4242,다사4642,65.7366418352857
마마3704,마마3907,107.11462650698
다바9227,다바9127,113.112568080234
다사6748,다사6445,58.6171360840361
다바6488,다바6390,74.5961893281374
라마7695,라마7591,189.956060675244
다사3664,다사3562,114.001333190466
마마6528,마마6528,78.3839423342261
다사6210,다사6112,67.6760813745896
다사4757,다사5251,54.1646766054671
다사6260,다사6161,74.7265163999364
마라4582,마라4284,54.4062053545085
마라2495,마라2793,50.859716840838
다바2177,다바2377,57.0454056887657
마마0065,라마9964,88.9331992221382
다사6355,다사6255,83.04867610194
마마3704,마마3502,84.2137740373927
다사3674,다사3673,61.268400449586
다사6019,다사5621,136.032869197612
마라4390,마라4290,84.6887108707482
다사5151,다사5452,84.2309107962218
다바7833,다바8448,358.357699013347
다바8813,다바8916,92.5664316505836
다바7989,다바7886,77.3152706986836
마라4488,마라4489,107.530932200181
다사5132,다사5251,74.7810616908266
다사5251,다사5149,95.6599146564761
다라3686,다라3786,86.9271879222288
라마9457,라마9358,76.6672196831113
다사3660,다사3760,67.3312037811401
다사5249,다사4947,105.394628272675
다사4561,다사4661,67.9109429899574
라마9460,라마9461,51.7091555151589
마마7176,마마7079,80.9555073000135
다사4321,다사3724,113.637567088213
다사6061,다사5553,56.5373180460897
마라1990,마라1599,82.9933625094159
마마0064,마마0165,80.5330841495455
다바2651,다바4153,140.427022152037
마사2475,마사1980,117.874181412411
라사6306,라사6304,95.241442866938
다바9114,다바8916,127.589421289043
다사4023,다사4024,121.80923171268
마마0000,마마0006,64.0396602766665
다사6855,다사6855,189.482595819589
다사6527,다사6529,76.6688030620448
다사5818,다사5718,80.1260680351225
다사4322,다사4220,64.1504371519174
다사4856,다사4955,117.16594014642
다사6626,다사6628,55.7633739675514
다사5142,다사5351,65.9324283205972
다사4158,다사5251,116.625608654531
다사4957,다사5551,114.182468338699
마라0991,마라0690,150.367914218357
다사4746,다사5452,77.5150186647344
마라3373,마라3474,52.1021723693104
다사3917,다사3622,81.9667500416371
다라4487,다라4684,50.5514142943014
다사6643,다사6644,156.882604336587
다사5944,다사6145,51.5804573804803
라라5588,라라5687,87.6481465607661
다사6352,다사5846,60.6577996131454
다사6015,다사6017,145.219644543761
마라4376,마라4080,62.4597336018383
다사5949,다사6149,69.5882098576364
다사4548,다사5251,126.467189766833
다사6426,다사5944,80.0437561945297
라사4225,라사4326,112.744202991931
마라4290,마라4391,139.368201013603
라마8176,라마8374,52.1496234186994
마라1889,마라1599,53.4057240806065
다사3040,다사2840,54.0922582856945
마라4388,마라4589,52.1151938884356
마라4391,마라4291,77.7674157568812
라마9862,라마9863,58.3345347206127
마마1101,마라1595,87.6061873024906
다사5812,다바6293,160.545646575934
마라4786,마라4185,50.8314022652148
다사4653,다사5251,81.4770242011866
라마8643,라마8544,289.529727930604
마라4285,마라4185,121.641024012976
다바9256,다바9255,68.1628731860667
라사6204,라사6103,82.6282336427594
다바4053,다바4054,52.3880583624404
다사6016,다사6214,107.341997071917
다바8143,다바8049,56.1264524737096
다사5042,다사4947,60.0675267478858
다사3034,다사2833,106.373596833523
다사4024,다사4323,53.8459408917049
다사5756,다사5651,55.0742912193406
마라3379,마라2178,50.7746540541953
마라3785,마라4285,66.2918199429953
다바9852,다바9951,84.3902085074714
다사3543,다사3545,95.587080132681
다사2840,다사2749,77.1736048624099
다사6647,다사6547,161.745751789748
다사5756,다사5350,53.8097873590879
다사3563,다사3364,73.9101152347425
다사6011,다사6011,52.1597071087293
다사5816,다사5718,151.225486949525
다사6071,다사6071,67.0193352175869
다사5817,다사6113,118.174064506556
다사4855,다사5552,53.8923442217252
다사5760,다사5859,86.16114787107
다사4024,다사3724,193.347588523337
라마9361,라마9362,149.206636989705
다사7050,다사6547,64.0222204677893
다사3248,다사3144,76.3818572326345
마라4682,마라4284,126.655670688625
다라3569,다라3469,187.895864371055
마마7088,마마6989,71.2503615033405
마마1102,마라1599,117.85416645395
다사5851,다사6149,98.4334300330156
다사5946,다사6045,120.990458961589
다마9989,다마9990,54.1007658398596
다사4853,다사4850,76.975329244866
다사2556,다사5251,72.4246736045624
다마6556,다마6557,68.8148202942358
다사6261,다사6160,95.0523348143017
마라4388,마라4387,132.829276633378
라마9565,라마9564,69.0981569135315
다사6956,다사6755,68.5463012191306
다사5042,다사4542,79.6124006838739
다사5144,다사5351,75.5177388487093
다사3565,다사3562,175.089280762539
다사4248,다사5451,66.0699560945356
마라4290,마라4388,137.588238024125
마마3603,마마3602,69.0961541535957
마라2777,마라2979,146.79155815456
마라3478,마라3377,50.1723926449654
라바3886,라바3887,127.26294935446
다다1403,다다1002,65.8371548272101
다마2774,다마2974,55.8456035286358
마사2475,마사2173,62.8853303124369
다사6861,다사5251,90.8340672496298
마라0982,마라0584,58.2737839281561
마라3980,마라3979,128.356011656012
마마5667,마마5563,72.7067943066172
다사6455,다사6454,101.603938177577
다바8311,다바8916,56.3379530047863
다바6669,다바6570,85.9708089433498
다사6749,다사6849,174.608468604474
다사5914,다사6113,224.568568354069
라라8248,라라8349,64.4049867091099
다사5554,다사5554,113.076551809926
다사5028,다사5228,152.447673992372
마라4078,마라4278,158.350561497624
다사3034,다사2933,72.7814652684632
마라3979,마라3879,67.3209063265559
다사6044,다사6045,141.467588556751
마바0741,마바1040,54.5065392563414
다사5843,다사5643,50.8748684924873
다사5844,다사5944,154.823546381523
라라1761,라라1761,140.063749892199
다사3048,다사3048,60.3849372214476
다사4011,다사3806,118.898939751399
다바7730,다바7833,201.037114159136
라라9894,라라9994,64.2651612795784
다사6506,다사6206,54.1158539219944
마마1101,마마1302,77.4935929934657
다사6044,다사6144,73.9716204340957
다사4740,다사4640,110.608409431814
마라3690,마라3588,66.0684393548509
라바0048,다바9948,274.022838855915
마라4791,마라4887,108.771347962862
다라4181,다라4280,51.4369127092454
다사5051,다사5051,315.040119989071
다사2634,다사2834,75.3257410778648
다마2974,다마3175,90.0796322529328
다사6734,다사6633,221.414579850971
다사5844,다사5642,57.3669397752986
다라3685,다라3888,152.539559006928
다사6346,다사4947,51.9448818998441
다사6250,다사6049,79.6005601997221
다마2774,다마2875,62.077799131552
다사6545,다사6145,115.971714775412
다바6730,다바6830,102.204579793118
다사4932,다사4932,195.530156218748
다마5373,다마5473,198.464287353917
다사2436,다사2840,55.483903613971
다사6350,다사6351,64.5100474377307
다사5755,다사5654,69.7013621968226
다사4258,다사4158,82.2127508619158
다사3565,다사3565,110.143631516454
다바6588,다바6388,195.634944648761
다바9217,다바8916,54.9297535625146
다바9845,다바9952,56.9722735573223
라라8398,라라8298,69.3923401682059
다사6426,다사5841,72.5417153455704
다사5919,다사5819,75.4139290932818
다라3483,다라4084,51.8358780508368
다사6737,다사6526,53.7105734372923
다사4348,다사4746,54.5786123839179
다사3917,다사4023,75.3642426328573
마라5093,마라4692,92.425978094817
다사4943,다사4747,67.142313666366
다사5856,다사5351,161.001617850154
마마6987,마마6782,83.4437207903192
다사6819,다사7020,65.1681954410097
다사5860,다사6061,57.3506305428061
다사4241,다사4242,120.779050304939
다사6745,다사5251,60.0435951904012
마마0565,마마0565,59.9916605688655
마라4382,마라4283,69.1377523260781
다사6628,다사6529,77.87931898071
다사4957,다사4857,123.357818345204
마라3477,마라3477,109.56604470792
다사3444,다사3446,60.3708942078899
다사6148,다사6248,74.0086042108895
다사4537,다사4541,74.9224093072837
다사5819,다사5920,64.9344612724043
라마9470,라마9572,81.0473493267783
다마6654,다마6458,63.057443208433
다라4882,다라4783,76.0079467706681
다사6256,다사6049,61.9805359456
다사4440,다사4441,65.8999320732728
다바9447,다바8348,57.5284669115034
다바6588,다바6390,79.6472042985179
라라5376,라라5175,169.371619816888
마라4786,마라4685,74.9138063012865
라사3925,라사3826,77.7601552652094
다마1574,다마1473,78.5814539461789
다바9748,다바9449,138.757554726607
다라3469,다라3469,302.316638228604
다사6323,다사6529,67.4306006167211
마라4387,마라4387,130.615721656569
다사6734,다사6734,121.645774529725
라바3786,라바3887,52.3054817961083
마라5387,마라5186,56.9296980953963
다라4291,다라4091,144.632129057915
마마1420,마마1321,78.8546837213132
다라3568,다라3469,192.984749370947
다사6310,다사5251,71.7823552602959
다바4709,다바4408,97.1437667348201
다사5646,다사5645,52.7494186785867
다바7890,다바7790,115.372208523586
마라4085,마라4185,157.126300487788
다바9650,다바9449,86.9871191977337
다사5433,다사5536,69.210587386265
라마8294,라마8495,55.7885023170999
마라1986,마라1990,96.5494287133351
다바9357,다바9358,77.2934602184019
다사4450,다사5452,61.433565423212
다바2345,다바2545,72.6876098929835
다사7038,다사7137,206.902877761678
다사3826,다사4024,98.493158568634
다사3543,다사3744,137.957234344582
다사6747,다사6547,70.2499728294619
마마7526,마마7526,79.8032595282322
다사6645,다사6642,66.227401389094
다사6345,다사6146,64.1617028722423
다바8815,다바8916,92.7556410147655
다사6820,다사6519,59.415079122787
다사5229,다사5328,86.1139670995103
마사2475,마사2575,54.4278380407506
다사4957,다사4854,64.4416395957537
마라4283,마라4284,114.805874776339
다사6847,다사6849,105.262495324344
다바8926,다바9027,70.2595413183899
다사5149,다사5251,262.564603516825
마마6330,마마6931,52.5216093312989
다사6070,다사6471,88.2648937527429
마마1059,마마1158,67.9703063786701
마마3704,마마3604,279.56950560064
다바6788,다바6388,90.6458905981387
다사2342,다사2041,70.2069882269984
다사5851,다사5451,106.114292665447
다사6844,다사6844,86.7886657888992
다바9017,다바9016,97.653659200347
다사5758,다사5857,86.5627191220892
라바9968,라바9770,136.444946111979
다바6768,다바6769,52.8646932987987
다사4739,다사4640,127.164348398385
다사9520,다사9519,74.6148038877306
다사6881,다사6880,63.3672768736366
다마6558,다마6858,59.6281005102166
다바6870,다바6769,51.4832092131391
다사6748,다사6647,129.03927845414
다바0583,나바9889,67.3358076348733
마라3576,마라3576,81.5032534822638
다사5750,다사6149,62.0187085393502
마마6730,마마6738,56.0834023524524
마라2979,마라3378,50.4848583467431
다마6654,다마6556,58.6960680665475
다사2735,다사2833,207.057184606592
다사2933,다사2933,63.0453794270088
다바4054,다바4153,137.272871602378
다사4450,다사4248,51.375875344181
라마9461,라마9361,114.249913613568
다사4645,다사4947,136.313364300112
다사4929,다사4929,249.788049907739
다사5319,다사5316,225.720514246075
다라2496,다라1895,79.9683752468516
다사4844,다사4743,62.342550122891
다바7833,다바8144,198.487950303546
다마5170,다마5170,110.704783410699
다마2974,다마3174,97.6980550454184
다사3950,다사4151,79.6027543560591
다사4345,다사4642,58.7574862526122
다사6371,다사6471,112.30666896485
마마5667,마마5462,77.8661816940708
다사4943,다사4947,136.786169995568
마라4483,마라4383,52.5290545467369
마사4249,마사4248,65.7563184308732
다라4484,다라4181,58.996206078354
다사3546,다사3547,216.07147178221
다바9316,다바9216,62.3226825864442
다사4445,다사4542,56.9863407401728
다사2448,다사2749,158.453645232333
다바6200,다바5902,55.4844582971862
라라9894,마라0792,50.267423701927
다사6064,다사6161,121.066647743968
다사6850,다사5451,56.0390101602218
다바9113,다바9314,83.1901258232767
다사4448,다사4947,138.912866360972
다라0146,나라9738,73.6558714142863
마마6681,마마6681,52.2043157994363
라라0161,다라9862,62.089932843564
라마9765,라마9967,65.7746710920018
나라9746,나라9646,83.3066301354461
다사6349,다사5844,116.392150090645
라마9064,라마9061,161.906338118576
라마7788,라마7591,110.652950312172
다사5812,다사6113,345.997275070091
다사4449,다사4642,50.9002946271553
다사5253,다사5251,66.85525935294
다사3645,다사3646,363.374439334888
다사6748,다사6642,118.519436405538
다라0147,다라0146,137.558340418354
다다1101,다다1000,109.874135719462
다사3045,다사3646,55.7553904923277
다바6567,다바6469,104.465915638039
라라1940,라라1748,53.3799937527665
마마0265,마마0163,146.54633830652
마라2397,마라2793,71.1606937752419
다사6735,다사6737,128.849802154583
다사4752,다사5149,71.4267177587754
다사5142,다사4947,111.985867631518
마라4688,마라4080,84.6905719324817
다사4854,다사4947,70.8966664111372
다사3760,다사3661,99.2836328259232
다사4750,다사4850,154.998883171997
라마7392,라마7890,53.8734425319872
다바4887,다바4987,134.333221162919
다사4449,다사6145,50.9306160301765
다사5342,다사5643,87.0899413648995
다사4251,다사4947,102.565699389925
다사6182,다사6479,53.0080040840768
다사4442,다사4742,66.2077324938609
다라3685,다라3588,251.939616154998
라바0146,다바9948,77.4599424025001
다사4640,다사5251,92.7175316883989
다바9115,다바9215,51.5523498372663
다바9017,다바7833,158.734891619221
다사5843,다사4947,63.4373673692315
다사5041,다사5041,62.7827428299323
다사5756,다사5451,91.633399680105
마라0694,마라0691,74.96310501375
다나0599,다다1000,52.0902510003856
마라4587,마라4687,96.5955273851872
다사5914,다사6017,93.8427817107725
다사4957,다사4947,116.985470170022
다사6544,다사5945,54.4325359637614
다사7215,다사6519,106.783086295539
마라4184,마라4082,67.9563535834603
다바6198,다바6097,121.146083559757
다사6855,다사5844,53.9139184090859
다사7038,다사6737,319.394487254871
라마9570,라마9767,64.2446415328035
다사4642,다사5251,70.3495932256595
다사4741,다사4541,82.4148468705664
다사6067,다사6069,97.1691910827455
마라3478,마라3576,54.1505894787012
다사5655,다사5654,55.3382476740149
다바6569,다바6469,87.9408023884494
마마1361,마마1361,53.7663455878278
다바6670,다바6571,108.432976986097
라사0842,다사9943,55.9952031056628
마마5104,마라4887,81.6650756941008
다사2936,다사2734,57.5025406287252
다바6870,다바6968,98.0236220223117
마라2979,마라4080,50.8823834514939
다사3445,다사5251,80.8103654156576
다사5621,다사5521,87.0851776990279
다사3144,다사3245,110.533225090612
마라4188,마라4286,61.2622905930017
다사4803,다사5102,56.5562910305461
다사6324,다사6529,59.3072037845757
다사3149,다사3148,120.754920468594
라사2084,라사1984,80.3717968044487
다사6649,다사6643,54.9154088706166
마라0594,마라0793,52.4343423109794
다사4024,다사3623,127.531678882822
다바6870,다바6469,52.138719259618
다사3746,다사3646,280.375827940313
마마5204,마마5203,56.6061004929833
다사3661,다사3662,56.5637252644475
다라0446,다라0245,66.3039186183049
다사4157,다사5351,103.476295815307
라바0046,라바0046,82.0252558520029
다사6544,다사6546,62.0967567093978
다사5919,다사6019,165.970634170804
다사4661,다사5251,367.34732002242
마라3987,마라3986,65.5539601586075
다사4739,다사4742,110.74718591734
라라1540,라라1540,99.1852194699239
다사6830,다사6632,66.756777929758
다사6310,다사6112,160.380565927306
다사3344,다사3543,69.1061132272732
라바0379,다바9473,81.7236305594324
마라4583,마라4584,68.1823798381372
다사4157,다사4158,102.596126553253
라바3888,라바2686,66.8617744200046
다사1743,다사0541,55.2458399261617
다사7039,다사6631,58.2293172083551
다라4488,다라4587,59.2834591075701
마마6988,마마6989,57.1212411466292
라라9793,라라9991,63.6966001755444
라사3365,라사3466,79.6081194409848
라바3886,라바3885,52.147383235424
다사6352,다사6353,73.6184682329942
다라4588,다라4686,52.7488436692571
다사5422,다사5422,117.252958289826
라라8452,라라8551,120.450504643029
라마9471,라마9566,77.7700037254484
다사3148,다사2556,51.6743208833804
라마9360,라마9361,52.0864266806063
다사3847,다사3445,51.3391059568338
마사2272,마사2475,157.33978829399
마라4890,마라4887,88.0836367638817
다사4540,다사5251,66.8051842595078
라바5822,라바5824,84.7901595345685
라바2886,라바2988,99.7564765465
라사2083,라사1987,80.4165677342852
라마7789,라마7788,61.9738992998053
마라1879,마라1979,120.552205017899
다사2840,다사2741,87.1978828046343
다사4857,다사4653,77.9647527139343
다바7734,다바7833,67.1108741147992
다라1073,다라1074,55.4066898673162
다사4549,다사4947,100.510759352687
다사4024,다사4322,86.7102749241102
다다0901,다다1000,112.851799700955
마마7424,마마7224,74.3514116962496
마라3794,마라3585,67.985193958401
다마2974,다마1975,56.0717175865297
다바6865,다바6966,76.0834251906728
다바7833,다바9213,62.2347177610634
다사5554,다사5251,79.3900514546868
다바9745,다바9745,57.2009255293907
라라5687,라라5484,55.5229201969538
다사5033,다사4932,105.740505617521
다사5917,다사6017,294.568858815268
다라4391,다라4290,69.430649157115
라라1761,라라2458,65.0502757676201
다사6161,다사4947,54.4368353137868
다사6855,다사6446,51.2031066166018
마마6527,마마6723,119.731315607326
라마9358,라마9661,55.3854077348385
다바9013,다바9012,67.5730573175336
마라3793,마라3485,57.3314838099384
마라3679,마라3479,55.7628766972308
다사5944,다사5944,73.9195438215273
다사4447,다사4446,76.458925764179
다바7833,다바8916,249.483998055285
다사5653,다사5553,81.2266568271322
다사3842,다사3645,61.7382626918075
다사4841,다사4742,131.527534509853
다사2257,다사2157,53.8413964698106
다마2975,다마2975,56.0742351564836
마마0062,라마9964,76.3450040446008
다사3737,다사3738,321.409327428066
마마6427,마마6428,52.0260355310537
다사4450,다사5251,193.401929434972
다사5348,다사5452,78.0070696758894
다사7252,다사7448,60.6098349468148
다사3563,다사3564,63.9518858907798
마마6987,마마6884,72.540357315397
다사6644,다사6643,186.526146183057
다사6248,다사5452,65.8903235504254
나바9361,나바8779,55.888579077261
다사4833,다사4932,150.708966220356
마라4788,마라4887,195.914094552901
다사5250,다사5251,187.469135141897
다사5969,다사5971,59.8716548815037
라마9960,라마9961,86.5587784513062
라마9861,라마9864,54.8609087905743
다바9447,다바9649,50.4588919913089
다사4903,다사4803,75.7431231623497
다바8411,다바8917,66.9424845526122
다사6649,다사6547,128.228099701224
다사5148,다사5348,62.1739100068577
다바9447,다바9446,114.582631836057
다사6345,다사6245,101.629334687588
마마0964,마마1164,195.497220548951
라마7494,라마8190,71.0669974167811
마라3482,마라3482,73.7090296799678
다바7831,다바7934,51.6005477400336
다사6188,다사6088,157.506425197684
라바3887,라바3890,97.7878810229353
다사3246,다사3045,80.3562603759456
라마7591,라마7989,184.607377940251
다사6348,다사5945,78.8207133321322
다사4745,다사4746,97.3604552797811
다사4545,다사4642,91.1528910874271
마라0892,마라0891,53.7828728779403
다사6355,다사5351,80.2461322543601
다사6254,다사6049,71.7649462294259
라라5688,라라5687,136.622427858721
다바7833,다바7936,63.2073386495694
마라3587,마라3487,121.621174842274
다사4448,다사4447,58.4903406557262
다사5963,다사5860,69.2059534124194
마라4789,마라4887,175.21839087045
다라0147,다라0046,86.2802421318158
다사2838,다사2935,56.2974533450371
마마6738,마마7029,79.6899079236095
마사2174,마사2373,55.756776820916
다사5132,다사5132,185.047146619005
다사5443,다사5251,102.044578259057
라사2285,라사2187,117.062998986185
나바9262,나바9261,63.6218157250849
다사4703,다바4799,82.454914033928
다라4381,다라4180,54.6047206036866
다사4957,다사5149,77.2507501754157
마마6631,마마6628,82.1810495928347
마마7527,마마7524,62.6969171583661
다바6865,다바6965,79.2886774991636
다사3544,다사3444,131.21475349842
라라9789,라라9790,72.6602468037539
다사6735,다사6529,61.4394291496501
다사5643,다사5642,93.0104261101163
마바0741,마바0941,117.494209932375
라라5585,라라5175,65.5729504358755
다사6529,다사6631,116.389273917656
마라3884,마라4887,53.1073204066767
다사5853,다사5854,134.986189687645
다사6545,다사6643,160.882538162049
다바8818,다바8918,110.113158129261
다사4148,다사4051,62.9762318297067
라마7695,라마7494,83.7265980627407
다사2331,다사2430,114.816272036574
다바6588,다바6196,57.516345698987
다사6929,다사6737,65.2676656497374
라마8454,라마8956,61.6244118231685
다바7833,다바8720,184.431263525373
다사6067,다사6067,54.0894440099773
다사5143,다사5451,66.8606234464796
다사6253,다사6152,62.1210101540019
마라0891,마라0789,63.5108298049306
마라0396,마라0393,65.4284273830983
다사5946,다사5946,69.6299492622684
다사4944,다사4843,66.8790911800087
다사6113,다사6212,81.6780941791445
다마1574,다마1873,68.1108505867867
다라3685,다라3987,148.511970842826
다라4887,다라4786,100.924518617853
다사5970,다사5971,174.869222571804
다사6116,다사6017,222.103453973988
라마8544,라마8648,89.3054774764832
마라4687,마라4387,57.4339919317817
다사4545,다사5351,114.056955422546
다바7890,다바7990,118.805930917538
다바5563,다바5564,50.574676942465
라사1223,라사1222,109.808216802286
라바5925,라바5923,67.3600925346947
다사6642,다사6045,104.762963034222
다사7351,다사7449,58.1508515556606
다사5840,다사5841,54.9495652187014
다사1172,다사1072,69.4585576129607
다바9318,다바9317,64.0751536751991
다사5812,다사6112,86.352166480972
다사5417,다사5316,100.291410309894
마라0254,마라0255,176.023634190144
다바9447,다바9550,65.9305098762099
다사6445,다사6145,91.4219704869902
마마5929,마마6428,92.6749836422086
다사5028,다사5128,250.733226134796
다사3479,다사3578,121.316664651243
마마4631,마마4334,75.5096242497133
다사3661,다사3760,76.2809714464606
다라4887,다마5302,62.1091312049904
다마4229,다마4031,55.3535259253217
다사6850,다사6848,57.8267823132135
다마2875,다마2976,75.2002844527264
다사3033,다사2833,52.4840355649373
라마7394,라마7494,74.0189184402588
다라4291,다라4084,67.4136800047895
다라3468,다라3470,160.127410998001
다사3645,다사3645,226.856968949493
마라4387,마라4692,54.7112622838626
다바7833,다바8818,56.3483601368009
다사5142,다사5742,52.2897751273101
다사6310,다사5718,139.180549601783
다사6043,다사6045,50.0471402488882
마라4186,마라4284,72.9956286335494
다사6749,다사6045,67.6940992947968
다사5332,다사5132,327.413969287735
다바8447,다바8649,108.084650432103
다마6758,다마6858,58.4487802456949
다사5043,다사5143,97.4017913738189
다사5852,다사5351,96.563139671617
다사6250,다사6145,50.73311811188
다바9317,다바9218,58.7515867455099
다라1819,다라1720,83.4162219172363
마라3379,마라3477,128.834312104786
다사6007,다사6206,70.430016300386
다사6633,다사5251,59.6723253522348
라마7591,라마7691,88.2924261025076
다사5142,다사4542,76.7116260954932
마마3803,마마3906,67.0028328155997
마라4889,마라4692,59.8528949390363
다사4540,다사4442,57.9263065991736
다사5149,다사5348,55.9959221585502
다사6350,다사6149,123.97048834631
라사3230,라사3230,55.4672058490575
다사5350,다사5352,53.786505525715
다사6151,다사6151,96.2080390440789
다사3045,다사3744,74.1229327156995
다마9455,다마9355,68.8834234469297
다사3464,다사5251,79.8801874596061
다사6153,다사6152,89.4121204773661
다사5760,다사5451,56.6966009169534
다라4586,다라4684,78.123490649498
다사5536,다사5844,62.9751973366402
다사6849,다사6546,64.1740152011482
다사4644,다사4643,116.961066741961
다사6471,다사6071,75.0585038810497
다바9845,다바9746,50.522329480992
다사7050,다사5251,139.743978293397
다바2377,다바2278,59.6462629072693
다사4348,다사5149,51.8887805480687
다사4947,다사5251,54.9996239206853
다사4443,다사5251,53.6834146842027
마마7176,마마7279,88.1418141761548
다사6849,다사6649,62.4981021646534
마마1060,라마9964,61.6779125156908
다라4588,다라4783,50.8185364420452
다사6323,다사5844,64.0606325021196
다사4844,다사5351,70.4589470187766
라바0048,다바9852,90.9013051146349
마마0262,마마0163,61.173273854749
라마9157,라마9257,198.84658664933
다사5480,다사5480,82.0462389020681
다바9613,다바9613,71.2276335066549
라마9564,라마9564,126.230795041762
다사3546,다사3546,77.0731025386984
다사4350,다사4847,125.388532689234
다사4741,다사4741,57.4850862227752
라마9358,마마0265,50.7295988727812
라마9457,라마9457,50.4752385565599
다사4842,다사4742,90.9648606761804
다바4154,다바4153,71.4628920194092
마라4687,마라4786,53.5687303916932
다마5473,다마5174,92.8984389364668
다사3642,다사4542,50.5197509676892
다사6248,다사6149,210.453771506938
라사3726,라사3928,109.983973296969
다사4244,다사4646,60.9850952181888
다바9546,다바9546,78.9232637484553
마마7425,마마7626,229.736835265691
다사5943,다사5251,77.9032503974766
다사5150,다사4947,352.100370728081
라마9469,라마9767,57.8759773125517
다사2736,다사2834,91.4877421458602
다나0599,다다0901,53.2851356960229
다라1621,다라1820,51.6831987397679
다라4390,다라4192,78.7331335370196
다사6625,다사6528,60.347791201041
라라5174,라라5376,168.183163930604
마사2012,마사1713,72.5076832854222
라사3725,라사3826,52.2635998301617
다사6060,다사6161,73.2199387165662
마라2979,마라2278,100.034130527197
다바9017,다바8511,59.2007983840038
다사4956,다사5552,91.0352075110091
다사4548,다사4151,60.411537023012
다바9852,다바9852,82.6993918363735
라라9791,라라9790,126.187063006199
마라0694,마라0794,61.6946989198577
마라4388,마라4080,96.8291730517028
다사7251,다사7253,56.9816196903832
다사5853,다사5953,100.080532669006
다사5812,다사6214,63.3507798724925
다사4929,다사5536,68.4573884010625
다바7333,다바7833,103.537208830179
다마2687,다마2791,60.7734120313451
라마9162,라마9159,158.758024399528
다사5947,다사5846,50.9346405876036
다사5753,다사5552,92.8279223136394
다사2735,다사2939,90.6087019801544
다사5752,다사5751,81.4852060263775
다바6667,다바6573,50.2260930721309
다바9017,다바8916,294.486731493641
라라5086,라라5387,72.0487095651673
마라4686,마라4786,81.983279726245
다바9546,다바9748,102.561918052462
다사7151,다사7150,51.808415986958
다사5943,다사5351,51.5202472114112
다사4647,다사4947,278.373635996517
다사6747,다사6848,62.5979778438818
다사5746,다사5847,69.913039930577
다바6768,다바6469,57.1880366233984
다사5653,다사5552,100.957917184671
다사6750,다사6850,118.87431602284
다사5962,다사5652,59.4549393762586
라라9689,라라9687,84.212330923411
마라3793,마라3791,103.591375406914
다바8321,다바8321,51.3777854954005
마라1989,마라1990,73.2248690804185
라마9468,라마9767,69.6990652746692
라마7686,라마7591,60.8620226355329
다라4484,다라4183,57.9579094543175
마라4387,마라4587,50.438679546027
라사4025,라사3928,111.529599370165
다바2277,다바2378,69.8592475154098
다사6742,다사6642,180.630354104309
다마2874,다마2974,136.534461876657
다바8511,다바9214,114.020072135687
다사3240,다사3239,91.6514008171444
마마5666,마마5563,60.9663542937767
다사6546,다사6547,228.319258117592
마라1090,마라1089,69.4358772576239
다사6157,다사5452,75.3455934564317
다사4024,다사3422,61.5990855496916
라마9361,라마9964,60.3888661842363
마마1458,마마1059,58.6788312871435
다사4024,다사4929,54.9332309582318
다사4444,다사4947,61.6918921872052
마마0163,마마0165,50.8721907796909
다사2752,다사2749,86.1576281319411
마마7422,마마7525,101.998575643742
다사3045,다사2947,113.092488402002
다사6111,다사6113,132.984437293977
다사4841,다사4842,91.0442071348565
다마2974,다마2874,87.9214904129822
다바9115,다바8916,81.3154017985089
라사2924,라사2622,82.5647672665196
마라3685,마라3485,76.833600626023
다사6159,다사5451,57.4024405413486
다사6310,다사5818,70.3837700571398
다사3661,다사3562,93.6254501409081
다사4052,다사4051,61.7857200676806
다사5972,다사5970,77.7864905235451
다바7089,다바7989,50.9687022058804
라마9471,라마9767,73.9611822620352
다사5052,다사5052,97.8256541250741
마라2086,마라1889,63.0277893223983
라라5085,라라5687,76.7290045395361
다사5119,다사5818,55.4904496817164
다사6645,다사6643,66.2733026977123
다사4147,다사4151,97.8332014342685
다사5755,다사5451,101.133312836895
다바8516,다바8518,125.767214700662
다사6248,다사6049,160.989438358393
라라9687,라라9793,89.273701782947
라마5929,라마5930,126.012311051649
다사7389,다사7388,70.1268919036197
다마9113,다마8913,55.1254337433433
다바9317,다바7833,52.311963527121
다라4391,다라4291,75.6929754287573
다나1273,다나1273,83.5383414880871
다사4158,다사4157,107.73127601951
다사7252,다사6145,52.7947094279179
다사4858,다사5552,69.0541683863299
마라4684,마라4683,63.1260733675361
다사6013,다사6112,57.8908338661313
다사4742,다사4743,81.0894692748781
마라5797,마라4887,58.4072534236476
다사6748,다사6849,321.695390966133
다사3045,다사3046,137.920786619895
다사6844,다사6743,58.1103511719686
마라0853,마라0956,78.338253135236
다사4750,다사5351,63.877429794789
다사3564,다사3562,104.974931201993
다사4956,다사5251,232.172893969734
다바7735,다바7833,197.136976988936
다사3842,다사3445,53.3081131228822
다사6349,다사5944,92.9469145096608
다라4487,다라4587,58.1734323792205
다사4450,다사5351,96.5994072400553
다사5054,다사5251,141.97171504009
다사4747,다사5149,64.7152250291394
마라4493,마라4495,87.2077526793993
다사5342,다사5251,119.399679791859
다사4928,다사5230,61.604102090858
다바8813,다바8917,134.417770358025
다사5946,다사5844,65.0724355566514
마마6886,마마6782,83.3709962293669
다바8515,다바8518,63.6579471895036
다사4859,다사5251,146.251527935324
마마5464,마마5566,76.2253133532319
다사4151,다사4149,88.8598963775458
다사6355,다사6256,50.9513172931512
다사5322,다사5322,73.4629770655579
마마1102,마마1202,85.233026630105
다마5273,다마5272,136.200825549333
마라4085,마라3584,85.7123407472526
다사6841,다사6643,71.6204484347809
다바9122,다바7833,61.6486886073402
마마1361,마마1461,52.4469752225764
다사6748,다사7250,88.4244491021388
다사6045,다사5943,64.0086699650829
다사6223,다사6633,66.6203601833539
라마5929,라마6030,141.304208101874
다사3644,다사3443,71.5692659031252
다마2974,다마2876,65.1715267609655
다바2543,다바2544,51.8251851446171
다사4052,다사4151,180.816682477395
다사5443,다사5844,72.9501539471387
다사6353,다사6145,77.8377559139517
다사5758,다사5754,54.5827134712502
다사4842,다사5251,80.1259208779701
다사4742,다사4641,157.251094665575
다사5756,다사5844,82.3810242054883
다사6012,다사6114,61.0814799520726
마라0455,마라0056,237.842712366802
다사5250,다사5150,61.6650399064722
마마5464,마마5365,50.757465809103
다사5718,다사6117,81.0486296133496
라사2286,라사2085,81.2689441246307
마마7425,마마7321,146.463735712204
다사6052,다사5851,53.1574289708814
마라4686,마라4684,61.3729690783624
마라3879,마라3879,119.444816387134
마라0155,라라9956,59.7391422519371
마마6887,마마6884,64.4566237266685
마바0742,마바1041,65.9088470640772
라라5986,라라5587,91.3624564372058
다사2945,다사3045,141.546185912513
라마9361,라마9562,52.3694811766996
다사4932,다사4929,86.0402205344451
다바9213,다바9214,133.081954301962
마라4497,마마4500,55.0854152595261
마라0892,마라0691,56.6542039782807
다사5030,다사5032,111.391926713852
다사5251,다사5452,393.318879352059
라사2286,라사2084,50.2340004750975
다사3245,다사3144,80.7731745609523
마라0891,마라0793,103.46798588201
마라4986,마라4185,57.435317075781
마라4685,마라4684,127.186727378213
다사5547,다사5348,69.3058050237729
다사4743,다사6045,58.2843711260918
마마1060,마마1160,51.7693372584587
다사6507,다사6206,70.0946419108592
라마9262,라마9160,61.6203170748528
마사2074,마사1881,53.9303627210332
다바2644,다바2545,88.8296678468951
다사4546,다사4646,88.8800602058179
다사4449,다사5452,56.2992193625672
다사4348,다사4653,57.2549105877474
다사6353,다사6046,54.5542273018492
다사4052,다사5251,73.3770961978574
마마3503,마마3502,51.1293893038948
라사1885,라사1987,53.4216558249655
다사2750,다사2749,90.424032761821
다사6648,다사6045,79.7579744421286
다바8818,다바8818,144.265843553812
다사2940,다사2840,87.0058141161102
다사6310,다사6609,146.345728303128
라라1540,라라1839,50.1307567447185
다사3129,다사2827,131.928321574507
다바7833,다바9314,73.788862975059
다사6546,다사5351,75.955327547723
다사4248,다사4746,100.644173795692
다사3130,다사3126,51.5527650395376
라마5392,라마5492,55.6191737201279
다바8433,다바7833,176.911729562021
라바3787,라바3787,63.6866696295519
다사4932,다사5332,67.4605878400131
다사5862,다사5251,137.40159525193
다사3248,다사3248,136.002687578493
다사6052,다사6151,126.994183208708
다사4026,다사4024,61.3975807230289
다사6841,다사6642,87.9417575848442
다사5132,다사5233,127.285713237379
다사6169,다사6070,52.8838734328648
다사4856,다사4957,81.8969629376079
다사5761,다사5859,78.6912828985446
라마9765,라마9863,71.2456339296826
다마6555,다마6556,131.807287872462
마라3980,마라4081,68.529914982379
다사6160,다사6159,58.9539215758352
마마2974,마마3070,223.686472857554
마라3985,마라4185,57.2173480358448
다아7423,다아7523,63.3437402824539
다사6837,다사7038,54.5673003827302
다나1274,다나1273,140.862636164923
라마9357,라마9359,71.8181792201261
다사2548,다사2448,61.515893141793
다사7660,다사6855,64.7670105456184
마마6738,마마6931,184.251907333055
마사2372,마사2373,59.5504301132755
라라5287,라라5388,59.1882418124713
마라4278,마라4278,63.2085541178341
다사4249,다사4051,71.2881424312905
다바9347,다바9448,50.0984097944118
다사5650,다사5751,99.8119680318995
다사2646,다사2543,159.405111218708
다사3140,다사3239,57.9261226805207
다라4483,다라4582,51.6394852237152
다사6050,다사6049,82.7607441095614
다사5650,다사5650,91.9415781058707
다바7731,다바7833,165.023742890338
마마6628,마마6628,96.2521744787215
다나0773,다나0774,81.7049847848699
다사4544,다사4444,78.3411349060911
다사2857,다사2254,61.4473430549641
다사4246,다사4647,61.3989148546248
마마0960,마마0960,58.5740907436521
다바9448,다바9349,50.5337141621238
마바0842,마바1041,53.2770227130657
마라4082,마라4081,174.475674168401
다사5132,다사5232,126.281347611812
다사5760,다사5351,74.0801378941271
다사3140,다사2742,73.7622648082215
다바9016,다바8917,338.02540321243
다사5543,다사5643,75.3619654673202
다사6345,다사6345,103.427517886885
마바6989,마바6990,64.2965818580376
다사6310,다사6515,51.0585321947873
다사1443,다사1044,51.0957558445942
마라3885,마라3483,65.0473092118861
다사6115,다사6216,80.2954679908058
다사4755,다사5351,62.5191201354907
라바0379,라바0283,70.6459950994757
다사2661,다사3158,54.7099616633903
다사5852,다사5451,50.4534822675395
다사5342,다사5343,50.1290017066737
다사2557,다사2556,106.170616249908
다사3563,다사3664,61.9021553064023
다사6053,다사5251,117.572575485251
다사3446,다사3446,64.530014078326
다사5862,다사6063,50.8463894431189
라마9469,라마9765,69.3570327760767
다사4929,다사5229,56.4087280159531
다사3039,다사2939,255.825023990851
다사6749,다사6749,52.5424542298855
다라0146,다라0446,79.9402127143908
다사6743,다사5945,54.5323389812005
다사8261,다사8261,87.6309350062971
다사5653,다사5351,57.2398378787456
다사6734,다사6334,94.7713538662892
다사4351,다사4847,96.7155071350675
다사4742,다사5142,60.0800224929435
다사5042,다사5643,73.1685049307573
다사3139,다사2940,57.1999925933736
다사5856,다사5759,56.7019838487825
라마8643,라마8338,61.5965749495974
다사5756,다사5856,88.2970624604205
다사6252,다사6251,51.1865175649022
마마0064,라마9963,72.242444098146
다나1198,다다1001,59.1549031833944
다사4543,다사4646,58.6414876368593
다다1000,다다0600,57.8464423010809
다다0901,다다0900,79.102054732241
다사2548,다사2749,141.517258005577
다사3445,다사3547,123.986617646689
다사5912,다사6206,62.5876206757864
다사6046,다사4947,73.0731588931859
다사5523,다사5621,100.980002834856
다사6156,다사6056,106.648942985758
다사6529,다사6533,64.0316833629988
다사3746,다사3645,133.488166372098
라사4026,라사3932,56.5089700971196
다바9346,다바9449,69.9311267383705
라마7891,라마7989,132.763708626273
다라2870,다라3469,57.9100016849743
다사1143,다사1044,71.0835121427084
다사6545,다사5251,72.4470771300751
다사6307,다사6310,53.2851617730876
다사3039,다사2734,56.1263700204292
마라4498,마라4496,59.434804391269
마라4583,마라4080,64.4680492257883
마라0254,라라9857,78.4325455779819
다바9348,다바9748,61.7063261125855
마마5404,마마5104,70.7609927992041
마마1101,마마1202,56.0358885418282
마라4583,마라4283,103.772176069663
다사3644,다사3345,61.1134968436401
다사4751,다사5452,57.5374989271799
다사4944,다사4541,56.905390519549
다사4350,다사4250,63.8084781861586
다사6631,다사6633,83.178234957701
마라3793,마라3795,77.2499662200511
다바7464,다바7660,58.1619493085492
다라0646,나라9639,66.7848877882102
라마9157,라마8544,106.092637715783
마라4497,마라4496,100.541457283061
마마1322,마마1323,122.246367856929
마마7425,마마7424,124.007645549305
다아6203,다아6202,72.5962156080642
마마0366,마마0165,52.076933935171
마마7429,마마7525,79.0609279997326
마라3483,마라3584,96.7285971425528
다라3685,다라4783,120.136991348917
다사3544,다사3544,56.0975440384699
라라0459,다라9863,67.6316599106171
다라4580,다라4582,63.0068533779006
다마6959,다마6958,54.7025357139832
라마9672,라마9471,52.6759420644961
다바6666,다바6666,151.047830173519
다사6448,다사6045,69.0017202595907
라마9765,라마9765,55.374484045218
다사3326,다사3224,68.8911513874483
다사7315,다사7415,124.833939636026
다사4955,다사5251,136.276245441532
다사4928,다사5536,68.1143042717069
다사6743,다사5251,60.2767744621008
다사4743,다사4742,58.3535358582756
마마6782,마마6582,60.6579998451177
마라4689,마라4689,53.7368474021922
마라4290,마라4284,77.667501954891
라마9062,라마9062,118.217976875291
다사6211,다사6113,393.052297914148
다바8915,다바9214,87.9433974972798
다사5350,다사5348,57.6644617817999
다사2647,다사2749,133.940321326353
다사5030,다사5132,252.920510730482
라마9661,라마9661,116.163166534926
마라4589,마라4590,81.637839261636
다사4661,다사5653,58.4422699560049
다사4545,다사4643,71.4162215459084
다사4447,다사4947,260.586580942023
마마0863,마마0864,57.2384829389987
다사2439,다사2440,109.131840541907
라바3885,라바3985,55.1632849166736
다사6471,다사6271,77.1790316563958
다사6121,다사6019,89.1653883174443
다사6111,다사6214,80.4362196795364
다나0499,다다0700,126.522932358502
라마9262,라마9563,58.0695775258863
다사4803,다사4803,101.928497133064
다사5759,다사5452,55.9378029936621
다사4956,다사4855,54.0952925275026
다사5759,다사5859,92.3482299954203
마마1966,마마1964,125.498647863651
다사6211,다사6213,90.8742429266346
다사6737,다사6738,204.081185046038
다사3942,다사3842,104.245054561338
다사3044,다사3145,53.6486661889598
다사3660,다사3661,54.5373686531013
다마1574,다마1374,64.6380381394788
라사4024,라사4225,121.241594328663
다사4746,다사4646,78.2879255925417
라라5187,라라5187,76.1472196986558
마라2397,마라2394,57.1818103383133
다마6559,다마6659,69.9467120496148
다사4242,다사4742,62.247214528034
다바6666,다바6667,114.988098083374
다사4125,다사4023,74.9542274293551
마라0794,마라0590,59.9241328950229
다라4583,다라4584,80.1339843380829
다사6006,다사5707,51.8458732690799
다사5760,다사5958,53.2911507265794
마라4889,마라4788,53.6846390873969
다사5718,다사6214,105.60379360497
다사6345,다사5943,58.2519172666705
다사4547,다사5251,154.721385696519
다사4747,다사6145,68.5681180915657
다사4149,다사4151,306.258898193635
마마6539,마마6638,52.5877059802856
마마3076,마마3076,80.0415670534147
마라1253,마라0953,77.7311023450679
라라9397,라라9194,56.561808601817
다사3725,다사3622,144.98400530836
다사6310,다사6105,62.153924937426
라마8962,라마9059,59.8701737468066
마라4686,마라4887,207.27207419575
마라4387,마라4287,91.735843660968
다사3144,다사3345,50.6070240357768
다사6349,다사6348,141.995780212474
다사5759,다사5760,74.096556867523
다사4149,다사4947,175.843441148667
다사5943,다사6045,119.364614957533
다사6063,다사6161,193.013057204719
라사6306,라사5806,66.9852927500534
다사5421,다사5422,81.6842706643131
다사4148,다사4351,78.934550326817
라마9463,라마9462,77.5771223988619
다사5029,다사5128,156.691547931397
다사4639,다사4541,73.1775840310065
다사4149,다사4248,71.8868197517747
다사4249,다사4248,50.1328997615858
다바9517,다바9118,71.8187195564327
다나1275,다나1273,104.868967990929
다사5049,다사5351,117.613217165936
다라3786,다라3382,60.7896378162697
다사2436,다사2535,54.9883016716636
다사6044,다사5844,132.383808848997
다사5328,다사5332,54.1655200806543
다사2644,다사2544,145.819742956886
마사4739,마사4835,114.506673572585
라사3726,라사3826,66.3704999434191
다사4024,다사4024,149.898333411727
마라0792,마라0692,63.338598799678
나라9845,나라9845,57.5570122675095
다사2430,다사2432,219.475936132573
마라1979,마라2178,152.017065303102
다사6630,다사6633,67.1421022229017
라라5086,라라5187,54.1157511236675
다사6355,다사5251,90.541120859983
다사6157,다사5351,58.48159879521
마라0694,마라0894,158.673792540735
다사7348,다사7347,69.0021886707821
마라3880,마라3980,65.7448979405052
다사4746,다사4947,314.597462275844
다마2974,다마2976,103.725290778734
다사5331,다사5132,161.998393852981
다사5856,다사5752,55.6850855860869
다사9621,다사9520,110.623619314693
다사4251,다사4847,53.6236777999421
라바9968,라바9865,111.781878332694
라라5175,라라5175,65.9554532942469
다바6768,다바6573,54.1357122259969
다사6446,다사6644,64.4039042123269
다바7936,다바7833,162.62315100203
다사3843,다사3943,65.70081009373
라마9571,라마8374,63.1472105255732
마라0195,마라0194,89.7698270283144
다사5757,다사5758,93.4324392291831
다라3469,다라3370,59.4222414015721
다사4322,다사3622,58.1062282385123
다바9845,다바9948,99.4225127526561
마마6527,마마6821,121.288126193109
다바9517,다바8916,58.8029411008696
다사5127,다사5132,89.8329582796795
마마6738,마마7128,69.1902262951232
다마2875,다마2774,52.2717992635479
다사5249,다사5350,70.8379473154211
마라4291,마라4490,60.9315526285216
다마6359,다마6660,59.7128668998218
다사6742,다사6644,81.4070121421446
다사4350,다사4251,106.997295493504
라라5687,라라5888,105.335915846452
라마7169,라마7069,145.35083818932
다사3364,다사3463,91.5200564989482
마라3477,마라3576,71.461039516487
다사6370,다사6371,81.6297466906179
다사4953,다사5351,50.0949344289372
다바6097,다바6097,69.1151903900017
마마6630,마마6631,76.114100606449
다사6319,다사6219,69.5274303187185
마마0067,라마9864,56.5742700811991
다마5473,다마5673,97.654836020442
다사5050,다사5352,74.4732904960374
다사6744,다사6545,50.066405855065
다사3047,다사3045,72.4393330049153
다사5251,다사5252,86.6404842485907
다바6185,다바6284,88.2164127762221
다사6052,다사6053,98.5944683240298
다바9013,다바9014,68.4221611135239
다사4833,다사5030,68.7962897907562
마라4390,마라4080,80.0734183300474
다사6644,다사4947,69.8171386587645
라마9162,라마8964,61.4261943788997
라사3925,라사3928,110.546251059718
다라4084,다라4484,101.871173518684
다바6588,다바6290,76.0986056509915
다사3048,다사3045,51.963680953623
마마3905,마마3803,60.8304819427447
마마3907,마마4109,68.5016371465883
다사6250,다사6045,69.2941298584636
라마2025,라마2024,311.048600346802
다사7040,다사6737,149.092847486545
다사4639,다사4542,54.8205672757887
다바9512,다바9314,60.5003122683405
마라4889,마라4890,59.2058111218626
다사6446,다사6145,53.050544647067
다마6555,다마6555,123.303342367511
다사4755,다사4653,63.4766582501449
마바0070,라바9970,59.5495666612347
마라3985,마라4080,66.1026833501878
다바7833,다바9122,95.0584572042279
다라4784,다라4884,57.5628082418993
다바7989,다바7990,67.0695573279885
다사5049,다사4848,53.6634449599347
다사5852,다사5951,62.354901709097
다사4747,다사5944,52.9061843409189
다사5342,다사5844,123.972201018325
다사3039,다사2430,71.2494310912819
다사5851,다사6045,92.8088948840846
다바9213,다바8917,228.506459433317
다바6488,다바6588,159.274831907338
다라0546,다라0146,87.673134418788
다사4750,다사5452,55.1034831493683
다사6625,다사6626,70.5868301171869
마라4494,마라4498,82.5308330800682
다사4735,다사5132,121.189901233638
다사3139,다사2742,59.1363081824868
마마6886,마마6987,96.9942414522903
다사3346,다사3547,57.8035400403498
마마7528,마마7626,110.949181570189
마마5563,마마5565,102.274621141341
다사2741,다사2841,51.8043567976351
라라5289,라라5388,62.6245623462575
다바9517,다바9418,61.4209087375977
라라5688,라라5387,51.4926226155634
다사1144,다사0541,77.7883333171474
다사6936,다사7137,75.8094408183638
다사4834,다사5132,147.827135034971
다사4248,다사4847,75.0390094760189
다사6837,다사6738,61.393258464241
마라0396,마라0396,61.501079179349
다사2066,다사2063,50.7238471748045
다사6472,다사6471,77.5133378727388
다사4835,다사5132,103.970859872951
마라3879,마라4080,86.0289945574245
마라4492,마라4284,60.1019996716906
다바9317,다바9416,73.3022723067573
다사5142,다사5141,53.4736382811671
다사4157,다사4157,137.581721276664
다사4249,다사4251,75.8105848510163
다바5664,다바5465,94.9867300624074
다바0664,다바0665,87.6314451635086
다사5955,다사5251,91.7897290843418
라마3843,라마3743,110.52670642055
다사6544,다사5351,53.6286465111944
다사5150,다사5150,107.042288244065
다바6667,다바6469,111.072545777766
다사4050,다사4151,165.786516329696
라마9458,라마9964,60.0908954041565
다사3952,다사4152,71.0923091382617
다사6160,다사6160,91.9843985783259
다사2735,다사2935,99.8985033080393
다사9420,다사9916,83.8963215998453
다사5042,다사5251,91.7482595641453
마마0062,마마0163,67.8143019533598
다사7251,다사7151,54.1185782347792
마바0068,라바9968,80.3586885760026
마라4289,마라4289,84.9325121658799
다바5265,다바4967,62.7723451525447
마라2397,마마1700,61.4234607928761
마라2397,마마2502,63.6020094521574
다사4852,다사5051,87.3221213667243
다사7056,다사6855,66.9452757130016
다사4747,다사5846,54.0588370965955
다마9890,다마9989,149.604409538868
다마2270,다마2068,51.8069404624677
다사5342,다사5642,75.2435160963955
라라5387,라라5487,72.0854819877003
다마2976,다마3175,52.1028818507879
다바8917,다바8916,85.3268738769721
라사8610,라사8509,93.0848183487629
라라2038,라라2038,50.4585235091169
다마0511,다마0213,75.6804119513797
다라0446,다라0046,61.97299556416
다사2939,다사2939,111.824001273046
마라4498,마라4494,70.5244268778428
마라4085,마라4285,85.4417174697425
다사7532,다사7834,63.0580635786524
다사6254,다사6151,67.064979575183
다사4957,다사4956,166.260969566657
다바2445,다바2545,135.32183514457
마라0594,마라0694,51.3835146345623
다사7268,다사7168,91.5304755437827
마라4584,마라4583,50.790529271613
마라5287,마라5387,119.999689113426
다사7252,다사5844,55.8843749679822
다라4091,다라4291,65.7574396264953
다마5473,다마5373,136.766398137862
마라4290,마라4887,97.7061765662562
다사5812,다사5912,68.4711192972014
다사4743,다사4542,82.9687572350117
마마7175,마마6275,55.5537397553438
다라4485,다라4484,64.4164649615958
다바9845,라바0046,51.619947197993
다사6262,다사6262,134.460625610437
다마6555,다마6455,56.2098505991113
다사7760,다사7761,91.3542633270386
다사4933,다사5251,59.7700796481108
다사4344,다사4545,65.1672348583655
다사4347,다사4647,93.8445923201235
다다0901,다나1197,52.8491142459523
다사7251,다사6849,52.7235328574886
다사3566,다사3562,103.672813497475
다다0400,다다0500,63.4620923238257
다사3239,다사3139,97.4548169586329
다사5843,다사5842,51.4805640419006
다사4833,다사5233,76.8627207828265
마마7429,마마7322,66.6763655754684
다사2740,다사2840,131.131196293754
다바7833,라바0379,55.2181503392099
마라4178,마라3979,53.8729391124158
다바8916,다바9114,88.9029335268682
다사5349,다사5351,117.289681713673
다사6625,다사6525,107.908932873616
다사5816,다사6017,148.672767582405
다사4348,다사4647,97.8704234208401
다라3887,다라3685,122.570722044721
다사4058,다사4157,86.0560217358176
다사2538,다사2538,87.7475870699507
다바6588,다바6289,127.977408359631
다사6750,다사5944,80.4124994654715
다사6210,다사6017,133.665989303922
다마6562,다마6563,58.0613993517722
다사6842,다사6841,99.643538382348
다사5961,다사6149,56.0854968970465
다사3725,다사3525,82.5160430141856
다사4540,다사4642,59.5462501401599
다사4024,다사3126,138.587202841515
마마0960,마마1059,101.39323234931
마라0991,마라0793,149.638452028203
라바0379,라바0580,68.7864041934295
다바6667,다바6969,54.0250098835928
다사4050,다사5251,57.9759734102827
마라4085,마라3984,63.9914129400262
다사6524,다사6633,77.755567034855
마마3803,마마4009,79.2051506430691
라라5376,라라4974,52.2105139042317
다바0664,다바0058,61.8892833671327
다라5273,다라5374,156.565292212666
다사6063,다사6259,50.4205363053901
다사3644,다사3746,52.4092174359455
다사6150,다사6149,117.908949091002
다사3841,다사5452,54.8695519935983
마라4688,마라4689,77.3766776471182
다사4943,다사5944,136.547186088131
다사4350,다사4947,243.971957970739
다바9016,다바9025,58.8654540983679
다사3058,다사2661,142.213236907098
다사3564,다사5351,51.8536929489573
다바9447,다바9349,53.6361298810838
다사5860,다사5860,168.119373250599
다사5851,다사5852,81.9822626908853
다사5113,다사5316,96.0206096327822
다사5820,다사5919,56.2739013042038
다라3685,다라4192,144.706531205074
마사4639,마사4739,58.308000383977
마마1164,마마0964,217.543290322007
다사4342,다사4242,52.537909132534
다사2735,다사2836,88.3896427754838
다사6455,다사6255,76.5989211350957
다사5656,다사5557,53.6167789476244
다라3685,다라4092,51.0422059002953
다사4162,다사4159,69.132641873021
라사4026,라사4027,92.6673825995753
다마2874,다마2976,125.328922840185
마라0991,마라0792,271.59938174712
다바7833,다바7533,51.1833212193401
라바9968,마바0066,94.0679320657125
다사5042,다사5743,53.2029776214161
다사6544,다사6145,111.433740845219
다사4347,다사4947,173.009445026451
다사5761,다사5860,121.380421739852
라마9361,라마8962,53.4020438914208
다사2436,다사2833,105.325829781782
다바2544,다바2651,73.1702353765346
다사4248,다사4149,129.457732868474
다라4581,다라4683,52.3333554364046
다사7315,다사7016,54.26388361735
다사4321,다사5132,71.8053941901579
라라9893,라라9991,127.407108466339
다사2660,다사2660,130.492063113
라마9157,라마9058,56.5466622648099
다사4843,다사4843,54.8616139719312
마라1253,마라0955,68.3529316377859
다마6958,다마7059,62.2711406477714
다사3239,다사2840,77.2585397395796
다바8511,다바8512,137.271829002688
다사6543,다사6643,77.3366198624753
다사4856,다사4956,142.105199725544
다사6749,다사5251,55.4904928335033
마라4497,마라4498,188.147920812304
마마3604,마마3907,83.8777586341659
다사5917,다사5820,64.4321698369562
다사5753,다사5651,67.6731047424783
마라2979,마라2178,96.9164469875313
다사5642,다사5644,87.1115015418167
다사6218,다사6216,64.108799101292
다사6232,다사6533,56.6326601398702
다사4547,다사4947,227.706070244695
다사3366,다사3466,57.9641655050413
다라4488,다라4588,112.384529752122
다사6048,다사6049,167.553222117225
라사2083,라사2183,84.0766437409732
다사4543,다사4544,85.7732594792539
다사5522,다사5622,90.6555835463246
다사6445,다사6546,73.058725520423
다바6870,다바6571,193.283918646522
다사6471,다사6371,89.8812662737352
다사4944,다사5844,100.67042730102
다마5170,다마5271,73.5267831294312
다사3248,다사3247,95.3131755489712
다사5145,다사5145,73.1750794172328
다바9417,다바9417,71.352162705392
다바7833,다바6628,98.4458311205161
다사6323,다사6633,122.149925083696
라마8862,라마8963,64.5898416453017
마라4685,마라4786,66.0053819187867
다사6354,다사6254,110.215539601607
다사5149,다사4151,55.8612248131068
다사5043,다사6045,83.7424257887499
라라9194,라라9193,51.0971015493811
라마2498,라마2497,61.1583561356529
다바9327,다바9025,157.852077755852
다사4147,다사4347,76.1783446110014
다사4422,다사4024,91.2430116089651
다나1198,다다0901,123.797769716076
다사3234,다사2934,62.2910919943605
다사5743,다사5642,91.9348163838606
다마6560,다마6660,58.5757913286339
다바6567,다바6571,143.271561890222
마마5563,마마5462,113.812695774833
라마7788,라마7991,53.9350013598015
다사6644,다사6642,114.703899148555
마라1788,마라1889,54.1780051352822
다사7415,다사8014,61.1055776074715
다사2947,다사3045,63.0279028714603
다다0801,다다0700,65.3121931373807
다사5029,다사5127,53.7990241469195
다바9013,다바9314,106.527570219763
다사6107,다사6206,78.2480112525012
마라4184,마라4185,101.855389522959
마마6644,마마6443,64.7707492134727
라마9262,라마9162,99.0510413527622
다바0763,다바0564,80.4707885608511
마라4489,마라4488,60.9081907815324
다사4857,다사4756,58.0627008984411
다사7834,다사7836,71.3566299652335
다사3826,다사3224,95.6488079256257
다사6848,다사6547,71.2531571038456
다사7252,다사7349,60.5556271248319
마마7424,마마7424,54.0554483365389
다사2945,다사2946,58.6608184675679
다마6556,다마6257,51.7810122111753
다사6855,다사6857,88.3593468265417
다사6844,다사6843,53.4201803406143
다사6842,다사6643,94.9188493910873
다사4321,다사4322,126.748789479075
다바9447,다바9348,65.0088257984092
다사6445,다사6642,63.4234932730354
다사2440,다사2740,55.2373315336113
다사5033,다사5133,56.9082872167398
다라4682,다라4683,53.7221935435852
라마9664,라마9563,67.2844593389867
다사6353,다사5844,86.9126781610168
다사4747,다사5452,123.299465961387
라라9691,라라9791,58.7531750254362
마라3690,마라3791,95.3424593686546
마라1889,마라2092,101.699557823146
다바8419,다바8917,67.4184317699402
다마5173,다마5174,220.311344695014
마마0861,라마9765,53.5716932583953
다사3542,다사3646,91.1200651825243
다바8615,다바8916,69.6941832575803
마라3587,마라3485,82.9520907100348
마마6887,마마6878,55.6549838298556
다사5656,다사5251,94.9801475061492
마라2979,마라2777,172.440112094261
라마7788,라마7988,138.072244402347
다사3129,다사3025,153.75455514937
다사5143,다사5945,60.8434645419414
다사3239,다사2939,63.5911917226621
마마0062,마마0062,74.587107663202
마마0272,마마0270,53.8508550505913
마라3795,마라3488,64.7552685675401
다사6819,다사6920,76.4633143986525
다마4329,다마4229,97.583873474138
다사3045,다사2544,56.2579606872812
다사4247,다사4246,74.6143868647515
마마6781,마마6879,63.6086487999835
라바5924,라바5925,71.154569185573
다라4283,다라4283,101.534451737821
다사4149,다사4653,60.1022813032821
다사4961,다사5251,52.3976788050771
다바6588,다바5683,53.1084467820613
다사5654,다사5552,106.511011016728
다사6310,다사6611,94.4682787573464
다바6390,다바6388,89.842588472762
다바2278,다바2987,56.5437383621426
다다0900,다다0901,135.260339008824
다사2633,다사2430,80.6527681075976
다사3045,다사3145,145.519982824603
마라4494,마라4387,64.3796768636845
다사5621,다사5622,100.050151104058
다사4933,다사5132,210.483286823539
마마4910,마마5010,93.6717715183103
라바5925,라바5924,115.511003243155
다사3444,다사3644,55.88206869857
다사6445,다사6545,69.6760128571108
다사1643,다사0541,76.7473570345986
다사6061,다사5251,94.2462510814141
다사4856,다사4756,98.6875291890089
마라0991,마라0791,151.022623257342
다사6248,다사6249,139.463335572482
마라5387,마라4887,61.1303298517313
다사5820,다사5920,136.346801948614
다라4787,다라4788,79.2246380801387
라라5687,라라5986,209.226494486093
다사6254,다사6149,75.8182042782421
다사3738,다사3638,93.2260494864469
다사3144,다사3244,65.1125408955177
다사4833,다사4833,198.683896573103
라바8644,라바9046,339.392637085895
다바5465,다바5665,81.2028211315895
다사3846,다사3647,98.0345928855994
다마2974,다마2873,80.6336984201036
다사5552,다사5552,74.0250832136477
다사4322,다사4222,63.8515137847662
다사5751,다사5651,124.956987024941
다사4149,다사5351,105.791146351433
다사5029,다사4932,55.868959678397
라마9862,라마9861,76.7344182870703
다사6648,다사6644,58.0464575562075
다사6612,다사6310,67.2709985979117
다사4751,다사5149,57.2446155868929
마라0954,마라0955,83.7768061591701
다사4343,다사4742,51.2504222358813
마마6681,마마7179,84.3201520068285
다라3469,다라2869,117.683448926824
라마9358,라마9257,97.6338095741252
다라3685,다라3381,57.9323215350391
다사4446,다사4447,98.0800510342079
마라2494,마라1993,50.301836513413
다사6214,다사6214,130.29593020173
다사4446,다사5351,53.6424282256246
다사4752,다사4947,97.7563602041538
다바0764,다바0763,55.6292560672314
다마6657,다마6858,71.3983812835421
다사4147,다사4048,76.9585654072758
다마6455,다마6556,66.7411899006406
다사5149,다사4947,338.64089466637
다바9847,다바9845,52.1504689702038
라라1739,라라1540,153.739855816961
다사6353,다사6350,54.8447149554169
다사5150,다사5452,146.56226617552
나라9745,나라9744,52.2627047792494
다사5914,다사6114,97.6669575497267
다사6372,다사6272,68.995459390056
라사3726,라사3726,137.895105894844
다사7933,다사7834,149.008060782613
마라0892,마라0794,77.7544459897493
다사5143,다사5143,154.647815367564
라마1579,라마1479,50.9527237419515
마라1890,마라1599,51.1622127744438
다사0817,다사0515,78.213677741665
다마5174,다마5273,58.105867978253
다바9952,다바9852,101.581944386964
다사2746,다사2645,66.3957874918104
라마9564,라마9061,64.2130198917592
다마6556,다마6660,87.2004160519075
다사4858,다사5251,169.551165413334
다사4754,다사4653,102.470099251192
다사4932,다사4742,62.9399908912257
다바5564,다바5565,61.7847046951398
다바8511,다바8912,76.4883576097376
마라2895,마라2894,108.765634391294
다사3238,다사3139,52.9089961507741
다마6060,다마6163,69.0446025342888
다사4643,다사5251,74.466216820924
라마9666,라마9566,77.9842108037733
마라3678,마라3775,52.4461337791329
다바6571,다바6472,63.0706506235891
라라1540,라라1748,144.308857591887
라마6291,라마6092,51.7367377567086
다사4851,다사4653,55.0595224974005
다사2840,다사2734,106.632495830999
다사3134,다사3133,78.2781816715417
라라5186,라라5388,87.9272891064686
다사4647,다사4746,71.4599199473507
다사4859,다사5352,50.8398578876568
다사6546,다사6445,73.4166712738418
다바6730,다바6730,160.453015001992
다사4957,다사5552,98.2977930754434
다라4581,다라4484,56.707863881008
다사4743,다사4642,97.1752183443226
다사4247,다사4248,65.7959384060348
마라0793,마라0894,167.111104367019
마마6782,마마6783,78.3175194083603
다사3842,다사3943,123.668508854715
다다1101,다다1100,69.438098790736
나라9746,다라0146,101.430422678631
다사5244,다사5245,93.0206331595595
다사4931,다사4932,99.6213794821251
다사4157,다사5051,68.2548198806442
다바1917,다바1817,94.3194364419793
마라4287,마라4283,81.7930310173765
마마4631,마마4631,108.772387313452
다사6750,다사6647,75.5006836822993
다사5753,다사5551,53.6506676813257
마라4682,마라4582,50.4139757551586
라라9687,마라0792,80.5485361097061
라사6204,라사6305,71.6897694015288
다마4229,다마4130,286.574998320221
다사6248,다사6148,82.6881002057725
다바7375,다바7375,52.1647753776304
다사2839,다사2840,56.3629063934666
다바5664,다바4963,53.0219449797015
다라0546,나라9639,53.2250153901502
다사5760,다사6149,51.9427880805927
마라4692,마라4793,82.0801590961345
라마9157,라마9061,117.447532646916
다사5759,다사5351,65.0441468085163
다사6261,다사5351,142.785107632447
다사3045,다사2944,75.2711637833504
다바8518,다바9213,72.8564574443351
마라2495,마라2494,113.06948782233
다사3826,다사3624,54.2435518627332
다사6206,다사6113,127.615191706412
다사2934,다사2934,59.7384831370052
마마6631,마마6831,54.630661366691
라바0379,라바0787,64.0500849121243
다사4752,다사5051,91.473896753024
다바9517,다바9317,65.2963821538034
라마9458,라마9359,77.4528822228085
다사6737,다사6632,87.1804005478959
마라0792,마라0988,60.1007133844896
다사6544,다사6643,120.657648036152
라라9791,라라9991,72.7068915481333
마마3603,마마3907,84.928000722057
다바9317,다바8916,92.1131670288834
다사5860,다사5759,83.8154271255849
라마9064,라마8962,77.2742530201562
다사5143,다사5844,160.419216248997
다사4751,다사5251,116.623092698177
마라4185,마라4286,73.2182784176428
다바6590,다바6390,65.1309421406296
다사5232,다사5251,69.3121736719872
다사4341,다사4242,52.369075789718
다사4857,다사5352,79.2269976111382
다사4958,다사5551,60.6120971697874
다사3922,다사4024,83.6603945030925
다사3952,다사3953,83.9236136120969
다라4787,다라4887,76.5162432347414
다사5644,다사5251,81.0482653911345
다사2739,다사2739,52.9314195620759
마라4689,마라4590,50.3420879788454
다바9945,다바9745,80.1033475152326
다사3028,다사3126,101.649214706681
다사5861,다사5760,54.0895164197046
라사6306,라사5906,67.8298519475327
마라4290,마라4291,126.730510011341
다사2262,다사3058,150.395228194821
라라5359,라라5259,113.994161568735
다사3545,다사3446,87.0979721216423
다라3786,다라3691,52.9673690337124
다사5422,다사5316,70.1979557919249
다사5523,다사5623,65.5470281577158
다사4703,다바4896,98.1079581231579
라사2286,라사2186,122.788941318533
다사5536,다사5251,93.7431780542644
다바7833,다바8044,79.9081750911312
마바0068,마바0070,69.087705752258
다사6248,다사5846,65.6581219944748
라사4124,라사4027,54.6021489681041
다사4450,다사5844,58.2120170969038
다사3145,다사3047,60.8285227851868
다사4447,다사4346,61.598429419634
다바9015,다바8916,106.735054428082
다바5664,다바5863,57.2621806373672
다사3851,다사4151,144.126335046373
다사3544,다사3645,119.428083931062
다사6849,다사6643,101.009121967879
다바8518,다바8318,50.8166040943803
마라3678,마라3576,60.0739915820393
다사3543,다사3841,98.6633895882793
마마6428,마마6527,59.3679543574628
마바0840,마바0941,68.9342233277489
마라4590,마라4590,54.5869299216314
마라3483,마라3485,70.462028252863
마마7422,마마7322,57.5804157924983
라마7591,라마7788,103.751596891672
다사4159,다사4159,51.2509358802627
다사4148,다사4947,117.60157554103
다라0146,다라0547,57.8379614469561
마마6228,마마6528,103.081642532401
다사3943,다사5351,54.4479649266667
마사2475,마사2174,144.657627246772
다사6448,다사5844,65.2826444028637
다바8915,다바8915,72.4916736003837
다사3227,다사3129,59.3709051912548
마라2496,마라2693,70.298034980863
다라3685,다라3787,107.443949434722
다사3642,다사3642,83.2634538285843
라마9471,라마9572,166.130706419055
다사4230,다사4331,54.1604399549846
다바9348,다바9447,94.3945788561364
다사3445,다사3643,55.2260566908119
다바8818,다바7833,105.767253327154
마라4489,마라4389,94.4978937598368
다사5050,다사5051,173.393146182289
마라2397,마라2893,71.5204455738014
라라9686,라라9687,139.422839857412
다바9474,다바9473,82.8217284937606
다사4147,다사4548,51.1442603208121
다사4943,다사5743,55.7790694257982
다사6454,다사6354,106.006535695964
다사3427,다사3126,66.9721682331253
다사4247,다사4351,62.3550921943026
다라3786,다라3790,106.970412248722
마라5086,마라5287,52.939923016215
라라5687,라라5288,91.5286646208311
다다0700,다다1000,58.343707881205
다사4933,다사5234,80.8560370405227
다사3743,다사3643,75.683567133094
마마6426,마마6821,61.1823522556251
다사6161,다사6162,125.202290732484
마라2494,마라2191,86.3003559257408
라아9423,라아9422,200.8338977577
다사5857,다사5553,52.0049822248893
다마2974,다마2974,119.434078249648
다사1044,다사0942,66.6664887917038
다바8145,다바7833,115.183612393922
다사7449,다사7348,75.4851077812936
마라4187,마라4284,59.0768777126642
다사3543,다사4947,92.5964946212284
마마1060,마마1259,60.240616832262
마라4290,마라4387,73.3168929191445
다사3134,다사2834,74.3726612622041
마라4387,마라4185,94.0445312703364
다나0699,다다0901,64.3848205797461
다라4090,다라3685,86.0968064253994
다사4126,다사4024,79.8886139326978
마라4082,마라3980,50.6059099720575
라마7788,라마7989,197.411948320677
다사3243,다사3243,112.164973249211
다사6212,다바6293,103.708031442771
다사4844,다사4742,68.4243395389471
다사6848,다사6045,72.8427843114187
다사6526,다사6527,78.5610985274665
다사4322,다사4223,70.9384754553269
마라3785,마라3885,81.0218037449779
라마9357,라마9058,68.5901301484227
라사2086,라사1986,69.8874016395593
다다0901,다다0901,87.6524147157593
마마7527,마마7322,65.008287128394
다바7833,다바9025,185.339353884931
다사6737,다사6633,371.063162049947
다나0598,다다0901,88.7628931260185
라아9423,라아9521,56.9019994148564
다사6737,다사5844,100.830181572116
다바4987,다바5091,73.7108803467099
다사5855,다사5552,54.2173118823941
다사6017,다사5718,67.6581491082064
라마9964,라마9963,61.5988768002418
라마7989,라마7988,86.1551793915128
다사5860,다사5652,102.002620425549
다사4661,다사4661,77.2910519836299
다사5956,다사5956,76.8052804980703
다나0499,다다0500,91.0931595931351
다사6644,다사6744,59.027139846636
다사5856,다사5855,53.4440825638565
마마6781,마마6681,81.2109570346138
다사5959,다사5859,102.842534843313
다사3738,다사3738,164.078306993629
다사6304,다사6206,56.3514082651307
라마8240,라마8338,103.275902810544
다사4956,다사4947,59.4111211544364
나라9230,나라9139,95.7209455230967
다사3033,다사2932,77.4224586612008
라마9766,라마9767,78.7170575957127
다사5718,다사5316,117.887083687231
다사5049,다사5150,86.1065985779048
다사5043,다사5944,54.4922518550472
다사7554,다사7553,50.6971306501852
다사6737,다사6740,96.1419262538544
마바0742,마바0741,76.9588912255
다사3543,다사3645,220.55254803939
라라5687,라라5487,63.078541877106
다사6448,다사6145,51.7073501448278
마사4739,마사4738,53.7168915594687
라바0147,다바9948,74.1208547311178
다라4284,다라4783,69.2248005259126
라라9687,마라0491,55.8356702616415
다라3584,다라3685,74.7340790657674
라마9358,라마9058,50.2562135161622
마마3603,마마4108,57.2529048830858
라마9861,라마9961,53.5852610734153
다사6251,다사6351,55.9041007473008
다바6094,다바6097,55.9901343267492
다사6323,다사6323,92.0150599144569
다사3543,다사3647,85.2045036882059
다바8511,다바8814,51.4109209877725
라마9062,라마9061,162.128515985093
다사2646,다사2642,54.0355972491516
마마5464,마마5562,76.4847317734646
다사4955,다사5351,87.6903370899409
다사5342,다사5942,71.1688634604208
다사3642,다사3647,50.6288190112452
다사4222,다사4024,139.980302308055
라마9664,라마9363,52.1700111948803
다사3344,다사3646,59.395495319029
다사5843,다사6017,62.4260132693946
다마4972,다마5173,52.2879271228596
다사2740,다사2742,153.974643541131
다사4956,다사5451,61.9587684634947
다사4857,다사5451,75.8805633448035
다마6663,다마6361,59.8588984530637
다사4449,다사4646,78.4613818858558
다사2556,다사2455,64.2323746903816
마라4384,마라4285,71.412808737221
다사4537,다사4539,61.3369178049628
다사3348,다사3248,99.7977120173936
마마6738,마마6631,73.6783554499877
라라0261,라라0262,122.829671855093
다사6625,다사6524,105.432280891966
다사5523,다사5522,55.8613706480264
마마0964,마마0265,51.3034937085095
마마0263,마마0163,90.1275318073675
다사6747,다사6647,69.4625491053376
라바9970,라바9968,75.5393635362644
라사3726,라사3230,56.5389628467717
다사6622,다사6723,50.7411132350979
다사5860,다사5859,132.835013297537
라라5587,라라5686,84.1507482327281
마마5462,마마5462,108.049914940547
다사6054,다사5251,103.328255536949
라마9162,라마9161,120.862150943394
다사6345,다사4947,74.2343081800801
라라9689,라라9791,59.0923816472038
다사4943,다사4946,69.7175309004686
다사5750,다사6145,72.2079821584286
라사2083,라사2084,78.2398071985585
다사5230,다사5132,138.383827772955
다사6841,다사6045,85.0664955530676
다마6663,다마6560,62.1423102786621
마라0793,마라0694,62.594669436029
다바6388,다바6488,74.215055343801
마라4682,마라4583,119.762248978629
다라3685,다라3690,150.884874365174
라마9157,라마8643,76.5339828050372
다라0346,다라0146,83.7177258501118
마마7425,마마7423,83.6578954960117
다사5143,다사4943,89.5765905758957
다라3685,다라3583,79.2853356585443
다사4648,다사4847,106.219396984695
다마5273,다마5273,115.880428909988
다사5942,다사5843,69.7390464024866
다사4661,다사5452,124.727394388502
다사3156,다사3058,95.4661438405127
라마7788,라마7686,53.6655575499021
다사8261,다사7761,60.9300934447651
다라3787,다라3888,74.9502693105269
라마9162,라마9361,83.8184500030454
다사9943,다사9943,162.182508402152
마라0452,마라0254,131.546764196761
다바9117,다바8917,70.7972946891948
라마8240,라마8544,54.3815599516076
마마1965,마마1964,114.94609944498
다사4733,다사4833,89.6911875867444
다사3244,다사3243,59.2537351245276
마라1879,마라2378,159.839015191464
다사5760,다사5452,86.4041438738114
마라4284,마라4887,76.6816406503152
다사5760,다사5758,67.2797405495933
마라4688,마라4692,51.032115435814
마마6527,마마7525,60.4767419628942
마라1090,마라0894,51.0947825005828
다사5133,다사5251,51.5579867717138
다바9257,다바9156,53.1326749204462
다사3039,다사2740,84.6217015687591
마라5086,마라4185,50.0423127248391
마사2473,마사2373,82.3186113206711
다사5142,다사5844,265.140999532702
마라3483,마라3483,93.5926383488015
다사5030,다사4929,263.977531015139
다사6119,다사6019,54.1114140419839
다사5143,다사4642,75.1250163720003
다사6527,다사6528,87.56728242677
다사5753,다사5751,54.9658511043574
라마9560,라마9560,63.2041663317526
마마1420,마마1322,95.6926961209017
다사6015,다사6310,56.7365271062261
다사5127,다사5027,91.5693914193353
다사6048,다사6149,126.186114654911
다사3744,다사3744,69.490675172471
다사4744,다사4744,56.9816014392469
다사5231,다사5132,169.453407843885
다사3327,다사3026,155.777760403951
라바3884,라바3887,109.680083337291
다바9122,다바9327,59.0853984779475
다바9446,다바9546,61.977382069178
다사6053,다사5752,50.7608433658799
마라1990,마라1987,98.5500755403238
다사5045,다사5251,90.7256948959021
다사5756,다사5756,90.3228072744763
다사2646,다사2643,108.361871500415
다사6358,다사6161,66.7710391848656
라마8389,라마8388,67.1357477858995
다사5030,다사5130,138.314716385072
다바8851,다바8448,60.4722837380067
나라8609,나라8610,81.6888216628098
다사2436,다사2331,81.2462062460891
다사3566,다사3566,114.387420205236
다사4449,다사4947,288.701840519238
다사4149,다사4150,117.089681116566
마라1890,마라1990,104.491309361611
다사2735,다사2430,116.225454168445
다사6350,다사6349,81.0223968525683
마마1060,마마1158,51.8985548763978
다사5821,다사6019,66.2164586599635
다나0699,다나0599,80.4945139848624
다사4244,다사4947,108.446994550298
다사4929,다사5027,73.0502655379858
라바0045,다바9748,54.2034039354154
다사3227,다사3227,58.7670866018181
라라1738,라라1540,75.1082160291719
다사4151,다사4847,74.0491838964103
다사7215,다사7213,67.5310203356591
마라2393,마라2494,87.539771950729
다바0565,다바0765,50.4867701303772
다바8913,다바8917,69.0712070301869
다마6498,다바6200,66.3471383009925
라라5387,라라5388,77.6398718673683
다라4483,다라4783,72.4421998108854
마라4496,마라4496,105.571567261894
다사3544,다사4542,81.4386463868853
마마6886,마마6886,57.4601973319794
마라0856,마라0255,65.0653913468661
다사2342,다사2241,108.270929634329
다다3191,다다3091,88.3744882456441
다사5758,다사5251,139.097429392894
다사4852,다사5351,66.2627719928636
다사2942,다사2742,84.5887680783973
다바6587,다바6293,52.7094998263249
다마6654,다마6755,104.96714735196
라사2285,라사2184,59.5785193409957
다사4024,다사3523,101.630989275295
마마6638,마마6840,72.3451999430791
다사4125,다사4024,259.223695392877
마라4791,마라4790,59.3857259428659
마바0717,마바0718,82.8509179201424
다사4960,다사4859,60.3612659050361
라라1937,라라2037,78.6509868799763
라라5361,라라5657,63.836068728541
마라4688,마라4589,129.815344830207
다사6644,다사6045,66.8186905943021
다사6065,다사6064,50.886531994793
다사3842,다사3742,63.2685611264161
다사2342,다사2243,52.4080269866058
다바7833,다바9319,63.6438969864442
라마9563,라마9363,54.1958941627031
다사3726,다사3125,54.3615345973768
마라0792,마라0792,88.3580767757773
마사0332,마사0331,51.1115635181096
다사4148,다사4149,109.090822538144
다사6154,다사6055,115.231832651628
다바8320,다바7833,62.1742164310719
다사6351,다사6351,78.8680078656629
다사5758,다사5760,64.675211429313
마라3791,마라3487,78.2248826311048
마라3679,마라4080,78.0267454776515
다마8811,다마8913,98.2577891560554
다나1198,다나1296,57.3005886909525
다사4642,다사4641,114.964284015374
라라9995,라라9894,96.7490446958491
라마8389,라마7989,130.096924606101
다사3233,다사2939,62.5360952134007
다바6770,다바6069,50.9931574770397
마라4488,마라4387,98.6827457484811
다마6457,다마6060,63.2119464446637
다사4248,다사4351,70.5885757582562
마라4383,마라4283,139.243852823083
다사5028,다사5229,80.0810434331531
라바3885,라바3987,50.4414945466952
마마0863,마마1164,56.3719539674283
다사4011,다사3906,158.305799847211
마라4682,마라4581,51.2141790907096
마라4787,마라4786,54.1426829307694
다사6625,다사6633,137.495635557578
다사5142,다사5945,104.950225277341
다사6216,다사5718,131.6880180213
마사2475,마사2375,78.0501080594101
라마9967,라마9765,110.288682023778
다사2840,다사3045,61.9804183575243
마마1060,마마0961,56.9685470050028
다라4184,다라4084,98.4495412133594
다다0900,다다0500,52.7399718872179
마라0991,마라0794,90.4015121859827
다사4247,다사4347,181.994246223791
다사6937,다사6633,56.9101360480552
다사4750,다사5251,158.611629161466
라마5592,라마5591,68.9613641480412
다사6749,다사6642,69.7279654106342
다라3685,다라4684,70.3682440525715
다사6345,다사6643,81.8265639031087
다라5374,다라5274,90.0786270813044
다바6071,다바6571,171.373614210953
마라1979,마라2382,185.847984723048
다사5536,다사5132,108.257139294489
마라4488,마라4388,119.669545146997
마라3881,마라3979,109.09289647589
다사6850,다사5944,54.247750234844
마마6731,마마6631,57.9631021128987
다사6210,다사6210,71.8932244688153
다사7351,다사5844,51.4455686028371
마라4276,마라4078,98.6840222414495
다사2431,다사2433,50.7190644266397
다사6252,다사6152,90.7260291141034
다사2640,다사2543,56.551573589528
다사5810,다사6206,61.9617842547953
마라0792,마라0590,86.9878674961055
다사3684,다사3785,73.7444048230565
다사2436,다사2431,57.4686690654701
다사5960,다사5962,55.4911021584564
다사4641,다사4442,99.2319021894069
다바8518,다바8720,178.811435480375
라사2287,라사2087,50.2749780999877
다사6248,다사5946,59.5308840685326
다바8926,다바9126,71.4263361307409
다마6663,다마6664,89.7512086353563
다바6388,다바6588,59.8708414997594
다사6856,다사6855,144.33300194148
마라2092,마라2092,52.9632393756712
마라4490,마라4489,67.769615202546
다사6754,다사6855,134.986816755722
다바8618,다바8917,80.3723404366223
마라3992,마라3791,110.855757059084
마마6681,마마6582,63.7927633583749
다사4844,다사4947,181.96122302812
마사2273,마사2373,72.660755957107
다사7448,다사7349,56.1792337952713
다바9122,다바8719,56.4256501136582
다사3247,다사3746,66.4844745075693
다바1817,다바1916,145.629653319373
마마6580,마마6582,61.9847914640912
마마4910,마마4909,111.166067698227
다사6162,다사6161,218.874524672166
다사6642,다사6543,58.706166726113
다사6116,다사6114,55.0084892751804
다나1198,다다0700,118.945745913047
다사4148,다사4542,77.191248975003
다사6350,다사6151,68.975016874559
라마8762,라마8663,64.0365142281071
다사6747,다사6747,76.7719158863407
다사3451,다사3248,56.9687315638788
마사2475,마사2172,59.8904513690262
다사4647,다사4646,140.933601133409
다사6020,다사6019,132.880097588558
마사2274,마사2475,63.8549850593472
다사3760,다사3662,61.9216455583581
마라2394,마라2092,126.038895356478
다사5127,다사5127,74.2299264011089
다사2942,다사2941,76.9885443641953
다사6011,다사6113,95.7914908683903
라마2025,라마2025,121.895816721862
다사2827,다사2926,177.705124973074
마라0852,마라0954,67.3123212976424
다사6841,다사5844,55.0065888282059
다마5273,다마5170,55.2939550565251
다사5452,다사5452,96.8762986876457
다사3233,다사3233,69.8243531924685
다바9018,다바8917,127.688887042073
라마9572,라마9471,91.0013558593328
다사6530,다사6631,112.637116724449
다사5149,다사5250,57.1707029073906
다마6563,다마6660,52.67351148788
다사3146,다사3045,112.888890174207
다사6747,다사6045,66.1974406487069
다사4860,다사4859,66.8425576180803
나라9739,나라9839,54.3918264175722
다사9816,다사9916,105.108213373931
다사6842,다사6737,77.6981942742218
다사3846,다사3646,152.99052734876
마라3679,마라3979,78.8531590653927
라라2060,라라2259,78.6041929147569
다사5142,다사5846,61.2793772618935
마라4383,마라4284,168.942093088515
다사5027,다사5129,79.5752106264625
다사5045,다사4947,111.113843675235
다사2432,다사2433,109.455192335952
마마7322,마마7525,95.9753264607845
라라9791,라라9687,73.2023012176698
다라4290,다라4291,66.9069795042656
라라5174,라라4974,50.6062195843954
다사3446,다사3547,83.9740130947281
다사6455,다사6049,80.4074304299311
다사5969,다사6069,68.1680625704474
다바8518,다바8621,88.4751588539915
다사5914,다바6293,88.8959450466013
다사6748,다사6045,134.585092250573
다사4346,다사5251,141.717317024363
다사6252,다사6049,81.4676831258586
다사4147,다사4747,75.5633739532822
다바6766,다바6767,63.1510830596463
다사5918,다사6019,143.499843327519
다사4148,다사4251,55.6172248884581
다사6052,다사5351,90.9241202538613
다바8321,다바8720,123.916249181183
다바8925,다바9327,128.024680442019
다사6528,다사6634,50.004456356389
마라2397,마라2495,101.356210970027
다사4942,다사5351,92.1973114167062
다사2660,다사2257,60.800809413579
라바0611,라바0808,53.2837596829544
다사6262,다사5351,74.0414558026158
다바6666,다바6466,57.4860075010041
라마7695,라마7696,65.7621938954942
다사4642,다사4643,309.297767372782
다사7532,다사6633,91.2945143351751
다사4746,다사5352,51.6221457381362
다사5049,다사5352,102.20362598912
다사3247,다사3249,54.9311081330204
마라0954,마라0953,132.771061379725
마라3579,마라3479,66.6990612723323
마라4387,마라3979,56.0718254486541
마마4910,마마5014,90.0356193830859
다사4536,다사4537,69.0320551637659
마라4383,마라4483,77.0930866656475
다바9845,다바9449,84.8566863430749
다사4854,다사5051,81.8290603274161
다바9328,다바9327,115.72410160323
마라0195,마라0691,58.2300981459077
마라4082,마라4283,76.0652941017849
다사5543,다사5844,59.262537376518
라마9027,라마9318,68.607541070898
다사4855,다사4747,51.0670521118081
마라3487,마라3488,90.1130262826969
마라2397,마라2493,60.2645262733834
마라3986,마라4283,69.907597981443
다사3327,다사3425,91.1857722348077
마라1889,마라1990,117.125661612648
다사4150,다사4250,51.2599147475232
다사5745,다사4947,70.6477389744559
마마6631,마마6432,162.494317468572
다사6012,다사6310,82.3047288931203
다사5343,다사5251,145.194593846591
라마7695,라마7492,59.0770045936677
다사5150,다사5051,104.643224345097
다사5651,다사5652,77.6088063232566
다사5132,다사5130,77.2646864725275
라마9572,라마9470,69.6328561246485
마라3991,마라4389,50.7355846664358
다사4246,다사5251,106.869111483037
다사5343,다사5442,75.6472624224905
다사3661,다사3761,56.3624488801198
다사4832,다사4932,60.6443698245291
다사6345,다사6444,57.8096458536891
마바1077,마바1077,94.0754618499305
다사3045,다사5351,67.1198343637781
라사1987,라사2086,53.7553263116838
라바0765,라바0764,106.800781517679
다라4290,다라4192,80.6538754058681
라바3985,라바2686,51.7696620276318
다사4349,다사4747,50.2174543325534
마라4284,마라4284,178.169375778185
다마6555,다마6557,72.0308403053259
다사6445,다사4947,89.18491842704
다마6708,다마6708,172.81710053686
다사5124,다사5124,95.2086459111686
다사2556,다사4653,54.7590137480491
다사4847,다사4947,195.633472844063
마라2794,마라2794,140.680076406629
다사3129,다사3523,56.6234333959334
다바0665,다바0764,71.5010018571901
다사4754,다사5251,83.5493683411708
다사2836,다사2834,68.2307686957815
다사4959,다사5351,68.3502609671357
라마7789,라마7890,83.2196211210844
다사4162,다사4661,70.4729264662334
다사6162,다사5452,56.9149305356831
다사6216,다사6113,113.321358898817
다사2262,다사3158,72.8866092356663
다사4943,다사4944,73.0904961430345
다라0546,나라9738,63.6169869081711
라마9471,라마9477,66.030041921501
다사6358,다사6457,51.3715429102118
라라1839,라라1940,76.3131670612197
다사5861,다사5351,94.457831181746
라마9463,라마9564,80.3750902283833
마마1101,마마1403,68.9063480223864
마라4688,마라4387,78.4403997071953
마마3502,마마3907,89.9468938087791
라마9257,라마9157,88.2376053804587
마마0261,마마0163,50.9031084010821
다사4250,다사5251,73.9729856472797
다라4291,다라4192,131.063374252705
라아9422,라아9523,82.9503625314913
다사5850,다사5351,75.5371623035479
마라3794,마라4284,58.6205532529956
다사5212,다사5316,79.8791046701504
다사4143,다사4344,50.8395831856904
다사3643,다사3743,72.1611598903988
다사5332,다사5251,99.2231509865882
다사4943,다사5943,77.8147926335043
다사3233,다사2833,71.8255047367592
다사6261,다사5452,56.3579255516237
다사5231,다사5232,80.8415442758454
다사5820,다사5818,57.4805376395024
다라0147,나라9844,55.567346338378
마라2777,마라2679,59.6788523798179
다사7152,다사6749,53.2464998044898
다사6310,다사6212,146.394941835503
다사6054,다사5954,64.2080537962606
다사2736,다사2735,208.288738260713
다마6656,다마6558,53.9870690839004
다사7449,다사7549,57.0565071915556
마라0990,마라0991,67.6286955781848
다사6750,다사6950,71.8885000651978
마라5193,마라5093,77.3088211223602
다사6511,다사6017,94.7163093922145
다사6325,다사6426,121.957141150495
다다0900,다다0700,121.691860879519
다사5044,다사6145,51.8282439969309
다사5333,다사5132,197.094030080224
다사6156,다사5351,61.7599272495083
라바6024,라바5924,83.5331160334428
다바9357,다바9255,144.357888006075
다사4959,다사4859,75.7258148851547
다바8511,다바8911,66.8767771586544
다사5342,다사5441,77.1578765513423
다사7251,다사7152,56.1965050295585
다사6744,다사5251,62.7704894958999
다사3927,다사3622,100.133646407347
라사1985,라사2187,79.2936890502253
다사5845,다사5844,146.557131612591
다사6252,다사4947,51.1832165892381
라마8762,라마9361,61.7726737627637
다사5522,다사5718,59.997026555719
마라4494,마라4494,128.249767142447
다바6888,다바6588,76.1572891547671
다사6526,다사6625,60.7547632949533
라마7394,라마7295,50.8716733967031
다사5249,다사5351,88.4550650958511
다사3952,다사4052,81.4047206517753
마마1361,마마1964,242.812512485083
다사4858,다사4653,55.5495900951446
마라4789,마라4692,53.3467088512361
다사5042,다사4742,56.6633754197248
다사6737,다사6634,155.861543627468
다사6006,다사6307,63.1536265472421
라마9471,라마9468,54.9461169069989
마마6987,마마6883,88.8055014922835
다사4640,다사4643,89.777397793877
다사6353,다사6352,73.4671727177026
다사4858,다사5352,56.7972760153274
다사4928,다사4932,59.1041637838808
다사4942,다사6145,98.5407445606328
라라3649,라라3847,52.7331422743185
다사4750,다사5049,55.7754911766077
다사6529,다사6045,60.8597405473993
다바6097,다바5897,91.3878987320141
다바8447,다바7833,52.5427455120262
다사6252,다사5352,56.148131419382
다사2660,다사5251,77.9159054491363
마마7429,마마7428,78.7857758734761
마라5286,마라5287,139.953531035426
마마6539,마마6833,55.6564840547264
다사4151,다사4052,60.3611329588029
다사4421,다사4024,54.776623418291
다사3129,다사2928,58.7390807387289
다사6249,다사6049,94.5359405194148
다사6157,다사6149,65.4112261291631
라라5361,라라5360,129.464679753236
다라3483,다라3685,69.0913008587557
라라9687,라라9584,136.352328046434
다마6060,다마6164,56.8481381790015
다사2946,다사3047,73.4693438924539
라마9262,라마9361,76.11789351987
마사4244,마사4149,75.7990266729962
다사5817,다사5718,141.910242706808
다마6459,다마6262,59.3731696304684
다사7348,다사7245,60.5944340701818
다사2827,다사3026,83.3142753213669
다라3685,다라3686,98.1044149938442
다바8511,다바8817,67.2606370302977
다사5029,다사4929,237.677575951361
라사4126,라사4326,87.9159540788939
다사4857,다사4855,112.045138278892
다사3827,다사3724,82.191254260306
다사4347,다사4847,72.640562010269
다사4745,다사5351,67.0599710141803
다사2754,다사2254,59.395686158494
마라3685,마라3585,96.4922353967859
마바0642,마바1041,50.7614781434488
다사6834,다사6737,84.8417017323967
다사4547,다사4647,110.583584347007
마라3576,마라3476,70.8185052294953
다사6245,다사6045,78.2504344790536
다사4928,다사5130,54.8199610532866
다사6444,다사5944,59.3183670913078
다라0346,다라0446,50.813962798149
마마1059,마마1964,124.747419728664
다사3337,다사2840,139.96408837633
마마5010,마마4910,127.278254635991
다사2743,다사2742,155.093748627403
다사4829,다사5030,55.144465846533
다사6116,다사6117,58.3662383955039
다사2926,다사3126,81.0385403005721
다바9447,다바9347,158.195074678659
다다1002,다다0901,109.521299985578
다바6769,다바6573,145.151542278311
다사6152,다사6151,206.958930550055
다라0446,다라0346,61.8027959357963
라라5085,라라5387,66.4230219998372
다다0900,다다0801,63.3338514031012
다사5143,다사5944,84.8864077372425
다사3644,다사3545,66.8772297820517
다바8618,다바8618,100.413988239575
다사6749,다사7151,66.120803290909
마라2979,마라2978,78.4006448918161
다사3544,다사3446,65.7457006776668
다바8511,다바7833,102.089563174342
다사5544,다사5544,64.4030309068242
다라4582,다라4783,100.648843315232
다사5858,다사5552,77.899014072002
다바6788,다바6888,60.5533466707935
다사5855,다사5856,77.6319546359623
다사5757,다사5351,163.882817554285
다사2636,다사2935,60.0978633463662
마라3479,마라3477,114.516362658075
라마9563,라마9463,99.6224327165469
다사3464,다사3463,97.4383029418931
다사6262,다사5451,70.6451790273189
다사6843,다사6643,62.5065582357284
다사3129,다사3128,109.556621837418
다라1621,다라1720,76.7832481632737
라마7169,라마7169,53.8436299565075
다사3466,다사3566,127.471243262653
마마0565,마마0366,72.9188598205139
마라3589,마라3589,81.051260222385
마라3374,마라3477,69.1963266188013
마마0960,마마1359,51.8416124314348
다사5049,다사4946,55.6441090044268
라라5274,라라5376,86.5098975627456
다사4160,다사4159,77.2462888896447
다사4543,다사5251,64.7159003282587
다사6754,다사6856,54.6107146923198
다사6737,다사6642,163.218423476668
다마6559,다마6558,61.0264331093593
다사3464,다사3564,85.7633127748265
다바7634,다바7833,81.5163711021809
다마4972,다마5172,72.8591313876914
마라4496,마라4394,58.0647852543183
다사2636,다사2934,53.7686471273443
다사4856,다사5451,57.9650419368075
마마6738,마마6530,71.1136080222055
다사6532,다사6533,69.27796787166
다사4956,다사4653,72.8478394143651
마마6730,마마6528,57.3155827360147
마마3905,마마3906,106.86362299826
다사3233,다사3133,162.29545272509
다사5143,다사5644,68.1944736832447
라바3985,라바3885,107.67232955247
라사2285,라사2185,81.0735669610922
다사6353,다사6353,254.616033551183
라바3985,라바3886,80.2671903825015
마라4498,마라4497,112.95394097057
다바9845,라바0048,52.8794139538477
다사6144,다사5352,69.7404142890749
마라3985,마라3885,68.0262259889651
다바8915,다바8917,339.486432319144
다바9215,다바9314,65.9287571167088
라라2664,라라2862,103.167457428244
다사7548,다사7251,54.835535015504
다사6749,다사6649,91.4153340506126
다사3923,다사3224,53.4261120096451
다사4024,다사3922,102.066275993173
다사4703,다사4605,54.3368850349638
마라4890,마라4889,72.6546805510206
마라3780,마라3881,71.8729347880954
라바1931,라바1931,61.0569292269984
다사6216,다사6017,112.080329449563
다사5749,다사5452,78.8843328476351
마라4383,마라4185,56.777689569884
다사4347,다사5351,64.082491462392
다사5617,다사5316,118.390965926501
라마9358,라마9459,103.626269046913
다사5153,다사5452,64.4314365689696
마라4685,마라4685,54.9005694412637
다바6488,다바6293,262.640580801825
다사5970,다사6272,113.953188874799
다사5151,다사5451,56.4444828669078
다라4788,다라4786,51.2236590117102
다사6161,다사5652,58.3025897396069
다사7349,다사7549,65.3735009940705
라라0663,라라0856,55.7930228479689
마마0964,마마0965,91.2624800030655
다라4283,다라4084,112.715671936827
마라4493,마라4493,85.1945330328259
다라0246,다라0146,112.242325375734
다바8813,다바8813,94.9964123021149
라마9162,라마9061,232.654696573248
다마5200,다마5302,76.800586877996
다나0599,다나0599,79.9787481052255
다사6737,다사6939,129.967984348766
다사5861,다사5652,76.8459471981367
다바8612,다바8511,55.0641771270763
라라9790,라라9687,71.0877430950808
다사4934,다사5132,67.5220155662449
다사6756,다사6856,66.3176096217508
마라0956,마라0953,52.9846788022838
다사6841,다사6737,110.723956675653
다사4343,다사5251,93.3036400661424
다사5342,다사6045,112.191118807564
다사4342,다사4542,83.2210995713455
다사2735,다사3133,55.824058195698
다사4447,다사4847,64.4786623121983
다사4322,다사4024,217.114825458216
다사6088,다사6088,117.694576891052
마마0163,마마0163,146.108823875147
라사6306,라사6204,149.115633307601
다라4590,다라4391,59.0427000324006
다사6353,다사6049,97.6367400577264
다마6708,다마6507,54.1926458681371
마마6330,마마6528,89.9767709929346
라마9062,라마8961,70.8852848422712
다사5817,다사6114,62.6009188786198
다사2442,다사2442,88.8767877366709
다라3787,다라3789,55.4212671192672
다사6261,다사5352,64.689111148113
다바9448,다바9549,69.6985218295906
다사2436,다사2834,72.4291667974284
다바6467,다바6469,67.2221200153696
마바1240,마바1041,117.310043328016
다사4957,다사5451,100.980094844367
다사6748,다사6747,128.595255052
다사3929,다사3831,55.113289094618
다사5817,다사5316,82.8033179467338
라마8488,라마8388,60.2350255431157
다사6326,다사6426,84.0651647381423
다사8262,다사8264,68.7792770025918
다사6525,다사6628,73.034857640652
다마6559,다마6559,114.820419088374
다사7762,다사7761,148.29507044641
다사6052,다사5652,59.8675131834203
다사5946,다사5845,51.0679110093137
마라4287,마라4390,67.3678507048511
다사4257,다사4157,61.2553772310224
다사5960,다사5959,67.9114762842862
다사5820,다사5820,58.6502617228968
라바3984,라바3887,90.5698445721611
다사5050,다사4947,96.2617705340799
다사2840,다사4542,78.7562658482183
다사6249,다사6249,71.5610892230549
다바8518,다바8518,90.5098049347992
다사6159,다사6258,53.3588231184407
다사3045,다사3245,87.4559637891292
다바5563,다바5664,52.141190386787
다사5442,다사4947,53.7094433752171
다사4152,다사4151,131.88830122293
라라0362,다라9861,54.0941987353858
다바9357,다바9356,104.667867251019
마라2495,마라2497,57.9932607549571
다사5353,다사5353,50.0699295968187
다사3925,다사4024,85.4600992522673
다사5755,다사5553,135.909944524334
다바8618,다바8720,81.7771691551974
다사4943,다사4643,112.33175196344
다사4049,다사4151,87.7829341884971
다사4747,다사4648,129.498243389348
다사5320,다사5119,60.6669218156751
다바6571,다바6673,96.4809774873264
라마9660,라마9660,70.5124593731355
마라5288,마라5186,117.773988714699
다사2641,다사2741,54.0632104937197
다사6069,다사6471,64.1452903148344
다사6251,다사6151,64.5596359425565
마라3678,마라3476,50.6281797925359
마라0793,마라0792,128.98436121401
다바9745,다바9748,102.03744622606
다사6645,다사6545,94.1103696826425
마마3905,마마3809,70.9641854803378
마라4589,마라4387,56.0071489481654
다사4742,다사6145,53.0258440434924
다마2874,다마2875,109.201179857797
다바9614,다바8917,78.1431192351764
다라4282,다라4484,78.4197665833155
다사3544,다사3646,140.568399404293
다바8347,다바8448,96.3163762730998
다사3542,다사3543,91.1106394749475
다사3726,다사3622,92.5924269758485
다사5919,다사5316,56.086311097593
다바9015,다바8917,197.592340904008
다사6262,다사5551,69.2555274031449
마라4692,마라4592,86.190167401278
마라4287,마라4287,82.2922958129417
마라4493,마라4492,112.143202990725
다마5273,다마5072,94.0545996281039
다사6849,다사5251,108.404721670286
다라3685,다라3689,220.225704260386
다사7037,다사7137,216.680477312632
다사6850,다사5251,100.971792576868
다사5843,다사6113,55.3043714876966
다라4582,다라4581,61.8040497881935
다바9613,다바9213,56.3310833494645
다사4247,다사4346,70.8396423743498
다바5981,다바6079,50.6541667043052
다사4440,다사4542,63.4154932470263
다라0146,나라9639,64.8154532155236
다바0766,다바0665,73.1553215120261
다사5946,다사5947,95.6892041295905
라마9564,라마9664,80.1492243506714
라마9673,라마9572,135.044182738485
다바6770,다바6771,52.3752245863774
마마6426,마마6428,59.437991794396
다사5341,다사6045,91.5853883165041
라마2597,라마2597,116.144979804954
다바8511,다바8811,64.5238474217392
라바6143,라바6143,176.103496374965
마라1889,마라2191,55.2653745866896
마마1159,마마1159,54.1071047546593
다사5969,다사5251,58.4988002577945
마마1361,마마1959,70.7161816206615
다사5349,다사5348,106.600095497089
다사5750,다사5552,51.8640411460251
라마8762,라마8962,79.4161542306759
마라4786,마라5186,83.0402947566236
라사3829,라사3928,78.2511751677598
다바8816,다바8917,309.146294836413
다사6738,다사6643,63.9733801230111
다사6738,다사7037,76.0601948647075
마마6886,마마6781,99.2699273162024
다사3563,다사3661,56.2498876580102
다사6444,다사6544,75.1178778117978
마라4392,마라4391,87.5708796132972
다바9319,다바9317,69.1596612008147
마라3986,마라4086,89.1727912825912
다사6555,다사6455,96.3385859822005
다사2840,다사2331,62.8682359882079
다사5353,다사5251,117.010295491555
다사6630,다사6529,62.107184493415
다바8818,다바8919,56.6425031878237
라마9064,라마9062,80.5778496470626
다사6255,다사6455,64.3142578611073
다라0898,다라0998,80.9476892165906
라마9358,라마9259,92.177558537062
마라4186,마라4283,66.0910980557864
다사7449,다사7450,52.8553076436332
다사7039,다사6529,53.5866402891034
라사2285,라사1987,53.5397000172222
다사5132,다사6633,61.1493415553046
마라2577,마라2278,55.1046985580735
마라4387,마라4887,87.9438742893927
다마2614,다마2715,64.8234863891395
다사2735,다사2934,122.114740268675
마라2494,마라2494,115.815981591879
마라2397,마라2497,82.206616893802
다바6770,다바6576,62.7909357755425
다사4850,다사4950,61.7081107947607
마라2397,마라2198,77.7475533210168
다사6255,다사5552,64.6227212864024
다사3725,다사3224,116.124163750534
마라4291,마라4391,85.7170777704094
다사3642,다사3646,104.785855790796
마라3987,마라3987,82.3234177629565
다사6354,다사5652,50.8597078536963
다사4544,다사4642,79.3516492594102
마마3603,마마3805,77.8200558230823
다다0900,다다1000,120.632387327644
마마0863,마마0964,109.314757951386
라라5086,라라5687,88.074999001284
다사5145,다사5251,113.926115116284
마라4687,마라4688,61.357808838527
다마8811,다마8912,110.586466105201
마라3685,마라3584,80.4178416177965
마마3502,마마3704,113.427219125655
마마7422,마마7526,148.359601695601
다사6750,다사6547,79.8387371471248
다사5744,다사5844,141.961696485584
다사6217,다사6017,133.544410430209
다사5850,다사5944,59.3861604609771
다사5544,다사4947,59.0576487347028
다사4441,다사4440,63.1988857601971
다사4248,다사4647,140.11817685528
마마7425,마마7625,65.9267823969554
라바3785,라바3885,61.3406698045916
마마0272,라마9572,79.351238507523
라라1761,라라1457,125.611972310303
마라4078,마라4178,74.1652832740282
라라1760,라라1761,123.380222573112
다사6735,다사6633,161.772723249115
마라4496,마라4493,81.7520333736519
마라5288,마라4887,114.464832911679
마라0991,마라0692,146.589020892102
라바9869,라바9968,96.6440689181645
다사3543,다사3443,125.96977856343
마라4496,마라4497,125.693039177244
다마6555,다마6457,91.7596098824386
라라5587,라라5986,71.754186452673
라라5687,라라5187,64.2973797580792
마마6317,마마6716,98.9368525650393
다사3663,다사3562,79.2457000922662
다사6633,다사6632,67.0122892365318
라라9893,마라0792,69.121509520401
다바7833,다바8045,52.7350253623629
다나1198,다나1198,55.8122862827724
다사5760,다사5660,65.317446377787
라마2024,라마2025,114.833304470074
다사6524,다사6625,65.7785568011808
다마5373,다마5373,142.699130630302
다사3126,다사3224,63.5869968770281
마라4286,마라4388,74.836391368596
다사3847,다사3744,91.3461548530757
다사4768,다사4768,61.678718175293
다사6070,다사5971,88.5873054012732
다사2439,다사2340,51.2218483339869
다바9214,다바8916,69.6163041020198
다사9420,다사9315,62.7004848477797
다사6157,다사5956,75.5471289426478
마마5731,마마6428,70.6182754774151
다사6350,다사6449,70.501258736921
다사6426,다사6326,73.5719916444088
마라3885,마라3884,164.55173572568
다사7050,다사6045,70.8403735594407
다사6252,다사5351,67.2258315286963
마마0259,마마0163,54.3350487446578
다사7152,다사7151,63.6202681938037
다사6449,다사4947,55.234327637533
다사4860,다사5251,118.474105389481
마라2397,마라1599,54.1796462327399
다사4943,다사5351,68.4116019507561
다사6444,다사6345,70.9330612485537
다사5757,다사5551,87.6659166502166
나라9846,다라0146,61.7928281074234
다바6390,다바6588,103.525536331956
다사4656,다사5251,53.6415023893218
다사6545,다사5844,146.290562413519
다마2687,다마2686,82.1538230613608
다라4681,다라4784,69.6728925959196
다사3826,다사3724,88.3705298840164
다사3270,다사3368,74.2794716684862
다마6359,다마6458,77.3764981305921
다사6043,다사5251,70.4249399383462
다사5760,다사5757,50.5943808080826
마마6330,마마6628,67.8412845031347
마라3487,마라3588,57.1604875512653
마마3803,마마3604,101.869021892971
다사3726,다사3724,61.946701607208
다사5423,다사5621,85.3877571072186
다라4787,다라4786,66.8386646236167
다바6571,다바6570,95.6698892434625
다사6855,다사6756,82.6465227721334
다사3737,다사3831,126.270137796158
마마6592,마마6691,61.1546103224945
다사5536,다사4947,78.7401536870709
마마5564,마마5565,72.1940581961573
다사6545,다사6045,131.783140540338
다사6258,다사6261,52.1034954530681
마라4587,마라4684,52.8505072203256
마라4492,마라4391,90.66217861384
라사3826,라사3827,71.0794614463138
다사6854,다사6755,110.338256105408
다사2262,다사2157,118.550368565094
다사4958,다사4959,62.9983575767541
다사6348,다사6249,70.3404411851468
다사4955,다사4855,59.5904134106196
다라3785,다라3685,86.5847932423094
마사4839,마사4740,82.2382567391811
다마2672,다마2672,56.5819318608838
다사6271,다사5971,54.9480340165952
다사2362,다사2257,78.4016557880291
다바7833,다바8736,100.65824687218
다사4011,다사4012,51.4561782008072
다라4284,다라4184,77.2956224146414
마바6725,마바7039,62.3035814182921
다사6151,다사5351,54.6710215497124
마라1889,마라1595,85.5326559147293
마라0695,마라0590,68.6930654744333
다사5962,다사5860,101.065299624995
다바6289,다바6588,56.0338280668243
다사4854,다사4752,50.1222019940416
다사5049,다사5050,76.1502466487048
다사3563,다사3662,64.5868709309773
마라3891,마라3485,53.2740357893635
마라2497,마라2793,85.008601389729
마마6781,마마7079,75.7713394932378
다사3327,다사2926,261.002111703268
다사4351,다사4250,53.54523788179
다바3682,다바3583,89.8325249343504
다사6743,다사6643,183.185791752707
다사3233,다사3033,71.6592901603468
라마9458,라마9458,65.3704403696541
다사4842,다사6045,58.0571455734277
다사3238,다사2932,66.3743580563741
다사4739,다사4641,127.97474828511
라바0048,다바9949,89.1142253673409
다사3661,다사3661,90.8157218150425
라라5688,라라5486,57.50136964647
다사6151,다사6252,58.465534893495
다마6456,다마6556,90.7602295863121
다사5652,다사5652,119.301908037205
라바3884,라바3885,119.81344609317
다사5229,다사5128,53.7595940512204
라라9893,라라9793,79.8129171896829
마라4078,마라3979,139.31001110344
다사6258,다사6357,53.2379639144533
다사7388,다사7486,50.1597464530807
다마5072,다마5273,51.7481411309392
다사5819,다사6019,75.5893700180057
다사2262,다사1862,76.8280327982713
다사3058,다사4051,72.3937538100338
다바9346,다바9447,130.902016708214
라라5986,라라5486,54.1947571281582
다다0902,다다0901,65.9770111007035
다사6354,다사6457,50.4228921632091
다사6849,다사5944,51.1567555410304
다바0565,다바0665,65.6666558554631
다마6060,다마6660,80.2355661967788
다바8031,다바7833,50.2815334517074
마마7322,마마7625,73.0389603566091
다사3952,다사4847,55.012084128862
마라0694,마라0889,52.2344693927749
다사2556,다사5351,64.0647636985671
다사5148,다사5844,55.0422957312982
마마5104,마마5404,100.555283486238
다사9620,다사9916,64.5094940937522
다사5754,다사5551,72.4967805440111
마마1060,마마1964,115.802903135031
다사6353,다사5251,121.179920131279
다사6349,다사5251,90.5492686998823
다사1044,다사0841,146.480913075234
나바9361,나바9562,52.2565224045912
다사4661,다사5351,114.83158855117
다바9257,다바9155,70.6765055743326
다사2755,다사2556,128.94760615562
다바6289,다바6290,83.6561223740078
다사4738,다사4742,56.2132022787248
라사3828,라사3928,76.4605562405739
다바9014,다바9114,54.7323601262389
다사2436,다사2430,135.70166190813
다사5852,다사5651,60.2340322287504
다사4857,다사5551,99.0205068951288
다바8611,다바8917,86.6593569122367
다사5229,다사5228,105.334914199517
마마1101,마마1102,121.380486440396
다사5553,다사5554,64.8039549518555
다사4247,다사4642,73.6921847138011
마라0892,마라0491,57.9867558081877
다사6016,다사6017,187.236688696331
마마6638,마마6539,58.5287159494536
마라4290,마라4389,116.9482183872
다사6648,다사6649,56.230806695939
다사3058,다사4847,78.8042274662388
다사5945,다사5844,79.9893746164942
마라3986,마라3986,71.2409628193364
라라5986,라라5888,159.890166493072
다바6571,다바6571,383.354041853056
마라3794,마라4388,57.3713506567686
다사4447,다사4648,51.2864747114034
다사2840,다사2932,83.1397858007516
다라4291,다라4190,61.7212573556029
다사6748,다사6545,53.5274467380455
다마5270,다마5170,56.6057495857245
다사7039,다사6738,85.434430585692
다사4244,다사4343,59.0335157602311
다사4220,다사3622,50.1172503046297
마마6228,마마6527,71.6458776592843
다라4381,다라4783,63.0475782255493
마라4497,마라4494,77.4912268535521
다사3445,다사3445,111.025550812349
다바8914,다바8917,142.292335944276
다사6052,다사5951,63.5501089010558
다사3140,다사3039,91.3782430991747
다사5960,다사5251,122.350251236212
다사4249,다사4151,115.347487552839
다나1198,다다1000,120.056873301403
다사5909,다사6206,106.64610342834
다사3045,다사4542,87.4557023131207
다사4350,다사4450,67.6340108571139
라마8497,라마8290,200.260379025316
다사3543,다사4643,61.0211125129621
다마6164,다마6262,77.0219958933735
다사5913,다사6113,122.198072565397
다사2646,다사2547,87.1745508482506
마라4388,마라4488,55.2437845024121
라사2086,라사2186,69.1110270233561
다라4380,다라4783,70.8435228430071
다사7349,다사7251,71.7013303368966
다사4147,다사4447,52.2610689696408
다사3228,다사3124,60.5736743215652
다사6021,다사6017,132.245473160694
다사3470,다사3470,66.3457631707596
라마7590,라마7988,64.5671790825446
다사5851,다사5452,124.431694240919
라마9063,라마9062,60.9332810651853
다사3240,다사3039,68.5309404107564
다사3943,다사3646,67.6147311075917
다사6850,다사6145,57.0159947158579
마마0064,마마0163,61.3250031124079
다라4681,다라4682,109.952081591525
다사6145,다사6145,62.0020923310615
다사6528,다사6631,57.5918298553771
다나0699,다다0600,68.2981777629589
다사4846,다사5251,185.79088784199
다라4284,다라4484,134.169305417323
다사5320,다사5818,56.7619858435019
마라2497,마라2397,80.4075194142795
다사3565,다사3464,81.1644496561028
다바8518,다바8319,77.6147548641674
라라1338,라라1748,62.2311210150444
다사3724,다사3624,52.1324943279912
다사6051,다사5951,86.0672274225163
다사7633,다사7532,59.2604557014627
다바4987,다바5093,51.5983628175066
다사4147,다사4646,59.5573375862658
라마7686,라마7684,65.5185470464184
마라4290,마라3791,65.7634474321281
다사6634,다사6633,125.362167265969
다사6529,다사5251,63.0014023124652
다사5718,다사6529,54.6020383127753
라라9093,라라9295,63.0845915810497
다사5452,다사5251,481.173243438316
다사6838,다사6738,85.4214179942905
다사4747,다사4948,69.9947961108548
다사5654,다사5654,58.3692977926674
라마9362,라마9463,64.0938249694875
다사3133,다사2934,69.1997281080273
다사4147,다사4947,97.4229814943717
다사2066,다사2268,70.0643487101858
라바0046,라바0048,71.217916958842
다사4148,다사4151,119.216222949348
다사4125,다사3425,50.4841572525584
다사6353,다사6456,52.5436829370458
다사6353,다사6455,121.363686939041
다사4148,다사4247,58.4873862571198
다사3923,다사3922,52.2437423132261
다사3044,다사3045,90.1975163686467
라바6143,라바6244,253.36861976417
다바2016,다바1817,121.247213635156
다사6353,다사6149,145.067938363852
다마3047,다마3148,90.0858987607834
다사5951,다사5251,89.4474821010318
라바6143,라바6345,71.1372598061265
다사4744,다사4844,69.1574971091933
다사6611,다사6113,64.3396803997042
라마9157,라마9157,80.0489671429302
다바9748,다바9447,67.5461833203735
다마4556,다마4555,54.1931061228433
다사5049,다사5251,226.824455942042
라사0081,라사0181,78.646671312013
다사6155,다사5452,53.6522914639236
다마7059,다마6959,69.1556118868225
마마0362,마마0163,61.3148017419621
마마7557,마마7848,57.3605624660681
다바8321,다바8916,78.7519513508798
다사5243,다사5251,100.552660828308
다바8926,다바9127,100.412180069073
다사3644,다사3445,110.377345137824
다사4147,다사4647,59.2892520108331
마마7176,마마7179,108.789439090474
다사5154,다사5351,114.709013314922
마마6529,마마6428,71.9390516076662
다사5750,다사6045,81.5194621619885
다사5959,다사6058,56.2132261729327
다사7736,다사7834,54.636920156271
마라0853,마라0954,168.342790989607
라사6204,라사6306,68.699930109351
마마6527,마마6529,64.6924543485533
다사5860,다사6063,56.9731066730944
다사1443,다사0943,59.1470311697179
다바6770,다바6473,67.8799655925804
다사3566,다사5251,53.7403576808666
라마9565,라마9465,58.0105810949133
다사3337,다사2833,88.9970664053808
마마7322,마마7322,120.305687412854
다사2262,다사2360,98.611892831472
다사3045,다사4947,53.574431007706
다사4151,다사5251,74.7990917247043
다사6052,다사5852,73.4243311171246
다사4858,다사4857,175.162466488776
다사3479,다사3579,98.981711120867
다사6210,다사6214,73.5227916091935
다바8926,다바9124,96.760542440031
다사6737,다사6735,89.521976712557
다사6217,다사6216,67.7719662757287
다바8311,다바8917,66.7791291436306
라마7585,라마7584,51.1274393297637
마사4149,마사4248,243.432467986984
다사6323,다사6426,183.819381846623
마마3805,마마3906,92.6654517383148
다사4543,다사4545,51.4629967869577
다마6556,다마6356,62.3360353417261
다마5473,다마5372,55.0218676069201
다사5755,다사6049,53.5444914631451
다바7833,다바8233,73.1442047877118
다사5860,다사5552,97.9213230374609
다라4084,다라4083,85.1116668244013
다사5654,다사5553,95.1149985756544
다사4449,다사4946,60.3676320044585
다사5856,다사5857,76.0876655139706
라라1441,라라1540,82.8265363165127
다사4222,다사4122,84.6651286934549
다사4645,다사4742,60.8133525271956
다사6750,다사6149,69.8884923823652
마마6886,마마6884,61.9588350398192
나바9261,나바9262,89.7238500622614
다사2755,다사2749,58.2523517323022
다마5272,다마5273,65.3902681851534
마라3894,마라3794,70.2843848573524
다바8511,다바9017,62.8853917123212
다사6454,다사6455,165.280426490286
라라5986,라라5376,95.4854917973677
다사3951,다사4151,251.513363115326
다라4783,다라4783,104.775355210939
다사3746,다사3846,84.0404449467231
마라4582,마라4283,58.0333283525782
다사4748,다사4847,87.0564979853802
마라1889,마라1993,56.8798253190498
다바8911,다바8911,62.5108155332316
다사5718,다사6114,135.300452056468
다바9318,다바9319,57.030751429176
다사5027,다사5128,163.795339845517
다사4747,다사4946,91.1685426134689
다사4449,다사5149,53.5637536239469
라마7792,라마7890,64.6761777478472
다마6457,다마6456,81.7561179913364
다바7890,다바7886,157.939890551033
다사5952,다사5951,61.6799871179669
라사2285,라사1986,69.5194293400975
다사4149,다사4048,69.0791202657728
다다1101,다다0900,89.0739906740655
라마8393,라마8290,199.737859206983
다라4091,다라4091,143.417513733305
다사3129,다사3124,100.056711207015
마라4287,마라3979,70.3697636381709
다사6018,다사6019,208.896009848587
다사5750,다사5652,71.8731394502085
마마5731,마마5731,59.5626703286403
다사5820,다사5819,66.7102528576553
다사4639,다사4742,67.1654530220834
다사2746,다사2544,72.7798213700179
다바8926,다바9327,135.598036385888
다마3048,다마2949,58.6634320608523
마라2497,마라2495,54.6378181002179
마라2895,마라2795,72.1782853120465
다사4944,다사5045,76.0623522324709
다사4448,다사4151,80.399907039761
다사4422,다사4321,50.2349185094097
다사6454,다사6254,78.4634576041449
다사4148,다사4148,126.625331399962
마마4630,마마4631,70.2798523576413
다사6819,다사6621,84.6081265777166
마라3378,마라3478,58.041895784328
마마0258,마마0159,78.9716644178551
다바4987,다바4186,86.3357211541767
다사5131,다사5130,84.8608093442389
마라4190,마라4389,92.8981240523382
마라3991,마라4388,52.0790616677091
다사4441,다사5251,99.2667373516056
마라5093,마라5094,53.1288785420143
다사6310,다사5812,55.1523941166173
라마8394,라마7989,55.4137261134505
라마9318,라마9027,67.6968655977112
다사4548,다사4548,79.8313426175825
다사6519,다사6017,56.7799207632162
다사4011,다사3912,57.1732981524351
다사6748,다사6446,123.585993806999
다사4244,다사4545,53.8781819117032
마라0455,마라0255,111.571967783572
다사5027,다사5027,147.947421942349
다사6547,다사6547,191.729621772715
다바9017,다바9114,64.2192286629754
다사4747,다사5351,165.450791649574
다사3349,다사3149,55.568498499285
마라4190,마라4390,75.5898090435911
다라4887,다라4886,57.699634465369
다사5148,다사5351,118.400067368535
마라3586,마라3488,71.9896633560376
다사5817,다사5817,83.7871872928657
다사5817,다사5917,61.3262077979035
라마9157,라마9159,102.635773749408
다사5752,다사5452,82.1327639416918
다바8518,다바9314,67.3850308694686
다바7890,다바7890,83.1690191031257
마마1164,마마1064,71.6002867557308
다바7833,다바9124,96.543917592944
다사5655,다사5351,57.7988116684867
다사4248,다사4947,246.985403520584
마라4483,마라4583,144.727321705613
다사5850,다사5844,83.857508594109
마라0892,마라0894,103.164011533358
다사4248,다사4151,251.930980313167
다사3943,다사3943,136.769261311729
다사6162,다사6259,53.1875642612929
다사5645,다사5351,50.2906151441558
다사4345,다사4346,77.8166604069408
마마7426,마마7526,109.794474823807
다사4850,다사5149,50.0783462506495
다사6844,다사6643,120.563800361456
마마5279,마마5578,50.2960951950175
다사7449,다사7448,57.1952134133904
다사2827,다사2925,54.1874206348885
다사5155,다사5351,64.9320970634186
라마9357,라마9059,94.1206180691355
다사2743,다사2643,50.6633437694367
다사6206,다사6105,108.732613946729
다사3464,다사3661,89.5175857367052
라마9162,라마9262,80.5664829648857
라마9664,라마9667,56.3556430689572
다사9420,다사9520,121.821970298975
마마1159,마마1059,69.226925989445
다사5749,다사5352,62.337249773205
다사3762,다사3662,62.4558731997192
다사4641,다사4742,244.979041444336
다사5946,다사5846,74.4782001526368
다바6769,다바6570,74.0358985567313
다사6921,다사6621,51.8260647990854
다사7349,다사6848,62.3315170484519
다사5862,다사5961,94.6932684326851
다사4348,다사4248,119.213756116671
다사4850,다사4947,62.9248959837968
다바8812,다바8917,101.892106790114
마라3482,마라3382,118.889267147192
마라3585,마라3585,83.4234540204039
다사3346,다사3045,100.932450236059
라마9762,라마9862,55.883399242388
다사3738,다사3126,57.4787502617521
다사3725,다사2926,63.1508948046437
마마7089,마마7091,69.1768112535512
다라4478,다라4783,64.3951920352114
다사6841,다사6842,110.41826604629
라사4025,라사4027,97.2937062283121
다사5243,다사5944,55.2565861561031
마라2494,마라1996,54.2421908490561
다라4083,다라4783,78.833407242718
다사3543,다사3643,107.565135912304
다사4944,다사5046,92.0272817705243
다사5028,다사5230,82.799072078603
다바5265,다바4465,77.780890193712
라마9765,라마9766,101.77532938997
마마3704,마마3905,57.8838525086029
다사5744,다사6045,65.2714636370162
다마6663,다마6858,93.2464659795304
다사5657,다사5251,148.183804711261
라마2598,라마2597,51.6753727877615
마마6738,마마6443,129.542334770894
다사6154,다사5452,51.82730488267
라마9127,라마9027,88.4369510360487
다사6748,다사7150,83.5593286429205
다사3925,다사3622,50.8613216230738
다사4858,다사4859,67.972041334522
다마6773,다마6772,78.221533212532
다사5653,다사5752,65.4423327550159
라라5085,라라5388,87.2856687780023
다바6968,다바7071,143.674433771884
다사4851,다사4951,59.2434804682852
라사2925,라사2622,105.966435644601
다사4953,다사5053,62.7851361381286
다바9514,다바8917,68.4805643988924
다마4972,다마4973,57.6796318874906
라사4025,라사4326,64.8294069912311
라라1640,라라1540,54.2886958490051
라마9901,마라0792,58.1774096080504
마라4085,마라4283,72.0895478958953
마마5731,마마6528,59.2500944854331
다사4942,다사5845,54.983434288461
라바3884,라바3886,121.675210052498
다사5551,다사5251,60.7383360221201
다사6424,다사6426,67.9912634743451
다사6262,다사6261,140.702330073788
다사4742,다사6045,90.6618903012805
다사6454,다사6353,131.819387355258
다마6357,다마6457,57.4744709259902
다사5963,다사5251,75.8451512364561
다바8517,다바8916,76.6484142207359
다사6016,다사6114,122.084859675117
마라4785,마라4887,123.320051479541
다다1002,다다0801,81.3513717271266
다사4245,다사4345,67.3350653788741
다사6149,다사5844,59.7566073201152
다라4582,다라4582,93.0065091532342
라라1761,라라2159,99.2795803476663
마마1321,마마1322,338.710348188119
다사6144,다사5844,81.3020449858733
다다0500,다나0699,67.1816415258276
라사1985,라사2087,72.762316919462
다사4646,다사4947,109.625009614702
다사3344,다사3544,61.9078029597489
다바9546,다바9449,113.320898128676
다사5754,다사5753,74.0611358428712
다바0582,다바0089,64.9956655558309
다사7449,다사7252,66.7953403061154
다사5050,다사5251,183.983234976549
다사6738,다사6737,206.07081784298
마마6328,마마6428,101.28506286659
마라4591,마라4690,60.2990239856721
마라4591,마라4692,178.76093981911
다바7890,다바7791,102.161598162145
다사4242,다사4542,114.110403965329
라라8551,라라8451,50.6289300575532
다사6920,다사6819,81.3299741543917
다바8511,다바8816,59.5989504550504
마라0991,마라0892,85.4392537812334
다사3045,다사3247,73.2701702874735
라사2283,라사2183,60.4965483350348
다사3045,다사3045,159.559679772299
마라3794,마라3483,63.4248697852306
다사4745,다사4947,157.984191862441
다사4048,다사4149,63.5134637991729
다사5423,다사5622,53.560514810813
라바5925,라바5824,178.260912659522
마라4187,마라4080,54.4147911134952
다사4855,다사4957,68.8887503856958
다사6211,다사6112,122.105164649932
마마3502,마마3805,102.245092102431
마사2475,마사1879,54.1627307459679
다사3148,다사2947,58.7091732005808
다사2640,다사2840,50.6209251779731
다사2843,다사2744,56.0970724285518
다사4742,다사4643,179.79932920517
다사5050,다사5351,108.329860697317
다사5027,다사5228,125.311198698883
다사4322,다사3224,51.938275103041
다마2974,다마3074,56.7490686384727
다바2276,다바2277,63.5372112521421
다사4226,다사4024,119.436219002046
다바9122,다바8825,72.3226606678013
라마7695,라마7788,61.6482739617993
다사4856,다사4855,144.310525871771
다사5328,다사5228,128.461861476686
다사1044,다사1444,65.2882991705962
다사5963,다사5963,85.1433588877729
다사4247,다사4947,140.871799286611
라마7395,라마7591,66.2772220942616
다사5351,다사5451,57.4125335624198
마사1980,마사1881,77.1944998712989
마라2979,마라2577,54.1369150900601
다사5970,다사6071,88.4005969765888
다사4950,다사4950,83.9223682478196
다사4643,다사4644,120.734749042111
다바9214,다바9114,60.214219303343
다사7252,다사7351,104.587455626777
다사4349,다사4350,113.722771835324
마라4278,마라4078,171.811587130181
다사5149,다사5452,97.9258309429052
다사3643,다사3547,98.5220784506586
다라3685,다라3582,71.2044182058667
다사4348,다사5351,61.1434134598338
다바6667,다바6570,77.4901919509964
다사4661,다사5352,99.7965633436497
라마9863,라마9765,77.7169687113415
마라0196,마라0095,87.6877652038286
다사2736,다사2935,147.840550030706
라라5687,라라5787,77.109758025342
다사5856,다사4947,75.8942358658261
다사6849,다사6446,74.7674431971821
다사3842,다사3744,54.8578698582179
라바0610,라바0611,158.76914052257
다사5858,다사5858,97.9760995195254
다사6013,다사5914,62.8458046999667
라사2285,라사2186,87.6257361341646
다사6408,다사6308,50.8672911651118
라라8451,라라8551,98.0699824869802
다바8811,다바9213,87.4692994259318
다사6212,다사6212,60.5303658267652
다마6556,다마6759,52.7392336769765
마라4488,마라4390,55.2548248115
다바8817,다바8818,82.6653925853663
다바9413,다바9314,88.8242219552773
다사3566,다사3463,62.3141207436333
라마8176,라마8177,78.022366954831
다사4647,다사4542,54.9458434283104
다사5029,다사5130,87.8388817798556
다사6254,다사6456,51.6913370011706
다사6734,다사6737,127.134895899365
다사5654,다사5754,87.5239116563146
마라4387,마라4488,91.5320687814572
다사4928,다사5027,76.9679414218344
라사2184,라사2086,57.4345674523808
다라0440,다라0341,69.4553971988024
다바5994,다바6097,102.424014719937
마라2394,마라2693,50.3776229449062
라라9995,라라9991,73.9287166868083
다라3787,다라4084,71.543748865301
라아9621,라아9523,53.5113218850438
다사4857,다사5251,293.044338044171
다사2741,다사2741,149.477325750617
다사7152,다사7252,70.4323596907129
다사4450,다사4648,67.6674869307602
다사3542,다사3644,59.149816148009
라마9262,라마9363,72.819689306875
다사5756,다사5754,107.662884811638
라바3886,라바3990,70.0343008150063
다라0446,나라9846,74.1864452333653
다바7579,다바7779,58.7926137065212
마마6632,마마6432,72.7821055126015
다사5757,다사5757,126.443699123328
다사4752,다사4851,80.451389082268
다사2636,다사2834,79.5933002160903
라마9460,라마9361,51.127779636135
다사4956,다사5352,78.8027164655631
다사3346,다사3445,52.2911686054754
다사4739,다사4643,73.383899562654
다사4058,다사4158,56.0807166584006
라사4343,라사4241,61.2491965054684
마라4786,마라4786,126.859892700058
다사4845,다사4845,66.30833980923
다사4446,다사4847,51.9849429363664
다사6060,다사5251,104.146309187442
다사2433,다사2432,103.995317320389
다사5750,다사5451,69.4900985338826
다사6251,다사6045,66.1760627287339
라마5791,라마6092,114.832262754887
다사5621,다사6113,53.9612295559702
마마1102,마마0905,131.132064686895
마라3584,마라3584,52.9967794045732
다사3243,다사3143,100.993673480796
다마4229,다마4228,65.0371456473847
마라1986,마라2382,64.5190157842823
다바9952,다바9748,94.0766815822091
라마9763,라마9764,108.903716527912
다바6830,다바7833,108.357251753707
라마9471,라마9469,70.3333156552041
마라5286,마라5387,73.7891729777144
라바3986,라바3886,93.2207162765826
다사5843,다사5251,106.617933133851
다바9122,다바9224,70.5428182626466
다사4843,다사4643,82.2737808615996
다바8913,다바8916,66.7422073652004
다사5027,다사5032,73.5916342025647
다마7059,다마6858,89.8381175676786
다사5044,다사4944,85.1793629674607
다사6444,다사5844,72.1620182861515
마라4782,마라4681,52.9414906945233
다바9317,다바9418,55.7936346625332
다사6019,다사5920,243.035737332055
다사5143,다사5943,63.9750323725716
다사6052,다사5952,80.6300319635314
다마6459,다마6060,57.8355524156705
마라2493,마라2195,64.7221377939555
다사5433,다사5333,60.3779649066005
다사4942,다사5945,76.9490560742083
마사3107,마사3209,96.176071896319
다사5049,다사5451,51.6827584591445
다사5853,다사5451,52.7253738602302
다사5817,다사6214,51.3739203830523
다사5041,다사5140,215.667353041195
다사5943,다사6043,110.952235552839
다마5273,다마5373,138.558477930746
다다0900,다다1001,57.9808229253085
다바1817,다바2017,51.8862998361232
라라9756,마라0255,78.0871235667329
다사5752,다사5351,65.6155515464914
다마3074,다마2974,51.4097485770569
다사6069,다사6069,101.53543258416
다사6106,다사6206,60.6255060901449
다라3992,다라4092,55.4270172842477
다사2436,다사2934,68.7233143109564
다사3921,다사4024,84.2474345483962
다사2840,다사5251,108.917717583667
마라5086,마라4986,52.6838036294814
다사6052,다사5844,55.5127099750829
마라3678,마라3979,52.5198773909089
다바9113,다바8916,96.1517962504516
다사6632,다사6533,73.0677533496047
라사3924,라사3928,68.5548136943218
다사6087,다사6089,93.3003386811785
마마6729,마마6428,58.8399653815899
다바7589,다바7985,50.1702703879724
다사3826,다사3623,52.9658125913242
다다3091,다다3091,64.878817087662
다사6648,다사6848,50.0341741684843
다라0145,다라0146,117.221032870559
라마8548,라마8649,116.184501728444
마마4910,마마4910,79.3979989939749
마사2373,마사2475,84.0569171320175
다사3228,다사3125,76.424582951272
다바8915,다바8916,337.348655119573
다사6446,다사6547,77.2989019719465
마마6738,마마6428,120.033774998942
라라9193,라라9196,75.1156871809581
다사3445,다사3544,99.4385449914936
다바9017,다바8720,103.054839255121
마라4085,마라4284,94.8559117965831
마라0353,라라9957,82.194991524371
다사6850,다사6647,52.4665886721319
마라0594,마라0792,56.4116570050456
마라4290,마라4390,222.293495359069
라마8548,라마8643,97.4627218673083
다사4732,다사4932,51.6746746671061
다바9473,다바9472,58.62358190475
다사5251,다사5551,51.9146048183004
다사4323,다사4024,146.370868857303
라마8956,라마8454,66.0326174873124
다마4456,다마4556,73.0783247928121
다사3760,다사5251,80.9244475955181
다사5718,다사6118,53.2286578362543
다사4248,다사5149,73.3871525771759
다사3436,다사3337,55.0500605482462
마라0694,마라0792,154.307333743207
다사6426,다사4947,60.7823090402936
나나8978,나나9281,54.2641909962708
다바6365,다바6571,101.369802609851
마라0793,마라0692,72.5906168539043
라사4326,라사4225,62.5746876642278
다사5754,다사5755,78.0314273708938
다사4956,다사4850,50.6367740267978
다사4449,다사4647,67.0522270413229
다사6546,다사5945,58.3790869904092
다바8618,다바8619,76.7751360669343
다사6625,다사6529,98.2626546249972
라마7394,라마7890,65.2071399645994
다마8913,다마8912,86.8396465986008
라사2084,라사1985,135.421826631706
다사7464,다사7367,58.9670621619138
다사6216,다사6215,67.027239115014
다사5044,다사5245,51.4239559417381
다사6819,다사7016,77.664332234865
다바9215,다바9114,56.0251267613486
다사2735,다사2635,63.3120750593999
마마6429,마마6628,70.0145585802151
라마9562,라마9462,51.6594562479658
다라4484,다라4180,56.2483996584641
다사3445,다사3443,90.5214985702527
다라4784,다라4683,54.0600472020964
라라5587,라라5787,57.8918728418976
라라1761,라라2361,58.6000786749574
마마7525,마마7321,68.6343613117655
다바9648,다바9748,82.4737841938346
다사4151,다사4947,161.74184982459
다사3246,다사3146,74.6198774811304
다라3686,다라3382,66.9443888712243
다사7039,다사7137,182.616374060394
다사6071,다사5971,59.3246501820532
마마0067,라마9767,101.383946189499
다마6457,다마6558,81.1897781410063
라마9361,라마9161,68.3509631096103
다사2242,다사2241,67.7423460841582
다사4542,다사4642,67.5772519960607
다바8812,다바8511,56.1224993834382
마마3704,마마4007,82.1540769278648
다바9649,다바9350,78.9589074031561
라라9093,라라9193,53.8125191689624
라마8762,라마9061,121.525288575788
다사6545,다사6345,55.0741958001381
다라3686,다라3790,128.272617912499
라바0379,라바0579,51.6527299075302
다사6642,다사6644,97.7819746876919
마라4685,마라4785,58.7497245795027
다사5815,다사6017,69.4818168936611
마마4631,마마4730,61.3331445953248
마마6785,마마6781,68.7710379761364
다라4488,다라4783,75.7166562965347
다마5172,다마5273,65.9031190643699
다사5653,다사5452,58.4805748660716
다마2874,다마1774,67.8106520508895
마마7322,마마7423,59.4532698220209
다사3070,다사2869,60.0966040995438
다사6456,다사6149,62.56162385027
마라1090,마라0792,76.8845023564971
다사4856,다사4857,194.959331473668
다사3544,다사3543,94.2081105365529
다사6216,다사6114,78.8947835279935
다사6954,다사6855,67.8795405839591
라바9968,마바0069,180.358915412953
다사5042,다사5945,66.3133579541715
마라3891,마라3691,56.2962784672003
마마6527,마마6825,68.4930313626213
다사6044,다사5351,52.9108689355788
마라2795,마라2893,107.090188475647
마마6482,마마6482,51.4087853755407
다사3565,다사3364,114.437426682939
다마6862,다마6663,50.7351200489789
다사4643,다사4642,126.041122935213
다사5816,다사6310,53.1345308667226
다사4543,다사4542,123.009457396246
마마6987,마마6886,89.8349598035383
다사6257,다사6358,61.1482604099886
다사6310,다사6213,163.053382061533
마마7424,마마7527,58.8284719546353
다사5862,다사5963,142.967627377491
다사5746,다사5846,70.8619764735996
다사6255,다사6254,86.1900816256212
라아9321,라아9422,60.9699199065725
다사4150,다사4251,76.0216657681271
다사6015,다바6293,60.5613499794526
마마0067,마마0265,54.3968665991899
다사4244,다사4541,60.6784628648009
다사6844,다사6645,69.297318926445
다사3444,다사3544,61.9598394061968
라마9461,라마8961,64.9659765546637
라마8388,라마8290,77.3832348381196
다사4449,다사4847,131.156395355169
라마7494,라마7394,83.4748806894793
다바9317,다바9319,67.4309982298985
라아8350,라아8442,53.6011962007112
마라4489,마라4692,56.3044447137448
다사4535,다사4537,168.132725142109
다사2840,다사2840,124.868129422368
다사4248,다사4648,76.1851807245814
라마8762,라마8964,66.248157609665
라바3885,라바3885,68.4684054403699
다바9317,다바9327,57.5047562164574
다사4647,다사4642,51.0043856096526
다사6611,다바6293,56.4569644652971
다사4544,다사4542,104.828191614278
다사4249,다사4351,72.5461774014533
마라3885,마라4185,96.5268909671625
다사2634,다사2932,56.0028185026751
다바6288,다바6293,79.8975940787059
다바6669,다바6169,73.6129991741125
다마2874,다마2873,50.9160776934802
다사2749,다사2744,80.5720468526229
다마8913,다마8812,69.0250235432127
마마0960,라마9964,63.0095093937753
라마7295,라마7295,51.2423745942122
라사4343,라사4343,74.2107341368495
라마8339,라마8338,56.3578381110509
마라2894,마라2895,51.4860147956858
다사5030,다사5128,125.601998957964
다사5251,다사5051,94.1069042307238
라마9571,라마9767,75.2208127134853
다마4972,다마5273,78.9452544282641
마라1990,마라1986,124.034748379992
다사4151,다사4051,101.847252719091
다사5421,다사5316,51.5774853041645
다마6760,다마6660,84.0813641741339
마라4494,마라4887,85.6730373894243
라마7591,라마7988,57.05828812185
라라1638,라라1540,136.475735287702
라라0162,라라0161,67.7500776374656
다사3054,다사2556,75.1281567543058
다라9960,라라0161,62.4275261731962
다사4348,다사4151,77.697180762525
다사6013,다사6017,64.3741504621212
마마0860,마마0163,84.5860563796134
다사6929,다사6633,103.346487996397
다사4540,다사4440,57.1298426092949
다마5473,다마5273,107.269576449091
다바6590,다바6588,130.979756317737
다사3446,다사3445,88.180171606089
다사5945,다사5945,100.169044801963
다사6061,다사5451,53.6253931236317
다사3129,다사3225,142.791572667866
다사3034,다사2834,81.3739220672814
다바8511,다바9114,103.686829560237
다사3039,다사2935,96.2378636923704
다사6213,다사6113,141.118124873387
다사6162,다사6262,115.356925813386
다사6355,다사6354,70.9650434273507
다사5758,다사5651,71.7082722166279
라마9461,라마9462,86.4505296022973
라바6143,라바5555,76.193064769263
다사1643,다사0841,52.5955605773638
다사5522,다사5521,51.744279627186
라바8644,라바9642,75.0664360771877
라마9157,라마8956,66.1656136786314
다사5046,다사4847,51.9041610342752
다사6114,다사6113,157.755871069793
다사5241,다사5945,75.5985835986017
라라9689,라라9584,51.8426216309099
다라4484,다라4383,67.1763974310074
마라0890,마라0890,51.7953231896318
라라0260,라라0161,95.4844037484352
다사4755,다사4856,68.9403508800594
다사6820,다사6819,50.3880212556783
다사6938,다사6633,50.2148668162122
다사4147,다사4147,108.46584492543
라라9791,라라9791,96.3847675836048
다바9122,다바9124,50.03700056057
다사4845,다사5046,59.5675055742729
마라0991,마라0391,64.697673321863
다사6157,다사5352,60.8653615934161
마라0984,마라0894,64.9351873729523
다사3643,다사3644,116.145414220214
다사4147,다사5251,91.4538025414009
다바1918,다바1817,134.896989041825
다사4944,다사5944,51.4024631419937
다사4245,다사5251,61.4217378779257
다사4844,다사4542,97.8199963269444
다사6956,다사6855,176.923901254664
마마3905,마마4007,60.1667795247562
다사6455,다사5351,80.6207381967891
라라0161,라라0161,95.0742782634692
다사3045,다사3248,94.9933589213513
마마3603,마마3803,58.7740914502012
다사3228,다사3425,52.3301193699366
다라4285,다라4484,62.3352334235066
다라4782,다라4782,56.0062078678356
다사4347,다사5251,168.76101579587
라마9263,라마9061,52.9357932724723
다사5245,다사5251,62.6804278244606
다바8518,다바8515,50.9122252291089
라바0888,라바0787,50.7172723153287
다나0598,다나0499,87.165666926035
마라0892,마라0692,57.3334239961289
마라3483,마라3382,50.3109187157061
다바9447,다바8448,68.8078973835435
다마4131,다마4130,105.40585173473
마라4686,마라4685,102.778757899111
다사3927,다사3826,56.3611496280126
다사5718,다사5819,62.9214262067421
다바8517,다바8518,182.318359609221
다다0900,다나0599,64.4279877401191
다사2744,다사2544,75.6510646705074
라사4426,라사4225,140.94421666156
다마5373,다마5272,157.93162471035
라라5688,라라5686,50.3504161786855
다사6834,다사6633,111.230331438305
다바7833,다바6830,83.9566002578417
다사6043,다사5844,64.4416797588949
다바6466,다바6571,64.049720401519
다마6655,다마6555,78.4598360888315
다바5764,다바5664,50.0470629412179
마라4376,마라3979,76.9150975712289
마라4286,마라4185,120.36626719027
라마6948,라마6948,132.162817152231
다사2840,다사3144,73.0400803605653
다마6656,다마6657,69.9583768377091
다사4348,다사4646,70.6767553734016
다라0146,다라0046,94.9368083539761
다사4449,다사4850,59.9469595784884
다바5993,다바6293,120.820239521357
마마0163,마마0265,101.30795486259
다바9515,다바9515,71.6041536456855
다사3337,다사3239,60.5676616627678
다사6409,다사6310,56.7982982913517
다사6188,다사6194,68.2912485963021
마마6628,마마6528,85.8593889570669
다사5229,다사5332,69.400820136276
라사3726,라사3727,56.4856800071878
다사5124,다사5132,98.4662545791295
라라1760,라라1457,63.2715641781289
다바4187,다바4287,83.1378155128603
마사2475,마사2373,241.095066543767
라마6802,라마6902,83.2359448297214
다사5762,다사5761,63.0855590458774
다바8615,다바8917,101.186282812895
마마0363,마마0163,57.3964943463015
다사6737,다사6334,103.665188878011
라마9565,라마9667,62.7774235878455
다바9213,다바8511,80.0352983380489
다사7835,다사7836,74.9045093091751
다사3841,다사3741,79.278808040076
다바6966,다바7065,68.4436933000815
다사2640,다사2742,65.9390713906268
다사7351,다사7548,68.218707079418
다바9952,다바9850,79.12867710882
다바6469,다바6571,201.488649538811
다사4248,다사6045,53.7879025436213
마바0842,마바0841,61.2054258606767
다사5332,다사5351,65.6422482883185
다사6938,다사7038,56.997141875484
다사6117,다사5718,93.9252691152529
다사5753,다사5652,178.184447437654
다사5718,다사6017,407.442842793203
다바9013,다바9013,75.3339836062758
다사7039,다사7038,72.9851700466888
라라8451,라라8349,57.0488421971673
다사5957,다사5251,79.2518115262499
마마0265,라마9964,82.0456005720104
다바7833,다바9322,126.620333544792
다사6171,다사6161,66.7292425739152
라라1540,라라1546,113.758654876474
다사4844,다사4944,72.08129929982
다사6545,다사6444,88.744876837564
다사6634,다사6734,52.8634588832325
다사5852,다사5251,187.006849308786
다사5343,다사5451,50.4706671567102
마라3585,마라3483,70.4987239694963
다사4642,다사4742,121.11020345994
다사6348,다사6145,99.8807141621275
마라4390,마라4285,68.0069654235197
마라5287,마라5186,177.610364620213
다사5328,다사5328,68.197279775183
다사5552,다사5251,57.8711997753533
다사7351,다사7251,79.5095463593202
다사3128,다사3227,105.883326859484
마마0064,라마9864,73.3951093428392
다사5042,다사5944,84.9449225919479
다사3826,다사3423,53.4468417662582
라마9765,라마9866,66.5967950035958
다사3244,다사3245,117.746385443574
다사6008,다사6206,247.604488246481
라라9584,라라9790,69.2065076900933
다사6354,다사6454,92.2341348508296
다사3846,다사3547,78.2883633891845
라라1761,라라2360,138.540028563234
다사5941,다사5940,102.225091130637
다사4647,다사4847,114.612698665179
다사6529,다사6632,72.5972062561203
다사4860,다사5352,55.9649804362135
다사5241,다사5944,98.2046791867869
다사4024,다사4023,206.817310345441
라사3566,라사3365,89.0396492994702
나라9746,나라9747,62.3277050240808
마라4488,마라4284,53.3520591244759
다사4321,다사4223,75.2734105359599
라아9421,라아9322,62.7263567756601
다사3134,다사2935,73.1151651761839
다사4147,다사4247,76.767533939037
다사4856,다사4850,84.9360648253609
다사7449,다사7250,81.2367981293251
마사2475,마사2574,62.468419702129
마라4178,마라4078,170.748194329493
다마4972,다마4972,69.9246943269
다바8915,다바8815,123.883583425878
다사6012,다사6112,75.2889498927513
다라0546,다라0547,128.740744567581
다마3175,다마2976,54.9549266791027
다사6545,다사5845,60.8143335478096
라바6143,라바6144,79.6292902921284
라라9397,라라9398,58.6148098648037
다사4321,다사4521,57.4700783215237
다사6281,다사6182,116.965683115025
다바9745,다바9948,83.2178471255439
다사6248,다사5251,115.090768899173
다사4250,다사4847,58.3564849346918
다사3761,다사3760,131.864996577191
다사3827,다사4024,93.864140987993
다사4843,다사5944,52.0874817371894
다사6255,다사6255,89.8658585029049
다라3227,다라3327,51.4774224442875
다사2262,다사4151,112.488722622461
마마6527,마마6228,86.8295042030506
라사2084,라사2187,112.686972733494
다사5213,다사5113,68.9070306278938
다사5753,다사5351,57.1738187383281
다사4844,다사5251,120.241885642744
다사5860,다사5761,92.5723997957625
다마4556,다마4556,89.1057967914167
다사3645,다사3547,66.5260047088151
다사6144,다사5944,55.0535420423988
마마7426,마마7626,104.482717532047
다사3564,다사5251,117.211454532318
라마9162,라마9062,158.885831894312
다사6433,다사6633,100.365299331241
라마9472,라마9471,83.4800296956267
다사4747,다사4646,108.835512330321
다사6252,다사6149,82.8813516684424
다사5251,다사5451,290.876095000833
마라4187,마라4187,74.0651258153466
다사4543,다사4642,148.520957783958
다사4011,다사4106,142.250689777166
다사2840,다사2740,123.267287736342
다사4050,다사4251,72.9331709422444
다라4881,다라4684,62.1085726189189
다사5719,다사5316,63.4072374809774
마마6427,마마6528,53.4829479609101
라마9564,라마9463,70.7511123718439
다사3043,다사3045,59.0867277433498
다사6161,다사5251,152.315352124844
다사4944,다사5843,56.5323607267186
다사2638,다사2939,54.7056462816391
다마6555,다마6755,55.9457681724717
마라0254,라라9956,86.5408120238155
다사5753,다사5754,85.0054653211759
라라1638,라라1839,80.4511898412801
다사6111,다사6112,82.4074624747966
다사5952,다사5851,87.5623494824355
다사5754,다사6049,50.7526459323558
다사6017,다사6017,123.9466055601
다사6737,다사6837,103.664503609055
마바7097,마사6700,194.5548120327
라마8810,라마8911,91.0576317899939
다사5242,다사5944,120.69001236896
다사5229,다사4932,60.7137724699927
다사4024,다사3722,68.6199282343358
다사5250,다사5149,105.512742111795
다바6097,다바6094,85.9103000496222
마라1879,마라2382,99.4781490964799
다바9550,다바9550,108.969551042227
다마5373,다마4973,58.999144007705
다사3140,다사2934,63.7688012914867
다바8916,다바8916,207.752472117259
다사5342,다사5846,104.540155619414
다사2556,다사2857,91.6607212495108
다바8511,다바8515,54.0992868713605
다사4744,다사4642,63.1211843914354
다사3243,다사4542,80.1852283852565
다사3646,다사3646,107.745560142228
다사8262,다사8265,71.6111743493604
다사4941,다사5041,55.1665499263834
다바7833,다바8721,58.4519287119219
다사5042,다사5943,56.3975034667751
다바9614,다바9314,59.7244371306901
마라3991,마라3488,54.2422779988212
다사6648,다사6648,73.2660163721859
라마8544,라마8649,76.6887550869778
라바0047,다바9947,58.5032750587556
다사6112,다사6310,94.110664882614
다사2646,다사2744,69.0531893262671
마라5287,마라4887,211.034669431792
라사2183,라사2183,77.4811670816343
다사5119,다사5316,252.085477184232
마마6886,마마6681,52.4150390076736
다사6262,다사5652,61.7347619437408
라라9193,라라9093,67.990553131241
라마7494,라마7592,65.0692693128754
마마6987,마마6783,68.5361329241493
마마5010,마마4909,123.175405448445
마라4387,마라4081,62.0031757305676
다사3046,다사3046,61.105976910523
다사9520,다사9420,98.7206390749423
마라1990,마라1889,287.67923739572
다사6426,다사6223,76.9663697836565
다다1000,다다0700,71.5364975236075
라마9064,라마8864,52.706743663629
다마5273,다마5071,91.7955715488325
다사5917,다사5718,95.8113658152529
다사5860,다사5857,66.9099808838566
다사2939,다사2932,59.4916337588232
마라2494,마라2495,69.6443717053438
다바9013,다바8916,128.81580306314
다마3147,다마3048,92.7788795726021
다사4929,다사5130,62.9597776900278
라사2186,라사2086,142.385987262152
다사6471,다사6272,88.3081137984503
다바8321,다바7833,255.718643560844
마마6886,마마6883,75.6031697175649
다마4656,다마4556,86.5122217465539
다사6008,다사5908,51.542172140917
다사3327,다사3423,65.8279280455738
다사4247,다사5351,64.1211086718345
다라8023,다라8023,79.1335134344372
다사6348,다사6049,110.204673636099
다사6310,다사6206,326.113754813308
다나0598,다나0598,51.2979829425069
마마3704,마마4009,142.609556724865
마마6213,마마6620,67.5589239527254
다사3827,다사3827,61.9611362896928
다라4581,다라4084,76.5785537474446
마마0960,라마9963,55.9085444711197
다사5132,다사5333,121.945410454951
다사4845,다사4647,65.9000723658976
다사5761,다사5760,76.3331263645216
다사6019,다사6216,53.3731204020602
라마7592,라마7492,80.3038145529954
다사3543,다사3445,103.865471255042
다라3686,다라3689,112.039710912165
다사4157,다사4653,104.945522364548
라라9894,라라9991,76.2364900474397
다사4447,다사5251,167.103095351098
다사6444,다사5945,70.3518561424282
다사6348,다사6045,105.832978045663
다사6258,다사6045,65.6153606271109
다사4932,다사5030,141.196413472902
마라0853,마라0955,227.152022810901
라아9421,라아9521,65.5648802297046
다사6349,다사6349,80.1409072842892
마마0964,마마1064,83.9619140427959
라사1885,라사2187,54.8693688410861
다사5850,다사6149,68.5380944338062
다마6663,다마6773,114.216714934321
마라3795,마라3795,56.6776377749316
다라3991,다라3790,54.3662591294347
라라1841,라라1842,78.3481408894443
다아6202,다아6211,61.4704480489557
다사6747,다사6546,63.0968537670877
마라4496,마마4602,68.4625999619113
다사3337,다사2935,72.7727269802782
다사5251,다사5350,78.3587581449334
다사6046,다사6045,96.218582753549
다사6644,다사5943,53.0191408037867
다사3943,다사3645,60.7047191259663
다사6861,다사6755,97.4062192327747
다마6654,다마6559,75.0843545715702
다사5050,다사5149,93.974692235947
라라9687,라라9790,222.087822759577
다바9845,다바9347,57.6985022742908
다사3133,다사2430,100.906201670011
다사6056,다사6056,59.5730643847622
다사4449,다사4151,118.542993545511
마라3379,마라3276,63.0909507598421
라마9362,라마9364,77.8005826112179
다사3742,다사3646,75.8824144877195
다사5644,다사5643,58.4377665283044
다사4349,다사4351,77.7773564016242
다마4972,다마5072,121.67124387242
다사5860,다사5651,60.4717636343069
다사5654,다사5554,107.249636122345
다마6660,다마6661,83.1260025418361
다사4946,다사4847,106.403402842651
다바9017,다바9017,232.747716295834
다마6556,다마6857,51.3005728416373
다사5750,다사5452,107.16179563264
다사2738,다사2834,51.1183603439527
다마6654,다마6858,103.441797327557
라마9471,라마9471,116.61502907904
다사2636,다사2436,57.7155140404533
다사2661,다사5251,72.6151274181565
다사5951,다사5952,62.2596484038378
라라5786,라라5687,75.6948235687426
다바6968,다바6573,127.144249996851
다사4347,다사4746,59.9015336153139
다사5959,다사5959,55.5349405285151
라마9358,마마0163,71.1557412950364
마라3991,마라3691,62.7450817745163
다사7358,다사7459,62.153612624346
다사5918,다사5718,101.36330163348
다사9916,다사9916,88.4653226145625
다사5850,다사6049,100.285730842765
다사3129,다사2833,50.8804184653262
다사6349,다사6049,134.539305175614
다사6935,다사6633,68.904955861612
다바9017,다바9214,112.690159258679
라바0045,다바9845,114.891412140063
라라9193,라라9687,54.710921939676
다마6559,다마6458,74.7056918314969
마바0069,마바0068,52.0122642665436
다바9346,다바9347,85.6762039218505
다사4943,다사4642,123.33519118509
라마9566,라마9767,56.8766490988849
다사6919,다사6519,78.5987216009053
라마9362,라마9362,65.4424480950158
다사4854,다사4855,78.0739214118617
다사5028,다사5029,53.446630281939
라라9687,라라9991,186.032931096987
다사2744,다사2749,122.021442916299
다사8260,다사8262,60.1658484711574
마라0254,마라0953,50.0889265556926
다사5251,다사4947,182.095395501124
마라4589,마라4887,100.940560938104
다사3643,다사4542,54.9154565420674
다사4249,다사4149,117.759977963727
다사6171,다사6069,74.4964254756358
다사6748,다사6950,67.121406380329
마라3576,마라4080,62.9048634768205
다사4746,다사5251,181.249577114149
마라4688,마라4688,86.9897503978274
다사4243,다사4541,66.2439377019012
마마6330,마마6432,231.19168208426
다사5249,다사5349,64.1172585242413
다사3247,다사3448,118.768252238408
다사7251,다사7351,117.62599563263
다바9852,다바9560,58.9834049884497
다사3742,다사3543,61.4124182058802
다사4742,다사4644,59.984809444034
다사4855,다사5451,75.4887750585714
다바9745,다바9845,108.249767916024
다사6258,다사4947,52.1521803453857
마라1990,마라2191,95.2661749185291
다사6144,다사6044,83.1904767742048
다사6445,다사6045,111.964444218415
다사5127,다사5130,53.5165231387177
마마5465,마마5462,54.8519969028919
라마7590,라마7592,55.8407371320463
마마0067,마마0165,51.4729134446888
라마9969,라마9867,50.1741221161611
다사3927,다사3724,118.307901202608
마마1160,마마1964,92.9795710649248
다사4843,다사4943,91.0921827118578
마마6330,마마6230,53.849725205507
다사3045,다사3346,50.1313545248951
다사5646,다사5251,52.8539423802057
라라2375,라라2274,55.6555965630095
다사5252,다사4947,67.9799274085745
다사2655,다사2749,60.7310547534873
마라4492,마라4493,104.612408558618
다사6841,다사6633,55.5885619056799
다사2636,다사2833,96.4225418982151
다바6968,다바6571,149.973139761684
다바7833,다바9325,58.2900333416552
다사6206,다사6206,105.131588167596
다사6426,다사6628,52.7037589173889
다사5755,다사6149,52.6021170752443
마마1223,마마1321,58.8806414476449
마라1879,마라2079,55.411968165886
마라3877,마라3879,82.5509820016444
다사5861,다사5961,94.0531950524365
마라5287,마라5286,76.4655993418962
다라1720,다라1720,80.3365080026846
다사5333,다사5234,71.8837039554892
다사6355,다사5844,77.2543131955357
다사2661,다사4151,63.1036943088963
마마6729,마마6628,75.5208408083611
다바8818,다바8720,88.8206244157074
마라3579,마라4080,68.4554112410443
마마5105,마마5104,109.490812394351
라바0047,다바9948,81.7230951112241
마사4149,마사4247,56.4883744299488
다사6471,다사5971,75.763307178971
다사3725,다사3724,109.364334808953
다사3344,다사3444,90.2860004643479
다사2735,다사2933,85.3915836632981
다사5229,다사5333,75.9719777388437
마라3588,마라3584,51.0601495276709
다바9213,다바8911,57.6137956440247
다사3638,다사3935,54.9764265893645
다사3140,다사2430,62.9968139648737
마마6327,마마6628,55.5462173378321
다사4661,다사4859,64.0650312256101
다라4681,다라4084,93.8960279563818
다마4656,다마4456,105.928501794518
마라4488,마라4488,116.730380391769
다사6737,다사6644,68.7935515453984
다사6456,다사6457,85.7196502479049
다사2556,다사2655,166.304255891768
마라0455,마라0955,94.027582670987
라사2823,라사2622,51.2018304135078
다사5861,다사5761,52.426119724013
다사2735,다사2331,61.2124657889038
라마9127,라마8927,60.2722038990153
다사6645,다사6145,64.6443439604583
다바6365,다바6169,66.5681474193564
다사5744,다사4947,129.977367365432
다바9122,다바9025,93.2721252056351
다사4645,다사4542,91.6220111502652
다나0599,다다0600,69.6945894539819
마라3679,마라3579,53.5077008500996
마라2794,마라2693,70.4094381352311
다사4824,다사4929,99.1968334044876
마라2979,마라2378,260.925227030746
다사2941,다사2841,54.4369643499764
다사6149,다사6145,69.4921876987802
다사6250,다사5846,60.1612309726728
다라0246,다라0145,81.2532065530801
다사6222,다사6424,50.5035751472084
다사4221,다사4024,159.482477020663
다바9517,다바9516,59.990264706531
다사6632,다사6631,74.9599172276759
다바8613,다바8917,79.1823219793626
다바9349,다바9449,157.220147637768
다사5951,다사5844,51.7319986219314
다사3243,다사3244,78.8821246199075
다다1503,다다0901,61.8919100912878
다사5758,다사5551,53.6557581665866
다사6019,다사6217,53.4803407148675
마라4790,마라4388,50.8294818189597
라마9570,라마9566,76.963822807742
다사5817,다사5819,62.459849343949
마라1889,마라1987,52.9939139550314
다사4248,다사4247,68.4418413216152
다라0246,나라9639,50.7610091407167
라사2286,라사1987,76.1048159110119
다사7039,다사6045,52.3011315743733
다사6154,다사5953,59.6760327880437
다사5860,다사5752,59.5258297634506
다사6156,다사5652,50.4213238663996
다바8916,다바7833,65.0641632705194
다사6206,다사6017,58.6575612432496
다사6621,다사6519,53.4698037260061
다사6737,다사6145,65.313322876612
라마7585,라마7684,61.6804107584934
마라4583,마라4684,68.2000051069367
다사4744,다사4644,79.3920556811226
다사2262,다사2660,224.165022245317
마사2272,마사2374,75.1073873985249
다바6365,다바5564,52.3014378509091
다사3147,다사3045,65.4163922689352
다사6011,다사6211,50.5054657585852
다나1198,다다0900,58.8248817425117
마마6631,마마6731,88.7029762993755
다사6171,다사6071,122.651007547463
다바6871,다바6573,59.9544433149874
다사6250,다사6250,91.7682029725866
마마6448,마마6445,72.2848786751828
마라0954,마라1153,94.2500487786384
다바9327,다바9126,60.5863451403408
라마9664,라마9764,118.480532011455
라마9563,마마0163,58.83679017811
다사3148,다사3045,83.2847773288659
다사6645,다사6645,59.5681314285342
다사6206,다사6607,79.3934055374169
다사5233,다사5333,74.912232442441
라마7691,라마7691,56.3772315038888
마마7423,마마7322,72.7499992853348
다사4147,다사4248,68.8740910250084
다사6071,다사6272,66.300876445007
다사4547,다사4646,79.8134952303536
다사6844,다사5844,69.2213546312872
다사5818,다사5817,52.0790492835629
라라9193,라라9893,55.76727959097
라라5687,라라5289,56.8475860959073
다사6456,다사5351,65.6394786820158
라사1223,라사1221,63.4580284628681
다사5536,다사5536,114.49937889961
마라4690,마라4692,85.1368160174512
다사4942,다사5042,58.8613932192948
라사3728,라사3928,50.5255830245469
다사4640,다사4641,197.41880648068
마라4290,마라4490,80.3943311426635
마사4149,마사4150,84.4485197028158
다사6426,다사6425,83.1257638356437
다사6829,다사6631,67.6601087881319
다사4640,다사4639,52.9167495603816
다바6587,다바6588,60.5118175912563
다바2651,다바2545,381.435179152691
다사4858,다사5551,68.035624261662
다바9447,다바9546,59.7095457288507
라마8340,라마8338,111.043597584023
마라4086,마라4080,59.4262702817898
라마9162,라마8961,102.883018373867
다바0764,다바0765,72.3915509438015
다사3244,다사3646,56.6208223909203
다사6939,다사7137,75.6401355085056
다라0646,다라0146,75.9733470286432
마라4283,마라4080,149.695621721762
다사5028,다사5130,63.3801635121122
다사5654,다사5251,134.807088076038
다사3841,다사3643,61.7407802519392
다라3685,다라3889,78.2900022553527
다사4540,다사4947,59.1237531077587
다사4345,다사4542,55.1665954773682
마마7429,마마7526,197.67023350294
다마4555,다마4555,54.2232868725052
마라0890,마라0690,66.9243208767467
다사2761,다사2262,52.2622225324326
라마8388,라마7989,67.2754504135952
다사5544,다사5844,59.6310579867976
다사5754,다사5251,154.048155612557
다사6324,다사6017,52.5431390573673
다사5027,다사5028,81.401471933615
다바9548,다바9449,116.673411577401
마마5464,마마5463,67.2171137324423
다사5636,다사5436,52.5089719320737
마라4283,마라3979,72.4651181694358
라마8548,라마8748,183.2952437253
다사3045,다사3147,61.9491853030898
다사5130,다사5130,86.1154597921763
다라0440,다라0240,80.8060766446194
다사5751,다사5452,74.1268459851997
라사4025,라사3726,65.4076827453666
다사6153,다사6053,59.5799384426343
다사6190,다사6089,80.3024188407668
다사6354,다사6355,102.12519566103
다사6748,다사5945,57.1000558034163
라마8488,라마8389,58.4706953939828
다사4747,다사4746,114.356437179651
다사5856,다사5553,61.7690177990409
다바6771,다바6573,119.790942316697
다라4484,다라4484,123.731329073817
다바8914,다바8815,56.4027069090535
다사4703,다바4798,193.798176557938
다사4957,다사4855,75.9386166885363
다사6546,다사6644,66.3864350026762
다사5041,다사5251,69.8659604126404
라사3826,라사4025,63.96521510571
다사6350,다사6251,58.8728158627924
마라3376,마라3477,66.5775936709572
마마0167,라마9964,63.2107749437917
마라4188,마라4283,58.670117331636
다바8816,다바9314,51.085125321577
다사6819,다사6519,139.393292461018
마마1060,마마1361,69.7951058095103
다다0500,다다0600,78.4613870210364
다사5042,다사5843,54.2587523843089
다라4784,다라4684,78.4442497685091
마라4790,마라4692,71.8486177356341
다사7349,다사7450,71.907867338897
다사6941,다사6737,55.0604601299518
다사5958,다사5251,58.5150777196945
다사5853,다사5652,86.0608597028901
다사5816,다사6016,51.4728124060662
라사4126,라사4225,62.6843452113096
다사6455,다사6151,63.2568391994048
다사6361,다사6161,55.3834433417133
다사4954,다사5251,88.4368183006814
다사6747,다사6849,62.9702683694212
다사5028,다사5025,94.689918184639
다사6156,다사5551,58.271917186624
다사7020,다사6819,56.6120555153821
마라3985,마라3984,52.1094662840478
다사6880,다사6983,60.2092003753731
다마5170,다마5174,56.9420403960399
마마1361,마마3070,55.1015210209064
다사4642,다사4542,232.773674593785
다사2339,다사2340,101.290539033291
다사6008,다사6310,98.3746142294207
다사6707,다사6310,109.924915458696
마마7322,마마7323,104.359850038951
마라3080,마라2979,134.512586172949
다사5845,다사6045,73.9199167824958
다바7833,다바7333,72.7078056466823
다사5757,다사5552,114.159914381988
라마7591,라마7591,110.272231076651
다사5971,다사6071,82.8472864324501
다마2974,다마2875,101.09143172132
다사6206,다사6408,51.5161737673083
다사6089,다사6088,86.1326304828605
다사4942,다사4842,53.0986952568856
다사3344,다사3244,53.5401004918772
라마7989,라마8188,78.7927675116058
다사1643,다사1044,65.4027719713197
마마6884,마마6883,69.5750980899577
다바9546,다바9447,74.0530021444254
라마9570,라마9571,90.7492854488708
다사2836,다사2833,89.7172192336719
다사2066,다사1961,50.9376610939231
다사6738,다사6642,61.5645988886605
다사5918,다사5819,62.5873757155378
다사6648,다사6747,83.2529754286289
다사5229,다사5327,80.7542358504982
다사5817,다사6017,212.276362159646
다사4643,다사4743,63.946973322363
다사5343,다사4742,50.3793385887353
다사5657,다사5757,57.8920617087407
라마8663,라마8663,69.765710001905
다사5655,다사5251,121.440278087903
다사5241,다사5242,69.8784438194843
라마9469,라마9471,81.8757556591787
다바5564,다바5564,118.899353442167
다사6052,다사5352,77.230055067338
라라9893,라라9893,134.716586792917
다바8319,다바7833,86.628254277673
마마6987,마마7179,51.0156457838945
마마3704,마마4109,86.2508182924369
다사5132,다사5231,56.0113445825651
다사5956,다사6056,76.3097465310496
마사0231,마사0231,101.195673065169
다사5657,다사4947,52.3867114257674
다바9218,다바9219,53.0599630258738
마라3373,마라3374,53.5384620050699
마라4791,마라4791,58.8050632995009
다사7368,다사7268,77.2732781668078
다사6313,다사6113,74.6823154409786
다사5133,다사5333,50.7757375209343
다사4932,다사4833,128.106107755262
다사5650,다사5651,150.880653656208
마라4077,마라4081,51.9383756030302
다사4251,다사5251,73.9496964094591
다사5645,다사5644,66.2452866171183
마마6580,마마6782,75.4495602733377
다사4744,다사4947,142.335206286176
다사5042,다사4643,52.5399661800278
다바4054,다바2651,65.9641461309385
다바9357,다바9256,53.8906118057761
다사4222,다사4222,97.0385024171698
마라4290,마라4692,80.1906520397558
라라8353,라라8450,56.4361666613726
다사2634,다사2934,59.2612524907375
다사5341,다사4947,53.1914268512171
다사5350,다사5251,157.193777680588
마바0070,마바0068,52.0273600417647
다라4484,다라4684,93.6549420666897
다라4783,다라4782,85.696580675509
다사5150,다사5050,87.048619988063
다사3741,다사3841,53.4989121675424
다사4844,다사4946,77.5795918106693
라라9791,라라9893,58.3124027797209
다바7833,다바9327,152.733631695995
마마0063,라마9963,82.7213771027132
다라3685,다라3784,113.559531196865
마라0195,마라0095,62.9984945981598
마라4085,마라3885,93.3497862507311
라바0048,다바9849,51.2884024036653
다사4441,다사4442,122.946315410405
다사6052,다사6049,89.0418659816903
다사3140,다사2840,119.554825300119
라사2183,라사2187,62.9522917543861
마마3502,마마3604,188.538809065928
다마4229,다마4131,69.2309278937738
다다0500,다다0700,115.284521228068
다사6841,다사4947,69.3185559500914
마라0254,마라0254,76.9244980745441
다사5145,다사5642,50.9548357938245
다사4701,다사4803,123.103595363434
다사5143,다사4542,75.2118810906337
다사2262,다사2254,63.3130783910963
다사5518,다사5316,81.6107980472979
마라4277,마라4376,64.6405919393032
마라4788,마라4787,51.6862416289099
라마9866,라마9765,159.107018872549
다사6061,다사6061,103.756413722943
다사5119,다사6019,64.3424737764578
마라2497,마라2693,109.168118390418
다마6060,다마6261,58.2043595453541
마마3502,마마3502,74.3173411160838
나라9746,다라0148,60.8527272984339
마라0254,마라0954,62.9871281224539
마사2172,마사2475,68.8302212466041
다사5818,다사5316,68.1218226596277
다사6043,다사5943,73.0421725637904
다사3445,다사3345,113.809075369721
다사5943,다사5843,86.9784853270117
다바6667,다바6666,126.529564070403
마마7527,마마7626,111.107616850237
다사3145,다사3245,127.356334006837
라라9891,라라9790,66.5970400458244
다사2938,다사2833,54.4498425878963
다라4391,다라4391,96.6066386902954
다사4746,다사4847,115.014897101158
다사5941,다사5941,109.95988051991
다마6558,다마6457,63.461699182635
다사7834,다사7137,62.875889804573
마바1240,마바0841,120.912508026384
다사5857,다사5856,103.588349430636
다사5753,다사5352,71.5565151964004
다사5033,다사5032,78.2045399461367
마마0165,마마0265,52.2472984360739
다사7761,다사7660,63.0692332961763
다사6323,다사5843,50.1362755218433
마마0067,라마9968,59.861542785645
다사4540,다사4539,65.1334851296156
다사3149,다사3047,79.2176667681326
마라4394,마라4494,54.0857559677003
다사6310,다사6113,554.73181846033
다사4951,다사5352,53.0319948658767
다사3543,다사5251,85.6446046620987
마라0255,마라0056,222.690274028622
다바9952,라바0764,50.5389579603626
마마5565,마마5464,86.5687889911676
다사5962,다사6161,89.6828869184023
다사5718,다사6216,125.289031216489
마라4583,마라4887,121.284938624541
다사6222,다사6529,69.2092041190401
다사6750,다사6849,105.154761632392
마라0990,마라1089,87.857321898063
다사5532,다사5132,68.129260829768
다바0665,다바0564,73.9006564137155
다사6016,다바6293,65.6328467660437
다사3248,다사3744,55.8626183830525
다사6541,다사6443,50.0970573040139
마마6738,마마6840,250.996780334456
마라3891,마라3584,54.0052840877244
마라3587,마라3588,158.993464698304
마라4283,마라4185,56.5014955606012
다사3742,다사3645,50.9554418892086
다사3327,다사3024,64.2562971354954
다사6748,다사6643,142.917370687666
다사3952,다사5251,74.9500709483935
마라3690,마라3487,62.0049973353854
라바0045,라바0045,79.4971194960617
다사6750,다사6748,83.7828319921617
다바4987,다바4184,67.643078361038
라마3843,라마3643,62.5898533478285
다사2348,다사2448,52.8321379282118
다사4833,다사5128,79.0605291649395
다사3947,다사3847,82.1861016673718
마마0067,마마0168,74.4548550650574
다사4833,다사4929,57.3694009356717
다사6111,다바6293,69.0934977724232
마라4591,마라4591,54.5144369748604
라마9672,라마9572,159.794176918226
다사5142,다사6145,137.397544596915
라라8354,라라8451,89.7787053526902
다사3572,다사3673,78.6396065758417
다사4943,다사5643,103.142118022549
마라5186,마라4887,181.562675558076
다사5149,다사5049,115.449636142668
다라4582,다라4683,89.4771721404074
마라1990,마라0691,50.6528866384275
마마6527,마마6528,181.537362899
다라0346,다라0547,50.5137474555039
마라2495,마라2693,81.4665153297505
마라4377,마라4078,101.73586942667
다다1001,다다0901,83.4282423935154
다사6850,다사6849,131.093572123589
마라3587,마라3483,59.7878602155538
다사6850,다사6748,76.482032130821
다사3058,다사2958,108.703326676991
다사6250,다사6249,56.3441232645653
다사5049,다사5149,228.449331421112
다사6371,다사5971,56.0502099804392
다사3344,다사5251,68.3590488782733
다라0440,나라9639,64.6482092761964
라바0046,다바9947,79.3970952338689
다사3463,다사3364,90.5742496891423
다사5132,다사5436,56.3620249760866
다사5947,다사5847,52.8536580425839
다마2873,다마3175,69.2937444316379
다사5758,다사5759,109.373968832171
마라4388,마라4284,112.182104845254
라사4343,라사4243,151.522085503988
다사4347,다사4643,59.1914349383718
다사6348,다사4947,52.0779252517013
다바8818,다바9314,61.4237653878825
다사3336,다사3337,55.9297810350117
다사4351,다사6045,52.3791737770558
다바9414,다바9414,101.720327740257
마마0764,마마0964,63.4088598132378
다사6730,다사6632,58.5161449360115
다사2840,다사2432,88.902863627491
다마4456,다마4456,101.31669888308
다사5343,다사5643,54.0059272341413
다라9863,라라0161,51.2400358979696
다사5853,다사5752,70.943592079522
다바9748,다바9350,60.127038455343
다사6742,다사6643,172.415444036083
다사4450,다사4251,96.3757177559774
다사5851,다사5847,64.7598417539214
라마9665,라마9564,81.7764661847944
다사2646,다사2644,81.5648767155471
다사4543,다사4643,216.937901485928
다바9413,다바8916,68.3016839999653
다라3991,다라4092,79.7478956570073
다사6643,다사5844,64.0485337152764
다사4951,다사4850,77.7572900223551
다사6849,다사7250,62.6557039817621
다사6519,다사6520,99.5066261490038
다바6865,다바6770,50.0167181536726
다사5131,다사5032,111.282834915794
마마0165,라마9964,64.0433838907267
다사4644,다사5351,61.6119844634973
다사6557,다사6457,70.7838803122814
다마6663,다마6660,126.402597690337
마라3587,마라3585,80.7003692820763
라바3885,라바3787,102.15463071318
다사4324,다사4323,78.417248698171
다라4390,다라4291,51.5297446782092
마라4391,마라4394,54.3567088068648
다사6358,다사5251,118.161392932209
다라0440,다라0539,59.8727798620727
라라5360,라라5361,81.0553212679301
마마3604,마마3809,89.8619770833963
라마9468,라마9566,57.5963178991126
다사6353,다사5351,65.0015957910082
다사6370,다사6271,59.7555388676641
다사3543,다사4742,54.6205885376812
마마3603,마마4009,129.877103986886
라라9891,라라9891,61.258245438237
마사4244,마사4244,65.4164576007458
다바0765,다바0665,93.9927937257982
마마1102,마마1403,66.747903652207
다사6052,다사6045,89.7306825901068
다사6210,다사6114,90.0767513286638
마라3891,마라3588,63.1064565532469
다라3468,다라2869,53.3110802853552
다사3238,다사2939,83.9133517137591
다라4681,다라4581,82.6701081314942
라마9357,라마9459,69.9472322428707
마라2693,마라2893,54.7754203300475
다사4647,다사5149,55.3744927320609
다사6254,다사6454,62.6993006842979
마라2979,마라3080,73.2612275800742
다사6353,다사5652,51.6784327555136
다바9112,다바8917,85.8709539723592
마마0160,라마9964,62.5884275320582
다사7861,다사7660,72.7555710723647
다사5342,다사5945,67.3295063838965
다사2735,다사2932,111.902267890556
다사4344,다사5251,107.976522378497
다사5042,다사5351,61.5323762216484
다사5143,다사5042,73.8994352701547
라마7495,라마7890,68.7274218921557
다라4287,다라4783,62.1379258334998
라마9571,라마9470,147.19832102922
마마7528,마마7526,104.577451514503
다사4148,다사4147,75.432132462795
마마6416,마마6821,85.2820294586006
다바8611,다바8511,200.01139557724
다사3842,다사3942,65.8905070277556
다바8924,다바8917,57.7157981157762
다사4247,다사4747,53.2299594347678
다사5332,다사5233,61.7975829304031
마마6539,마마6738,169.181427505098
마라4278,마라4077,59.368753665405
다사6737,다사6443,69.1555654067837
다사6956,다사7056,57.4254520838158
다사5343,다사5443,204.238858452863
마라0785,마라0985,52.7417115612248
라마9469,라마9666,66.4106171077125
다사6545,다사5945,102.297266639364
마라0892,마라1089,67.5235939661017
다라4579,다라4581,59.9257687076029
마라4287,마라4389,82.2688792562189
라마9062,라마8962,62.3997591177417
마마5105,마마5404,90.0748034147996
라마9362,라마9564,81.4775124207317
라마9664,라마9564,126.379739769357
다라4590,다라4591,55.2850388946857
마라0254,마라0158,55.4248491899334
다사3249,다사3149,118.209798068018
다사4545,다사4647,68.4533555073702
다바4187,다바4186,83.6114724066045
다사2436,다사2734,94.4946427034195
다마4131,다마4635,81.3197804566694
다바1817,다바1915,77.1700122472135
마마6330,마마6731,58.2052561065765
다사5242,다사5845,51.2829706113998
라사6104,라사6204,74.0098541407976
라라0764,라라0764,91.8605190996209
다라4091,다라4193,56.5786529081429
라아9423,라아9322,61.9071389636715
다사3827,다사3624,67.64555429986
마라4488,마라4389,75.6494502727932
마라2793,마라2893,98.4861330680441
다사6070,다사6071,127.400401971922
다라0666,다라0666,96.6377348746344
다사6956,다사6856,52.1731486796922
라사2083,라사2283,70.6734056274329
다사4243,다사4542,96.1467002271458
다사5342,다사6145,50.0590208376207
다사9321,다사9520,55.7238267389692
다사2840,다사2933,68.2638226359447
다사4856,다사4947,67.5001687003975
다바8411,다바8916,61.8861367643474
다사4539,다사4638,90.2122111459013
다사5032,다사4932,124.116992009813
다사3133,다사2834,83.8568987005334
라사3365,라사3365,66.6645237570185
마라5286,마라4887,137.228363287352
다마5374,다마5072,52.6299690715981
다라3786,다라3685,124.057498475594
다마5374,다마5174,64.9245267053898
다사4350,다사5351,72.5819498452206
다사2734,다사2532,56.0451137175398
다사3240,다사3139,63.4004075064641
다사5957,다사6056,60.8591418436016
다사5143,다사5251,104.495067946779
라라9687,라라9791,73.3941877838594
다사6217,다사6019,53.1092947287752
다사5760,다사5251,123.2026665452
다라4887,다라4784,59.078308827817
마라4682,마라3979,66.2255002038593
다바1817,다바1113,64.8827706949424
다라4586,다라4785,66.9269683012246
다사6072,다사6071,70.0888490369454
마라3790,마라3487,61.0826507035344
라라9791,마라0792,68.4377222557607
마라4376,마라4277,86.3950312993796
다사5027,다사5029,51.4914402337057
라라9688,라라9790,97.678929022659
다사5956,다사5955,83.6511579868707
라바0046,다바9748,50.6580552187781
마마5929,마마6527,56.8378277349754
다사3942,다사3943,99.0197281424777
다바9447,다바9952,57.4345109330151
다사4803,다사4804,51.793390084151
다사6631,다사6529,51.4513744508844
다바1817,다바1917,121.409628456517
라마9064,라마9059,79.0002756700063
다사3543,다사3943,70.1370674560256
다사6761,다사6560,50.6173636921182
마라4086,마라4185,77.386897360755
라마9666,라마9666,92.9088158884965
다사6737,다사6937,118.513057476115
다사5551,다사5551,75.0791194596253
다사6730,다사6631,126.9080089271
다바9414,다바9314,100.867420193515
다사2836,다사2935,109.131012815343
다사5054,다사5054,67.5211953099181
다사7038,다사6631,60.3790506810891
다사5644,다사5642,76.9238978330116
라사2084,라사2085,61.1625378471728
다라3685,다라4586,65.7697149362306
다라4483,다라4484,70.5058146607274
다바6081,다바6080,52.1400255868374
다사2840,다사4947,69.7017896937803
다사3917,다사4024,206.113471270628
다사4143,다사4642,50.2513106385423
다사4344,다사4344,104.728600981969
다사5858,다사5856,91.9021239359112
다라4384,다라4684,54.8735311925181
라라7364,라라7564,51.6620046201858
마라4085,마라4286,52.2555974333826
다사2939,다사3039,100.963052902717
라마9357,라마8544,101.118253676065
마마0462,마마0163,64.7653878824316
마라1495,마라1595,72.7640433403193
마마6886,마마7079,57.7984591550312
다사4545,다사4644,66.7165150967844
다마6555,다마6559,57.8639377921483
마바0069,라바9970,92.1783504815932
마마7176,마마7277,82.4524763763987
다사3746,다사3647,106.874689643005
라마7394,라마7591,84.8545317033756
다사5148,다사4847,62.0613219878862
다사6020,다사6017,249.513185765032
마마5929,마마6723,52.3350214899301
마라3794,마라3588,73.3234159331623
다사6444,다사5251,56.5298280907103
다사6527,다사6633,66.8479370674458
다바9852,다바9357,50.3902923071703
마마5114,마마5118,115.461913824136
다사4945,다사4542,55.3287583916673
라바3985,라바3887,73.4341123498655
라마9358,라마9864,83.4857606606535
다바9517,다바9314,86.9511759445126
라라5085,라라5187,86.2455511018886
다사5945,다사5946,65.0370078301376
마마1064,마마1164,82.3843282101789
마마6782,마마6781,114.496946065695
다마2873,다마2976,79.4575015119742
다사6649,다사5844,57.095895496494
다사2538,다사2638,105.959309404662
다사3047,다사2947,93.8606768134491
다바9014,다바8916,86.1749764085616
마마0961,마마0265,59.9129139203604
다라3685,다라3887,85.8951465111422
다사3238,다사3233,61.8158243678416
마라3378,마라3477,98.9732536859154
다사4343,다사4343,64.4782886500908
다사4247,다사4447,64.2068858936094
다바7833,다바9449,58.3699815196979
다마2974,다마2774,53.195926455324
마라0992,마라0792,54.7473094933801
다사2735,다사2840,69.2207788758362
다사3445,다사3545,101.131767380693
다사5812,다사6212,59.7012240684048
다사5862,다사5862,91.0806054991665
다사7038,다사6734,65.7104101148943
다사5758,다사5758,92.2257250965668
다사5027,다사5030,132.72823168423
다마6862,다마6761,60.0648480207685
라마9157,라마9056,78.661879287574
라마9162,라마9162,75.5230631398305
마라0495,마라0592,51.5503320907681
다사5536,다사5351,52.1066314109307
다사3140,다사3240,71.4076010747747
다사4341,다사5251,98.9911801898
다다0900,다나0699,55.4425660230153
다사6063,다사6160,59.0018163155341
다사4346,다사4847,86.9785340908014
다바4887,다바4887,61.1480176449299
다사5229,다사5032,70.0712048491794
다마6556,다마6757,55.9381303940043
다사4735,다사5032,66.9714754371966
다바9348,다바9350,145.695164605526
다마4972,다마5272,68.5773021754535
다라3786,다라3588,146.276160585442
마라4492,마라4390,63.2456975300217
다사5757,다사6149,55.516873531839
다라1620,다라1720,59.6360471248685
다라4532,다라4531,135.493351208132
다바7833,다바8248,71.4826752328894
라라9992,라라9991,72.3681157077241
마마6527,마마6425,86.5568376349409
다사4123,다사4024,161.912730822641
다라0145,다라0245,58.5724566683008
다바5465,다바5565,65.7310146241632
마마1165,마마0964,101.674448721508
다마6457,다마6657,72.1836109916539
다마4229,다마4129,71.4174157421511
다나0599,다다0700,156.5039684485
다다0500,다나0599,83.1250812189436
마라0792,마라0791,116.561804674418
다사7735,다사7834,113.089797426799
다사6861,다사6857,61.8635809845478
다마5373,다마5173,71.1062419651248
라사2184,라사2084,66.2559480175123
다바2377,다바2378,54.1857597588038
다사3926,다사3523,50.4133527977684
다마6657,다마6656,52.5868911252547
마라3992,마라3891,53.0999508912597
다사6358,다사6258,110.387636160185
다사6162,다사6160,80.0975723570964
다사3033,다사2430,126.85969353664
다바8916,다바8815,53.1302854117821
다바7890,다바7784,85.979177135643
라바9869,라바9970,53.0874827513588
마라4791,마라4692,107.027812628532
다마4229,다마4229,59.3973956469108
마마1059,마마2063,55.445669656675
다사6633,다사6737,111.270694622381
다사4549,다사4847,52.6366183791379
라아9421,라아9422,173.253704103488
다사6118,다사6017,70.8742993204373
다바4187,다바4185,54.2264701432756
다사4251,다사4152,56.138444067386
다사6648,다사6748,84.5466339016565
다바9213,다바9213,165.346442284717
다사5919,다사5918,57.2920604836521
다사3841,다사3543,101.074947160418
다사5944,다사5945,79.7827162996188
다사7152,다사6045,56.5778927929819
다사2661,다사3058,131.886558552452
라라5086,라라5388,78.4576379449931
다바2277,다바2377,160.889333767751
다라3685,다라4484,123.025783792041
다사4850,다사5251,142.302801621709
다바9852,다바9850,63.9345673141066
라마9459,라마9560,91.8956957779845
라라1761,라라2158,79.1144422374936
다사5029,다사5032,91.436876531036
라바6245,라바6143,58.6349494488575
다사4554,다사4653,112.707284221007
다라4886,다라4886,59.5093047273961
다바1817,다바1620,71.790313114477
다사3326,다사3124,50.3658673551171
다바9945,다바9948,69.0407841688553
다바9327,다바9328,63.3662302735665
다사4350,다사4350,89.0117696913935
다사7039,다사6938,76.2124899115895
마라4290,마라4285,116.641149853051
다사6643,다사5251,55.0623570740491
다사3238,다사2734,61.2668260355054
라마8755,라마8454,53.9911394356913
다사6159,다사6159,74.1510608850459
다바6588,다바6590,64.084913102839
다사4647,다사5844,56.1705483446329
마마2974,마마2975,109.959297167973
다사4646,다사4647,107.387669867483
라사3331,라사3726,59.9251429478508
다사5942,다사5842,50.370618296704
다사6310,다사6633,115.524099180185
다사4750,다사4950,70.6757792209258
다마6958,다마6959,70.09157308858
다사4341,다사4241,74.4131688574471
다바6669,다바6569,55.6380561272932
마라3885,마라3587,50.9801964388375
다사7349,다사7349,60.9446305857291
다바6469,다바6064,54.9405737564212
다사5757,다사4947,74.4434037910087
다사4449,다사4447,75.2725072905958
마라4290,마라4188,53.1621166851426
다사6156,다사5552,61.8137005812407
다바9745,다바9449,71.0710480399233
다사3463,다사5251,73.2869419681135
다사4841,다사4942,59.9608596907181
다마2815,다마2715,118.015499864227
라사3826,라사3826,75.5568670641383
다바6769,다바6769,58.0254322962185
마라4382,마라4481,95.7701860319311
마마0165,마마0165,95.6732116303356
다사5249,다사5149,104.631519991079
다사3942,다사4542,81.919329149391
마사3208,마사3209,56.4941934791103
다라4582,다라4484,64.3901076894082
라사2285,라사2286,58.7071531728494
다사5028,다사4929,150.185558757034
다사4854,다사4854,60.1406814236912
다사3842,다사3841,118.322852616718
라마9157,라마9160,53.9002105499926
다사2940,다사3039,59.4197325078728
마라4781,마라4682,55.235041101366
다사6206,다사6308,120.839607885251
마라3690,마라3485,59.2471420580348
마사2575,마사2475,56.6284994677238
마마6527,마마6527,116.626321715153
마마6426,마마6425,51.9288728836209
라마9571,라마9469,99.4414719178253
다사6161,다사6160,85.1892758820966
다사4753,다사4947,59.7822760376903
라라5986,라라5687,187.9124041926
다사5351,다사5351,116.988135769204
라바3785,라바3886,73.9843511244332
다사6632,다사6529,80.1458016982538
다사6261,다사6259,53.0118531496811
다사2455,다사2254,51.9631119271712
마마5929,마마5928,195.891502383641
마라0852,마라0955,93.8289159935677
마라3794,마라3691,87.7757230566811
라사4343,라사4242,53.0235545923618
다사6513,다사6310,83.1248894776656
마라4583,마라4682,72.6458919434774
다바8617,다바8518,107.383716550209
다사3637,다사3737,80.2559952003794
다사7761,다사6855,57.673998852751
다바4054,다바4054,87.0250159763984
다바5039,다바5239,94.4496122662592
라라5687,라라5175,86.5597532698064
다사3842,다사4542,85.2278658953081
마라4186,마라4185,123.448487865252
마라3477,마라3377,53.0324681152535
다마4971,다마4972,55.4024549956299
다사4752,다사4847,53.9573769933535
마라4789,마라4889,90.9395686792597
다사3058,다사3555,53.3173407074953
다사3444,다사3547,67.1237435727464
마마0265,마마0265,74.9381435713297
마라5187,마라4887,84.7120328327382
다사6251,다사6049,64.9600545757359
라마9361,라마9061,106.200646698997
다사6849,다사6848,197.34722570435
다바6491,다바6390,92.570770997326
다사6061,다사5351,81.1738899509977
마라4684,마라4684,71.179684419801
다사3562,다사3562,113.286050110417
다사4653,다사4653,89.4638035636951
다사5944,다사6045,110.950137268098
다라3686,다라4192,68.5156469156144
다바9013,다바9214,133.211332067786
다사2738,다사2638,103.890057545192
다사4855,다사5049,55.8969804109432
라사6204,라사5503,52.2650709459129
다사3245,다사4542,71.1654704721507
다바9449,다바9948,52.460398360102
마라4392,마라4490,69.8380546135334
다사5045,다사5844,58.0812127276565
마라3380,마라2184,50.070732547472
마마6432,마마6432,79.664733667171
마마6430,마마6528,55.4151324993514
라아9521,라아9422,59.7097378764278
마라4184,마라4283,107.773043219984
다사3145,다사3146,70.4166581480531
다바1916,다바1817,150.43871625333
라라0765,라라0764,67.2739148021702
마라1979,마라1777,57.6384120799153
다사3327,다사3523,74.7252803466027
다사5621,다사5922,59.4347020339125
다사7348,다사7250,83.187008150845
다사3863,다사3760,83.4750122715032
다사5759,다사5552,71.4671027295037
다사5322,다사5422,94.1704317461589
라라5587,라라5687,107.671408408305
다마6556,다마6458,106.038874729489
마라3986,마라4285,76.8568743759878
다사9270,다사9371,50.9251139023849
다사3140,다사2932,52.0355008192154
라라1740,라라1839,53.4222316150234
다바6389,다바6290,53.0023471129892
다사6455,다사6149,101.835554230277
라마8290,라마8290,111.201668883283
마마5563,마마5461,58.963894198653
다사3244,다사3244,78.3972313600366
다마6556,다마6858,97.2513494601939
다사5029,다사5025,108.59459391007
마마1139,마마1239,109.760635076606
라사2183,라사2087,75.5013139824657
다바9115,다바9314,89.0421667773495
라아9421,라아9423,70.3082248379291
라사3828,라사3827,50.3236667581304
마마7424,마마7525,99.8251416685401
마라5087,마라5186,62.9343486279444
다라8098,다라8198,55.0868011580999
다바8916,다바9314,72.998962415592
다사6745,다사6642,59.8030623874868
다사3746,다사3744,53.4420787069439
다사7039,다사7138,87.4854423898479
다사4541,다사4542,141.433074248091
다사4146,다사5251,51.0438610139429
다사5956,다사5451,58.8254990881915
마라4583,마라4483,98.2190784354182
마라3587,마라3589,65.0951375254382
라라9687,라라9687,290.280021079579
다사3327,다사3524,68.032898450688
다사6748,다사6648,137.746842959964
다사5918,다사5817,61.0801052338356
다바2556,다바2651,94.5985405933101
다사5131,다사5251,53.381646030136
다사6019,다사6533,77.0009177851971
다사5756,다사5352,77.9770990787834
다사4441,다사4642,61.3903700945994
다사4446,다사5251,94.1406918758364
다사6737,다사6631,173.313930600921
다사5124,다사5027,58.2160836308279
다사5943,다사5944,68.7493067346219
마마0163,라마9764,51.5561015622524
마라4277,마라4078,171.064052904635
라바0664,라바0764,66.5152172503429
라바0146,다바9952,50.6984708845725
다사5845,다사5847,57.9218217991427
라라0161,라라0262,77.2757800904763
다사6015,다사6019,77.6629001990806
다바8231,다바7833,128.860264643868
다사6159,다사6260,54.2022509389282
다사3239,다사3238,60.12375486172
다라0147,나라9946,52.7425364165978
다사6249,다사6045,64.2785479526399
라사0144,다사9943,75.0405544397758
다사5243,다사6045,75.2464827596824
마라3880,마라3881,153.040704424157
다사5745,다사5845,75.3377410511745
다사4644,다사5844,55.7923961555913
나라9646,나라9746,87.6786250537336
다사3545,다사4947,59.4203051991183
다바8143,다바8145,80.6741855672091
마마4631,마마4234,146.239266036426
다사6750,다사6643,125.667300741925
다마6559,다마6660,113.9356618964
다사4024,다사4123,98.9564248553065
다사5961,다사5962,73.8798527681984
다사3149,다사3144,52.8479379909586
라라9688,라라9689,66.8437812110749
다바6667,다바6770,66.605368187549
다사2958,다사3058,140.338304861631
다사3039,다사2940,134.178060436102
마라4185,마라4185,162.949710710268
마마1059,마마1060,89.8929672481268
다사5442,다사6045,53.3459883563793
다사4741,다사4641,157.411458933171
다라1720,다라1620,72.8759477389105
다사5124,다사5025,100.982616227893
다사6160,다사4947,58.3746135006916
다마6556,다마6559,58.1129906130688
마라0984,마라0983,66.3074683000083
다사6111,다사6310,74.9308865715748
마마2267,마마2167,52.7875759586725
다마4229,다마4635,123.6517281276
다사2741,다사2840,65.710726285388
다라5373,다라5273,86.7021214836462
마라3879,마라4078,66.1790699718639
라사2083,라사2086,114.116998680028
다사7050,다사6749,61.9497897828074
다사4843,다사4542,79.1831221731723
다사6310,다사6216,97.3023777899908
다바7589,다바7791,67.4723900319063
다사6348,다사6348,82.3924686109327
다바4188,다바4284,60.8645204165089
다사3847,다사3947,61.3458109380092
다사2661,다사2660,130.523049644786
다바6767,다바6767,57.7765665997083
다사6256,다사5251,63.6464748919143
다사5148,다사5248,134.329738065512
다사5756,다사4847,54.7423086881474
마마6631,마마7526,59.6869159563674
다사3543,다사5351,64.5843624195556
다사6156,다사6157,80.9166004096446
다마9989,다마9989,101.913005844574
마라0991,마라0992,98.5932751598407
다사3725,다사3723,63.4797597840156
마마6416,마마6815,64.5098630633288
라라5187,라라5085,99.9269109288986
다마6663,다마6562,87.1903080284639
다사3647,다사3547,70.9175798681585
다사5871,다사5970,50.9322291601504
다사3545,다사3744,129.429701560839
다사6053,다사5953,114.668160473593
다사3863,다사3661,57.157789081569
다바8333,다바7833,237.392590384916
다사6169,다사5970,61.4352281395014
다사4701,다사4701,109.025360528272
다라9960,다라9861,60.8008707487347
다라3786,다라3686,53.1819087988477
다사6748,다사6145,98.2876678359887
다사5242,다사5743,56.5989508652054
다사5860,다사5861,81.8475443673468
다사5757,다사5651,54.4557091803787
다사6044,다사5943,136.447656675235
마마6425,마마6628,79.4909236654964
다바9449,다바9349,63.5474251646633
마라5193,마라4692,91.2119294069146
라마9262,라마9159,72.3348885932973
다사5751,다사5652,79.822569831519
라마8663,라마9059,63.677719486771
다사3846,다사3746,52.3306140401977
다라5373,다라5374,128.696354803815
다사5961,다사6061,81.0947906853312
라마9563,라마9765,89.038725853431
다사5249,다사5250,64.2962823399389
라라5688,라라5388,70.6610844515543
다사6643,다사6643,179.081552322716
다바0764,다바0665,126.279146376622
마라4592,마라4592,56.7945531940727
다사6151,다사6049,78.3045135464731
다사5537,다사5251,66.5401465512889
다사2840,다사3443,75.267068725948
다바8518,다바9025,101.999824032518
다사5027,다사5130,75.4478494229042
다사3464,다사3565,50.9431558214286
마사2175,마사2475,82.1501659743321
마마5214,마마5014,92.1646774352148
다라0546,다라0646,60.7939217167656
다라4681,다라5374,52.5803996106025
다다0600,다나0599,53.609734463048
마마7425,마마7628,72.4447398701023
라라8362,라라8563,55.144512305512
다사6939,다사6737,174.533766225707
다바0763,다바0764,67.9391996484659
라마9765,라마9767,100.48849381988
다사6545,다사6633,66.4899422508805
다사2640,다사2939,51.6474279213493
마라4287,마라4490,58.1218567504529
다사7554,다사7554,68.4840621253143
라마9962,라마9963,56.5040615683387
다바6666,다바6665,83.0341778051689
다사6938,다사7138,51.0787506562786
나라9739,나라9739,73.0018757356164
다사7348,다사7449,79.8639110483262
마라0890,마라0991,62.3749321507103
다사4350,다사4648,52.2964119165417
다사5941,다사5944,59.5575673076135
마라4188,마라4186,54.770779905208
다사5955,다사5856,58.2102391427077
다사1444,다사0943,55.9657161405622
마라3885,마라3588,55.8575023271457
다사3565,다사3463,62.944901688936
다사6112,다사6214,65.6950255872416
다바6666,다바6571,136.285050161045
다사6352,다사6351,77.152870609047
마마0065,라마9864,56.375370240462
다사6261,다사6262,110.736307134431
마라2494,마라2593,126.526489882773
라사2084,라사1987,85.8775567746044
다사3737,다사3737,238.1390235982
라라9892,라라9891,81.8101063557637
다나1375,다나1273,55.6432908638232
다사4244,다사4742,86.5670477853779
마마1059,마마1259,51.8397858033935
다사6011,다사6310,119.962919804017
라마3744,라마3643,52.0301696029724
마라0353,마라0953,52.1582760551102
다바8717,다바7833,75.8285808558078
다사5745,다사5744,51.2200027921609
나라9639,나라9738,198.092241718722
다사6261,다사6159,53.6083638541882
라마9765,라마9666,82.2756654333564
마마7425,마마7627,102.453913776217
다사6245,다사6345,54.4141242343815
다사5911,다사6113,74.1882074850667
다사5027,다사4928,67.815977432022
다사3947,다사3645,71.4380710460176
다사5044,다사5846,53.6246864561792
마마3603,마마4008,54.9246206506326
다사5951,다사5851,98.9084316115136
다사5761,다사5761,95.1041202551903
다사4642,다사5351,53.3068753213921
다나1373,다나1274,53.8321180754612
라마8488,라마7890,58.5152528086108
다사6159,다사6149,60.9539773563008
다사3349,다사3248,60.5004537070994
다사3565,다사5351,69.2237855355032
다바6389,다바6390,57.6574663655397
다사3943,다사3841,84.6132572119424
다바9017,다바8818,78.5835227136058
마라3589,마라3488,100.744719449268
다사1643,다사0943,63.560447690159
마라3579,마라3477,103.859758624744
마라5186,마라5388,54.2877277628426
마라4589,마라4388,79.4123431955334
다바9328,다바7833,50.8922406848151
다사6258,다사6049,64.6113794882989
라사2084,라사2086,77.4281178757367
다사3785,다사3784,50.8802169363967
다사3227,다사3125,107.032848025579
다사6062,다사5351,50.1419911462098
라마9358,라마9159,65.7272318072213
다사4246,다사4646,62.6112574818395
다다1001,다다0700,51.125616111136
다사2840,다사2841,76.6972459526281
마마6580,마마6482,62.6200109383489
다바4809,다바4408,63.4091089245945
마라3690,마라3691,55.7359365111039
나바9562,나바9262,53.5100434305108
다사3128,다사3025,71.819960583101
다사2734,다사2734,98.8486778955407
다사6731,다사6631,60.4688518933679
다사2939,다사2742,73.7956300967916
다사2939,다사2432,60.9489394455439
다라4586,다라4786,56.0154605469386
라마9563,라마9159,59.3502812309875
다사5962,다사5963,104.322443915708
라라8354,라라8450,87.8463061874069
마마4911,마마5014,60.9022842701628
다사5943,다사6142,53.8135469359661
다사4753,다사4653,82.3868302780579
마라3879,마라3881,63.8725868306794
다사3058,다사2556,63.953958539403
다사3133,다사3034,51.5650149581713
다바7170,다바7170,60.1356524315166
다사5757,다사5844,50.7365890806928
다바7833,다바8420,69.2703993488488
마바0069,라바9968,113.063745186179
라마8497,라마8393,82.4075827632072
다사5045,다사5452,61.5155992155477
라라5174,라라5174,74.8762786104912
마라0356,마라0056,57.0149425009795
다사5342,다사5843,88.4519489590409
다사4824,다사5025,101.353082370038
마라4687,마라4388,54.2168075196223
다사6015,다사6016,68.1603691736123
다사2262,다사4947,80.9537506214989
다사3724,다사3224,71.5067078509743
다사3445,다사3542,52.5961310589286
다사2736,다사2933,81.6812747408394
다사2440,다사2934,55.6785365504938
다사9817,다사9916,83.5102025731902
다사4930,다사5132,90.0491482697347
다사7454,다사7454,64.2883713801944
마라4492,마라4388,82.2611302219158
라라7564,라라7564,139.683654244165
마마2974,마마3076,139.854174758741
다사7348,다사7351,52.3035628378486
다사4348,다사4747,82.0139566734594
다사4842,다사4947,56.4577050233454
다사5142,다사5841,50.0162812166496
다사5243,다사5844,70.4643780039812
라라5288,라라5687,83.3620387280568
라마9571,라마9471,132.943082099963
다바6869,다바6968,56.1570792245511
라바3884,라바3786,62.5975782265052
다사6345,다사5251,100.292557157908
다사6850,다사5352,54.9788601143175
다사5144,다사4844,52.5527247046592
다사7349,다사7350,74.3737085609565
다사6749,다사6648,79.5056040845894
다사4248,다사5844,71.2161336781043
다사5152,다사5051,72.2081759788967
다사5844,다사6045,94.6724294477901
다바8518,다바8511,86.4692227033521
마마4911,마마4910,82.5928700485301
다바6875,다바6573,65.4729630117983
마라4786,마라4686,57.3692182008857
다사5144,다사6145,53.0404764122961
다사4843,다사6045,71.0615800980218
마라0891,마라1089,58.3764231136474
다사4143,다사5351,74.4003366980944
마라4589,마라4689,52.790272418065
라마9866,라마9864,54.7734974863414
다사4745,다사4847,76.1820407504391
다사2434,다사2331,81.4503176779527
다사5919,다사6017,74.4604123381081
다사9519,다사9520,73.5455795757226
다사2840,다사2441,71.8742625219924
마마0860,마마0265,54.0276289571423
다라3685,다라4291,73.1914153125398
다사5249,다사5249,68.169951868418
다사6838,다사6633,64.4066636900242
다사4943,다사6049,57.3842679768043
다사7762,다사7660,74.2358839170928
마라3891,마라3589,55.1289839482126
다사2755,다사2254,81.7756322205797
다사2433,다사2331,122.47114196104
다사7250,다사7250,59.310496462123
다사4535,다사5132,52.6400296875664
다바5984,다바5683,100.50410256801
다사6054,다사6149,61.3438685799962
라마9357,라마9560,71.6693383742785
다사3445,다사3645,142.592768659049
다사2340,다사2440,73.0533530793411
라마8544,라마8927,57.7142327170489
다사5443,다사5443,69.2630149074334
마라3589,마라3487,55.4311812514401
다사4640,다사4739,109.813778480014
다바6571,다바6169,113.706173991514
마마4911,마마5113,53.8476884078985
마라2394,마라2494,113.553570259202
다사6936,다사6737,108.084566380427
다바9112,다바9314,67.6667672988387
마라2595,마라2893,53.3850928914064
다라3685,다라3785,61.7378029347692
다사2433,다사2433,99.0362319646466
다사6449,다사5452,54.7709298206052
다바6768,다바6767,101.548025152944
라바0048,다바9950,79.2770736069079
다바6966,다바6865,58.1557438124889
다사5618,다사6019,52.6041008602324
다사6311,다사6310,68.6991620019778
다사2760,다사2660,77.1798897189002
마바6818,마바6725,60.9408870352219
다사1444,다사1643,61.9057269592353
다라4283,다라4684,55.4334929805228
다사4945,다사4945,71.565036513164
다사3863,다사3863,113.55250494775
다바9257,다바9456,51.1037006141636
다사5919,다사6113,81.4502197431779
다사4957,다사4957,94.0513091865813
마라4494,마라4595,72.8725792363199
다라4682,다라4783,134.119286663881
다라6615,다라6614,52.8149594418995
다사3827,다사3826,60.5450952867998
다사5851,다사5844,81.5210645855009
다바2278,다바2378,64.0748917501733
라마8293,라마8094,64.812528230088
마라2777,마라2378,181.50858656794
다사6204,다사6204,56.2122763963177
다사4348,다사4348,113.658153595483
다사6719,다사6519,90.2458792916038
다사6523,다사6524,54.6666761664386
마마0860,라마9964,59.4639270988586
다사5521,다사5622,67.8253261751328
마라1253,마라1253,81.5347447533744
다사6344,다사6643,51.0342008097585
마라0195,마라0793,126.891269082471
마라4285,마라4284,175.699557375246
다라3889,다라3685,59.013181990423
마라4082,마라4082,121.204232865113
다바8321,다바8719,57.7779162883534
마마7425,마마7525,141.060302957741
다다3091,다다3191,138.890255663323
다마6562,다마6562,84.2976307398661
마마0163,마마0263,58.5521713055502
다바8144,다바8144,60.2916433972344
다사4543,다사5844,53.0019973407449
다사5155,다사5154,51.9189611538615
다사7020,다사6919,50.0354782269637
다다0700,다나0599,74.4225195854408
라마9361,라마9262,65.2288012558691
다사3927,다사3926,68.5268777071596
마라4184,마라4080,104.771291513931
다사3863,다사3864,83.0638409572759
다사5656,다사5755,59.1269465851343
다사5756,다사5653,82.4562290210748
다라9864,다라9861,55.6714452717581
다사6252,다사6151,196.61942361435
다사2635,다사2833,57.8006999532184
라사2084,라사2185,66.9139006407245
다바6097,다바6588,78.1948861846074
다사6154,다사5251,101.508734591144
마라3578,마라3679,81.2382985814506
마바0641,마바1041,59.1741056601197
다사4348,다사4247,52.4935593898089
다사4803,다바4798,91.5834545404138
마라3885,마라4887,57.1335291544
마마1164,마마1964,50.6096852358285
라마9469,라마9572,98.2332419313745
다사6412,다사6310,143.746399702167
다라4284,다라4083,58.5876535614735
다바3467,다바3268,58.2348942023625
다바9845,다바9447,51.6380660231131
다바9548,다바9350,65.1033321829036
마사2476,마사2475,66.1363665591982
마라0155,라라9957,159.967410169587
다바7790,다바7890,63.9006606109362
마라4384,마라4384,54.4869357639147
다바6968,다바6865,79.2072061993548
라바0047,라바0048,89.3041047168812
다사6254,다사6455,62.5050106384217
마마6631,마마6738,73.3532641975204
다라4590,다라4783,69.5637294965205
다사5248,다사4947,66.9934668902756
마라3586,마라3588,69.455857234375
마라2777,마라2777,94.2278051648525
다라4383,다라4484,94.3653655857353
다바7833,다바8324,53.6440143103234
마마6416,마마6716,55.1078419914445
다사4244,다사4344,93.1951798235951
다사4347,다사4347,125.946014346872
마라4388,마라4289,56.4620229874051
다마6958,다마6858,114.098347655174
마라4185,마라4080,96.3580171594708
다라4486,다라4783,53.7956844400719
다사5134,다사5234,102.900567376932
다사3346,다사3345,64.8617131573168
다사5350,다사5349,67.774910952566
다사3039,다사2833,77.8013790273881
마라3885,마라4284,87.7556420255431
다바7611,다바7412,51.7932372827853
마마0272,라마9766,57.1306670054568
다바6730,다바6628,98.1586097004932
다사6355,다사6145,70.9456458321248
다바0483,다바0089,121.832189461999
다사2738,다사2740,58.9874242257645
마마6330,마마6130,55.3632231437619
마라4688,마라4590,50.841741664202
다사5148,다사5452,67.7251366919352
다사5334,다사5132,145.419479292825
라사2083,라사2485,50.4188924419278
다바9318,다바8916,72.7029749182076
마라0195,마라0294,68.3692613641786
다사3546,다사3644,58.9491595067252
다사4644,다사4742,54.16626776436
다사6621,다사6633,61.4290931991026
다라4579,다라4484,57.1271230390852
다사6626,다사6625,62.5630182984825
마사2475,마사2175,66.3109616051457
라라8451,라라8353,70.0045677508831
다라4182,다라4182,63.3703800333531
다바9417,다바9517,54.2532494101285
다사5148,다사4947,143.465229965808
다사6013,다바6293,86.9033279603303
라바5825,라바5824,111.932583856125
다사4803,다사4701,63.4937805007894
다바6096,다바6293,222.777087446299
다사3069,다사2869,85.8993038493385
다사2938,다사2939,55.4931711701242
다사4152,다사5251,55.1232850420182
라바0048,다바9952,159.010309725694
마마7536,마마7539,64.3534225195584
다사4159,다사4157,50.6842731223044
다사2360,다사2257,70.7576570383974
라바5824,라바5925,87.3760773091806
다바9945,다바9852,50.1010715638798
다사3247,다사3547,63.1874262718754
다사4244,다사4747,59.542595424198
다사4348,다사4450,82.9444903792898
다사4855,다사5551,93.3957589272092
라마7695,라마7890,78.1540810254126
다사4350,다사4051,64.0500159802135
다사4742,다사5643,52.7440218697509
마라4690,마라4590,90.6912364894019
다사5216,다사5316,123.436639503973
다사8262,다사8565,53.2862636716343
라마9157,라마8454,89.2930602081844
다사5132,다사5032,151.721755702128
마마7422,마마7224,52.841221293359
다사6519,다사6045,53.2942518575146
다사5843,다사5844,210.174936214995
마바0741,마바0742,79.1657974976238
다사2840,다사2733,64.0969478344993
다사6019,다사6222,80.4712356533657
라아8542,라아8442,117.801639383704
다바9013,다바9113,67.4788217331516
다마5373,다마5174,144.376247579288
다사6849,다사6547,80.0879071496962
라바0146,다바9748,50.0713607603554
다사5054,다사5155,55.973935662315
나라9746,나라9639,50.1202148607484
다바8447,다바8449,119.986617092096
다사5542,다사5642,84.5193634329455
다사3144,다사3143,55.5281615996975
마라0991,마라0689,111.32727956493
라마9458,라마9358,121.443362803959
다사6043,다사4947,87.7667550721337
다사7050,다사6849,53.9062417918376
다바5265,다바4964,54.2157764458613
다사5750,다사5650,75.9462858270069
다사5963,다사6064,51.5595767132171
다사5042,다사4642,57.2433399332641
다사1643,다사1444,73.9392854360916
다바1817,다바1817,90.1071607247817
다사6756,다사6855,139.216101451084
다사6223,다사5844,55.5658958758763
다사5433,다사5433,89.1332587388784
다사6739,다사6738,62.9527833888093
다사4960,다사5251,104.790295006714
라마9765,라마9566,73.31385906719
라마9571,라마9666,91.653955304917
다사5229,다사5229,129.528032074109
다라3685,다라3691,90.2862673116885
다라3789,다라3685,126.963151288569
다사3926,다사3927,73.0667692487893
라라9193,라라9397,64.3003232555263
다사5249,다사5251,142.726636851933
다사5051,다사5050,77.7438307255162
마라3884,마라3485,62.2121645015371
다사6749,다사6446,73.9825496348109
다사6253,다사6353,54.7191206775695
다바9214,다바9315,50.0825615467155
다사3725,다사3126,92.3986099371352
다사5963,다사5962,77.29484162811
다사6881,다사6881,64.9350552008176
다바8517,다바8917,136.312941454373
라마8956,라마8956,53.0054132589868
다마3400,다마3400,81.4194934636283
마마7525,마마7526,93.0661958736852
다사6735,다사6533,58.3412221448388
다사6153,다사5251,87.9635293523758
다사4928,다사5030,69.5478181982212
마라3486,마라3483,52.0980710016679
다사3951,다사4947,78.8047071087649
마라5797,마라5695,54.0568614054023
다사2959,다사3058,98.7158013085978
다사6958,다사6855,144.071420799008
마라4290,마라4185,98.6030772422333
다마5170,다마5071,78.5715485641116
다사6648,다사6546,98.2712952411096
다사4747,다사4748,76.863856075899
다사6850,다사6045,78.0716850853162
마마0860,마마0960,62.8465320231749
다사4958,다사4957,71.7340318900948
다사5245,다사5145,67.2713248237085
다바7711,다바7412,87.5726582365317
다사6160,다사6261,63.85313095274
마라4587,마라4786,53.9317087536559
다사5745,다사5843,55.8064314418641
다바6469,다바6466,91.6477562337367
다사6063,다사6149,50.3401995378578
마마5732,마마5129,50.3616841519593
다사3742,다사3841,59.9817949208569
다사4220,다사4220,97.1331274734678
라사2286,라사2485,50.2067622125261
마마5565,마마5667,54.2303062636452
다사4743,다사4644,55.4557552530928
다사5954,다사5854,63.902857324662
다라4183,다라4084,70.2579163954606
다사3841,다사3646,66.6352853497069
다사6160,다사5351,76.3843645833071
다사4351,다사4251,108.92631527098
다사5212,다사5213,55.0217729330684
다사6370,다사6471,85.7104079638603
마라4287,마라4284,88.6338655643424
다사2735,다사2735,78.7262248131761
다사4449,다사4350,112.979044251035
다사6250,다사6149,136.864608871719
다사4958,다사5552,67.8951184835374
라라0262,라라0162,105.435262534634
다사2736,다사2432,52.4986250557878
다사5843,다사5642,109.586160981192
다사6158,다사5452,58.091998644218
다사4957,다사4850,52.2119331440004
다사4347,다사4346,112.479403001319
다마6558,다마6660,59.8546919560305
마마4631,마마4433,75.6153989090429
다사5343,다사5351,89.1931619182208
마라3380,마라2178,53.5553358298547
다사3644,다사3547,110.643352422784
라마9360,라마9360,58.8932380338964
다사4544,다사5251,73.0198529153999
다사3148,다사3249,98.3293501603064
다사5758,다사5552,77.4345610583261
다사6633,다사6634,117.512169780838
라마8076,라마8274,74.243042493523
라바0048,다바9447,67.624202202014
다사5855,다사5351,69.4014209287169
마마6426,마마6628,54.7496379547957
마라4187,마라4185,71.517268570106
다사5351,다사5251,273.772595571346
라라9791,라라9793,74.6007961336058
다사5149,다사5351,152.003444738511
마라3379,마라3979,50.2215700999605
다라4391,다라4390,102.730388559793
라라5085,라마3413,55.0973344197432
다마2875,다마2875,71.7011496566407
라바0046,다바9845,148.97836716709
다마6060,다마6458,84.8689034449901
다사6642,다사6546,69.4847551595061
다바6968,다바6673,59.2879484166439
다사5150,다사4847,121.368766117095
마라3483,마라3585,56.8281005220421
다바0483,나바9889,63.6857690379113
마라4690,마라4390,54.6927058711074
라사2186,라사1987,59.3415367580054
다사5232,다사5232,101.644959047279
다사4855,다사4856,98.4752940605858
다바9845,다바9748,84.420179188261
다사9620,다사9520,78.2544220609439
라마9469,라마9566,93.8590530467389
다사3847,다사3446,51.9599392250871
다라4386,다라4286,53.7266824000524
마마6631,마마6428,87.1896811438941
마라4789,마라5186,59.5428615606844
다사3943,다사4947,51.4967375505883
라마9563,라마9362,62.635001564006
다사5971,다사6471,59.1919205820215
다사3247,다사3646,50.1884331641045
다바6665,다바6571,82.2619890693266
다사4157,다사4159,61.7300471186383
다사5754,다사5752,66.4575486190772
마라3793,마라3590,62.5124209756272
다사4323,다사5132,72.6215107191152
다사3139,다사2934,69.399818159021
마라3784,마라3584,81.0380714595635
다사5619,다사5316,81.0015178156241
마라4285,마라4081,69.7580631927119
마마0163,라마9963,85.6238396561467
라마9358,라마9560,59.3494578017187
마마0165,마마0163,50.4449129771404
다사6064,다사6162,63.6671070582951
다사3140,다사2834,66.0865655108302
다바9418,다바9319,75.5036680394836
다바7833,다바8438,80.7193129046367
다사6857,다사6856,78.8839223408857
다라3786,다라3787,71.46549149847
다사6354,다사6149,160.973331864681
라마7590,라마7591,152.018737801715
마바0741,마바0739,68.9834883861602
다사4343,다사4643,54.3859129935805
마라4291,마라4887,73.9091429841738
다사6844,다사6145,57.0031294645964
다사6088,다사6093,54.2009820530202
다사5861,다사5862,73.6678555986159
마마0167,마마0066,55.6193033797078
다사5422,다사5523,58.9090918731207
다사3737,다사3841,70.0998605966223
다바6667,다바6867,59.3536190262531
다바9945,다바9748,57.2444319501591
다사3826,다사3826,52.6294156752997
마라4081,마라4078,53.9258794026167
다사4124,다사4024,143.361227458324
다바9748,다바9748,89.8812164074237
마라0196,마라0793,63.038240324844
다바5980,다바5678,61.6036757617844
마라0888,마라0792,59.9741582207983
다라3685,다라3584,68.2337453205392
마마4630,마마5129,75.8365610951056
다사2744,다사2742,146.06907338228
다마2873,다마1774,55.6749807453502
다바8421,다바7833,52.2142703474999
라바0048,라바0147,108.885933563099
다사4024,다사3923,95.9951268257507
마마7322,마마7527,63.4119395340641
다마6557,다마6457,73.812514828877
다바9122,다바8621,55.5094319767016
다사4742,다사4542,242.360383135612
다사3034,다사2935,68.9124375599864
다사6251,다사6250,81.6561510971583
다사6254,다사5652,55.7132864226903
다사6371,다사6272,86.4665767849577
다사2066,다사1868,62.8727220220046
다사5243,다사5142,62.7722980952193
다사5860,다사6149,74.5606043440561
다사3847,다사3646,217.59224109384
다사4853,다사5452,77.8647066198217
다사5049,다사5348,52.0203668035554
다사6348,다사5944,72.8684811687662
다사3725,다사3522,64.3627384870442
다바6569,다바6571,90.4040934112094
마마7322,마마7524,114.643029394779
다사5548,다사5648,66.7883626313146
다사2647,다사2646,53.9736034205186
다사3725,다사3423,77.0340903649321
다바5981,다바6081,62.8385148495761
다바8511,다바8812,71.1774251475161
다사3231,다사3129,53.739797608576
라마6092,라마5791,60.8956317077811
다사7051,다사6849,51.6100927778481
다사4747,다사4642,75.4724187390339
마마6631,마마6730,62.6335658600877
다사6849,다사6145,56.6149346199459
다사4851,다사4750,50.7566551581472
마마5105,마라4887,56.085636803476
다사3863,다사3562,81.9255218671565
다바2544,다바2545,154.537658189064
다사3129,다사3026,222.452114685488
마라4481,마라4382,63.4776907742344
다바6769,다바6770,75.5017794707568
다사7252,다사7449,64.0696243874036
마마6528,마마6428,83.8855801927919
마사2675,마사2475,80.3567405854458
라사2285,라사2086,67.4300943844548
다사6844,다사6642,108.94405551832
다사3847,다사3746,57.6015933452276
다바9417,다바9418,53.9573805520712
라라1841,라라1748,80.5921976021458
마라5288,마라5287,179.52358164915
다사6251,다사5351,50.7681794281223
다사5348,다사5347,52.2800600231091
다사6834,다사6734,141.788640757561
라사3620,라사3520,56.7928304015121
다사6243,다사5251,62.671064678935
다사4341,다사4742,106.611316348431
마라4081,마라4284,58.2180273604438
다사2740,다사2440,62.3898492667522
다사6149,다사6149,188.68732305822
다사3643,다사3643,86.0871254578317
다사5961,다사5862,56.1947085829421
다사3039,다사2742,98.9803177522677
다사3034,다사3133,91.4135795114954
다바7890,다바7985,56.6404640013307
다라3685,다라3685,108.186730292418
다사3040,다사3041,79.1820353599638
다사6103,다사6204,85.2846440516594
다사5621,다사5316,69.1483017686297
마라4382,마라4080,61.3197459583435
다사2750,다사2254,60.2396505737625
다바9748,다바9848,50.9848596584327
다바6365,다바6466,89.0560342456307
라마7686,라마7989,171.528184702294
다사4348,다사4947,114.142303478694
다사2262,다사2261,57.6693321388979
다사6254,다사5251,63.4463827266372
다사5956,다사5856,124.641123430422
라라1937,라라2138,58.4682214356264
다사6349,다사6250,54.5770984350996
다다1002,다다1202,73.5858914538765
다바6765,다바6571,63.1237036745284
마라3380,마라2378,102.589940653661
마라2979,마라2277,80.1072547773067
라마8294,라마8493,106.602431424646
마라4282,마라4080,50.5422487298339
다사6519,다사6631,62.4918129637711
다사3665,다사3562,95.9364779926115
마라2394,마라1993,59.4378581199054
라라9791,라라9891,61.2209419427813
다사4125,다사3622,51.4890151435366
라마9262,라마9061,140.226412185546
다사4553,다사4653,147.606767331048
다사5851,다사5944,64.7370691660233
다사5745,다사6045,59.8476685047012
마마6834,마마6738,97.0124175488515
다사5858,다사5251,110.606515974062
라라5189,라라5687,74.6304195450832
다사4449,다사4351,70.1867786546156
다사3148,다사3148,94.7149538429138
마라4489,마라4388,111.95884481626
다사6929,다사6529,50.4289604192352
다바6066,다사6214,55.1753483343866
다사2936,다사2935,86.4987822960412
라마9362,라마9363,74.3617873802077
다사5131,다사5332,53.7677029604489
다사4345,다사4444,71.1131442664183
다사5543,다사4947,54.0275544354023
라라1936,라라1937,62.2172804773401
마마7175,마마7277,60.7076089358225
다사5150,다사4850,50.6410842728771
마마3604,마마3906,77.9594526945156
다사3464,다사3563,66.2311108319269
다바2378,다바2278,57.4765079239119
다사2440,다사2742,85.303502895533
다사3647,다사3647,82.8653679822233
다사3346,다사3245,59.4386848606882
마마5565,마마5563,106.460135850339
다사5149,다사5150,69.1295174157288
다사4846,다사4746,64.581848179026
라라9687,라라9891,106.215491656294
다사5718,다사5817,72.3683612039368
다사3144,다사3046,77.4958600397178
다마5170,다마5273,60.7479805284584
다사3627,다사3126,61.5720780185855
라마7494,라마7294,64.4889570800413
다사3146,다사3145,54.9833363715125
다사5862,다사5761,64.2103700218086
다바9357,다바9558,76.1159698960827
다바6669,다바6666,72.086583096787
마라0195,라라9892,56.4620588148862
라라9397,라라9295,89.0062163328883
다사6006,다사6105,50.2380572629817
다사4739,다사4642,77.3400801132414
다사3445,다사3644,152.672609713056
다사2548,다사2744,57.3727439016997
다사5132,다사5332,72.6470782748233
마라2795,마라2794,85.079509719377
다사3048,다사3047,122.607350910913
마마5929,마마6228,82.9336622083198
다사6063,다사5351,69.5313416586658
마라0452,라라9957,51.058687900325
다사2634,다사2430,75.9886245362583
마라0352,마라0254,104.253409716995
마마7429,마마7626,75.2024232355176
다나0499,다나0598,73.4316359255685
다사5045,다사5245,71.2963367950739
마라0793,마라1089,91.1555656314342
라마9901,마마0000,61.5884692177759
다바6870,다바6570,113.490751979179
다사5143,다사5642,64.1961123955073
마라3482,마라2382,54.4002073807644
마라0155,마라0254,75.1591061129223
다바6667,다바6769,59.4945211302718
다사6070,다사6272,81.2708864047752
다사3445,다사3647,56.5193118852744
다사6850,다사6546,62.5109346213332
마마6425,마마6428,100.19540661516
다사4024,다사4321,64.4709613430033
다사2262,다사1961,139.128363881079
다사6245,다사5844,57.5838683645168
다사3045,다사3043,50.5116794300902
다사5743,다사5844,116.664481445505
라사2183,라사2085,57.202094188645
다사3725,다사3324,80.2790454557592
마라4496,마라4595,64.1557232422929
다사6019,다사6723,86.1729661431804
라라5685,라라5986,53.8422331811104
다사6426,다사6222,82.6312505079127
마라4497,마라4595,57.2787976398527
다바8817,다바9017,81.4055749773622
다라4586,다라4686,55.4695729689587
다사5718,다사6112,55.9571690203584
다바8818,다바9213,53.2884658858804
다사5758,다사5652,55.9089411849835
다사5019,다사5119,141.41143969217
다사6342,다사6343,54.7641003760932
다라4579,다라4580,50.4240872049339
마마5929,마마6628,75.4767318279269
다사6838,다사6631,50.32515632351
다사3837,다사3737,159.7976795053
라마5593,라마5591,121.867331817142
다사3545,다사3444,50.2637657709755
다바7833,다바9027,51.7108767525102
다사3543,다사3642,77.8746565216084
마라4286,마라4283,73.8344501320597
다사6345,다사6546,84.4742653780894
마마6887,마마6782,84.210658599375
마라0694,마라0091,55.4723533915522
라마9763,라마9765,98.5853639004733
다사5328,다사5128,80.4018867880899
다사7215,다사7110,51.0773331424472
다사7418,다사7315,52.7850064050427
다사5718,다사5718,60.335508875809
다사3233,다사3337,53.5069895971383
다라4585,다라4684,52.6021228125737
다사5327,다사5132,137.344565716137
다사7038,다사7040,56.4726297249116
다사6160,다사6161,181.307038404278
다사4942,다사4643,99.8520990541415
라사2186,라사2286,71.9661509791861
다사3444,다사3444,54.6781040542922
다사2762,다사2661,70.9230941457759
다마5172,다마5071,50.4358119016691
다사4447,다사5352,92.8680897427085
다사5914,다사6013,61.9591241073369
다사3566,다사3466,92.3698949815998
라라0061,라라0262,55.2467602795316
라바0764,라바0665,52.3106356916126
다바7833,다바8319,57.7973666329413
다라4482,다라4582,54.5935373034762
다사7252,다사7251,156.182682966467
마라4493,마라4496,56.0201090675059
다사4545,다사4545,132.105882347806
다사6159,다사5351,73.0429173231356
다사6152,다사6252,114.659697311044
마라2594,마라2092,91.5855162223962
다사4856,다사5149,87.2215422103716
마라0990,마라0792,95.187385886348
다사4946,다사5251,102.800453415658
마라2397,마마1900,77.1420670309868
다사3545,다사3544,56.1882065528622
다사6125,다사6424,64.4838466617382
다사3563,다사5251,70.517285508758
다사5333,다사5536,87.8695398643923
마마6738,마마6831,87.8538308977214
다사3058,다사5351,73.5606667576895
마라4889,마라4889,54.9550982294164
다사4052,다사4847,70.5613607131095
다사5143,다사5843,61.0924573920369
라라5174,라라5175,132.415443186158
다사6205,다사6206,99.6448745682953
다바6491,다바6588,53.7183571273737
다사6526,다사6529,92.185404588533
다사5150,다사4946,53.1286895593558
다사4957,다사6049,51.0244672165817
마마6682,마마6781,68.0643700303075
마라5287,마라5288,111.713411221843
다사3345,다사3644,51.2915825536505
다사4950,다사5251,153.813247927174
라아9322,라아9423,54.3052784036061
마라4290,마라4186,52.9332379500226
다바8517,다바8720,55.648082450288
마라3475,마라3378,51.2087979714827
마라2087,마라1889,58.2010472732064
다사6058,다사6161,52.7289162178269
다사5027,다사5025,214.180045634118
다라3887,다라3787,59.5320175738259
다사5850,다사5451,61.300833513145
다사6545,다사6446,124.477644724518
다사4661,다사5451,104.748765052782
나바9261,나바9562,68.449215419402
다다0000,나나9899,62.6088357609277
다사4157,다사5251,181.370975172781
라마8493,라마8290,66.0544673107356
라라5273,라라5174,53.3228413428502
다사6019,다사5818,85.1858801308475
다라4590,다라4192,54.4853900779384
다사4458,다사5251,52.4740012348375
다바8518,다바8718,76.2209862150917
마라4684,마라4284,116.97277883762
라마9463,라마9566,53.3821413027187
마라4494,마라4388,74.3207047885179
라사2083,라사1984,70.8980288761328
다사6528,다사6737,73.6741006377849
다마6655,다마6755,55.771756655542
마마0063,라마9964,103.393100679813
마마3604,마마4009,121.235047090547
라마9361,라마9364,54.0407943405764
다사3444,다사3645,90.0158720649703
라라5375,라라5175,85.3155165044809
다사6324,다사6222,50.8598939465304
다사2260,다사2257,78.5029399049327
다사3243,다사3645,73.5164937954149
마라1889,마라1889,130.835780228497
마라4387,마라4489,91.7139254253838
마마4631,마마5142,53.9078616165223
다사5552,다사5452,60.6166215155996
다사5423,다사5422,89.3378279293643
마마0167,마마0168,63.1121810602771
라사2084,라사2084,53.5790641934705
다사3725,다사3523,57.1907067421427
다사5970,다사5972,94.2199042527963
마라4388,마라4887,106.403448399172
마마5731,마마5929,57.3194704793608
다사5352,다사5251,446.019064000008
다바9945,다바9449,52.0069221828671
다사7251,다사7249,52.9031033626328
라바0047,다바9449,58.1615521485639
라바3885,라바2886,99.3385754156736
다사3545,다사3543,81.7371026383068
다바6666,다바6573,57.1390113544436
다사2660,다사4947,71.424749978374
다사2936,다사2936,52.3445508034989
다사4244,다사4643,77.1406283039799
다바9799,다바9897,65.8812945549058
마라4290,마라4489,66.4009241128666
라라5589,라라5687,80.9192036193192
다사5912,다사5911,55.7747554666213
마라0853,마라0853,51.3802709564172
다사6749,다사6748,108.425518690987
다사5242,다사5844,187.804386229875
다사7415,다사7415,110.572641902661
마마0960,마마0860,52.8264258419225
다사5950,다사5251,78.2956465982129
다사6642,다사4947,53.888956556677
다사4149,다사4646,59.6386207223855
라바0048,다바9550,75.3953550504842
다사6745,다사6645,65.2311045364615
마마1157,마마1059,106.347186298163
다사5251,다사5552,64.2147567790803
다다1100,다다1000,67.0407043199058
라마9360,라마9059,61.8192856264908
마마6631,마마6631,86.5681167596509
마마3805,마마4009,79.3834666712762
다사3737,다사3227,54.0811946442673
마라4688,마라4489,71.0814415331324
다사4347,다사4542,62.5088499664696
다사6019,다사6021,64.9057560237879
마마1322,마마1321,148.916457613826
다사6519,다사6529,87.6867730433527
다사4829,다사4929,199.241291589093
다바8511,다바8615,54.8168924491477
라라9992,마라0091,62.6046833033103
마라0853,마라0953,119.907784000427
다사6312,다사6310,73.1751806355626
다사6426,다사6631,99.8638451713404
다사3926,다사3625,52.7155542660165
다사4344,다사4244,65.172209007486
다사7252,다사5251,55.5420460799601
마라3991,마라3891,89.1832314499415
다사7348,다사7349,103.054763816849
다바9952,다바9845,109.260163443805
마라2594,마라2893,55.9623574500682
라마8389,라마8188,57.180559725683
다바7375,다바7476,67.3099797816519
다바8816,다바8815,59.6830287318391
다사4539,다사4541,62.5564701830286
다사4547,다사4648,70.8033583599921
마마6886,마마6786,92.335867083004
다사6057,다사5552,62.6766125614892
다사5963,다사6061,55.9737922845759
다사6633,다사6529,76.9054596061205
다다0500,다다0901,78.7805929669875
라라9995,라라9793,62.9964181337597
다사6350,다사6049,96.8630600616447
다사2840,다사3139,113.521819865036
마마6228,마마6432,70.9138910338607
다마5273,다마5271,63.5508633342752
다사6156,다사6055,68.9444656851045
마라2993,마라2893,85.1242947788303
다사4159,다사4162,60.0270755531431
다사3234,다사3233,52.1353398281211
마라0892,마라0791,62.9584193950521
다라4580,다라4684,65.5005830798578
다사5852,다사5652,99.1472220762898
다바6968,다바7171,54.920214911531
다사6358,다사6358,108.727369123931
다사6750,다사6642,106.400608975173
마라4285,마라4283,115.698018926264
마라4190,마라4290,160.118398397768
다사6355,다사6861,50.630355352209
다다0500,다나0499,65.4784482861519
다라4284,다라4384,72.5795946463711
마라3690,마라3589,60.6957309684586
다사6350,다사6248,58.701243530627
다라4582,다라4583,60.2779193252876
다사6842,다사5844,66.2082165140801
다사6019,다사6118,74.8033698335114
다사4143,다사5251,54.9927845688606
라마9472,라마9572,64.5892957233495
다다1403,다다1101,52.4539065684405
다바7833,다바8333,55.5641495078756
라바0046,라바0147,84.9774722988432
다바8611,다바8916,50.4436027924716
다바6770,다바6673,196.822429038212
다사6205,다사6310,78.7277375873491
마라4489,마라4387,71.5267767083073
마사4243,마사4248,52.5700728105241
다사4950,다사5050,93.6389796985584
다라2869,다라2870,60.8948377305883
마마6989,마마7088,52.7792436118745
마마6628,마마6428,77.0938196216975
다사4441,다사4947,71.8125386987766
마사4248,마사4248,62.0467943783342
마라3476,마라3477,96.2792467895871
라바5823,라바5924,96.678428259597
다사2436,다사2433,71.6563519722336
나라9947,나라9948,53.0162756893208
다사2654,다사2556,50.2828241112699
라마9064,라마8762,64.4353189419691
다사6323,다사6424,107.238790990583
다사2661,다사2661,100.212330005984
다사5133,다사5133,76.2919416681014
마마0964,마마0964,76.1518183930439
다사5630,다사5132,61.6015118834551
다사6455,다사6456,110.209984742763
마바6990,마사6602,63.3092682058311
다사3239,다사3039,52.9769222761227
다사5969,다사5970,95.9133915904449
라라9790,라라9688,64.9576879377321
다사5760,다사5552,89.5263221886497
다나0599,다나0499,82.89199200563
다라4287,다라4287,66.413772578147
다사5961,다사5961,87.6736716953549
다라0146,다라0148,80.809528168636
라마9665,라마9667,59.4957627067143
다사5249,다사5352,64.7568675464032
다사4440,다사4742,59.6508932500264
다사5755,다사5351,138.691595017157
다사3464,다사3364,102.684577071098
다사1271,다사1072,99.7039234092556
다바6365,다바6064,58.8249518616259
다마2787,다마2787,57.820565226838
다사2840,다사2642,65.0607780954258
다다3190,다다3091,54.858839596657
마마1869,마마1769,77.4049650697503
다사5753,다사5752,189.305904636935
다사6861,다사6045,56.3961196567083
다사4640,다사4642,94.2903981322943
라마8762,라마9062,78.2165472476654
마라3891,마라3991,85.1882940324256
다사5232,다사5233,91.4215897295659
다마6060,다마6457,71.6905602771568
마라3793,마라3794,181.883484530877
라라2375,라라2275,86.771673023575
다사2734,다사2634,86.0552103078942
라라0361,라라0161,73.9396432756707
다사4856,다사5552,84.8837471395718
다사6530,다사6632,52.9861990358172
다사2749,다사2749,120.260204009152
다사4158,다사4653,62.2534282628964
다사5860,다사5760,73.7182009411147
다사6161,다사6262,69.1397897520169
마라0792,마라0491,74.3514473153533
다사6448,다사5251,89.7512142325573
다사2432,다사2432,88.1004582569008
라바0045,다바9952,61.662645746204
마라4390,마라4388,77.7839477858717
다사6054,다사6154,59.1103263389112
라바0048,다바9748,90.7966674830535
다사4633,다사5132,76.7816035745563
라마9157,라마9357,51.6258089825491
다사6045,다사5944,70.1143968000834
다사3645,다사3744,106.039654094284
다사4950,다사5351,60.0266128924126
다사3240,다사3240,76.0864572722333
다사6449,다사6145,52.8680264854472
마마6527,마마6628,164.540778527693
다사4858,다사5451,60.6894247420795
다사6644,다사6737,50.4121162089457
다사5718,다사5719,98.0761281505701
다사6211,다사6017,113.860789429584
마라0983,마라0982,74.2430348301096
다사3228,다사3227,76.5762821263223
다사5044,다사5144,67.7550531429305
다바9328,다바9025,132.876007904348
다사3738,다사4542,60.4082277431753
다사3950,다사3950,61.3990783448869
다사4242,다사4441,50.3812870952545
다사3250,다사3248,69.4828627692638
다바6865,다바6764,73.3866380264093
라바0048,다바9848,51.9605307528677
다사5656,다사5552,59.1480412831451
다마5373,다마5172,106.543915921785
다나0499,다다0801,54.7303451716897
다사3631,다사2926,53.1372429030413
다사5043,다사4642,63.2317977028908
다사4735,다사4735,69.7999104495731
마마7525,마마7423,67.5543576175762
다사2945,다사3047,51.9362606231058
다사4842,다사4841,85.5101490769328
다바8914,다바9213,58.6895753970629
다사4348,다사5251,71.4936892902361
마라1990,마라2593,56.6292157690796
다마6555,다마6458,86.7541741909884
마마5214,마마5114,57.4935554246762
마마3704,마마3603,80.7065321582628
다바9317,다바9318,64.3043476450642
다사6254,다사6254,154.209628285284
다마5473,다마5071,65.624148958382
다사5750,다사5851,72.7186497975058
라라1241,라라1540,86.6585371390145
다나1374,다나1273,151.406459561857
다사5942,다사5942,106.654161919958
다사2348,다사2548,55.3894676576335
다사4957,다사4856,69.4805986863776
라마8962,라마9061,76.424125485176
다사8262,다사8161,65.2444262301686
다사5027,다사4932,62.8839442896747
다사3129,다사2430,65.5259004572078
라사2084,라사2083,61.4149446574306
다사6064,다사5251,77.3987961378887
마라2979,마라2383,81.3824782308269
마바0841,마바1041,89.2675906769528
다바6764,다바6666,52.9284525812859
다바9025,다바9025,65.929574797052
다사6830,다사6633,77.5777062234174
다라4487,다라4783,63.8121603027697
다사6258,다사6257,64.2437777618123
마라0352,마라0255,75.9753717947993
다사3952,다사4248,54.2058911264604
다마6499,다바6200,80.2218432361324
다사5960,다사5351,72.5768735959236
다라3686,다라3687,57.9112836940519
다사5537,다사5436,52.4892200857657
라마7691,라마7890,73.9060825185478
라라1660,라라1761,50.4896728752903
마마3704,마마4005,85.882348086454
마라1879,마라2278,96.40200480392
다라4283,다라4783,66.8653011616885
다바6390,다바6097,116.323876075228
다사4024,다사4222,64.8821016434108
다사4537,다사4536,60.1924522340253
다사3045,다사2749,52.152762593199
다사5576,다사5277,60.9046187770967
다바9516,다바8917,50.4822308332454
마라4285,마라4388,53.9492918444765
다사3248,다사2947,51.0896371810646
다다1101,다다1001,58.8287430757239
마마7425,마마7524,179.368878858492
라라5685,라라5484,55.8689218050649
다사5970,다사6070,63.078850232507
마라4682,마라4684,73.4764113100433
다사4544,다사4541,54.6340024093985
다나1198,다나1396,66.5113149866234
다사5251,다사5553,52.5085550233674
다사4747,다사4747,126.334085391063
다다0600,다다0500,68.9611182541786
마라3785,마라3485,63.1336271601549
다사5423,다사5523,56.2557150959126
다사3831,다사3126,50.9046265244907
마라2494,마라2893,131.014737158967
다라3787,다라3588,75.4941568589648
마마5105,마마5803,50.598150745424
다사4734,다사4833,52.8318251825176
마라5388,마라5287,58.0230541309333
마라0793,마라0793,63.0387465432445
다라4287,다라4386,75.2509271504273
다사6310,다사6412,156.590929497446
다사2645,다사2543,81.6500175311276
다마6561,다마6761,55.1139845343895
다마9890,다마9990,93.3221711974631
마마7322,마마7526,170.195439437715
마라3987,마라4185,89.5652881896683
다사5759,다사5758,85.0494971626946
라마9358,라마8643,56.0581852602635
라마9458,라마9257,64.6176611600045
다사7415,다사7308,55.0200147285354
라바5459,라바5555,66.9755996480524
다사3543,다사3742,77.0346895695266
다사6116,다사5718,194.424788081342
다사4932,다사5234,82.9594917610713
다사4351,다사5251,150.47852170499
다사6643,다사6546,53.8809432386983
다사6212,다사6211,94.8137989610825
마라0791,마라0792,129.427781957707
다사5149,다사5149,138.939174662941
다사9621,다사9420,89.9753197453996
마라4491,마라4391,52.9645388460392
다사6750,다사6648,76.986134030772
다사4944,다사4844,132.705151166526
다바9349,다바9845,60.2824424620767
다사4957,다사4553,54.6314726373595
라라5375,라라5376,50.6559637050829
마마4910,마마5013,62.8647132792657
다바6589,다바6588,63.5273700676786
마마0960,마마0163,72.6707627361452
다사6161,다사6049,81.3706232053385
다바8916,다바8511,65.6680085472577
다사6519,다사6526,52.132221809642
마마4008,마마3906,55.930440335223
마마1157,마마1158,89.0841924613445
다사5812,다사6114,90.1535107296645
다사5342,다사5943,55.3691927929609
마라4496,마라4495,99.4527818094409
다사3144,다사3147,51.0163275493621
다사7151,다사6849,63.0370547116307
마마1321,마마1223,175.430034075515
다바6488,다바6284,50.3079109869286
라마9773,라마9572,121.82552320235
마라3891,마라3791,180.629157495006
다사6058,다사6057,72.3206102763951
라마9062,라마9162,90.8036727938985
라마8294,라마8594,50.3064217359485
다사5844,다사5841,100.484958132498
다사5053,다사5251,75.5887550988258
마라0990,마라0690,60.9330324496854
라라5189,라라5388,50.5380660928649
다바8925,다바9025,150.425648111298
다마6959,다마7059,91.928033144328
다사3841,다사3742,71.051066293477
다사4928,다사5029,56.1266473913971
다바5968,다바6068,53.7559284368682
다마5273,다마5174,143.361230724138
사사0149,사사0048,84.6590640420957
마라4391,마라4494,53.6336702098107
마라2394,마라2195,53.9190418875448
마라4495,마라4494,120.889815537891
다사5029,다사5030,140.608550068789
다사6160,다사6045,62.2453582641799
라라5486,라라5687,63.4936545312033
다사5952,다사5351,51.3611994361522
다사7349,다사7351,66.4252091129828
마마0265,마마0263,62.276729653515
마라3885,마라4285,68.9262624674091
다사5743,다사5944,62.2879879529156
다마4132,다마4030,60.7772681786072
마라1889,마라0792,66.4290463142468
마마1060,마마0163,100.762782322613
마라2393,마라2195,54.2569095154715
다바9112,다바8916,59.3305791835919
마라1979,마라2079,87.366815209983
라사3726,라사3927,91.0864928516201
다사2827,다사3025,55.1006618923118
다사7038,다사6633,89.8267630496749
마마7423,마마7525,135.199295771449
다사4123,다사3622,61.7691361535498
다사6159,다사6161,152.437751199395
다마2876,다마2976,57.1943520368393
다사4537,다사4542,64.7874907033801
다사1242,다사0541,55.5869430248732
마라4891,마라4791,51.9978559625863
다사6454,다사6454,91.9719275725736
다사6218,다사6217,85.9599492780468
다사5150,다사5451,80.5992542404519
다사4150,다사5251,100.067731417416
다바4798,다사4703,60.6910202928962
다사4149,다사4250,142.365499828385
다사2739,다사2939,56.9795921825448
라라0261,라라0061,56.2190510583312
라마9057,라마8956,54.2641392809148
다사5717,다사5817,60.2797092987572
라마8389,라마8595,65.6462806311042
다바9328,다바9227,60.8288264707314
다사4024,다사3917,90.3352518095831
다사5844,다사5844,192.707426391338
다사5859,다사5858,82.9880011450487
마바1240,마바0741,52.5392234095727
마마7527,마마7526,141.158981148743
마라4391,마라4692,64.3307098519217
다사4450,다사4350,70.9257349497025
다사3943,다사4542,88.0213559741011
다사3542,다사3643,50.2782490999245
다사5820,다사5821,54.1560638530742
마라4497,마라4493,81.3623677293733
다사3841,다사4947,107.840667258409
마마1239,마마1337,76.3632160655957
다바9614,다바9613,79.9861324751495
다바9349,다바9350,65.2373060307425
다사4741,다사4542,109.6141944386
다사6737,다사7138,80.1474040791946
다사2262,다사5251,80.3294460627367
다사4447,다사4448,53.8595378405274
다사3129,다사3224,204.649073900984
다바6588,다바6688,76.0599499862832
다라4487,다라4487,57.3178215769393
라마9157,라마8960,63.3842305499054
마라3575,마라3378,64.4227053150273
다사6645,다사6546,93.3202963590261
다사7050,다사4947,74.6891177305992
다사5622,다사5621,89.4889138947502
마라1890,마라1595,62.6718580586006
다사5844,다사5843,92.2159187811729
마라3791,마라3491,64.8274109047154
다사4447,다사4646,54.4729282180989
마라3885,마라3885,83.7793583478195
다바6588,다바6293,210.814907893085
다사5755,다사5854,58.9923834944652
다사5044,다사5045,103.986701740275
라마7789,라마7989,151.614106594021
다사5343,다사5642,63.9522761006777
다바3467,다바3067,61.9473014221285
다사4750,다사4751,87.7434777188333
다사3045,다사3645,60.303750599524
다사6353,다사6354,121.43578674298
다라3787,다라4484,58.5340990975159
마마2975,마마3070,73.1284376459523
다사5645,다사5251,96.1454188533034
다사5962,다사5351,72.7594396842489
다바9446,다바9447,85.0761522829826
다사4561,다사5351,60.7888342887511
라라2239,라라2138,63.8733893742611
마마6782,마마7179,67.342923803011
다사4545,다사4646,78.4636258398132
다라3685,다라3380,71.5039024783094
라라1660,라라1760,92.976332293062
다바6168,다바6169,99.9571574062914
마라4390,마라4494,59.0253744973603
다바9517,다바9417,54.4170982849744
다사4750,다사4750,60.0519600502376
다사4933,다사5333,55.3686167246339
마마0262,라마9963,54.467011916155
마사2475,마사2475,113.196793475769
다사7448,다사7348,61.9755958832816
다사6251,다사6149,84.5202899782879
다사5751,다사5751,143.069852176936
라사2083,라사2186,68.3781908273453
다사6063,다사5251,138.116554932242
다라4484,다라4083,109.40633692288
라라1640,라라1546,51.0249811445209
다다0600,다다0901,64.1031930110277
다사5143,다사5142,150.569629499551
다사3155,다사3058,60.3737081940823
마마7322,마마7321,148.703352178493
다사2440,다사2539,55.8575013930531
다사6855,다사6149,57.8797748190345
마라3880,마라3877,53.7191064517686
다사4851,다사4850,125.439529222015
다사4449,다사5844,66.2873207603643
다사4739,다사4639,79.6122358996107
다사6070,다사5251,63.2652574264806
다사5149,다사5451,50.0682182553191
다마6556,다마6657,50.9779499051382
다사5142,다사4643,61.0505936224056
다사6325,다사6633,93.0762578171476
다바6093,다바6293,1214.4469674018
다라4287,다라4586,52.208326478175
다사6731,다사6633,58.9258387454861
라라8353,라라8551,88.2774725624044
마마3905,마마3805,87.6018157767609
마라4387,마라4388,156.551827665231
마라2979,마라3979,60.2389661434101
마마7425,마마7526,362.859179638404
다사5912,다사6214,54.2291080181854
다사6546,다사6643,82.1651995955816
라마9462,라마9563,54.7707384378904
다라5273,다라5373,69.2606049551459
라마7686,라마7586,52.1662952926388
라사4126,라사3928,71.3644270852415
다사6749,다사6750,100.556121603835
다사4158,다사4059,55.4626923687259
다마4456,다마4356,59.7946235742357
마라0694,마라0692,70.2629597962224
다사5957,다사5856,89.1681720708769
마라3586,마라3584,55.8893926740147
다바9256,다바9357,62.6052364181605
다사4742,다사5944,59.9165013891262
다사4857,다사4854,69.638616072158
다사3555,다사4151,51.1602102915171
마라3684,마라3584,64.0510282286549
다사4954,다사5351,50.7616909787878
라마9459,라마9661,57.148929134068
다사4955,다사5352,73.1159314248409
다바9112,다바9112,57.0490875553126
다사5752,다사5651,79.6629874222686
라마7591,라마7891,63.1250850367311
라라1338,라라1540,98.8215630819729
마라3791,마라3791,164.703097390577
라라1739,라라1839,116.982278065922
마마0067,라마9566,61.3530171673786
다사5348,다사5352,81.426564496575
라사2084,라사2184,71.5916635119304
라마9257,라마9258,87.5108113168769
다사4634,다사5132,56.2358578604835
다사5229,다사5232,64.7048180826433
마라1890,마라2092,65.0909318435393
다사3045,다사3443,58.0798475525253
라라5359,라라5360,58.7949474643559
다사2634,다사2634,83.7466535482156
마마3905,마마4108,65.7217859419737
다바6488,다바6097,81.2919974675803
다사6861,다사6861,84.799217238972
다바7833,다바8348,54.6401106039753
다사5917,다사6019,130.360670469249
다사2743,다사2744,71.3487185558556
라마9671,라마9572,74.1279906854911
라마9361,라마9765,73.7361850763682
다사4251,다사4251,95.6121545219015
라라9687,마라0590,51.1888428914651
다사6258,다사6258,118.239541361644
다사4344,다사4542,57.5705362227459
다사3841,다사4643,73.1854257609331
마라1254,마라0953,61.4100627371498
다사6426,다사5452,55.9862625749741
마마7275,마마7279,56.2524541653242
다사6248,다사6348,134.226646776204
마라3279,마라3378,52.2622601353888
다사6854,다사6754,79.2133108029028
라바2925,라바2729,60.5194421152076
다사6938,다사6642,52.9579354292655
다사4854,다사4653,129.504510358724
다사3129,다사3226,89.1095968782655
다사2736,다사2934,143.548854301524
다마6860,다마6660,57.7133018161539
다사6218,다사6019,108.551164393151
마라0793,마라0593,50.6888148663126
나바9262,나바9562,71.4601319695517
다사4545,다사4847,96.1038113156752
라마7494,라마7493,55.5532331630887
마라4291,마라4389,72.896472310742
다사7387,다사7388,64.5570020144517
다사7215,다사7016,99.8262174353384
다사6737,다사6934,73.838355854182
다사4956,다사4956,73.2423331835248
다마3147,다마3047,57.655263180201
마라2577,마라2378,113.144393355738
다사5241,다사5142,74.4715843762005
다사6743,다사6145,52.1435442965086
다사4325,다사4024,55.833048514982
다사6530,다사6528,66.5425252235676
마마7276,마마7176,54.1737752316818
마마0164,마마0163,70.2560240539109
다사1444,다사0541,82.4684690336124
다사4159,다사4161,57.1235508341193
다바9447,다바9350,78.9466509487691
다사3144,다사3443,92.3301372351758
다사6152,다사5552,57.7630701499074
다마5272,다마5373,50.2735592682696
다사6049,다사5949,96.0716873588361
다사1143,다사0739,73.0376666985682
다사6044,다사6043,77.8127641091014
다사5234,다사5130,52.3643347257991
다바6669,다바6069,66.4938201263488
다사5642,다사5844,90.2195105654328
다사5618,다사6113,63.1941116730109
다사2441,다사2442,72.4204228835164
다사6204,다사6206,104.197737142581
다사5143,다사5452,82.8625264282823
다사6529,다사6530,87.8932858406364
다사3544,다사3542,61.4762432854763
마라1890,마라1891,82.2374097482047
다사4856,다사5351,96.9055498618983
다사6850,다사6950,98.5223941033905
다사4050,다사4947,63.8711357212074
다사6057,다사5251,106.437678447248
다사2436,다사2536,76.5406412122257
라마9469,라마9571,74.8848920790134
다사4855,다사4955,82.3695923854814
다마3075,다마2974,59.6446708958393
마마6681,마마6781,72.7590449101451
다사6748,다사6645,69.6885263148003
다마9013,다마8913,62.8249920395873
다사5951,다사5950,137.119828424726
다바4798,다바4698,96.6061728777745
다사2939,다사2935,80.3619591074161
다바9017,다바9216,60.8772781432979
라라7564,라라7464,69.5947500919231
다사6354,다사6354,90.5295272532233
마라4391,마라4290,84.4143682884927
마마7426,마마7425,51.9871926897325
다마5170,다마5473,61.5601254045795
다마5173,다마5074,68.9584760501239
다사6019,다사6310,66.0350757167208
다라3468,다라3569,50.1752828188733
다사3327,다사3623,50.7433857435455
다사4742,다사5251,141.583908890003
라라7563,라라7564,68.3279976791802
다사5813,다사6113,67.1179815209305
라라9892,라라9991,80.5030392837578
다사4024,다사3625,131.600585491859
다사3343,다사3445,58.884664214986
마마7175,마마6975,81.2913115963608
라마9357,라마9157,99.6781075442472
다라0446,다라0646,55.0359655595987
다사4932,다사5333,79.717606434299
마라4489,마라4080,103.631506603912
다사5972,다사5972,50.2669994790358
다사4351,다사4653,63.5860834382337
라마9566,라마9566,56.851133458745
다사4957,다사5452,158.999487820577
다사2644,다사2643,101.94135365219
마라3579,마라3679,114.514921627812
라마7494,라마7991,55.2613556617139
다사4349,다사4251,51.8984563621911
다사4544,다사4646,54.4458855864854
마라4589,마라4692,80.4734893091102
라바0048,다바9951,70.3546872362954
다사6324,다사5844,72.2688656818883
마마6987,마마6781,73.9009480811144
다마6060,다마6858,64.4078623934008
다라4886,다라4786,61.9013900112695
라라5360,라라5259,142.549111302655
라마8548,라마8338,94.6583780486499
다사8579,다사8681,57.9381681222513
라바5823,라바5925,51.2748712480072
다사4755,다사4756,52.0638645210581
마라5187,마라5186,98.7608557847632
다사4752,다사5552,52.4129676876246
라바9968,라바9175,81.5863292598536
라라1540,라라1441,66.7961581146378
다사6748,다사5844,103.597553730909
다사2261,다사2262,73.1637954268272
다사3145,다사3144,114.828090694238
다사5142,다사5642,87.8232961638374
마라0195,마라1089,53.6790708662417
다사6204,다사6205,54.2487107123065
다사4440,다사4541,86.8642026486119
마마0961,마마1964,64.5792291730738
다사6449,다사6149,56.7217645459687
다라4183,다라4484,77.5597243508986
다사4540,다사4742,113.335100894862
다사6737,다사6635,55.0969434904018
마라4284,마라4285,136.251765381719
라사3927,라사3927,86.8940591819652
다마8912,다마8812,65.9991621139027
다바6666,다바6968,97.2496688625215
다사5142,다사5441,59.5418968215907
다사4739,다사4541,155.411847333047
다마6060,다마5859,52.9341900368776
다마6457,다마6457,90.4595008824637
다사3337,다사3033,55.4750664817682
다라4283,다라4083,78.4467922045759
마라3884,마라3584,58.9341004622343
마라3794,마라3795,107.713737296268
다사3543,다사3343,66.631241637494
다사3573,다사3673,84.2685550197521
마라4987,마라4887,57.2911854853129
다사6206,다사6202,82.2436081629165
다사6350,다사5251,78.3847564342682
마라0985,마라0983,56.9009579626127
다사6219,다사6019,65.894726150255
다마6959,다마6759,73.5365342001912
마마6987,마마6988,81.0687670200591
다사3327,다사3327,59.2956578531999
다사6355,다사5552,50.0699312834575
다바6766,다바6666,54.36192437358
마마4006,마마4009,106.769638066857
다사2738,다사2739,66.0413749445309
다사4149,다사4148,93.8173654443037
다바9613,다바9314,77.8146680688445
다사4447,다사4248,155.131122613038
다사6019,다사5844,88.3434491385905
다바7779,다바7779,52.4352288993689
다사3542,다사3744,63.5464273420643
마라3479,마라3879,55.8438836791974
다사4540,다사4537,64.9684708153591
다바9114,다바9314,81.9549000579131
다사6210,다사6310,119.857622382969
마라3880,마라3880,51.7343945015278
다마2874,다마2774,75.5048111069077
다사6850,다사6750,96.0142808261018
라사2083,라사1986,92.2696965314055
다사6745,다사6644,66.4334109818246
마라4493,마라4080,55.303888363935
다사6018,다사5920,56.7251613559387
다사5044,다사5044,65.4507997390131
라마5791,라마5591,64.7568944230193
다사4025,다사4024,67.7686293083372
다사4854,다사4850,69.3510129842397
다사2342,다사2543,100.800470188588
다사6642,다사5943,54.1316266438323
라마8862,라마9059,52.9486738110213
다바9227,다바9126,109.528641797708
다바9327,다바9027,51.5355650799956
다바8514,다바8917,85.2107055101773
마마6839,마마6840,51.800039580675
다사4331,다사5132,74.8985221343131
마라4587,마라4887,79.838001471394
마마1239,마마1139,93.4549224681999
다바9213,다바8811,75.8084271954701
다사4048,다사4148,59.4614778758241
다사5856,다사5652,88.6019259160812
마라4492,마라4494,63.6966809281742
다사5722,다사6019,73.2847744439967
다바2445,다바2651,88.4367743175283
마마0863,마마0565,54.067395903484
라마9865,라마9964,74.6368527709174
다사5952,다사6049,63.1732086402307
다마5473,다마5473,107.141168315489
다사3128,다사3228,54.829828382204
다사4545,다사4541,74.6932927821114
다바8816,다바9114,59.8229841038593
다바7833,다바8423,50.3625675050543
다사5850,다사5851,154.237274742955
다사3927,다사3224,78.3279691764738
마마6482,마마6481,74.8321951668412
다사3344,다사3446,57.5369830455561
마라4685,마라4285,66.4327533438285
다사5041,다사5139,55.3116039032866
다사6545,다사6146,54.2297518047082
다라0046,다라0146,66.3378905956751
다마6656,다마6556,69.0570742780224
마라4587,마라4283,50.969951885036
다사4539,다사5251,56.0865970468235
다라4680,다라4783,77.7807042672166
다사6425,다사6426,97.4837883988671
다아6202,다아6202,55.8496411909761
다사5744,다사5643,64.0209099215834
다사2262,다사2057,155.166075649743
다바9472,다바9680,125.946424899987
마마3905,마마4008,59.3356982977848
다사4249,다사5251,104.973519797412
다마5373,다마5074,58.134583334681
다바0564,다바0765,65.0908631332884
다사3344,다사3445,96.8436585564399
다라4284,다라4684,53.7276061721377
다마6164,다마6163,68.1547890044273
다사4855,다사5351,72.6354620789642
다사5918,다사6018,93.8477066905146
라마9262,라마9059,66.1206828053744
마마7425,마마7527,104.418082587776
다사4649,다사4947,121.403590385608
다라4681,다라4684,78.4423329737967
다사4639,다사4640,52.5980175601581
다라8124,다라8023,62.1112461074009
다바8144,다바8049,65.5571876967339
다바8816,다바9017,59.171377273939
마라4687,마라4686,52.0556636206683
다라4686,다라4686,50.4523226867853
라마9470,라마9471,86.0427381786004
다사2749,다사2548,116.982793802973
마마6528,마마6628,103.158229911945
다사4741,다사4640,56.1273048995326
마라3881,마라3879,94.3137075452603
라라2239,라라2239,54.6877556919132
다사6545,다사5846,50.695641719789
다사4755,다사4855,88.4047235921865
다사4661,다사4653,77.4840392305419
다사5745,다사5746,75.864341021
다사2749,다사2543,70.9607419400977
다사4642,다사4642,227.137581076544
다바9348,다바9448,50.4444225123764
라라5986,라라5288,52.549363013484
다마2974,다마3075,57.9171281501279
다사5043,다사5844,98.2578293684261
마라3884,마라3885,135.769626357487
다라4580,다라4783,61.6549957330717
다바9414,다바8917,79.4564185440495
다마6657,다마6557,74.7365085340601
다사4945,다사4847,50.7838898458097
다사6163,다사5251,69.3331702509355
다사9420,다사9519,70.3076881385712
다사6044,다사5944,107.623182534058
마라4495,마라4498,64.1373511630993
라라1759,라라1760,150.968073258097
다사6530,다사6430,52.2467950948927
다사4643,다사4541,55.4872719633079
다사5960,다사5652,71.7900347063815
다사5341,다사5844,113.904968153538
마라4587,마라4488,64.1425243262098
라라2239,라라1839,52.4765096694046
다사2739,다사2840,59.7098054398667
라라1741,라라1748,51.9728975215562
다사6056,다사5856,52.842933599798
다사4242,다사4541,76.9431971305651
다사6444,다사6445,57.8899469977733
다바8144,다바7939,71.5727678787471
다사6625,다사6625,142.725051320918
다사4951,다사4653,54.6913157767179
마라4290,마라4283,89.7582637175118
다바9112,다바9113,50.1559088041342
다바1917,다바1917,51.5105659282783
다바0388,다바0289,79.0094744125792
다사6351,다사6251,52.175123540511
다사4346,다사5352,64.3726054687784
다바6764,다바6865,63.7410030031674
다사3464,다사5452,59.5159831152939
다사3566,다사3565,68.6351601593087
마마6538,마마6840,55.914342341956
라바3888,라바3887,71.5653224577368
마사4840,마사4740,56.1575714207067
다사5352,다사5351,66.9923067033146
다사6061,다사6161,100.640411563375
마마7424,마마7425,91.7946690389344
라마9359,라마9259,51.539981158472
다바8511,다바8514,70.6649479030583
마마5404,마라5797,74.902283096861
다라4782,다라4783,114.56918473573
다라4681,다라4484,63.664291039635
라마9563,라마9664,62.7792974726412
다사3058,다사4248,55.8055493746424
라사2183,라사2086,84.3711128584474
다사4544,다사4644,99.9815011307611
다사5453,다사5251,52.2463387788429
다사6258,다사6159,63.8268086410195
마마7526,마마7527,51.9125410606535
다사2634,다사2433,53.5700305185958
다바6080,다바5981,79.296581296961
다사3762,다사3661,67.6554473298917
다사4540,다사4540,58.0758880079753
다사7351,다사7250,132.195758399806
다사6157,다사5552,74.9813942481492
다바9215,다바9315,58.1617082121483
라마7788,라마7789,76.7447335166114
다사2556,다사1956,57.6629338370279
라마7792,라마7991,169.441601021037
다바0570,다바0871,83.6212418985099
마마5732,마마5731,67.3572656100303
다사5124,다사5125,101.516056362298
다사6154,다사6054,110.508250231861
마마6332,마마6432,82.7254752648235
마마6882,마마6782,53.9004398234132
다사6349,다사6248,62.8642320883519
다사6105,다사5803,52.7854473891814
마마6114,마마6115,53.3692870915758
다사5229,다사5233,90.721295864797
마라0793,마라0889,56.1401702122435
마라0991,마라0691,90.2402432719138
다바9017,다바9317,68.894777067625
라사1985,라사2186,58.4896584121154
다바9214,다바9414,77.282186848152
다사2433,다사2939,57.052993241055
다사3545,다사3445,134.521079223286
다사5919,다사6018,63.697597718233
마라0794,마라0894,90.6214247456691
다사3048,다사3046,58.6152566086829
다사6632,다사6737,72.5065930040782
다사6345,다사6144,78.589970061989
다사5861,다사5451,66.7874784682919
다사6257,다사6259,51.3147715863975
다사5655,다사5552,60.4804211215823
다사6644,다사6644,129.898741163093
다사3943,다사5251,59.1711259204831
다사5242,다사5351,67.4607066834363
다사3344,다사3644,76.1537201600363
다사5960,다사5860,97.9999246871138
다라0147,다라0148,66.8849694836942
다사3644,다사3744,162.63566176402
다사3564,다사3364,73.7525326710395
마라0793,마라0992,71.0009962158788
다라4282,다라4783,52.0974608973193
라마9358,라마9458,68.5307883236447
마라0792,마라0990,64.5532721341768
다바6565,다바6666,61.3760614347031
다사3039,다사2933,73.3944638513598
다사6256,다사6255,73.2913985620639
다사6625,다사6724,54.3525424568316
라라9994,라라9894,84.3186575619907
라라5991,라라5687,88.3954922648102
다사6544,다사6045,70.7077621790025
마라4286,마라4887,69.0233642939659
마마6330,마마6428,111.881339649296
라마9866,라마9964,51.3839464512194
다사5749,다사5750,88.0171282478547
다사5242,다사4947,67.9071691951611
다마5473,다마5170,66.6087019661621
다사5757,다사5756,84.4741372304427
다라3685,다라3481,96.2770364503913
마마5662,마마5563,51.2366828323479
다사6162,다사6261,79.7133328826133
다사4541,다사4742,113.077298765308
다바9348,다바9349,81.9718352958277
다사2840,다사3239,76.0331096810171
다마5473,다마5272,141.222820609484
다사6855,다사6045,87.5883557126234
다사7415,다사7215,58.8545686476091
마라4589,마라4389,60.7044875443989
다사4222,다사3622,77.9391978952655
마라0954,마라1054,112.651697206354
마마7426,마마7525,63.0888651374758
다바6870,다바6770,86.3916677680649
마마3604,마마3704,91.1775856479953
다사5142,다사5251,123.729668814257
마라2496,마라2397,59.0411661010069
다사5852,다사5552,57.1477725300705
마라4187,마라4285,58.4924461689453
다사6738,다사6734,53.9114202653497
다사3841,다사3842,120.241390193618
다사7348,다사7448,75.2401227971549
다사4341,다사4643,50.7063087873335
다사4152,다사4947,97.6386646210834
마마6328,마마6432,51.2767546870768
다바8130,다바7833,81.4779195762739
다사3545,다사3545,86.6006036734816
다사4149,다사4251,90.8251522284732
다사6545,다사6546,155.415029684034
다사3543,다사4542,92.9735501259957
다바9647,다바9647,61.503853504499
다사5756,다사5755,98.3335959260361
다사6019,다사6114,64.0639129957437
다사3825,다사3126,50.6485759016251
다사2840,다사2839,64.3265057998825
다바9114,다바8518,51.0421897152539
다사3556,다사3058,93.0139285982987
마라4081,마라4080,218.834760042324
다사5755,다사5652,104.956241333212
다사4225,다사4024,79.9552378636349
다사6355,다사6456,111.2247527657
다마3075,다마3175,87.3928424425283
다사6854,다사6856,78.2696509696206
다사5953,다사5452,74.8578154775749
마라4391,마라4490,101.892084772626
다사5621,다사6017,51.8785104825927
마마6527,마마6432,103.11430088882
다바6666,다바6770,70.7266728112687
다사2738,다사2935,82.6846171760422
다바9347,다바9748,50.3029994865689
마마1361,마마1059,82.6551700249804
다사5644,다사5844,52.0796339624247
다사3642,다사3744,62.1924125277919
마마6527,마마6827,59.9075581645969
마라4388,마라4389,157.117151509192
다라4385,다라4484,73.6713022198021
라바5924,라바5924,99.5333248201552
다사5914,다사6214,69.8105373319279
다사5153,다사5251,133.878745466374
다사4959,다사5251,113.019025173649
다사5911,다사6206,52.5023176908263
다사4442,다사4541,64.8473016507211
다사6063,다사5860,86.4910755385107
마라2397,마라2494,85.9976803648916
다사3145,다사3145,65.2709735490462
다사4024,다사3224,145.587712977711
다사4957,다사5453,53.3393976885044
다마6358,다마6257,80.4254393747627
다사4641,다사4642,193.357051237033
다사3047,다사3148,65.2941445367487
다사6836,다사6737,69.3583572829261
다사3725,다사3623,51.6242213889516
다사6842,다사6642,88.7220249602448
다사2944,다사3045,59.7794691837682
다사6044,다사6044,89.8044059836044
다바7990,다바7989,100.484769335373
다바9317,다바9314,91.1878188448413
라마9357,라마8454,63.518768966774
라마5291,라마5492,50.0205557583557
마라4286,마라4387,80.8424277967228
마라4190,마라4490,68.1414953320741
다사6546,다사6546,160.240528951971
마사6602,마사6700,50.6190898520162
다사2634,다사2734,99.5780483502712
마라3585,마라3584,112.821525939015
다사5029,다사5230,53.4533597274682
마라1979,마라1079,63.86473042888
라마3643,라마3744,54.5916509514427
다사6730,다사6529,72.8692118289367
다사2749,다사3045,50.6522247645625
다사4447,다사4447,101.435762379993
다나0598,다다0600,83.8012812291834
다사5757,다사5759,56.2821221619875
다사3831,다사4331,58.817128988477
라바9970,마바0070,73.3921584229497
다사4248,다사4642,80.1486407044957
라마9358,라마9157,88.8579130486336
다바9327,다바9124,57.8441140767515
다사5643,다사4947,53.5098115831318
마라4498,마라4498,97.5032567336656
라바8644,라바8550,50.226339444306
다사4739,다사4739,118.949355399453
다사3665,다사3666,61.5863849515585
다사4929,다사5032,65.185019013446
다사3464,다사4947,51.8790932869283
마사3109,마사3208,65.6030607122081
라사2084,라사2087,92.0022445650661
나라9745,나라9746,65.3242532964734
라라1839,라라1739,54.1124871347778
다사7366,다사7367,54.0307992074759
다바9514,다바9414,70.8372851834089
다사6319,다사6216,69.1898018376982
마라4483,마라4080,87.4676623610902
라라5085,라라5376,79.0454145491703
라바3687,라바3886,51.3943560313636
마마6731,마마6931,67.4188385864311
다사4833,다사4542,61.8869658421628
라라0261,라라0161,161.170596030478
라마9262,라마9362,96.6765247188164
다사4644,다사4747,60.2965218471546
라라5587,라라5387,66.611254715743
다사3943,다사4643,78.539192235452
다사7449,다사7349,64.2340826319369
마바1039,마바0841,51.6831402981485
다바9845,라바0147,79.0329404928842
다사6370,다사6272,68.2871083594743
마마6642,마마6738,70.8521792816946
다사6019,다사5718,81.9381917213884
라라5273,라라4974,60.07850755958
다사7449,다사7351,53.6823958838074
다사2840,다사2934,166.272125957764
다마6654,다마6558,66.856567804668
다사5652,다사5553,54.4888334841744
다사6649,다사6045,79.9806681509029
다라3685,다라3469,70.0491056442517
라사3566,라사3465,84.5729863085159
다사4945,다사5348,73.6155917951109
나라9646,나라9646,50.7116810739974
마사4740,마사4835,73.4597476954403
다사4246,다사4747,57.1927880588985
다사5756,다사5858,57.357336363767
마바0942,마바0941,65.753308338008
다바0672,다바0871,64.7350870113203
다사4346,다사4347,57.414175214992
다사4539,다사4742,77.0791045616031
다사5754,다사5651,61.0708146124679
다사5912,다사5912,74.9580836099389
다바9745,다바9546,57.8722084552411
마사3716,마사4115,84.9396953942518
마라4185,마라4283,57.3139134452278
다사2538,다사2539,59.9822170426768
라마9361,라마9361,147.052906191773
다사3227,다사3224,77.968062240845
마바0718,마바0717,109.854773651944
마마6731,마마6628,52.1667201051156
다사5142,다사5643,110.14784606489
마라2496,마마1900,59.813070867818
마라5388,마라5186,63.2272447816122
마라3885,마라3585,80.7046108432592
다사5621,다사5322,51.3733813551917
라마9162,라마9160,118.911693740247
다바6468,다바6469,52.3839901437845
다사6232,다사6631,55.7059039305424
다사6479,다사6280,64.4726926141586
다사6151,다사6149,53.0042915086529
다바8621,다바8720,91.9171452283694
다사4125,다사3624,60.2822208590078
마라4384,마라4383,62.4730724048294
다사4544,다사4643,114.872068713607
다사4448,다사4548,106.013838114498
마라2495,마마2502,55.7474328402825
다바7833,다바9447,51.9521891367274
다사6351,다사6045,53.3276266945967
다사2262,다사1761,110.075771707366
다사6161,다사5551,57.431534349737
마마0366,마마0565,50.0618772928675
다바8925,다바9127,59.9251099291665
다사5861,다사5859,68.9196166572616
다사6154,다사6154,65.4807681486134
다사3762,다사5251,58.9981451818088
다사3249,다사2556,51.0908762718323
다사4450,다사4351,128.836495600311
다사4842,다사4842,55.5657835155046
다사6254,다사6255,72.6031540527483
마마0363,마마0263,56.3486347211322
다사5918,다사5920,64.9951000138492
마마3803,마마3809,56.5300117075197
마사3107,마사3208,77.8407500477998
다사4853,다사4753,50.7906090664233
다사2440,다사2339,53.0298636769572
다사6352,다사5251,62.0650197757091
다사6304,다사6202,59.193895769647
다사3249,다사3248,171.595595074757
다라0446,다라0147,55.8370785164026
다사4751,다사4653,97.7529246065063
다사6446,다사5844,67.7351017130456
마라4490,마라4285,61.2357150581314
다사2843,다사2742,82.8235974961681
다사5945,다사5944,89.0050737440432
다사2262,다사2556,85.4689641745553
다사5350,다사5452,51.1961961111061
마라3478,마라3476,56.4533301330833
마마6731,마마6731,52.5997298046918
마라3781,마라3881,66.7223287432963
다사6118,다사6119,87.0047635601469
다사9944,다사9943,52.0412075285159
다바9418,다바9517,73.9796259461336
라바3887,라바2886,108.837486024924
다사3129,다사3228,139.081015059356
다라3991,다라4192,75.6088711489672
다사4845,다사5348,104.128888014301
다사5642,다사5743,57.0921139604617
다사4942,다사4742,83.1839330706105
다사5758,다사5859,73.8436017908228
다사6310,다사6507,67.860169974146
다사3327,다사3125,196.347859881204
다마2874,다마3174,75.6930089949479
다사3028,다사2926,79.8143145360843
다사4645,다사4646,65.4380025043057
다사3952,다사4351,73.4699735768713
다사2066,다사2262,72.6750951690458
마마0565,마마0265,51.3895939220628
다사3566,다사3464,53.8960204261813
라바0611,라바1107,54.956291426233
다사5753,다사5753,79.3523921397372
다사4853,다사4853,56.5021360558816
다사6019,다사6119,62.703145259511
다사6148,다사6049,104.832733441205
다바6588,다바6788,97.4243420841517
라마8086,라마8188,97.3217103307605
마라1990,마라2092,215.714592959932
마라0254,마라0353,68.1889386678841
마마0861,마마0163,72.8151212826136
다사4246,다사4542,68.1487920247479
다사6744,다사6744,60.8562912584616
마라4786,마라4785,53.2492945705337
다사3133,다사3134,57.7388934875106
다마0411,다마0214,76.2462283845511
마라0856,마라0956,55.0870864589347
마마1964,마마2063,53.7112493903
마라4492,마라4887,72.1355450753376
다라2869,다라3469,105.722054923193
다사4440,다사4642,63.2927109199627
다사4957,다사5352,144.253005964342
다사3129,다사3232,54.06872103782
다사4246,다사4947,141.310092134889
라마8389,라마7991,101.900461974651
다사4346,다사4947,157.670099655324
다사6644,다사6544,64.6837649301025
라마6948,라마6845,51.7592284733639
다사5234,다사5334,52.7706285222275
다사3247,다사3147,51.2446257645456
다바6590,다바6293,113.550363720479
다사2736,다사2733,111.359779123852
다사5145,다사5844,54.5594963316596
마라4391,마라3979,69.9612088174514
다사6348,다사5251,69.6956477112683
다라0147,다라0147,65.124423095349
마마3502,마마3603,160.734931042079
다바8915,다바9213,61.2424248221813
다사5759,다사5451,63.7910681558703
마마4007,마마4109,75.9055377128361
다사6254,다사6354,73.1263447318095
다사6053,다사5452,53.232149807944
다사3917,다사3724,59.0016459508661
라라1241,라라1546,50.5179384533066
다사6937,다사6737,170.414439017553
라라0459,라라0459,97.3677056524004
다다0802,다다0901,84.3596158469755
다사6156,다사5452,64.8751038747592
다사7449,다사7251,100.680023080698
다사3446,다사3647,52.6347082587627
다사5942,다사5841,56.1061659473345
다사6625,다사6045,68.4439601008899
다사6019,다사6426,78.0862900561717
다사5654,다사5352,54.9072052093022
마마5113,마마5118,52.8487258216137
다사5142,다사5944,166.049461303739
라마9459,라마9964,51.7914861801199
마라4593,마라4493,55.0550285515526
다사6260,다사6261,51.9166629911485
다사3463,다사3464,67.1905844625721
라라5360,라라5159,53.8742570000516
라라0361,라라0262,91.4436708266043
다사3248,다사3045,75.8569710454966
마마7224,마마7224,62.8428578453791
마라2584,마라2382,59.2726777707231
라라5688,라라5481,53.4533193548124
마마6728,마마6628,62.9921334318629
다사1243,다사0541,87.8304672180809
다사5744,다사5351,62.6871490480017
다사6508,다사6310,76.5937779441635
다라0446,다라0546,92.5955291293767
마라4391,마라4388,72.9538713710943
다사6371,다사6271,53.5252737609689
다사6324,다사6631,70.4829225080177
라마9462,라마9462,60.1871434971801
다바6488,다바6388,177.306616776199
다사6644,다사5942,50.3747382487012
다사6324,다사6045,58.1004519353544
다사3143,다사3443,80.8047405322935
마마3603,마마3502,114.07764688759
다마5473,다마5472,54.0797740829432
마라2794,마라2793,77.8460334781245
다라4684,다라4783,115.888773175868
다사5859,다사5857,55.5258189690169
다바9413,다바9413,54.5974049543402
다사7349,다사7249,72.7128331771013
마마6738,마마6628,121.854111061403
마라4682,마라4682,76.1949330603832
다바6764,다바6458,58.0600417397306
다바9213,다바9114,71.8132603121373
마마4630,마마4234,64.4196963397302
다사5045,다사4946,50.4901081228907
다사3542,다사3443,83.5345390377768
마마6630,마마6530,74.1417477549854
마라4496,마라4388,77.6916704762912
다사5132,다사5229,63.0454534666881
라마7394,라마7492,80.0858203569446
다사3058,다사4648,52.3913324079007
다마6663,다마6772,76.0235544862647
다사4929,다사4024,59.2386928931648
다사3263,다사3364,67.2105466507711
나라9646,나라9745,53.0101879335936
다사5961,다사6161,66.1817023503841
다사5049,다사4847,83.1631625858024
다사6939,다사6633,56.7203585892126
다사3446,다사3645,70.885815231431
다사4248,다사4646,91.6750720856193
다바1918,다바0922,114.924607349731
마마4006,마마4109,55.8143199719699
다사6232,다사5251,65.7254515415302
다사6015,다사5818,81.1363420116957
다사4751,다사5351,76.9473888071638
다사5152,다사5251,54.4755442705042
다라4586,다라4783,88.5457113898988
다바8131,다바7833,60.1524522045961
라바3885,라바3884,125.932465873633
다바8311,다바8511,107.184823950096
마마7089,마마7088,50.3672126197687
라마8488,라마8290,156.103065432735
다사4844,다사4844,66.5514789422243
마마0265,마마0366,53.4718737361849
다사3139,다사3139,92.0448130714443
다사5480,다사5382,113.394108344453
다사5817,다사5818,103.054003756537
다사4346,다사4346,60.2694416543318
다사6444,다사6545,96.0107269776432
마라3587,마라3688,59.8916860071806
마라3794,마라3590,63.534537521149
다바9012,다바8917,95.1161161576169
다사5754,다사5844,51.2229879607425
다사4157,다사4947,90.3109033330371
다마2975,다마2976,71.6285395314362
다바8318,다바7833,55.4178844752871
다사5452,다사5352,56.8618929823875
다사4648,다사5351,74.178796441939
다사6633,다사6734,69.7223415473428
마라0255,라라9957,64.5908256438829
다마5373,다마5372,95.8429575257616
마라1979,마라1681,59.4797991705316
라마9765,라마9867,53.4626563048308
다바6469,다바6069,78.4130947992759
다사3327,다사3625,60.3242876690701
다사4323,다사3425,57.2098798519641
다사4955,다사5452,70.8190752393041
다사7348,다사7251,65.6587894860201
다사2439,다사2833,50.4915043302753
다라3581,다라3685,51.7602996906353
라마7695,라마7991,65.4455346664063
다사5851,다사5752,78.2007856167253
다사6171,다사6471,101.900706220309
다사2744,다사2646,64.6622111875887
라마9362,라마9160,54.7214488363597
다사6545,다사6645,75.9670034049139
다사6154,다사6053,83.6485274165603
다사3045,다사4541,55.7075357493748
마라0196,마라0590,51.4022024070618
다라0446,나라9639,86.4183975138177
다사6008,다사6008,50.8057672527138
라사2186,라사1985,54.2173353033021
다사6849,다사6647,85.1625447307511
라사6104,라사6304,75.3317983151087
다사5760,다사5551,61.5951899902263
다바6768,다바6570,61.3763211146007
마마6425,마마6528,79.453340679186
다사6062,다사5251,96.3816903690974
라라9790,라라9991,68.6408872151868
다사3565,다사4947,57.2128504268917
마라0891,마라0892,61.801375518144
다사4945,다사5046,108.728054426503
라마9571,마마0163,55.3481368297437
마마5565,마마5562,54.8821437352154
라라9687,라라9295,61.636618862712
다사5751,다사5451,73.7241445347482
다바4188,다바4383,106.32772775252
마마6529,마마6628,108.516101619974
다사3664,다사3564,56.3663536456527
마마6738,마마6439,72.9556430547081
다사5743,다사5644,72.60440454967
마마6330,마마6631,108.959326993211
다사6426,다사6019,62.1019759320525
마라4183,마라4080,66.8289426190946
마라4393,마라4493,68.8289928392728
다라3685,다라3988,60.0735205016856
다사6635,다사6737,66.1066816419887
다사6162,다사5652,52.1977472018549
다사6545,다사6644,128.071290796529
다라4181,다라4084,70.5076032825203
마라4283,마라4283,85.6390408407559
마라4790,마라4887,134.210994228873
다사6625,다사6526,97.6845749427269
다사3923,다사3625,53.4341962446542
마마1123,마마1322,56.7730882346738
다사4012,다사4011,56.5839706368018
라라5086,라마3413,78.6136652754203
다사6455,다사6353,107.656879102495
마라4184,마라4183,87.907083696995
다사4949,다사5251,51.3698768940152
마마1322,마마1219,62.8867078897125
라마5593,라마5593,82.72183901269
마마7189,마마6989,59.3700493891938
다사6737,다사7136,86.0001833109183
마라4482,마라4483,54.7259945166315
다바8916,다바9016,55.8836140722333
다마5374,다마5273,66.5766506848071
다사6105,다사6206,103.530474804326
다사6310,다사6512,99.3209055075851
다바5995,다바6097,73.0756527254509
다사7250,다사7251,70.5207828187306
다사6545,다사5943,66.409625333127
다사4268,다사4369,53.4682991454789
라라5388,라라5687,58.0931068743082
다바6788,다바6990,54.7801490651376
라사2285,라사2087,80.0133575673699
다사3761,다사3661,88.1034117754909
다사6738,다사6740,51.1987721072719
다라9959,다라9960,50.6707048632023
다사4158,다사3761,53.3243927243399
마라2895,마라2893,115.457253099463
다사6455,다사6045,61.0704454926108
다사3847,다사3747,65.9090080442228
마라4583,마라4583,100.309341497334
다사3738,다사3935,89.9236973253302
마마6425,마마6527,65.2005554589187
다사5743,다사6045,58.0598942756238
라마9765,라마9865,57.5800660245914
다바9113,다바9113,56.247802052831
라아9322,라아9422,111.290639038897
마라4388,마라4287,82.1152011232917
다사6648,다사5251,70.774572987837
다사6633,다사6334,72.7587560651032
다바6469,다바6169,102.09252950079
다사4059,다사5452,54.2803102600928
다사6310,다사6519,81.3445738822859
다사5049,다사5049,153.50924963636
다사2738,다사2840,80.9704770643065
다사3243,다사3245,58.2628454256139
다사3563,다사3761,54.3404993185818
다사4347,다사5352,57.1553306773252
다라0997,다라0998,136.7201139934
마마3906,마마4009,70.5269056300729
다사3464,다사3464,56.4975364748316
마라0991,마라0890,138.559472127012
다사3243,다사3343,56.255933315147
다라3469,다라3470,170.622231885573
마라4390,마라4390,118.388580672196
다사6218,다사5718,74.9504544510161
다사5750,다사5750,64.8323512532831
다라0245,나라9639,51.4907452687055
다사6324,다사6426,137.758230061299
다사4148,다사4747,81.430419099017
라라8354,라라8452,76.2523928545989
마라4277,마라4080,70.3694582005622
다사4843,다사5251,73.9127798959192
다사4151,다사5351,65.4091399913607
다사5850,다사5651,57.5819019865521
다사3926,다사3425,50.5111575850953
다사2442,다사2441,60.776111634492
다바7833,다바9127,83.2717187636894
다사5851,다사5952,59.2355580724813
다다0901,다다1001,53.6547328345721
마마7322,마마7626,89.7780073799336
마마3803,마마4108,54.8334762186241
다사4943,다사4647,54.0702050000663
다사6116,다사6113,121.040305870508
라마7392,라마7492,77.7513802918566
다사5853,다사5852,86.1271482372947
다바6195,다바6196,63.107948353734
다바6968,다바6968,97.0002222710942
다사5155,다사5054,57.6646357432807
다사3842,다사4742,75.1389357945564
다사4243,다사4742,62.7128720873554
다사2840,다사2543,91.4810619887036
다사3238,다사2840,86.081047161924
라바3886,라바3786,55.6040093306821
다사5242,다사5846,53.6820564710734
다사6725,다사6625,66.9276417143485
다사6919,다사6919,58.2244251803828
다사5341,다사5251,70.9037073304326
마마1160,마마1059,68.4782227253165
다바6969,다바6968,68.4367049749279
라마8393,라마8494,50.6073083022128
다바6097,다바6290,55.8614653217295
다사2734,다사2436,52.774337131353
다바8319,다바8917,100.172653949916
마마5564,마마5462,75.7276224956924
다사4343,다사4344,60.3984346396152
다라4580,다라4484,52.4265032644508
라라8451,라라8450,73.0720387458935
다사4853,다사5351,82.1481697676837
라라1540,라라1440,61.8732016342279
라마9570,라마9572,79.6145137100655
마사6601,마사6700,63.2214031254225
다바9513,다바9314,67.3753136295623
다사5718,다사6015,57.2321809902801
마라4690,마라4887,80.5221216869358
다사3228,다사3026,117.809940574066
다사4058,다사3562,63.2391653024393
마마3604,마마3604,144.150828812864
라라1761,라라1860,153.194969836689
라마8762,라마9064,55.9457534784132
다사3826,다사3126,71.7291232630782
다라3887,다라4192,50.2227108962955
라마3743,라마4743,66.7206802804328
다사5148,다사5149,128.588341272598
마사3206,마사3208,58.3855923200151
마라3579,마라3380,68.2724093423985
다사5642,다사4947,54.1184195494374
라마7295,라마6796,66.8943407770113
다마9013,다마8812,72.5179853853211
다사5443,다사5543,71.0820267877945
다사5232,다사4947,58.0342610404147
다사4943,다사5251,155.072619244428
다사3245,다사3248,58.7268378172162
라바8450,라바8551,58.6120351165067
다마6656,다마6656,83.5893700160186
다바9122,다바8916,54.110860703945
다마6661,다마6660,55.8562675523129
다사6052,다사5953,82.4626369914359
다사5142,다사5943,70.8432041452496
마마1101,마라1898,52.4254124103044
마라4688,마라4490,51.1976411921843
다사3837,다사3738,66.9090020480079
다바8447,다바8549,71.6289457036442
다사6348,다사5351,70.2775896686442
다사2262,다사1956,54.1182494976826
다사5757,다사5859,69.3859988425463
다사4943,다사4844,58.4087013904381
마라2594,마라2497,52.6354784942945
다사6352,다사6251,56.4296819171224
다사3326,다사3622,53.6360880722324
마사2272,마사2373,80.9225566175364
다바9649,다바9649,57.2568334388871
다사4751,다사4947,57.683370434691
다사4024,다사3826,55.0542097729577
마라0456,마라0056,74.3717009389122
라마9262,라마9062,84.0578167194517
다바4188,다바4087,87.2095047926369
다사6848,다사5251,87.1486183996126
다사3661,다사5251,74.7142323089581
다사6044,다사5452,53.6422075820063
다사3327,다사3622,122.108367647238
다사5757,다사6045,56.8492679175213
다사4942,다사5944,84.1099451312617
라사1985,라사2085,50.7834603496126
다사2749,다사2644,60.4592054304
라마9765,라마9963,70.2885091162068
다사5916,다사6113,77.9426733207189
다바9572,다바9473,50.9011144673506
라사6202,라사6204,50.0130917964905
다사4753,다사5251,105.30491187385
다사6861,다사6760,70.4932755764806
마라3679,마라3576,90.2288600728826
라라8298,라라8297,64.2251692367656
라바6244,라바6143,114.763839345176
마라3373,마라3378,51.7383725732525
마라1979,마라1877,62.5143010777528
다사6528,다사6529,148.239996610837
마라4186,마라4285,115.595524013219
마마6781,마마6781,88.5057879639122
다라4583,다라4582,55.6342419801839
다사5242,다사5140,58.3853041746345
다사5857,다사5759,61.3560273446606
다사4247,다사5251,120.914763506058
다사3644,다사3647,73.8618162397174
다사5855,다사5956,61.2678670461848
다사6530,다사6737,59.7040168562687
다라3787,다라3786,73.5518750070638
마라2494,마라2493,57.5773389374354
다사5755,다사5753,66.4515486514508
다바2378,다바2277,93.340283384451
다사5861,다사5251,131.939993533446
다사2841,다사2941,67.2201189168624
다사4161,다사4159,64.5067055614192
마라3794,마라3487,50.2791645960954
다사6861,다사6560,75.5660148419829
다사2638,다사2840,78.2367189719879
다사5953,다사5251,83.3216431497466
마마4631,마마4630,82.2961463859418
다사4245,다사4643,55.500921083132
라마9357,라마8960,63.7211499709949
라마9967,라마9767,112.156816270887
다사5756,다사5654,58.1919749167289
다사5743,다사5843,103.285268026967
라마8338,라마8544,85.2301021300003
다라4590,다라4686,56.4464242194755
다사4350,다사4653,56.6920264316879
다사4157,다사3562,75.6350512755327
다라1098,다라0998,63.5046835026914
다사7251,다사6643,56.0525982719918
마라3784,마라3485,73.6323055318164
다사4844,다사5046,77.3820186202777
라라9687,라라9892,69.767456195007
라마9563,라마9563,112.704066987835
라라9893,라라9892,129.365907461367
다라2871,다라2871,50.9493457559817
다사5657,다사5552,59.2339339711743
라사3826,라사4027,77.5383544517112
다사2749,다사2449,73.727347205281
마마1101,마마0905,77.3795653426095
다사6156,다사6156,80.8235727444312
다사7039,다사7037,118.637779977647
다라3685,다라4084,137.872123693719
다사2734,다사2635,65.8250342590382
다사6742,다사6045,60.5759977970931
마마0162,라마9964,62.7696173733748
다사5420,다사5521,58.2971385571448
다사5850,다사6045,79.7784568270999
다사6834,다사6634,85.3977365364176
다사3923,다사3622,109.197061294982
다사6449,다사5351,69.1957703942402
다사6014,다사6113,60.2116606181876
마라0792,마라0793,120.491371772076
다사6263,다사6161,64.4040534844295
다사6544,다사5251,104.104082210456
다사6734,다사6634,124.15370826326
마마5010,마마4914,52.573131977454
다사5951,다사6149,60.4406354621147
마라4385,마라4285,53.3159926247899
다사4641,다사5251,90.1108844911407
라마8927,라마9027,86.164352538274
마라4495,마라4495,51.956193543197
다사4945,다사4947,151.42253997198
다사3140,다사3139,88.489431000422
다바0672,다바0573,62.2845879563034
라마9463,라마9563,96.3813849466611
다사2840,다사3140,151.336638325433
다사4247,다사4646,51.8192615228401
다바8321,다바8917,215.6496033119
다사5621,다사5820,51.6208176824376
라바3786,라바3886,65.4956646537127
다사5621,다사5818,96.2100252649799
라라5986,라라5787,65.6565183819971
다사6162,다사6063,85.539752409361
마라3991,마라3794,65.130083920667
다바8319,다바8518,89.9149322346128
마마7429,마마7425,51.4509384057892
다사3146,다사3245,51.8223359430152
다사6850,다사6446,76.6336519027525
다사6445,다사5944,54.0363601866908
다마6657,다마6657,113.594869521353
다사3368,다사2869,67.1234926433122
다사3644,다사3544,95.7282858167005
마라4688,마라4687,81.0041453942441
다사4841,다사4642,58.3688606154948
다바6195,다바6293,87.1407403655033
나바9261,나바9361,52.4128913947449
다사5045,다사5145,61.4356168339674
다사4447,다사4548,87.8835875050808
마마6539,마마6840,89.2095966987496
마마0064,라마9765,80.4925949894258
다바9446,다바9449,56.8322399905742
다사3743,다사3645,112.424150687524
다사5113,다사4909,58.1517284697629
다사5056,다사5352,53.3214192634501
다사7935,다사7834,52.6869041418892
마마3602,마마3604,54.3902939463656
다바4188,다바4287,127.813504159038
마라4078,마라4077,105.691287719949
다사6629,다사6631,98.9548784496437
다사6261,다사6162,101.9076563408
다사4011,다사3908,61.165362071964
마라4184,마라4285,79.2637826884712
마마4008,마마4109,104.589236217055
다사2734,다사2833,95.9754508714274
다사4344,다사4343,56.4022930408015
다바5994,다바6293,76.2946612678765
라마9162,라마8860,58.187469092096
라마9062,라마8960,109.199644867792
다바6469,다바6567,62.7124185847365
다사4245,다사4244,70.9749714343601
라라5186,라라5085,56.106192308308
다사3149,다사3147,71.3757811195204
다바6669,다바6669,60.2007603798921
라라9687,라라8982,78.6457161488077
다사2827,다사3126,109.174817637762
다나1373,다나1273,148.470623380481
다다1403,다다0700,64.4016769020452
다사6734,다사6631,64.5128361097888
다사3926,다사3724,94.1779113560849
다바7833,다바8244,134.853191665358
라마9665,라마9664,83.7644757620064
다바7833,다바9022,91.6350946033567
마라4384,마라4080,66.883207300954
마바0742,마바0941,84.4042729741002
마라0792,마라0690,136.535281410367
다사5752,다사5352,52.9920772210263
다사5943,다사4947,80.7755031609921
라라5487,라라5486,105.576112987765
다사5320,다사5319,50.1548055708285
다사7349,다사7252,74.3138095620068
다사6743,다사6744,53.1890144031429
마라4494,마라4493,111.090754406964
마라1153,마라0955,68.6189241517724
다사3244,다사3443,77.1814082970021
라사3928,라사3927,72.9947101253884
다바7833,다바8825,123.187161213237
마라0254,마라0455,75.4483420855598
다나0773,다나1273,59.6561493002801
마마5013,마마5014,57.635489756371
다사5750,다사5749,59.33326876915
다사4441,다사4540,56.4120885569861
라마9358,라마9258,105.407244473529
마라4490,마라4080,51.0373682711836
마라1979,마라1380,65.6941578967667
마라4591,마라4490,61.2409399846987
다사6544,다사6446,53.7730807744505
라바9968,라바9664,87.8153326981184
라사2186,라사1986,57.8217800718401
다사5127,다사5230,77.7710393077372
다사4661,다사5453,55.7835710999081
다사6629,다사6737,51.7327718868603
다사6743,다사6742,59.3910637723893
다사3964,다사3864,61.63825326151
다마2774,다마2976,95.8768206838654
다사6449,다사5251,106.993426037772
라바3887,라바3887,93.584512681158
다사5756,다사5757,87.7072291654862
라라9687,마라0794,71.8482608241895
다바6571,다바6069,71.9488400668245
다사3923,다사3522,57.6523962618679
마라0254,마라0155,64.898880916756
다사4944,다사4945,60.0237725405085
다사7050,다사5351,68.7716963334783
다사5759,다사5858,128.055136294968
다사5856,다사5452,77.0544422949943
다바8817,다바7833,64.6867501516244
다사5650,다사5844,52.4326741078769
다바8144,다바8143,67.8596990594012
다바9650,다바9350,92.3044108127188
라마8394,라마8493,56.827867609561
다사4343,다사4646,50.9463612747268
다라4681,다라3469,56.7226360977845
다사5857,다사5551,69.4239615234105
다사3044,다사3144,134.621395491599
다사4640,다사5452,58.148904360594
다사6162,다사5351,85.0717745102025
다사6850,다사5351,62.8560037101534
다라4582,다라4180,50.6095557150599
다바0764,다바0564,63.8728780522481
다사6370,다사6070,54.9269858876701
다사7252,다사7252,128.582311600222
라사2083,라사2087,148.187368109268
다사4643,다사4643,93.7956924398288
다사4944,다사5251,132.633656473956
다사6144,다사5251,66.836432388835
다사6159,다사5844,51.8387812196325
마라4688,마라4388,73.9922554605184
다사6951,다사6950,63.136714454863
다마4132,다마4228,50.8058975313808
마라4492,마라4490,58.4103334757301
다사5917,다사5918,59.4785924423334
다마6457,다마6555,56.9024984096869
다사4149,다사6145,54.8213705436662
마라3585,마라3485,91.7868314728847
마바0740,마바0941,52.4560424389452
다마5373,다마5271,69.0726316458441
다사5945,다사5943,52.6705407625339
다사5043,다사5643,51.1103870498464
다사5648,다사5251,50.267116746682
다바9417,다바8917,62.1150842521397
다사4450,다사4647,51.361956533113
다바9326,다바9327,78.9967394726981
라사1985,라사2084,74.0333686708817
다라4091,다라3990,53.6470812621265
마라4583,마라4285,88.2983149660115
다사3852,다사3952,56.8601841912775
라사1219,라사1222,55.7973505898409
다사6253,다사6252,81.0375354333875
다바2277,다바3187,57.7821840488596
다사5913,다사6310,55.528642377566
다사4648,다사4647,72.402283634286
라마7695,라마8290,64.4170840389856
다바6488,다바6290,67.5266812837757
다사5855,다사5652,57.660775869878
다사6353,다사6254,96.0841793707584
라마9157,라마9059,84.8069226259972
마마5214,마마5013,64.4151808285129
다사4349,다사4548,52.3662878444119
마마7176,마마6878,70.1442659942679
다사6734,다사7137,59.6310931120812
라바8450,라바8451,52.8305537599029
다라4582,다라4584,53.790342503164
라마9571,라마9765,79.3804383889073
다사2646,다사2556,69.560779988934
다사4149,다사4648,57.0955932870466
마라4787,마라4887,128.495184436547
다사4440,다사4638,52.3228495859109
다사6855,다사6957,58.1189670396033
다사2645,다사2742,114.12275632735
마마6887,마마6989,78.088734898161
다마2816,다마2715,54.8651446071944
마마6781,마마6582,65.4064622849688
다사4440,다사4539,56.4148345499337
다사4949,다사4947,65.719344810292
다사6457,다사6456,112.5572767886
라사2286,라사2187,139.044208150522
다사6529,다사6017,58.8127175435501
마라3477,마라3376,60.5674556482578
다바9256,다바9456,62.2084724843487
라라8354,라라8353,96.8806003430615
라바0048,다바9449,84.1718174592569
다사4942,다사5142,72.9779539253813
라마8176,라마8076,57.0424424829863
마마5464,마마5565,143.985405083756
마라2496,마라2494,88.6753767947512
다사6345,다사6446,86.4302191584565
다사4739,다사4741,65.6793031526281
다사5342,다사5845,53.0345827776592
다사4839,다사4542,52.5651045548044
다라4484,다라4184,103.398404774449
다바9112,다바9213,141.959678343562
다라0147,나라9846,51.519209553158
마라0892,마라0793,95.1009347590103
라마9766,라마9765,51.1833959238667
마라4188,마라4088,51.8372624627432
다바7833,다바9414,84.9023154906604
다사5341,다사5242,51.8861981066887
마라4492,마라4080,59.8900189909876
다사6218,다사6017,116.704622897488
마마0864,마마0964,107.80226115124
다사5150,다사5049,65.8851795754965
다사5522,다사5621,103.534759016362
다나1198,다다0600,58.7084958437025
다사5618,다사5618,63.4404069471438
다라4788,다라4787,86.4498504204168
다사6310,다사6413,99.3885474262195
다바9357,다바9560,111.993944195116
라라0262,라라0261,79.0965366727286
다바8511,다바8611,195.332283874486
다사4857,다사5149,50.5526330694345
다사4024,다사3124,58.0181399542366
다사4547,다사4747,81.3902911459518
라라8780,라라8982,67.505856988741
다사3249,다사3249,54.0852014422414
라라9995,라라9893,70.1548932822009
다바9214,다바9213,115.195505965471
다사4058,다사4161,58.5534145581351
다사4940,다사4941,76.2024536306499
마바0068,마바0069,55.4450054457189
마마3803,마마3805,69.4785669550797
다사5118,다사5119,60.3431872091256
다사5332,다사5333,60.4338634858733
다사2331,다사2432,107.389617374695
다사4223,다사4024,107.80553667619
라라5187,라라5587,61.6424185231224
라마9565,라마9464,53.8897503105643
다바6588,다바6588,172.44226457211
다사4742,다사4842,94.0741074769701
마마3907,마마4009,88.7679853102763
다사6044,다사5945,57.4604400947978
다바6968,다바6970,51.9874431631209
마라3987,마라4285,71.4957928498584
다사4248,다사5351,108.75852092993
마라2894,마라2794,54.4496985972173
다사6642,다사5844,90.0628632693855
다사3129,다사3024,93.009948856796
다사5320,다사5621,59.9906337272422
다사6144,다사6145,127.474495290888
마라4583,마라4284,104.167018614069
다바9946,다바9845,60.5991940829248
마라3679,마라3679,97.3396045155362
마마0265,마마0364,58.4168749358276
라마8240,라마8337,51.9700288102325
다바9446,다바9748,52.0843837841563
다바8818,다바9114,55.7028987059582
다사3466,다사3464,52.3156388070166
마라1990,마라2494,64.3116400340147
다사5032,다사5032,63.1641134596448
다사6171,다사5970,118.461814747303
다사6057,다사5957,52.0251347389368
다사4150,다사4947,125.432080480253
다사6152,다사5752,50.8238943515969
라마9357,라마8338,56.5644185843219
다사3942,다사5251,86.1939266541692
라사2183,라사2184,69.1722418863694
마라1979,마라1979,62.8000150969239
다바8523,다바8622,58.6586857381055
다사6445,다사5844,97.7949552231781
다사2644,다사2543,84.2218271791517
다사4125,다사3625,54.5619493954311
다바0564,다바0871,56.6508936361054
다사4331,다사4542,61.66851008994
다사5856,다사5756,59.8160619171993
다마6754,다마6654,63.7822645039404
다사6648,다사5844,85.3794640118172
마라0991,마라0195,62.0360247533156
다마2874,다마1673,52.4883916781602
다사5232,다사5351,53.0916945111451
다사4846,다사4646,56.336264500927
라마8497,라마8495,52.7957580002283
마라4389,마라4389,53.3266707357209
다사6750,다사5844,74.9986068264807
다사5050,다사5451,51.5571455167644
다바8132,다바7833,85.6102784627012
다라4390,다라4390,58.3241800429189
다사5961,다사5351,86.3388375031353
다사7050,다사5844,57.6037241717849
다사6159,다사6058,50.6637876254747
라마8810,라마8810,53.3051266170766
다사3145,다사3045,138.23259769766
다사4748,다사4747,72.2159593182806
다사3227,다사3025,62.2608436967331
다바9516,다바9416,53.0717775765045
라라1937,라라1748,60.7109493133297
다바9488,다바9687,59.4230216802946
마라4291,마라4388,80.9112445158051
다사4545,다사5352,73.8221260051794
다사6418,다사6519,61.5515954986445
마라3891,마라3488,59.7857792135622
마라0984,마라0792,65.5070360019375
다사4345,다사4947,74.020617332739
다사3762,다사3562,95.5035682674697
마마0163,마마0062,73.2776470218668
다나0499,다나0699,50.9786592660253
마라4190,마라4291,66.5959240616519
다사4545,다사4444,84.8241043789437
마마0067,마마0167,68.5359391847903
다사4854,다사4956,53.0160749070622
다사7351,다사7450,58.7927961548645
다사7251,다사6145,72.211917426181
다마6459,다마6858,71.4921257424028
다사6148,다사6148,53.8372102818332
다사6355,다사6045,67.1020986389863
다사5912,다사6114,78.8327545878439
마마7424,마마7626,93.6320710304882
라바3887,라바3987,59.4543680570907
다사2262,다사2260,65.8027209937575
다사5142,다사4642,107.224382795864
라마6092,라마5697,51.5074604979005
다사4853,다사5552,51.5406207540767
마바0642,마바0941,69.0449470357285
다바7589,다바7790,58.4725916305045
마라2577,마라2979,52.0315290384705
다사4929,다사4829,72.0189564057219
라사6306,라사6306,61.2813980759393
다사3233,다사2934,103.194182945707
다사5862,다사5860,72.9822308578159
다사4634,다사4932,69.8479633280481
마라0792,마라0890,63.1588988952717
마라4081,마라4283,52.3868880820593
다사6834,다사6834,55.8288324494381
다사6070,다사6069,55.9774181706213
다사2736,다사2734,58.5237711666642
마마6729,마마6728,58.5770855180309
다사6354,다사6045,82.4675071211857
다마4556,다마4456,120.188858970449
다바6588,다바6284,74.8832155539443
라바6345,라바6244,79.6203220885301
다사6749,다사5844,62.3337547458718
다사3129,다사3424,83.0684032751665
다사3544,다사3743,68.751585007895
다사4703,다사4407,59.8840894172051
다마6556,다마6455,66.9883679630017
다사3848,다사3646,57.0308000760332
다사4539,다사4641,83.3057094631787
다사6258,다사6358,129.550295284305
다마5373,다마5573,121.144587448793
다라0646,다라0446,68.9357761391785
다바6771,다바6570,50.5481042771603
라마7788,라마7890,154.560792089368
다사2749,다사2647,50.8239851299478
다사5945,다사5845,65.0165196516135
마마7423,마마7423,58.2968614367761
다라4391,다라4084,51.4929768956104
다사4024,다사4120,67.0797971792562
다사5758,다사5752,65.7997530893255
다바7833,다바7834,94.0543062339379
마라2087,마라1987,73.7648634365332
다사5332,다사5232,85.480269201586
다사6426,다사6145,72.1616864660402
다사5643,다사5643,93.8778807047441
라라9584,라라9689,51.3239517306175
마라3987,마라4086,99.1577596737774
마라3986,마라3885,51.9755887675885
마마7423,마마7626,84.399376162027
마마3704,마마3803,66.1147113901308
다사6529,다사6628,94.6678452016513
다마6558,다마6557,55.5180236401268
마라4382,마라4284,72.2678332187342
다바6571,다바6770,118.370469545526
다사6345,다사6644,71.5621756621241
마라3991,마라3584,51.6075448298739
다나0499,다다0901,80.9441952685993
다사3842,다사3644,58.3576598975416
다사6250,다사6251,53.8224764058499
다사5860,다사5856,57.3523284784832
다사5520,다사5520,94.1862708937771
다사4824,다사5027,58.5055809002454
다라4387,다라4287,55.1022398938005
다사4547,다사5351,64.5052685054512
마라0456,마라0254,55.6277417903574
마마1964,마마1964,136.183161203475
다사4242,다사4442,59.8199531000354
다사6015,다사6114,102.814325006127
라마6092,라마5593,214.715966211725
라마8294,라마8595,53.1200573360409
다사4540,다사4641,76.1261156373897
다사5750,다사5850,55.3267416295889
마라2497,마라2593,82.8325736480385
다사6527,다사6631,56.664323082157
다사5841,다사5844,83.4410200511398
다사6188,다사6189,54.9762564676076
다바6571,다바6771,95.2956587269838
다사3742,다사5251,54.0666130822033
라라2160,라라1760,61.6954047626786
다사5149,다사5050,58.8795576974764
다사3047,다사3046,68.1820913696689
다사6069,다사5972,52.5830706169554
다사4443,다사4742,56.4537300839889
다바6770,다바6968,107.543782711482
다사2739,다사2740,68.098378362237
다사6456,다사6454,62.4932183595497
다마6459,다마6457,66.8146086854408
다사2735,다사2734,103.701992723691
다사2556,다사2749,166.487810828155
다바6066,다바6169,88.1463957907527
다사6408,다사6310,57.7295977552698
다사5918,다사5917,58.6539868484817
다사4944,다사4847,68.2191083276227
다사2532,다사2530,52.2135402917444
다사4251,다사4250,58.9689160739011
나라9846,나라9845,51.3787360141108
다사2736,다사3033,63.4610247733445
다사5230,다사5231,51.3052235231394
다사4450,다사4450,108.289718122916
다바9122,다바8720,114.581832846063
다바9852,다바9950,64.3727537298779
다사6232,다사6529,79.6438854830958
라아9521,라아9620,53.736888212755
다사5755,다사5653,129.521917975884
다사3564,다사3662,68.3976658062046
다사3139,다사2840,61.1204897917173
라마9865,라마9864,53.3249435141492
다사6170,다사6070,53.4083864962326
다사6054,다사6054,115.954850828055
다사6371,다사5970,72.8241473680179
다사5029,다사5028,59.3934521643507
다사6072,다사5970,61.4256340400764
라라8248,라라8450,61.4814105413027
마라2378,마라2278,54.7027411746197
다사4150,다사4151,207.607008283502
다사3248,다사3443,54.2688395244427
다바9256,다바9156,52.2706236166242
다마6755,다마6654,62.7135098152617
다사4347,다사4151,79.5611794476907
다사5855,다사5451,57.6171708758544
다라4881,다라4484,54.3370173711597
라마8862,라마9061,56.1828772253715
다사5912,다사5812,86.858582786567
다라0998,다라1098,89.4679714729423
마사2475,마사1881,130.710786106636
다바9213,다바9414,67.8063934902994
다라3581,다라3681,62.3361338810433
라라0061,라라0161,73.6115555886199
마라3377,마라3276,55.247864790419
다사4148,다사4048,72.3567347697416
다사6332,다사6633,89.2797041374781
다사4248,다사4051,85.01807560223
다바9945,다바9945,60.4188709944807
마사4740,마사4739,140.708874998985
다사4703,다바4698,98.34568546585
다사5053,다사5051,50.7450854010777
다사4542,다사4541,104.877668147888
다사6257,다사6256,100.15919831274
마마6741,마마6738,70.5782211763401
라마9461,라마9764,61.6630618857879
다사2744,다사2743,80.390628896286
다사6837,다사6633,80.9393343389101
다사4855,다사5149,60.2328572430362
라사1223,라사1122,58.6338524369832
마라4382,마라4382,69.7451121583014
다사6633,다사6633,89.0395395484426
다바8736,다바8733,78.1333453622048
마라4587,마라4285,70.9045303972797
마마3907,마마3809,53.933469225527
마사4150,마사4251,51.7710869141008
다사5656,다사5551,62.7089473072693
다사5750,다사5847,54.5375863504648
마마6629,마마6528,52.9222039172948
다바9418,다바9118,100.933874058646
다사4149,다사4350,56.0513000491716
다사5229,다사5536,60.4017484391815
다사3743,다사3644,60.9886764203908
라사3925,라사3927,81.855751002827
다사6749,다사6644,64.5758049856051
나바9262,나바8779,57.4761482126951
다사4422,다사3724,51.2383329674145
다사5754,다사5653,75.0098577701106
마라4286,마라4080,122.105526725295
다사6345,다사6445,112.68735404427
다사5537,다사4947,52.0433304066418
다사4249,다사4646,71.3857356113755
다바9447,다바9948,62.0553301746453
다사4743,다사4947,70.6375121835236
다사5348,다사5451,66.5127812344668
다사7453,다사7553,70.257036260394
다사3140,다사2939,89.828345754677
마마3604,마마3803,51.7492125978366
다사4643,다사4947,61.6544542040657
다사4544,다사4947,58.5208443875492
라라9995,라라9892,66.7707689039175
다사5850,다사5452,97.2498295034565
다사2835,다사2735,60.47284653282
다사2331,다사2433,99.5229336216593
다사6622,다사6519,64.9475543498775
다사5956,다사4947,58.1029181108033
마마0067,마마0069,51.6541129785076
다사6057,다사6157,70.4941724312748
다사5132,다사5131,106.200602433603
다마0411,다마0112,84.1869175785972
라사3826,라사3928,91.3750341297135
다사5234,다사5536,51.9828346470605
라바5823,라바5824,80.4382241659837
다사6354,다사5846,78.9559360583893
다사7464,다사7168,60.0053726929652
다바5981,다바5677,50.3003820175861
다라4581,다라4582,76.373038835689
라마9563,라마9564,141.199212677576
다사3139,다사2932,65.4901103487057
다사6149,다사5947,54.6624236680994
다사6750,다사6049,50.5742598842464
마라2397,마라2594,56.2754985454238
다사4932,다사5230,52.6129791166894
라마3743,라마3839,51.0123063444314
다사4537,다사4535,106.739302681864
라마9960,라마9861,61.202195455146
라라1340,라라1540,80.512665288997
마라0195,마라0692,71.304305187905
마라4786,마라4285,51.4433766414158
다바4709,다바4709,58.3867068744222
마라3685,마라3588,52.1211486680956
다사5042,다사5142,102.945703059444
다사4149,다사4050,69.3212086273183
마라3986,마라4080,69.5197493681808
다사2660,다사4151,69.6738965585482
다바8518,다바8721,74.6696242317224
다바9472,라바0079,65.8306500540097
라라5687,라라5587,114.228161742447
마라0793,마라0794,63.9391662538236
마라0891,마라0590,75.8417195016478
마라3690,마라3488,63.3762164425135
다라3685,다라4090,51.352281012465
라라1839,라라2037,74.835823701239
다사6744,다사6446,55.7017298746667
다마5473,다마5173,56.2477372617258
라마9763,라마9864,58.0487888912778
마마7525,마마7626,65.9037847987889
다사3240,다사2939,74.525737013526
다라0145,다라0145,59.5731940636478
다사7549,다사7548,55.1324196800303
다바9317,다바9118,82.3913461080443
다사2440,다사2543,58.7479770155129
다사6019,다사6121,111.137751394232
라마2496,라마2395,68.7346614323081
라바0045,다바9948,58.5906358247394
다사4752,다사5452,78.3434635357885
다바8818,다바9414,56.0467002766491
라마9056,라마8956,65.7920696138776
다바6788,다바7189,54.0479931046099
라사4124,라사4225,102.625945839081
마라4289,마라4290,51.561707790654
마마7425,마마6628,62.0835756931336
다사5853,다사5452,87.6390187188144
다사4957,다사4955,101.424720730847
다사3444,다사3545,56.3081244658091
다사4158,다사5351,80.3525143104643
다사6545,다사6547,61.1775127433925
다마6555,다마6558,57.1401535256416
마마0264,마마0163,76.4036527417726
다사5332,다사5536,111.041362143945
마마4909,마마4910,66.0886028798196
마라1495,마라1697,62.8972646337561
다사5331,다사5232,51.6577532210451
다사4740,다사4642,97.7573216964906
마마6330,마마6332,63.2538239202819
다사6217,다사5718,67.4004434891111
다사2646,다사2254,58.5529218829623
마라4786,마라5287,65.0529162682545
다사2958,다사3158,53.6254194504571
라바1931,라바1932,56.570304189195
다사2735,다사2835,54.5965076696451
마마2974,마마2976,54.6485727650656
다사3148,다사3046,50.8343168617445
다사4856,다사4856,84.4485942526442
다사7449,다사7350,52.9316441418267
다사5861,다사5858,68.6000962892179
다사4731,다사4833,50.1724431872407
다사3145,다사4542,73.7063217740939
다바8926,다바7833,101.784801459855
마마0065,마마0064,90.0102226633348
다사7548,다사7250,50.0386522068187
다바9614,다바9414,59.9952206424166
다사3444,다사3445,97.5272649417526
라바0048,라바0048,87.6188066587839
다바6163,다바6064,60.8812557284261
다사4323,다사4223,60.5434768544473
다사3337,다사3133,51.4054248962266
마라2079,마라2178,54.462655671558
마라2278,마라2378,53.4427285229988
다라4884,다라4684,63.9282970377377
다사5946,다사6145,55.1598565941847
마라3884,마라4285,80.4460690434959
다사5857,다사5858,114.967746237797
다사4943,다사5642,100.035838758538
마라3379,마라3478,59.0605991699276
다사3039,다사2938,68.3379707078653
다마2976,다마2976,76.5871083423
다사5743,다사5643,67.263309453454
라라1761,라라2063,61.7458513475004
다바8514,다바8916,53.3682863235882
마라4389,마라4388,76.2232345967293
다사6446,다사6045,67.3501038394403
다사6349,다사6350,63.7363891277669
마라4687,마라4887,80.6556616145249
다사5622,다사5316,51.8534245207513
라사8509,라사8509,54.0686661302646
다바6764,다바6558,50.4266845492069
다사6323,다사6324,59.9573500453649
다사6063,다사6049,55.3281898567109
다사4247,다사4643,62.9254508104034
다사6115,다사6113,63.5262079625129
다마6663,다마6761,76.428341965525
다사2749,다사2646,63.316286180274
다사5845,다사5845,106.417906782443
마마4631,마마4424,53.0752569351789
다사5051,다사5251,79.105222160657
다사5719,다사5718,78.818040168243
다사4244,다사4847,57.8711392222336
다사6152,다사5351,70.2666334327704
마마1160,마마1060,53.6312829015471
라사1885,라사1985,58.2726829924468
다사2636,다사2733,58.2050159492173
마마1158,마마1159,67.2597623368437
마바7097,마사6601,72.1916649336719
마사1688,마사1687,56.1123837232717
다사5245,다사5844,50.9005158251867
다다1001,다다1000,52.9927425399485
마라0890,마라0792,109.190246619277
마사4148,마사4149,56.9998341552965
다사4947,다사4947,160.718073240043
다사5343,다사6045,88.8213082783404
다사6112,다사6212,60.3719949157236
다사4247,다사4151,116.887437834776
다사4345,다사5251,86.6860781063605
다사4734,다사5032,69.3817602447965
다사6454,다사6149,70.4544214510903
다사4946,다사5046,111.791615600072
다사5917,다사6113,69.1734919560286
마마5010,마마5014,119.042564725894
다사6625,다사5251,60.9104306278807
마라3688,마라3589,74.1401023000413
다사6355,다사6455,108.855671736707
다바8511,다바8815,70.8639184127839
다바9447,다바9845,69.9621703895027
마마5465,마마5563,53.7492576969185
다사6019,다사6214,61.5875116828545
다나0598,다나0699,85.4568392485383
다사6820,다사6919,58.8813638291901
라마9362,라마9462,59.8161944781516
다사4701,다바4798,88.6940005062112
마마0064,마마0064,69.4354184749189
다사3573,다사3674,68.7634897601297
다사5543,다사5251,57.1232420202302
마라4291,마라4290,96.8846682127954
다사6065,다사6161,77.5100634551204
마라4493,마라4394,85.8883604611032
다사6144,다사6043,59.2877763563197
다사5941,다사5844,91.7872752648287
다사6012,다사5912,52.1698005898357
다사3238,다사3239,59.2088014106187
라마9257,라마9765,53.9660502895947
다바6888,다바7089,50.093215158397
라바3888,라바3890,65.063042335302
마마7423,마마7424,95.526970505331
다사1443,다사0541,52.3329326711568
다사5749,다사5351,51.9670958717708
다사5960,다사5552,68.1850700447598
마마1102,마마1102,70.9482504455284
라라5687,라라5486,93.4648433407245
마라3080,마라2378,60.0135108321627
다사3737,다사3637,65.3621437735594
마마0961,마마0861,58.0566931012277
다사9621,다사9826,51.8147324505654
다사4756,다사4856,71.2490517625685
라마7591,라마7789,95.012886967676
라마9765,라마9864,89.3664874317649
마라3790,마라3690,77.4923345717449
라라0261,라라0162,66.5596851345499
다사5756,다사4947,91.6383912692015
다사4158,다사3562,69.4049939175555
마마3804,마마3805,58.7869796440065
다사9943,라사0043,58.4572692446911
다라3785,다라3588,55.9406018318617
다사6259,다사5251,64.1886499879518
다사4803,다사4703,56.5047288093279
다사6005,다사6206,51.8289497408584
다사6426,다사5251,124.249297141412
마마0162,마마0066,51.7093029883195
다사5252,다사5352,122.635049449121
다사5718,다사6018,55.0059225957821
다사5153,다사5351,80.2404745160946
다사6521,다사6519,60.0015963478575
다사3545,다사3547,146.687667373912
다사6205,다사6202,68.3321754428314
다사5148,다사5049,87.8213471825802
다사5352,다사5452,61.1377184432622
다사4843,다사5942,53.5855288723124
다사6844,다사6644,107.682024693724
다사2739,다사2833,71.9858331915503
다사3543,다사3741,60.53401274582
마라5287,마라4283,51.7427896974485
다사6012,다사6211,52.6993284519245
다사5851,다사5951,126.375609085138
다사5631,다사5433,50.6218938874574
마라0898,마마0905,50.900578834323
다사5842,다사5942,51.2071246834897
마마6529,마마6528,81.495354783258
다사4024,다사4124,164.574557906725
다라3685,다라4089,53.3509456873343
마마1059,마마1361,80.8337066763615
다사7037,다사6734,57.1180554927923
다사6645,다사6644,92.8768834482674
라마7394,라마6796,52.400603059298
마마6428,마마6228,56.5245615130563
다사6353,다사6355,62.0499421171423
다라1720,다라1820,80.4623971079255
다라4181,다라4484,98.697096807395
다사5522,다사5132,50.2779857878011
라마8762,라마8960,70.757013350614
다사6351,다사5251,68.560920797917
다사4942,다사5843,69.4844931318166
다라4682,다라4582,54.640581703098
라라5360,라라5360,80.439047828125
마라3885,마라3984,72.5871524003248
마라4291,마라4590,57.9724668963687
다사4743,다사4643,108.765319814255
다사5956,다사5452,53.98195478162
다사5855,다사5551,50.4249147461173
다사5229,다사5030,59.3888510592686
다사5946,다사5251,52.5621526503334
다라0146,나라9844,51.0830444198323
마라2079,마라2278,96.2876889654331
다라3785,다라3690,55.4073622415322
다사3234,다사2834,64.3103770644258
다사3951,다사4051,69.5677905878568
다라9862,다라9864,57.694667204291
다사6426,다사5843,78.0526038385084
다사4251,다사4351,80.8944383218262
다사5759,다사5860,118.905305548061
마라3486,마라3487,61.4344343567982
다라4091,다라4092,126.87652048448
다사2431,다사2430,53.5547879216467
다사4350,다사4351,126.167662247288
라마8762,라마9964,50.4002802463333
마마1060,마마1159,82.3472506369648
다사4250,다사4150,52.0732160518677
다사4348,다사4350,54.5613105569262
다사4703,다사4608,60.6934302888079
라라5687,라라5686,68.3347819669851
다사6052,다사4947,67.5204555225605
라마7590,라마7991,50.9423388295101
마라5288,마라5387,58.3555350170033
다사6738,다사6634,72.983051067112
다사6161,다사5452,64.3922205457787
마라4391,마라4492,74.4774822619104
라마6092,라마6090,106.153036165986
다사6370,다사5970,97.9519545069501
라사2187,라사2087,56.5099017466045
마라4489,마라4490,70.7167423517387
다사5758,다사5858,127.866426221348
다바6388,다바6284,50.2791277138162
라사2824,라사2622,59.6147761672621
다사4348,다사4347,71.676824372733
마마6989,마마6988,73.8683032015546
다사3737,다사3837,107.436154961248
다사6848,다사6446,51.5962248451207
다사5027,다사5127,148.62446145327
마라4591,마라4388,62.921614418769
라마9361,라마9963,63.5199703281452
다사6248,다사4947,51.5429006203568
다사2749,다사2645,53.9988458023448
다사6843,다사6644,55.3391673117151
다사5232,다사5536,102.381765357423
마라3795,마라3791,127.068910953189
마라1990,마라1089,63.6658984398998
다사5952,다사6149,67.9131721728887
다사6162,다사6258,67.1105274629202
라마7295,라마7591,90.7689152366209
마마6227,마마6228,52.7115253315011
다사5030,다사5536,61.223825585974
다바9256,다바9155,75.0001901532621
다사6855,다사6861,97.824472400547
다사6018,다사6018,61.8256858722914
다라4091,다라3991,52.460984324831
다사4162,다사3562,63.6272387830462
다사4944,다사4643,86.0187837514028
다사6849,다사5351,53.3553862019833
다사3737,다사2926,54.1236821873697
라바5825,라바5924,97.5710046839379
다사6524,다사6524,53.1212917516635
라마9572,라마9571,98.5874924321914
다라1097,다라1098,95.9063043605715
다사6837,다사6631,77.7172723678396
다사4344,다사4444,99.6651060290497
마마6228,마마5929,74.6902213956954
다바9013,다바8912,53.8956314349674
다사4447,다사4151,87.5519718514949
다사3445,다사3543,65.0624070068171
다사4441,다사4537,52.1674781284661
라라5587,라라5586,77.3388598754076
마마1323,마마1322,89.001753356283
마마7175,마마6878,56.2180897009935
다사5149,다사4847,112.756220907973
다다1101,다다1101,86.0414189488208
다사6837,다사6643,55.3016466165183
다바8912,다바8911,66.6188909042793
마라4590,마라4887,91.4610808338658
다사5850,다사5951,123.246439958718
다사5918,다사6113,62.9397545386448
다나0599,다다0500,64.3044190824462
마라4377,마라4278,67.5323290684178
마라4483,마라4483,80.2043781412607
다사6019,다사5919,73.3472852188776
라사2186,라사2087,69.3617719181536
마라2394,마라2191,54.4884468856253
다마4329,다마4030,57.3564058599629
라마9471,라마9571,101.572278593967
마사2373,마사2373,64.1340702660834
마라3785,마라3584,87.5442162124008
다사6054,다사6155,68.8465166094404
마마5929,마마5826,63.1410448564863
다사6730,다사5251,52.2987751201464
마라5696,마마5907,53.8366958688719
다사3045,다사2643,60.4753010512535
다사6063,다사5962,54.9016185103687
마마6738,마마7525,59.2147181442305
다사7151,다사6950,52.3664339664727
마마7322,마마7425,57.029042725369
다사6163,다사6162,72.1234222291529
다사4959,다사5352,62.5112646500494
라마8544,라마8340,50.9217719849293
다바6365,다바6469,77.9413890192337
다사5251,다사5150,109.138069606321
다사5049,다사4653,52.6598048653053
마바3895,마바3894,51.2499798355363
다바6200,다바6200,52.5735016135667
다사4244,다사4543,51.703345228899
다사6527,다사6527,75.4876765563797
라마5891,라마6092,53.8792970889145
다라4682,다라4682,60.5212325952473
다바7636,다바7833,84.4961780071778
라마8544,라마8337,61.8765718652199
마라4886,마라4887,69.6878543458534
다사6089,다사6089,87.3273542119944
마라0985,마라0792,54.013333087905
다마3074,다마3174,52.3743841015183
다바2884,다바2987,69.2341283252073
다사3664,다사3661,57.6891375113102
다사2235,다사2432,50.648390682982
다사2747,다사2742,59.8327049317474
다라4878,다라4783,88.6312444641818
다사4752,다사4553,60.8124502737547
다라4590,다라4588,85.5900809326519
마라4489,마라4390,92.7216035926556
다사3045,다사2543,50.163452456309
다사6052,다사5752,50.7942430203474
다사5621,다사5718,51.1306669633557
다사7453,다사7454,50.1491213086062
다사6255,다사5452,66.2297621828528
다사5520,다사5621,52.9936915190412
라바3886,라바2886,72.8624610493437
라마6030,라마5930,50.2127240283458
다사5860,다사5553,64.903486033592
다사5944,다사5844,120.967424575014
다라4587,다라4586,84.7699872251918
다사5127,다사5128,113.936243097598
다바9349,다바9348,66.730447904994
다사4850,다사4850,119.618347173763
마라3794,마라4185,58.5120178819544
마마3502,마마3906,77.9406654900968
다바6488,다바6289,72.7682198213912
다마5473,다마5172,59.9378258300044
마라3380,마라2979,67.5534061011623
다사4011,다사4006,74.8574929218373
라마9664,라마9765,61.3165107939999
마라4078,마라4378,72.4081665602293
마라4494,마라4496,76.8215393230277
다마9013,다마9013,76.5460708477789
라마7392,라마7591,65.8076302638806
다사4011,다사4213,61.5907195330419
다사5128,다사5132,61.3601157377353
다사6064,다사6064,64.7907851505727
다라6241,다라6141,60.6296372917685
다마3175,다마3075,70.7236399242921
마마6228,마마6328,73.3956435940924
다사4540,다사4441,73.862657437336
다사6642,다사5251,63.355521556541
다라4683,다라4783,67.7064309516194
라라5287,라라5387,71.1242414972795
라마9258,라마9358,92.7534485984833
다사3043,다사3143,79.5560216584486
다사6062,다사5961,50.3988360667558
다사5523,다사6019,63.850714245522
다바9952,다바9449,69.8089127878577
라마9663,라마9764,75.6540742818853
다사3058,다사2257,74.2945910936599
라사6305,라사5705,54.3961905100573
다사3544,다사3345,63.2513489845127
다사3345,다사3445,102.128498744319
다사3039,다사2834,81.8764918210783
마마0167,라마9765,69.6104146138049
다사5654,다사5755,62.1614710357479
라마8389,라마8594,78.9348573929622
다사6252,다사6045,61.8049953613423
다사6348,다사5846,54.9273975691166
다사3852,다사4947,60.4455044478008
다사3445,다사3446,127.057561561159
라마2597,라마2496,60.709065848792
다사5028,다사5032,68.7345299750922
라라9688,마라0091,54.1567610255538
다사6734,다사6529,74.782088145924
다사4149,다사4051,112.210266492638
마라3379,마라2382,56.508105726129
다사6310,다사6312,66.5967188676648
다바6669,다바7071,55.5434515886184
다바4055,다바4153,64.4815573070824
다사5962,다사5451,54.69337909182
다사6529,다사6737,90.1282242573208
다사6256,다사6256,72.1743912326582
다사5746,다사4947,57.6725774237903
다사2660,다사2262,147.367574685468
다사8261,다사8264,115.516391261107
다사5820,다사5322,71.5984773305076
다바9314,다바9214,59.5584326976973
라라2238,라라2138,50.817748859944
마바0741,마바0741,97.1247520877231
다사3848,다사3645,60.7289940221156
라마9157,라마9158,52.7641180685083
다사4834,다사4833,103.087402499633
다사4844,다사4642,85.4870830376316
다라4585,다라4586,57.0868649394048
마라2494,마라2393,96.1795373673192
다마5072,다마5072,71.5163293103166
다사2636,다사2932,60.0812088848557
다사6116,다사6216,82.5992480236953
마라4376,마라4278,76.3768997298502
라사2184,라사2187,59.1412163220634
라마6092,라마5591,117.767295272573
라마9460,라마9560,76.2523631446573
다사4242,다사4747,51.6801515574024
다사4941,다사4942,52.015709727581
마마7176,마마6781,68.8939336527841
다바6289,다바6390,55.0635670918993
다사6861,다사6149,60.9481696190398
다사5754,다사5854,134.314921983012
마마0860,마마0861,68.8725884284753
다사6019,다사6019,77.0309600472565
라바3885,라바3887,121.114967952098
다사6149,다사5949,58.0979942238653
마마3603,마마3906,87.755141703783
라사3826,라사4225,78.0547504584042
다바9611,다바8917,54.5273493981437
다사2941,다사2833,51.0437852820921
다바6865,다바6571,79.3951000408818
다라3991,다라3685,77.6259300535877
마라5187,마라5287,65.3524442021182
다바9517,다바8917,75.8550618637799
다사4928,다사5025,68.8089671413024
다사5851,다사5750,52.0573677698096
다사5860,다사5351,120.885845699956
라마7591,라마8290,113.325880367082
라마9461,라마9460,64.5920662219891
마마5930,마마5929,57.7716119763461
마라3780,마라3979,93.2707610094004
마라2793,마라2894,52.8563035743411
라마9562,라마9061,50.8696492705271
다사6249,다사6250,50.4576827716803
다사6939,다사6642,50.5258803667639
다사4843,다사4742,65.8235297035574
다사5642,다사5643,88.8747806758273
마라5797,마마5404,51.3206838335911
라마7688,라마7591,54.4610557333393
다사5743,다사4947,61.0237221719233
다바8518,다바8619,86.9856529293462
라마7891,라마7991,67.2505771878478
다사2257,다사2257,73.1568807464104
다사6260,다사6160,51.5592499445636
다바9357,다바9156,54.9078386908198
다마6460,다마6559,64.2761826617088
다사4853,다사5051,110.24120409909
라마9563,라마9562,90.0836940896239
다사5746,다사5844,66.627658894381
마마0062,라마9765,63.8245240591632
다사3327,다사3624,57.1818735071794
다사4942,다사4947,99.9852613989247
라마8548,라마8648,94.1698427451434
다사6855,다사6958,78.0611715431616
다사4943,다사5452,62.4802528465213
다사6125,다사6633,71.2632574262855
마마6738,마마6728,77.2749979573816
다사6355,다사5846,98.43812405557
다사4024,다사3624,113.518757382066
다사5232,다사5234,62.3013690741864
다바6571,다바6572,76.8178714115401
마라3980,마라4080,70.189801476959
다바8518,다바8321,124.206845314269
다사3826,다사3622,89.325779646826
다사3242,다사3243,59.5085500368682
다사3826,다사3425,72.0274843178911
다사5760,다사5856,58.701546620713
라라5687,라라5376,108.59916333707
다사4149,다사4647,85.5463702324513
다사6253,다사6254,52.6195268935347
마라4178,마라4077,57.0967107762116
다사4948,다사4947,59.7575794455974
다사3842,다사4947,62.2915238360071
다사6546,다사5251,121.174264520624
다사5154,다사5352,67.5993106623922
다사4449,다사4548,82.3556068878369
다마5170,다마4972,62.6216427165232
라라9756,마라0056,84.5717425406982
마마6881,마마6781,62.6273742595278
다사3058,다사3155,56.6574003601361
다사3156,다사4151,51.4745327066939
다사5119,다사5132,53.8626273067489
라마9571,라마9466,53.8146484420063
다사5917,다사5621,71.746675250307
다사5622,다사5523,69.4295599229454
마마0167,마마0067,52.4685260517659
라바3888,라바3886,58.4987265910218
다사4024,다사3323,65.5405687740664
다사3364,다사3464,66.1724024316851
다사5142,다사5843,80.6333625775444
다마6456,다마6458,62.1713812976691
라마8548,라마8548,67.3384540474462
라마9964,라마9864,60.5678983111343
다사2841,다사2840,65.2508574005156
다사5852,다사5953,68.0790246078184
다사4024,다사3725,95.7862573168843
다사7037,다사7138,62.5952998987276
다사6837,다사7037,54.7812168349144
다사6052,다사6152,58.1435173758052
다바9613,다바9414,51.4109277458847
마라4890,마라5186,79.8397746405868
다사6159,다사5452,81.7014799231948
다사2646,다사2445,72.2326618962992
라라5387,라라5687,79.2859223525423
다라5373,다라5274,62.7493796710643
다라4291,다라4290,69.4572347255305
마라3781,마라3979,59.0728786531055
다사4537,다사4538,60.365409084986
라마9469,라마9469,78.339152646374
다바6869,다바6969,63.3622430257986
라마9765,라마9572,52.3490649636455
마바1240,마바0941,102.720070764351
라라5583,라라5687,59.1061650777456
마마4911,마마4909,50.2905313547446
다사4751,다사4751,86.9900910491107
다바6572,다바6571,57.7744351228
라라9894,라라9995,65.0082511802127
마라3579,마라3476,60.0581710733458
다라4287,다라4484,62.0441992592032
마라0856,마라0856,69.2879857339914
라라0262,다라9861,76.4311251222927
다바3568,다바3268,53.1698080521294
라라1759,라라1457,95.2229477727223
마라3685,마라3684,59.6692733235076
다사4247,다사5844,51.1417135358593
다사6625,다사6527,66.9023886464394
다바8144,다바8244,77.0972718787534
라마9259,라마9358,55.1579188035011
다바7635,다바7833,135.290611319365
다사6116,다사6214,51.2323844184558
다라4884,다라4883,54.4355917724732
다사6262,다사6162,139.85126940395
다사4854,다사5452,81.375568890565
나바9261,나바8678,66.6333025338276
마라3878,마라3979,140.927961845269
마라1979,마라2383,64.5366970977918
다사6425,다사6424,71.3025063942826
라마8962,라마8960,69.4916028269592
다사2941,다사2742,149.78538656334
다사5750,다사5844,66.0589696476351
라마9660,라마9861,61.7251423317615
라라9686,라라9790,51.3565301532797
다바6097,다바6092,51.8738508868017
다사4738,다사4641,50.2671548775329
라마9459,라마9257,57.6012080887753
다사5972,다사6071,64.2026132433994
라마9563,라마8960,50.1652969618195
라바0147,라바0046,61.474488124621
다바9016,다바9214,72.8055045581248
다사2734,다사2432,86.1414202899584
다바6771,다바6571,152.805119343546
다바8143,다바8244,67.2691136469623
다사4843,다사6145,57.2541086600319
다사6345,다사5846,55.493050544694
다사4752,다사5451,55.6689621680013
다바3998,다사3603,54.0157324130747
다사6625,다사6624,55.5828371976108
다사2740,다사2543,58.4053341425166
마마6989,마마6989,50.3260433087036
마라4686,마라4284,87.0405228679877
마사3107,마사3108,55.793863461142
다사5149,다사5051,51.4055346194799
라사2083,라사1985,69.4608550675951
다사3044,다사3143,79.5458284660632
다사4546,다사4747,69.2096833544034
마라3380,마라2278,56.3607979681985
다사6254,다사6253,59.4167567351108
다사6849,다사6045,58.537586906231
라바6144,라바6244,106.880358518144
마라4081,마라4082,106.308934145593
다바6571,다바6469,88.4936711071326
다바9016,다바8518,67.7210992068955
다바9418,다바9318,56.7723965306276
라라9687,마라0091,91.4821035811311
다마2874,다마3075,67.1952956714468
마마7079,마마7179,76.4631190773991
다바8915,다바8817,58.7982548412164
마마6682,마마6782,59.9354845995296
다사5755,다사4947,78.2358051663781
다사4828,다사4929,112.785452823833
다사5244,다사5251,50.2381664278676
마라4285,마라4080,83.153117353514
다바6770,다바6469,51.0474946065342
다사2536,다사2436,70.6277447366962
다사8261,다사8561,58.0702739517292
다사5044,다사6045,64.2382519063361
라마9358,라마9765,72.7815213667452
마라5386,마라5286,51.3509877591021
다사4743,다사4647,54.8288068387259
다사6648,다사6647,98.7685239673063
라마9571,마마0068,59.189165559184
다마2873,다마3074,52.4455233412985
마라4482,마라4582,52.2678802818116
다사1643,다사0838,50.6022458839502
다사3643,다사3647,69.7840141624495
다다3091,다다3190,75.0025259594199
다바6670,다바6669,87.0552367359679
마라0991,마라0194,70.7654834507304
다라4586,다라4585,67.7134606429178
마마6427,마마6527,67.5544261319137
다사4833,다사5130,55.5073909737516
다사5133,다사5233,84.6725216633303
다사3841,다사4742,82.0817342732316
라마9461,라마9061,88.5915576516158
마마6328,마마6528,63.1003933722355
다사5858,다사5652,63.8444266255737
다사6110,다사6113,66.0471500375414
다사4644,다사4642,68.4607082372992
다바6097,다사6202,56.6822483499731
다사5861,다사5962,91.7955319737666
마라4389,마라4283,51.394649496392
다사9917,다사9916,109.054209035237
마마6882,마마6883,81.0528519188749
다사5861,다사5861,92.2247266651442
다사6861,다사6855,152.080197277998
다마2976,다마2774,59.1457560807378
다사5751,다사5752,95.5535091741386
다사5970,다사5251,70.332936405405
마라4683,마라4284,72.2516719282056
마라4082,마라4284,61.9973865605496
다사3831,다사3631,95.1945125549326
다사5127,다사5228,108.388961893584
라마8663,라마8960,54.2441492456545
다사5046,다사4946,57.9220214988809
다바4188,다바4187,52.6119317738187
다사4147,다사4746,59.4880246292883
다사4945,다사4844,74.8096701311327
다라4284,다라4084,87.2691140353426
다사5542,다사5251,57.476377536419
다사6259,다사6258,52.2625763889167
다사7040,다사7039,65.9445486754603
라라5476,라라5376,107.727412559404
다사7040,다사7137,67.4342074924772
다사6041,다사5941,51.3005495974325
다사5872,다사5971,50.9759560887655
마라4497,마마4601,55.452787899015
다라4391,다라4091,83.8800677568906
라마7891,라마7890,84.5206810475042
라마9361,라마9062,53.2595780509478
다사6748,다사6749,76.2407709561014
라사1987,라사2187,66.9911385606738
다사4549,다사5251,62.1777997615375
다사5941,다사5841,55.345201608099
다사2660,다사2759,69.1451100963827
다바6469,다바6570,54.4223017676187
다사6154,다사5351,79.2019924388869
다사3546,다사3445,62.9480842915824
다사4842,다사4542,79.4576108321227
다사6444,다사6642,107.197997806096
라라5688,라라5688,71.8668492362019
나라9847,나라9948,57.1900459625454
다사6006,다사6202,83.0757515159881
마라0891,마라0691,54.6626375825567
다바4054,다바4053,62.2440398708767
다사5960,다사5961,70.0717440593426
다사5757,다사5856,50.610666714771
라라5687,라라5891,62.0685545903832
다사2749,다사2547,95.5305553653727
다라4885,다라4783,96.7740507606384
라라5187,라라5376,52.3548358900876
다사5757,다사5754,68.0074485133333
나라9746,나라9745,58.6487998925352
라마9761,라마9861,93.4127327672889
다사4746,다사4647,74.9349837689008
다사5350,다사5350,88.2373682691432
마마6638,마마6439,50.7495680999992
라라9793,마라0091,57.4871583260724
다바9357,다바9357,93.6125700640288
다사2262,다사2066,73.4855121536567
다사4842,다사4641,53.4361224354947
마마1301,마마1102,58.8573723242245
다사5944,다사5843,55.7283432144946
마라0793,마라0591,50.0360700757865
다마6654,다마6654,65.9740010706628
마마5162,마마5563,61.2590861186297
다바8914,다바8916,73.803919985687
마라4082,마라3979,92.4412741698315
라사6304,라사6204,53.8350356631752
마라3877,마라4080,56.9208352500136
다사2744,다사2643,75.4124072255183
다사6152,다사5651,55.6263456328477
다사8261,다사8565,58.7091668060304
다사6855,다사5251,84.6840911057194
다바6869,다바6573,73.9529862323722
다바8415,다바8518,51.3219999942562
라라9687,마라0894,57.7590717684655
다사7348,다사7546,50.9409724334782
다바6968,다바6771,50.9212856439793
다사5230,다사5229,70.2514882593156
다사3133,다사2933,61.6726448793527
다사3058,다사3157,78.6494847915218
다사6087,다사6088,77.2946769297687
다사5229,다사5230,84.4271499934966
다마4972,다마4971,69.5633348928731
라라5484,라라5484,69.8304609444595
다마5473,다마6376,70.7179416690868
다사4958,다사5351,56.7295150065699
다바9546,다바9647,54.0315789560619
다사3565,다사5251,81.5029908919881
다사6649,다사6849,62.5569020337807
나라9746,나라9746,66.5692023875788
다사4644,다사4644,91.1695426511718
다사6210,다바6293,52.2596571552659
다사6370,다사6370,58.6265744898831
라바6244,라바5555,54.7976922573863
다마6862,다마6861,53.8973559557761
다바9012,다바9213,101.342379661219
다바3998,다바3898,51.2195552754872
다사5753,다사5452,91.8517645915265
다바8511,다바8618,56.5395792248304
다다3190,다다3191,67.8568578262861
마라4184,마라3979,84.8966218626333
마마3905,마마3907,88.4224174706034
마마7128,마마6930,52.2826152931718
다사3565,다사3760,71.2199543800171
다라9864,다라9862,76.632801270949
다사4349,다사4647,62.5835264757562
다사5333,다사5433,59.8035259188865
다사6528,다사5251,57.5548650075942
다사5657,다사5351,72.8719608437501
다사4951,다사5149,50.1344693408746
다사3665,다사3665,55.3752340845745
다사5617,다사6113,55.4872511714288
다사5142,다사5451,56.5110685356933
마마7422,마마7524,60.6954393619181
다사5970,다사5970,146.85664324927
마라4582,마라4583,82.8947272006225
다사3563,다사3563,87.7189981407576
라마7686,라마7584,71.8321648095485
다사3923,다사3724,64.4325623483325
다사3337,다사2734,59.6917280245771
라마3742,라마3743,84.849974725036
다바9116,다바8917,119.334316734878
다바8518,다바8825,58.9691558008361
다사4738,다사4739,71.4914477340536
다사4447,다사4647,63.1348387031945
마라3587,마라3486,64.3380033120867
마라4986,마라4887,109.101091284308
다사6941,다사6045,51.7235552715483
다사7057,다사6956,51.3996485641787
마바1240,마바1638,64.3081044164216
다사3146,다사2947,56.4668006052194
다사3245,다사3145,73.4752005246432
마마3075,마마2975,51.2968274445948
다사3642,다사3547,59.4027032403769
다사5752,다사5451,73.8522342966787
다사5148,다사5249,76.3193590717344
다바0564,다바0665,122.299889234743
다라4185,다라4084,82.3402316199099
다사5941,다사5843,78.2181703914537
다사3563,다사3463,76.7775770967965
다바6667,다바6667,79.7871626838021
다바6097,다바6093,83.6179794999691
다사4441,다사4541,63.4830066098878
다사7349,다사7448,54.3777595091502
다사5952,다사5251,97.5095682355763
마라2477,마라2378,59.4447179722338
다라4091,다라4192,143.132229909333
마마1059,마마0163,55.4999738476266
다사6731,다사6731,52.2452872746439
다사4643,다사4543,96.393451124397
라마9357,라마9661,54.9144523395547
라마9064,라마9060,64.8682352718774
다사6747,다사6748,67.5114360606341
다사6445,다사6445,89.7725174540083
다사6750,다사6445,50.0434001285434
다사4951,다사5050,83.8110388752921
다사5919,다사5621,77.5456980969037
다바6365,다바6365,74.0497728121609
다사5334,다사5333,59.5168848990054
다사6607,다사6206,68.2412461129533
다사4751,다사4850,141.819407676639
다사5758,다사5860,50.4870423337456
다나0599,다나0598,73.4576568031404
라마9661,라마9861,56.8716917161923
다사6171,다사5971,108.835627409193
다사6162,다사5451,62.5436171602546
라마9358,라마9358,122.015357149536
다사6456,다사5844,57.7827992542393
다사4347,다사4446,80.4169986518456
다사2065,다사2066,54.5417242936812
다사4648,다사4746,51.8612239941681
다사4539,다사4540,86.2641641329158
다사4321,다사4122,53.7386812939347
다사7369,다사7168,50.7982512582994
다바7833,다바8030,75.7686661079369
라라5186,라라5387,50.0620683709142
다사6410,다사6310,56.8231955667566
마마1322,마마1420,75.1219850921277
마마7425,마마7528,88.6289327198818
다사6642,다사6742,60.9344259823419
다사5757,다사5352,60.5464634696804
다사6057,다사6057,86.1076829311826
마라3784,마라3588,58.9606409778878
다바6865,다바6968,90.3053753332404
다라4486,다라4487,51.5606534914462
라라0260,라라0261,52.8092401926664
다바6730,다바6126,58.6453260367397
다사2735,다사2432,105.528892557382
다라3685,다라3791,74.1889774260777
다마6755,다마6755,98.6887646648914
다사5749,다사4947,84.3993669182397
다사3444,다사3443,60.1974197841124
다사4744,다사5251,64.1175198489294
다사7349,다사7548,82.900075574139
다사4845,다사4847,56.4446357738757
다사4634,다사4833,59.2374577246946
다사4644,다사4543,142.934242593086
다사2433,다사2532,81.9758373266696
다사6188,다사6195,58.5597798909043
다사5041,다사4943,66.0127858943069
다사4446,다사4347,53.2439052904926
마마0366,라마9964,51.0790457083562
다사5851,다사5551,69.9671628671614
마마0067,마마0169,55.361363678996
마마6213,마마6115,52.6424736896867
다사5742,다사5642,78.0519249680619
다사7251,다사6848,52.8851519172463
마라1986,마라1987,68.4153990749318
라마9762,라마9765,62.8275962856082
다사6841,다사6145,51.6531921539165
다바6085,다바5683,55.4924905757379
다사5760,다사5760,63.1684132371997
다사6246,다사4947,52.1531271340445
다사6250,다사5844,72.3366488742943
다사5718,다사6217,74.3193496753766
다사5242,다사5142,84.6802856996507
다사2342,다사2442,96.6492081756002
라사2183,라사1986,66.7066965940293
다사4157,다사5452,65.8271285120773
마라2494,마라1599,85.274317559545
다사4346,다사5351,106.152217974557
마마5279,마마5478,66.4846941092883
다사5621,다사5719,58.9682541270718
다사6054,다사5351,78.2371601168257
라사3827,라사3928,68.1792176257067
다라4291,다라3685,68.0591136114033
다사6110,다사6310,93.400160292734
다바6389,다바6293,60.7239033195053
라라1338,라라1546,52.3394778726293
다바9572,다바9472,59.6533411896064
다사5908,다사6206,143.93801690164
다사4841,다사4641,51.5562149525359
나라9945,다라0146,62.0270716549082
다사6159,다사6045,61.9728333077288
다사3545,다사3546,85.091823366573
다사3642,다사3645,83.8901359719829
다사5943,다사6044,52.1857869047697
다사3344,다사3545,50.4522455782707
다사2436,다사2532,57.1742926155415
다사6648,다사6643,79.0854981070584
다사6115,다사5718,84.5160574028392
다사6519,다사6719,64.4598585078783
마라2493,마라2693,64.7101379549959
다사3349,다사3249,70.5293433740674
다사7632,다사6737,60.2930260769301
다사6611,다사6310,130.045598436865
다사3039,다사3040,66.1596393323273
라마8663,라마8762,89.2339698269426
다사4845,다사4746,52.3125553752388
라라9687,라라9196,54.8500682027213
다사3947,다사3746,66.6127950128239
라라9893,마라0491,54.6641159109276
다사6848,다사6643,56.7892527549043
다사3129,다사3127,79.1237080064828
다바9412,다바9314,53.6193960272765
라마7494,라마8493,69.9786968902309
다사6748,다사6546,141.121213888039
다바6097,다바5093,53.1352904068273
다사2739,다사2934,51.3123672623582
다사6644,다사6645,58.6020986653245
라바3887,라바3786,77.041238437164
마라0785,마라0584,55.9545228248817
다마6863,다마6660,50.2692545282417
라아9421,라아9524,61.6957359101951
다사6057,다사6058,50.931506415259
마마5404,마마5204,146.04296728753
라마9866,라마9967,57.2124612358319
다사6053,다사6053,103.311857578061
마마6631,마마7128,51.0097713553
다마5373,다마5673,72.5004975508182
다사4024,다사3926,64.564486365597
다바2277,다바1195,51.4570196432679
다사7349,다사7449,80.6549713452342
다사5820,다사6019,129.845149480433
다사4545,다사4542,93.9850703075165
마라4081,마라4887,57.4623028197578
다바9748,다바9845,77.1503012438686
다사6112,다사6211,100.457831515334
다사5154,다사5452,57.5112160227971
다사4803,다사4903,75.187001426139
다바5465,다바5466,50.595160498421
다사3841,다사3446,52.79348586281
다사6310,다사6211,98.2446749020005
라마8862,라마8962,78.5232733858407
다라3785,다라3786,54.4772357396975
다사3248,다사4542,51.8505402838339
다바0564,다바0763,111.064932295992
다사4942,다사5643,78.7765474210117
마라3778,마라3775,51.6280189405766
마마7526,마마7525,73.8420082655979
마라4186,마라4080,58.3667338123896
마마5464,마마5461,79.6619247553077
다사5334,다사5234,65.9623833659126
다사3643,다사3744,119.846521716178
마라0196,라라9991,60.4164355185609
마마6681,마마7079,57.8708721234663
다사2646,다사2645,179.788964170653
마마3905,마마3604,62.4641476119903
라사8609,라사8509,96.5450041473235
다사4854,다사4957,63.61731502152
다사4157,다사4847,54.4440227942105
마바0642,마바0741,58.7196485829739
마마5104,마마5104,55.7446463065498
마라5696,마라5797,60.959445009065
다라4287,다라4084,76.4196359367473
다사4449,다사4643,61.3779073770906
다사4226,다사4124,62.3327526843621
다사5416,다사5316,100.403673968785
마라4489,마라4185,85.7418497757614
라라9790,라라9790,65.7042947033706
마라0985,마라0982,50.0161035956187
다사6838,다사6938,52.3037904781902
마마1060,마마1959,63.4964328108076
다사3923,다사3623,53.2867891592853
마라4187,마라4186,92.3197427786124
다라4588,다라4589,54.1985918440637
마마6230,마마6432,80.6743715952146
다사4957,다사4853,55.2264039281045
다바7833,다바8719,95.62825230526
다마6460,다마6761,52.6410332789699
다사4446,다사4346,74.8139150865081
다사5754,다사5553,81.151818949054
다마4329,다마4131,50.3281411541634
다사3846,다사3645,95.2513518000254
마라4489,마라4283,68.9604385302258
라마8454,라마8544,61.5805110260564
라아9621,라아9620,61.9886872150067
라마9571,라마9472,93.1515446390092
다사6319,다사6017,51.8758701645823
다사5043,다사5251,59.7836728712103
다바6968,다바6469,54.3161668251991
다사4024,다사3823,62.1461166679546
다사6850,다사6749,89.3759378024355
다사6006,다사5804,56.6958460740271
다사5422,다사5423,51.3165754273717
라사3827,라사3726,58.7372932852534
다사6111,다사6017,71.3609221776015
다사2634,다사2733,60.3518825668136
다마6862,다마6858,60.9103814956128
라라9688,라라9687,124.775668594325
다마9889,다마9989,63.7121150649676
다사6255,다사5251,72.6153718969909
다사5718,다사6633,66.888354871462
마라4186,마라3979,57.8326733279794
라라9791,라라9892,56.2746622565636
다사5843,다사5940,53.9609997371615
다마8811,다마8812,89.1508451050165
다바6389,다바6388,72.9846914965899
다사4647,다사5352,66.5577637784114
다사3344,다사3645,64.8088082187783
라마9157,라마9258,87.6318727947961
다사6444,다사6446,70.5495658464058
다사5055,다사5251,83.3161163271866
다사5845,다사5945,92.0810883959001
다사2640,다사2641,96.8849313162365
라라7464,라라7564,87.8279413839493
다사4956,다사5452,129.272443615575
다사2640,다사2740,80.2369309846642
다바9328,다바9326,55.8699652496014
마라2493,마라2494,65.3497563727775
다사5314,다사5316,58.697842912588
다바9456,다바9357,56.5857273201444
다사6015,다사6214,71.8332203332826
마라4078,마라4277,56.9499576303851
다사4857,다사5844,50.1990355464066
다사4735,다사4742,52.3778157315397
다사3149,다사3247,51.0409610526254
다사5134,다사5132,132.110053655618
다사2439,다사2039,55.8729301779157
라라5376,라라5167,83.885515392898
다사6252,다사5452,53.2073346712061
다사3247,다사3248,132.827226184141
다바9513,다바9414,62.6894106815529
다사6353,다사6252,74.6618708105664
다사5845,다사5944,93.0678367443647
다사3232,다사3129,61.1858428589671
다나1274,다나0774,53.1660786557032
다사4441,다사4342,53.1814071509189
마마5114,마마4914,66.5557955294193
다사3927,다사3625,80.2995329602823
다라3569,다라3470,71.977681022333
다바6389,다바6588,52.4674412082246
마마0964,마마0763,55.1699131578979
마마1060,마마0265,52.8568651958956
마마6631,마마6530,114.385997811288
마라5186,마라5186,81.6628079714849
다사5622,다사6019,59.1127830891832
다사4943,다사5042,52.0117205853823
다마6457,다마6356,62.1696924096989
다사5243,다사4947,69.316337716466
다사5717,다사6113,56.208345278144
다사9420,다사9718,58.2285838806125
다사4246,다사4151,87.9228123800196
마사4244,마사4345,52.8447481617411
마라4285,마라4286,69.8126687514297
다사7417,다사7415,53.5894128321026
다사6248,다사5351,72.2231633180475
마라4286,마라4389,55.4344626978585
다바0485,나바9889,53.5263894789963
다사4246,다사4247,65.6141344409204
다사3725,다사3826,54.2539723422726
라마9361,라마9462,74.8064939880702
다사6069,다사5251,70.5667946319114
다바9317,다바9414,52.2586051725277
다사5150,다사5844,56.1982037429948
마라4684,마라4887,96.0134960573232
다바0483,다바0289,59.4065398672143
다라4682,다라4782,54.9839148441046
다사5871,다사5972,60.8435482061946
다사5029,다사5129,81.8214014673961
다사5919,다사5919,96.0452618020533
다사4641,다사4640,77.6855513679172
다라3785,다라4084,62.5462422006856
다사5618,다사5718,63.0280118853951
다사3737,다사4947,50.9848265216107
다사6159,다사6259,68.5829558807831
다사7351,다사7351,84.8386630864745
라마7891,라마7591,61.384708956719
다바9548,다바9647,55.3866399213811
라마8663,라마8961,68.4440608072952
다사4345,다사4647,63.0857677452705
마마6886,마마6989,76.3500212659135
다사6259,다사6161,60.5007226125373
다사4247,다사4847,75.0305175232438
다사4151,다사4251,93.8201042608821
라라9791,마라0091,64.5483816529456
다사3761,다사3761,112.911433195017
마라4388,마라4285,80.8898423392231
다사4244,다사4544,54.5443680445527
마마0565,라마9964,61.1015104622261
다사5422,다사5322,64.1002677404119
다바8815,다바9213,54.1038583047658
다사6260,다사5251,64.9223313135549
마마7429,마마7524,74.0999863837839
다사2744,다사2741,50.8648037262964
마마6730,마마6631,59.7278723360444
다사5029,다사5251,51.2817160187397
다사5045,다사5846,51.7019304638418
다사2556,다사4151,85.0647454090108
다사6171,다사6370,54.6640942162305
다사5954,다사5853,53.0864946128952
다사5755,다사5651,76.4441757472276
다사5860,다사5962,100.324142080723
다사3343,다사3343,55.3527442756795
마라3979,마라4080,52.0751362502664
다라4887,다라4887,97.5330522955556
다마5170,다마5172,56.15035099764
라라9892,라라9790,51.5133441545908
마라0196,마라0294,62.6970855071681
다사4857,다사4856,104.952678491527
라마7686,라마7789,58.4817360410592
다사4248,다사4152,50.3644433486369
다사4842,다사4642,74.3902314118616
다사6071,다사5970,56.6754738195438
다사6548,다사6547,108.208826635804
다바0483,나바9988,64.7910434271178
다사5750,다사5551,70.2143296888454
라라1761,라라1762,50.9917406869668
라바6143,라바6245,67.1374262188803
다사2744,다사2744,62.9630341814413
다사2734,다사2735,127.425688782393
다사3129,다사3831,81.8394524741721
다사3048,다사3248,79.4432315105995
다사3947,다사3547,69.4919732193464
다사4242,다사4241,100.354083377758
다마5170,다마5673,51.8070331493676
다사6547,다사6446,59.8346922433215
다사5953,다사5952,51.2473096955705
마마7429,마마7528,63.9620772892044
다사2432,다사2532,52.6615259699422
다사6749,다사6647,56.227077646714
다사3842,다사3646,80.8737544305688
다사6325,다사6529,60.3090450429502
다사7038,다사6740,52.8905556524456
다사3544,다사3547,93.2213067240892
다사6318,다사6017,50.2675742418214
마라4376,마라4377,57.0387346157999
라라5387,라라5387,54.0211074075382
마바0068,라바9970,50.801666454781
마라4184,마라4081,75.6993184466509
다사6064,다사5963,50.468737324791
다사6844,다사6545,62.3811915000852
라마9967,마마0068,103.613959232494
다사6149,다사6045,66.8001032223429
다사3058,다사3158,142.791549920558
다바7833,다바8432,70.7309829911191
다사5621,다사5621,106.15762874131
다바9472,다바9774,53.4767582728513
다사6455,다사6855,55.6683214591881
다사4324,다사4024,76.6673323050306
라라5584,라라5376,56.1483663656174
라마7069,라마7069,57.3280625241556
다사6510,다사6310,76.9114251135917
라라9893,마라0894,61.6219330684107
다사3148,다사3149,122.355295326564
다사6936,다사7037,82.7528329832798
마라3379,마라3378,83.4972313661837
라사2286,라사2284,52.4182123153522
다사6048,다사5949,53.0839761131079
다사2262,다사2661,117.377608175383
다사2939,다사2840,175.233247466735
마라0892,마라0590,69.6200131086791
마라1987,마라1990,59.5510672321082
라라2274,라라2275,62.8524006585967
마마6228,마마6228,116.489842795531
다사4548,다사4248,57.8610431178722
마마1321,마마1219,59.5494628280225
다사6157,다사6156,57.9272037534356
다사3337,다사3233,55.5274459019204
다사4834,다사4735,69.9674096895459
마라2493,마라2793,55.7618322541093
라마9572,라마9572,55.8621264718079
다사6750,다사6546,78.069409609064
라바6043,라바6143,90.4890749653702
다바9488,다바9384,78.3290165929509
다사6525,다사6524,70.8367857038159
다사3546,다사3647,137.378005762188
다사6352,다사6149,67.0786139501248
다사5744,다사5644,71.7038387699691
마마6228,마마6427,69.7746288237756
마라0795,마라0792,50.3028828476593
다사7251,다사6547,52.4769884699975
다마6656,다마6457,77.0243007451607
다사6837,다사7137,74.5365966613847
다바7833,다바9224,82.2897231483527
다사4742,다사4647,53.1200896762506
마마0964,마마0866,87.3493990796106
다사6645,다사5351,56.8617348550312
라바0145,다바9845,53.0107102563313
다바8410,다바8917,54.7415528972444
마마0062,마마0162,59.9992810874741
다바6768,다바6666,71.1025018331196
다마6555,다마6858,98.8067921795987
다사5961,다사5652,76.916727040906
마라3985,마라3585,61.7255659285803
다사4346,다사4248,52.1142144933843
마마1361,마마1360,76.6318098575653
마라2496,마라2495,81.6432422727706
다라4287,다라4192,50.5138218341946
다사5443,다사5442,82.7476747142313
마사2475,마사1688,61.8102744476551
다사4241,다사4442,50.1314772565029
라라1540,라라1445,55.0008151140947
다라0446,다라0446,72.0574501972963
다사6737,다사6838,126.180538446259
마라4986,마라5186,69.3093394601694
다사4855,다사5051,52.8266189040695
마라0991,마라0491,112.587334855724
다사6735,다사6634,118.586327652561
다사6115,다사6019,51.3652264527276
다사3144,다사3243,62.8596257459659
다사2436,다사2939,63.2508493743536
다사6355,다사6353,60.2403870363654
다사4243,다사4642,58.2595885144246
다사4149,다사4249,57.3316241886183
라마7792,라마7988,63.779123576063
다바9613,다바8917,78.0869314539067
마마6582,마마6681,78.284055702266
라사2183,라사2084,72.1452717721761
다마6458,다마6458,59.7869399676614
다사4248,다사4643,105.365785431669
다사3240,다사2742,67.1720007453625
마마6432,마마6528,66.2444885948649
다사6345,다사5452,62.120944112254
라사4124,라사4025,57.7295022051782
다마4132,다마4130,131.171356182064
다사6211,다사6210,52.7757241532213
다바6768,다바6667,50.1964027110831
다라3787,다라4783,61.3933920876557
마라3791,마라3485,67.6479900242739
마마6887,마마6885,51.1623672127107
다사6644,다사6543,64.5667650574264
다사5352,다사5352,70.374725778329
마마0960,마마0961,51.391863703241
다사4545,다사4544,70.8348037423659
라바0147,다바9748,54.2910625274613
다사6609,다사6113,55.2846347209086
다라3887,다라3689,51.4947866770235
다사7251,다사5846,50.0733167624052
다사3631,다사3737,74.7836518871112
라마9463,라마9364,59.8759916584828
라라9894,라라9790,56.6145056242675
다사6118,다사6019,76.4901874884299
다라0346,나라9738,54.4550880215747
마라4685,마라4284,119.831012079251
다사5041,다사5142,63.2971293356
다사5757,다사5452,123.804067245901
다사5519,다사6019,50.6279549454245
마마5565,마마5461,56.8506057248432
다사5044,다사4947,63.0549944968493
라마8663,라마8963,53.250071647191
다사2262,다사3556,50.2527264976132
마라3791,마라3891,51.2281141759197
다사2840,다사2641,60.7307272539978
라라9790,라라9689,53.4295773758465
다사1956,다사2057,53.6088471334407
다마6562,다마6559,53.7000124629665
다바8814,다바8916,64.0830020812387
마라5595,마라5694,53.7291429326885
다사2646,다사2742,136.22868265608
마라3891,마라3690,71.1009207326801
다사6745,다사6643,56.867784007162
다바4709,다바4809,67.8347990019311
다바6770,다바6293,62.4414786756453
다사5312,다사5316,68.552579163885
다사6344,다사6642,51.4935746661002
마라4289,마라4390,80.359430838557
라마9572,라마9765,72.5444122100726
다사6254,다사5452,58.1337653406411
다사5346,다사5452,52.6843060414229
라아9621,라아9422,67.7473532065623
다사5342,다사4947,70.0707303114064
다사6221,다사6019,68.0951835348892
다마5273,다마5172,103.893248218792
마마5731,마마5332,51.042564375613
다사6206,다사6507,110.907541282407
다바7833,다바6627,72.2857908123136
마라4287,마라4185,114.26170295141
다사8260,다사8259,59.1863146737598
다사2634,다사2331,55.2853008723889
다마5963,다마6060,54.6977617914434
마라4387,마라4286,98.2748264490493
라마8393,라마8495,60.7019272859931
다사6855,다사7057,56.8278732659629
다사4148,다사4642,53.4689212865159
마라0495,마라0792,58.8683487675031
다사5745,다사5644,54.2829299852577
다사5957,다사6057,119.726109501079
마마0860,마마1059,50.6792246651632
다라4885,다라4884,60.2520647389312
다바9447,다바9549,80.39933127498
다사6861,다사6856,56.285324586721
다사7252,다사7151,63.4764214605641
다사3327,다사3424,71.7065492794959
다바7833,다바3728,51.4074364434219
다사6111,다사6212,57.1591387009607
다바9319,다바9314,53.1465673628554
라마9357,라마9357,88.2951360530351
마마6330,마마6530,83.8476854403267
마라4689,마라4490,52.1563678615141
다사3565,다사3566,128.882877011162
다사5642,다사5251,76.1681812179662
다사4342,다사4742,60.7905667490644
라사4024,라사4326,80.2540110839028
마라4498,마마4601,87.7520349495908
다사2440,다사2840,61.1951903219443
다사2339,다사2238,71.8532315179283
다바8812,다바8916,66.8166005467585
다사4543,다사4644,101.238173286893
다다0900,다다0902,53.0241217133047
다사6103,다바6293,62.5837022156894
마마1160,마마1159,51.8107955372325
마라4286,마라4287,60.460306609827
마마1302,마마1202,54.378484299651
마마7321,마마7322,139.83803770819
다사5522,다사5422,69.6676012983174
다사2840,다사2833,128.709460711649
다사5642,다사5742,51.9980482050198
다라4484,다라4283,73.1023425485075
다사6745,다사6546,56.8180751451555
다사5247,다사5348,99.2564512963698
다사6955,다사6855,59.6587000196086
마라5386,마라5186,65.7626120604466
다바6966,다바6571,58.8124374092031
마마6682,마마6681,65.0668839780652
다사5941,다사6633,51.4498667488924
라마9571,라마9968,58.5222087800353
다바6469,다바6468,55.6301873480823
다사6830,다사6529,50.7400866692379
라마9357,라마9360,53.7786699525692
라바0046,다바9948,77.762461154529
다사5755,다사5757,70.8795801821285
다사3464,다사3760,56.6211858946198
라마9362,라마9059,53.1943220262207
다사2556,다사2157,98.2284970155699
라마8497,라마7890,56.5165468906356
다바6098,다바6293,84.6421041615733
다사6849,다사6749,90.8534639734277
라마9064,라마9162,62.7615625719599
다사6088,다사6087,55.8532935356247
다사4349,다사5251,92.3860025491275
마라4487,마라4387,53.7603975695604
다사5245,다사5245,121.191347910724
다사5332,다사6045,57.2230388873531
마마6739,마마6738,51.3522428954842
라사2187,라사2187,75.5930461637588
다사4346,다사4446,79.4271824860307
다사2638,다사2638,85.9120755044656
다라1621,다라1719,76.250996010453
마라0694,마라0088,67.6451436386528
다사3048,다사3149,50.203519177255
마라2393,마라2092,161.053218575829
마라4682,마라4081,51.1044159348736
다사2532,다사2532,51.693040681877
다사6426,다사5942,51.0879419184403
다사5241,다사5642,56.9522191383815
다사2926,다사3224,78.6099260417092
다사2939,다사2833,95.3442801809626
다라1074,다라1074,51.3104098321849
마라4490,마라4490,98.795304023532
마사2474,마사2475,69.4460467577918
다사4754,다사5351,62.9096286804483
라라5187,라라5288,62.4306863609294
다사3128,다사3129,112.898017615281
마라4183,마라4082,52.1552486568568
다사7368,다사7168,62.2866440378142
다사6645,다사6446,67.361033202424
다라4785,다라4784,64.1970293724838
다사5951,다사6045,58.3918592826473
마마6528,마마6527,64.1165228463861
마라4086,마라4086,55.665841533686
라마9661,라마9964,53.6923169526408
라바9968,라바9969,56.4985921805585
다사5759,다사5251,104.018612126992
다사3045,다사3243,98.1351648255585
다사5143,다사5043,72.0593011789577
다라3787,다라3790,63.8410320085555
다사4844,다사4647,51.029144451665
다사4161,다사4162,106.145333962636
다마6562,다마6663,85.0559446773602
다사5342,다사5342,86.5429101612325
다사3149,다사3249,105.618762743892
다사6530,다사6533,66.2275276213199
라마8544,라마8435,50.1526054614564
다사5422,다사5622,68.6509665733395
라사6305,라사6305,51.4250044101748
라바0147,다바9952,57.3317491726785
다사4449,다사5351,79.3667118186284
다라3682,다라3685,57.6718716500135
다사6848,다사6849,154.74689067034
다라4391,다라4192,111.333654625731
다바8915,다바9017,55.9028341151923
다사5718,다바6293,88.4982917100397
다사4450,다사5352,71.2863089421807
다바2017,다바1817,73.9486352427294
다사4246,다사5351,75.7012202263725
다사3337,다사2934,78.5472590514191
다마6655,다마6654,60.8852331880241
다바4187,다바4087,65.3306481582399
마마6632,마마6631,53.6445961032203
다사5722,다사5621,74.8574647257801
마라4185,마라3979,53.0033433574892
라마9572,라마9472,73.813996115178
마마5365,마마5462,53.3361510940596
다사3464,다사3761,57.3317607091115
다사5342,다사5644,73.925045249109
마라4290,마라4492,63.7467033431773
다사6222,다사5844,57.7861422295118
다사4752,다사4752,61.5579848189668
다바6469,다바6666,55.5886527527296
라라5891,라라5687,87.9710669437124
다사4645,다사4745,55.8706810778512
마마0160,마마0160,64.8367467435358
마바6725,마바6818,73.4179654804871
다사5860,다사5961,86.4927067028538
다사4344,다사4345,68.1749726099504
다사2440,다사2039,60.6348914285726
마바6990,마바7097,85.8255324986238
다사5819,다사6017,69.0565196016594
마라4085,마라3485,54.6334782708444
다사4851,다사4851,85.8247677977136
마마6489,마마6691,60.3245078247186
다사6848,다사6648,50.6102927228322
다사6353,다사6249,53.9133960017325
다사5961,다사5551,59.3321642512186
마라2594,마라2594,73.8358849589146
라라9791,라라9894,61.8933500152178
다사3139,다사3039,100.869421866769
다사5442,다사5443,74.6108037097526
라라9687,라라9893,68.944971801959
마라4493,마라4494,120.334015400083
다사2740,다사2741,72.8546119997954
다사5755,다사5551,76.1562140681112
다라4881,다라4783,109.09016762278
다바7833,다바9126,74.7188301923654
다사4251,다사4350,64.9918356535612
다바8813,다바8814,55.6727935663028
다라4881,다라4084,52.3156175663648
다사3927,다사3425,58.1173570777822
다사6749,다사6643,80.9162719218646
다사4248,다사4742,69.7693063027204
마라4692,마라4792,73.8996840897547
라사4243,라사4343,65.3686612470754
다사4548,다사5351,64.3721033011164
다사3245,다사3047,52.0360480128381
다바9017,다바8719,55.5221996096578
다사6345,다사5945,105.904006687986
라사6406,라사6204,110.090755266748
다사6748,다사5845,51.6995085701153
다사4932,다사5031,92.7632053727677
라마9664,라마9364,59.3465638340344
다사9420,다사8716,65.3022560736513
마마0960,마마1159,61.7257228967302
다라4084,다라4084,80.2005446298873
마라3784,마라3585,68.9281938087788
다사4544,다사4445,51.9658854018289
다사5145,다사5245,142.156014060419
라사6406,라사6304,94.7234911588217
다사5862,다사6161,72.7753613142266
다사4855,다사4850,88.533049859266
라마7585,라마7686,58.8484270799764
다바8518,다바7833,228.818414293953
다사4241,다사4542,100.497987389503
다사2958,다사2660,50.0146887387701
마라2495,마라2397,50.7324571706471
다라4383,다라4783,60.827912105343
마마6887,마마6781,87.211417701417
다사2744,다사2645,60.4246583002525
다사4932,다사5128,81.1532371355811
다사6019,다사6018,107.295745599212
다사5132,다사5133,56.2612555944074
다바6666,다바6767,67.4668882967439
다사6204,다사6307,51.1789970594543
마사4244,마사4739,58.1058475428743
다사4547,다사4847,67.7155091783701
라사1985,라사2086,70.860245346625
다사3842,다사4642,51.1183469984313
다바9845,다바9745,65.6368557297329
다사4735,다사4834,62.3232077329019
라라5481,라라5481,60.9242345051452
다바6390,다바6289,51.8887999951142
다사5242,다사5945,85.126096547697
다사6154,다사5552,52.1716444144132
다사4344,다사4642,53.1307683085263
다바9446,다바9845,59.3415416758789
다사4149,다사4447,53.0706206577835
다사6149,다사5351,66.5787615512797
다라3685,다라3282,67.4173214849421
다사4450,다사5451,61.3297001606945
라사3829,라사3829,54.7305387351793
다사4942,다사4942,116.859687803326
마라4290,마라4590,70.2131087603825
다사2634,다사2432,70.4976161259276
다사4326,다사4024,83.5485061560525
다사5542,다사5844,78.4698710436578
라마7494,라마7990,63.5526723282959
다사6850,다사5844,81.2645005007986
다사5745,다사5847,73.3418286684632
라마9765,라마9667,63.1780992399572
다마8812,다마8912,69.8312680491256
다바9114,다바9114,67.2236797565896
다바9319,다바8916,86.5685683032916
다사6943,다사6643,62.125572522583
다사5861,다사5452,67.4789650960899
다사4545,다사4747,59.8377157245311
다사4341,다사4442,98.0259247470177
다사3140,다사3040,71.0499565234424
다사6730,다사5844,59.4008503889328
다사5916,다사5718,125.409078957795
마라3586,마라3486,59.0114284511389
다사6444,다사6444,50.234776836653
다사2066,다사2064,53.7354731046423
다나0598,다나0599,92.8780244258491
라라1963,라라2063,93.5791878147653
라라9793,라라9892,60.9225762423495
다사6121,다사6222,58.7414013036356
다사7151,다사7252,50.9832731377555
라라9894,라라9793,59.6568960623163
다사3045,다사3448,51.7259266563144
다사4752,다사4751,65.3504542279229
마라4387,마라4389,81.5238511500621
다사6749,다사6145,51.7882604404155
다바8617,다바8917,73.3259098384133
마마7175,마마6875,56.8743439340586
다사6857,다사6755,59.2254730210824
다사6525,다사6625,94.2218473184407
마마6580,마마6781,73.8637918441781
다마9013,다마8811,63.9161996691717
다사4944,다사6145,51.8081976798014
다바9319,다바9318,82.866630772673
마라4190,마라4284,55.0006284980676
라사2183,라사1987,61.6613023711059
다사4929,다사5251,63.8813198863139
다사3139,다사2939,64.1208530014472
다바5565,다바5665,51.6385686846389
마마5928,마마5929,91.978646547137
다사3863,다사3761,75.5424421135902
마라0799,마라0798,55.6265449909561
다사6648,다사6750,57.9642893056673
다사6644,다사6546,77.847209621624
다사6355,다사5944,50.0810324498999
다사3364,다사3363,51.9864856791494
다마6459,다마6458,77.54285204661
마라4387,마라4080,146.304083932815
다사2755,다사2655,52.6405482760566
다사4855,다사4855,89.069271969115
다사6511,다사6114,58.1246519842455
마라3685,마라3784,55.388452147318
다사4341,다사4441,87.4525264608078
다바6667,다바6968,91.3740692062564
다라4788,다마5302,51.700855818585
라사6204,라사6303,108.343115692456
마라0990,마라0590,53.7449095853741
마마3704,마마3804,59.8033042359865
다다0901,다다1202,52.9099670366429
다사5043,다사6145,59.6368935240746
다사2439,다사2539,69.501907354771
다사5027,다사5125,69.3037905624258
다사6850,다사6642,54.4592306226082
다사5044,다사5046,87.6943894083038
다바9448,다바9447,58.7487056602481
마라4382,마라4285,50.3028271698774
다사2439,다사2339,109.511339743436
마마6580,마마6681,62.8278822340675
다바9448,다바9347,60.4810054306191
다바2544,다바2544,53.8554752985771
마마0964,마마0764,54.8941241371212
라마9462,라마9463,58.7120966744026
다사1072,다사1072,56.5862282159547
다사6210,다사6206,82.8113521704139
다사4125,다사3224,54.8259552575592
라라9687,라라9894,90.5360408871322
다바1817,다바1014,64.3967798704325
라바3888,라바3885,55.2582763497823
라라5687,라라5586,70.4902591195355
마마7289,마마7189,62.4769728011821
다사5960,다사6061,56.1223903670452
다바9317,다바9216,80.3946922917496
마라4078,마라4376,61.1398408405155
라마9967,라마9766,58.4171097987551
다사5949,다사6049,111.376513389368
다사4645,다사5944,50.799673183994
다라4887,다라4684,86.484015539688
다라0146,다라0246,77.834727405478
다사3129,다사3724,80.3130479372058
라마8762,라마8860,55.4806370582951
마라0155,마라0155,55.3865146543737
마사4149,마사4244,57.6273404458305
마라3881,마라3880,66.9971605855917
라사6306,라사6303,58.0342351638833
다사5757,다사5553,75.2236156789375
다사5241,다사6145,68.4096753093865
다사3445,다사3444,106.169110317629
다사6844,다사5251,56.6052064511908
다사6354,다사5845,53.7788868502912
다사6426,다사5643,50.7535794017756
다사5860,다사5959,51.3171877963717
라마5591,라마5492,60.1406754374902
다다1101,다나0599,61.8823023190268
마마6679,마마6778,55.500640452423
다마5273,다마5673,54.9571837120344
다사6522,다사6529,54.3337060375839
마라3379,마라3380,70.0317333298454
라사3619,라사3520,70.9972457040286
라라5274,라라5175,66.656475028093
다사2235,다사2430,70.7491391972906
다사4646,다사4747,88.4145889609922
마라1090,마라0991,72.0278975726015
다사4024,다사3223,53.4062939804865
라마7494,라마7591,134.876441150547
다사4857,다사4859,81.4910222542222
마마0065,라마9963,61.2095640531774
마라4495,마라4496,84.3159969070627
다사5145,다사5046,125.475358773206
다사6837,다사6529,58.7497747673995
마마7427,마마7525,78.9893150726038
다사4653,다사4553,114.895392731683
다사2749,다사2742,81.7945524448526
다라0997,다라1098,61.4522149657659
다사4633,다사4932,80.0428651630084
다사3927,다사3927,67.5779266199696
다사4642,다사4947,59.1300222489014
마라3586,마라3485,70.4657193542839
다사4149,다사4747,93.2898205847456
다사4160,다사4059,72.4352224393938
라라5275,라라5376,50.2533870676228
다사6660,다사6861,60.5864742012403
다사6938,다사7137,112.001360519839
마바0070,라바9968,82.0801371132401
마라4188,마라4187,66.2888426219016
다바7990,다바7790,55.6449347913822
다바6687,다바6588,75.7579858085371
다사6734,다사6533,69.88497075042
다사3227,다사3027,54.9057805061794
다사3058,다사5452,61.5212643789146
다사3463,다사3760,70.03352415345
마마3803,마마3803,55.2667355915989
다사5846,다사5847,53.0704691257926
다사4441,다사4643,53.9432660301647
다사6353,다사6152,59.4850070598474
마마3604,마마3805,68.0203095358101
마마6881,마마6882,51.5128484093241
라라5187,라라5186,74.7339067828771
마라4390,마라4389,97.1762034903637
라라5686,라라5687,52.8709672919201
다사2639,다사2638,50.685801196019
다사6006,다사5300,60.6952496131138
마라4187,마라4088,60.8189845449309
다사3664,다사3364,50.2550614791106
다사3143,다사3144,67.800218240736
다사4545,다사5452,83.2849155754309
다마6556,다마6755,57.9860223928071
다라0446,다라0145,56.870229411414
라라1839,라라2138,83.8602117488774
마라4497,마라4495,106.351585301793
다사3648,다사3746,50.2207577285845
다사2947,다사2947,57.5447578251198
마라3876,마라3877,66.6607859939543
다사6204,다사6202,91.0668546177845
라라1340,라라1441,57.3214609549859
다사3566,다사3662,57.6160455299238
마라3991,마라3590,50.7371022951934
다사5718,다사5818,116.832577204902
다사7251,다사6749,50.2881317438196
다사6834,다사6529,50.3588235549695
마라2184,마라1984,64.1912367313034
다사6306,다사6206,61.9352400961996
다마6559,다마6657,50.0816865055949
라라1339,라라1546,59.8247045583102
다사6937,다사7137,144.992166336831
다라4681,다라4782,87.2893824855772
다사6445,다사6644,63.0964118240915
라라1743,라라1748,62.446878682908
다사4853,다사5451,57.0575455509988
마라4590,마라4390,51.2145663214007
다사2840,다사3041,56.6955516268389
다사6145,다사6045,69.7995949400905
다사5943,다사5942,86.9987881412472
다사6019,다사5322,52.6584467846959
다사6625,다사6631,58.9509609258929
다사6255,다사6355,70.9008110343074
라라0460,라라0459,60.1826143024732
마라0991,마라0592,78.443404091408
다다0901,다다0600,60.0991589859193
다사3133,다사3033,66.6719254766654
다사5858,다사5860,72.1808052745518
다사6842,다사4947,51.8579768800197
다바6968,다바6969,106.990945234333
다사3743,다사3543,51.2623145953867
다사3144,다사3045,121.845642800151
다바9951,다바9952,81.9176774598151
다사6448,다사4947,58.8456356685765
다사5970,다사5652,52.997072929878
다사4943,다사5451,64.1688084343273
마라4488,마라4887,62.1809907960578
라마9362,라마9262,54.0668690774864
다라4788,다라4887,112.227272099552
라마7788,라마7788,53.4278427980496
마마0064,마마0164,61.0830326012123
다사6245,다사5944,51.6941968720977
라사2286,라사1986,80.2169101000065
다사4344,다사4646,59.9609672040247
다사2342,다사2742,58.8433323827056
마마0162,마마0062,71.6886198655515
다사3238,다사2934,50.5781713392165
다사4645,다사4746,72.3433389847781
마마4630,마마4731,62.7399665543478
다사3147,다사3146,51.3260714129123
마마4007,마마4009,154.425478551183
다사3564,다사3664,50.6382435391237
다사4535,다사4947,57.8785975663078
다바8717,다바8518,102.724793409381
다사2946,다사3045,72.995313568695
마라0156,마라0056,58.4918288066142
다사3847,다사3846,71.5872996799821
다바8411,다바8411,54.2598760657193
다사2745,다사2742,61.4313775913235
다사2840,다사3240,140.381967259155
마라4684,마라4685,53.4449305754634
마마6934,마마6931,67.9777060740618
다마6657,다마6558,53.108151579667
마라3479,마라3379,83.3948915437511
다바8813,다바9114,53.7806960714405
다마6561,다마6660,71.6911921417681
다사6111,다사6114,83.992339329658
다사4855,다사5844,57.6831166968023
다바8914,다바8915,59.8453137506316
다사3841,다사3645,98.1885263293552
다바8611,다바8611,67.7371756177808
다사7057,다사6855,148.89669111435
다사6152,다사5952,53.2989473355468
다사7137,다사6737,100.398778843201
마바1042,마바1041,54.5054637101781
마라4388,마라4390,78.1236414121143
라마9470,라마9571,72.5860614412451
다사7252,다사7253,71.3328852017062
다사4940,다사5041,62.6577216104841
다바6163,다바6063,53.4573873172748
다사3270,다사2869,63.2483282349678
마마1301,마마1101,54.5844351283845
다사4535,다사4536,85.442926136158
다사5956,다사5352,57.5395680925541
다사5028,다사5030,78.9148705959411
다사2556,다사2262,72.4995931377365
다사6210,다사5718,55.1436999609301
마사4841,마사4739,63.7230345713396
다라4587,다라4686,70.0200370016039
마라4390,마라4887,81.6039703192764
다바4987,다바4892,61.23976780766
다사5962,다사5861,62.4828756719257
다사6545,다사6149,62.4187259531657
다사3128,다사3224,76.35522334765
다라4590,다라4684,53.1236258481894
라사4025,라사3925,64.2769413896287
다바9327,다바9327,88.1919767289999
다사3846,다사3847,78.7526034583976
마라4682,마라4681,107.822750824981
다라4084,다라4184,62.1515179964961
다사6310,다사6508,51.2530236371285
다바0564,다바0764,69.748543248894
다바8511,다바9015,58.1456846529798
마마6987,마마7079,64.3020985039758
다사4345,다사4447,71.1712628811758
다사6324,다사6633,174.212015744628
다사3146,다사3047,70.9062132630216
다바7990,다바7890,107.601425513686
다사4351,다사4450,75.420707232701
다바7833,다바9114,53.0982339427552
다마1574,다마1673,57.2783887831887
다사5860,다사5551,97.9485720729673
다사3144,다사4642,55.2855628315344
다사3841,다사3942,54.9080348172016
다바9318,다바8917,70.8488404691514
다사4644,다사5251,75.8831698479888
다사4932,다사5251,70.2961766474399
다사5650,다사5351,51.0860318907362
다바9448,다바9448,56.5857957485933
라마9358,라마8960,54.8208952853405
다사6155,다사6054,67.8592718204321
다사6020,다사5920,68.7056653068267
다바9560,다바9162,53.6640091040056
다사4341,다사5844,57.5324698888182
라사6204,라사6204,52.8227030400341
다사4638,다사4739,52.2888583819348
라라9893,라라9791,52.7969084502559
다사6019,다사6020,74.5432683916325
다라4288,다라4287,54.1634487121584
다사5249,다사5452,63.6750902044239
라사4024,라사3928,90.7592963652213
다사3129,다사3522,64.0800435131827
다마0411,다마0213,112.708653672559
라마9358,라마9460,52.64616049154
다사4953,다사4854,53.7525851130958
마마0065,라마9765,89.4082833447735
다사4645,다사4644,68.0484375662051
다사4859,다사5452,54.0261904065645
다사3035,다사2935,50.3770020288961
다사3147,다사3247,57.6964379233092
다바9948,라바0048,64.7780682146605
다사6848,다사6848,120.402138824921
라라8452,라라8353,58.7188822578853
다사3233,다사2933,64.4840553379513
마라0792,마라0894,82.4501120471814
다바9012,다바9114,57.6419455680989
라마9357,라마9056,68.9116674127891
다바9418,다바9317,72.5471780154023
다사5444,다사5544,58.4721384804877
라마9666,라마9667,71.2662747463721
다사3144,다사2742,56.3268979849947
다사6310,다사6407,64.8602066367246
라라5590,라라5687,64.684083655223
다바5981,다바5878,115.05095826611
다사3738,다사3736,53.3565459361717
마마3502,마마3809,68.4345631935549
다사5241,다사5843,54.2086312745347
다사2940,다사2934,56.3879513634198
마마6840,마마6738,88.7545367516812
라마7591,라마7492,101.18535408566
다바6091,다바6293,63.3073840076031
다바6466,다바6469,55.8900645294936
다사3048,다사2947,52.053487820513
마마1358,마마1964,71.0058077965309
다라4579,다라4379,60.5056207562717
라라0460,라라0262,60.8335991036629
마라1979,마라2277,67.545253688828
다사3144,다사3445,55.9739138141573
다사3543,다사3546,57.876182451407
마라0195,라라9894,72.6226335917085
다사4742,다사5351,81.4434097739443
다바8511,다바8410,51.9002078763609
다사6944,다사6643,60.9565581597378
다사5124,다사5328,56.312910224466
다사7251,다사7450,53.2017399669801
마마7321,마마7526,52.1325503067305
마라4986,마라4284,72.2250182932654
다사2647,다사2742,91.2937835134999
다사5443,다사5351,70.8999959788986
마마3806,마마3906,59.5633007599544
라라5187,라라5388,166.32160139657
다바8924,다바9025,58.4481592777936
다사5520,다사5422,54.4457483635327
나라8610,나라8610,85.4748815898511
다사3238,다사3238,60.7374200681542
마라4489,마라4284,62.1152456860623
다사5242,다사5642,77.1564907677968
다사6545,다사4947,66.8468406074373
다라3685,다라3989,51.5680650169311
다사5743,다사5743,67.4285463654856
라마2498,라마2597,102.453493191916
다사5133,다사5536,60.7454267422143
다다1101,다다0902,58.5515358819162
다라0446,나라9844,54.529980414161
마라0195,마라0195,62.9456776993468
다사3726,다사3224,84.6739379971486
다사3737,다사3736,93.5782780709235
마바6990,마사6701,57.5121912960372
다사6545,다사5944,79.4500169279721
라사6305,라사6204,81.116971668485
다사5030,다사5027,51.5417818022845
다사4745,다사4744,62.4071633261756
다바4887,다바4286,52.0485704024417
다바8518,다바9327,72.7018570910522
다사6748,다사5452,54.3941447373117
다사5749,다사5749,64.0618774706731
다사5754,다사5352,70.3869209703477
마라4494,마라4495,134.186784675904
라마8338,라마8340,74.3112202110715
다마5273,다마5173,63.6656618052019
다사7660,다사7459,88.5532866442002
다사5843,다사5843,107.120960451891
다사4744,다사4542,51.4698090939726
다마6663,다마6458,50.0108242946111
다사4150,다사4051,65.9142263664729
마라2794,마라2593,68.9834303748053
다사2540,다사2440,61.3899617604263
다사4732,다사5132,79.5623317187424
다사5717,다사5818,85.4990273740041
다라4487,다라4084,53.6005480582209
다사5653,다사5653,56.517034270154
다사6155,다사5652,50.4863288660816
다바8815,다바8815,52.6949286085758
마라3374,마라3373,62.6526057103419
다사3563,다사3464,63.8176603087516
다마6655,다마6656,53.879071610595
다사5816,다사5817,117.564393980804
다사5019,다사5316,80.6527056956114
다사5718,다사6310,82.1050647517081
라아9421,라아9421,62.3955464659816
마마6987,마마7088,60.2152478031376
다사3542,다사3645,68.003833141663
라바0045,다바9449,61.2168537670276
마마6886,마마6582,69.1431975516037
다사5755,다사5752,53.8431315998136
라사3926,라사4027,68.0149150906133
다사2442,다사2543,71.2077332956865
다사6526,다사6631,58.7796234843094
마라4081,마라3980,56.9490931530073
다사5861,다사5551,79.5230225677398
다바9347,다바9449,89.9790748285178
다사5945,다사6145,53.9277676393026
마마6527,마마5929,69.6521229318282
다사3129,다사0918,50.2017563121544
다사4450,다사4449,53.2769816340187
다바5664,다바5665,122.975392611235
다바7833,다바7731,73.6551431720987
라마9571,라마9667,74.141816269117
마라3579,마라3378,74.2147154257558
라마9461,라마9661,53.7495784676005
다바6830,다바6628,96.1812099279974
라사1885,라사2087,51.8321573738786
라바0147,다바9350,61.6217786067775
다사5114,다사5113,55.1292093097408
마라3793,마라3793,94.2572236811562
다바6198,다바6293,95.7808880935909
라라5187,라라5687,115.136413256919
다사6935,다사6734,54.9130524145566
다사5536,다사5436,57.5545282752259
라마9469,라마9468,64.5982098411848
다사5044,다사4643,63.2713537543776
다사6354,다사5251,63.6075811878921
다바6390,다바6290,102.746369078577
마마5012,마마4909,50.7952860315717
다사4157,다사4058,73.7294515552365
마라4498,마라4495,78.5587705207184
다사5142,다사5452,53.9421458456496
다바8915,다바8518,73.2833224055979
다사3128,다사3026,75.850125208837
다사5844,다사5845,57.0563385916089
다사6169,다사6471,56.7775001744895
다사5030,다사5127,64.1050180786604
다라0145,다라0046,61.8429182550081
다바8813,다바9213,57.3255516483395
마바0977,마바1077,80.4909224418057
마라4495,마라4497,61.3295654671308
마라4781,마라4681,58.4098230624455
마라3785,마라3483,53.6377468599455
다바9214,다바9214,102.751960569372
다사6919,다사6819,63.3271234569542
다사5144,다사5846,51.7094112613565
라바3888,라바3990,54.3528802077334
다사4927,다사4929,71.5402881209194
마사2174,마사2475,117.910837596069
다사6051,다사6151,63.6261139375802
마마7322,마마7424,89.6114591533698
다사4854,다사4955,50.8316347764088
다사6011,다사6214,66.3113179055314
라바3787,라바2686,62.8673886160867
다사6054,다사5652,65.0731386788866
다사5654,다사5653,83.6684524541231
다라4887,다라4788,62.2786236594389
다사4756,다사4857,52.2032295510842
마마0358,마마0258,73.0017684348387
다바6571,다바6667,55.6109215581525
라마9262,라마9463,54.5732355748552
라마9763,라마9863,70.5015872854031
다사2430,다사2939,67.6844529145817
라바0048,다바9648,56.0884837325179
라라9892,마라0091,72.4542472914386
마라3586,마라3585,101.349786050706
다바9952,다바9950,69.4125613743151
다사4248,다사4542,116.353681117898
마마5731,마마6432,53.7898771849154
다사4050,다사4149,57.2434871760982
다사5475,다사5378,53.0358887023339
다마6959,다마6858,101.937287583028
마마1101,마라1599,75.2232842111764
다사7833,다사7834,72.0924178795408
라라8354,라라8362,50.1267989642634
다사3046,다사3144,61.8745630742078
다사4346,다사4151,58.9618332406448
다바7833,다바9317,75.0469694228307
라라9686,라라9688,64.9488961012243
다사6830,다사6631,78.576947643211
다바7609,다바7609,67.0566846534171
다바9418,다바8917,74.9997504022373
다사5049,다사4950,62.8474248350341
다사6252,다사6252,93.0615774331218
다바7833,다바8537,78.1235641729989
다사5952,다사5852,61.7385151779986
다사3841,다사3443,72.015772095062
마마6205,마마6204,59.8639765192548
다사7350,다사7251,54.3070405364453
다라4384,다라4084,53.8264921765514
다사2840,다사2941,66.525132448427
다사4249,다사4947,96.5037976093672
마라5387,마라5288,54.0837942198888
라바3984,라바3885,76.7868221627977
다사4951,다사4950,66.3823098595109
마라3881,마라3881,93.2352521264096
마마1157,마마1159,76.5427702474637
다사5964,다사5860,50.2915166601709
마사4839,마사4835,56.8042653138224
마라0954,마라0954,166.456716829697
다사6206,다바6293,97.2050731630356
다바9546,다바9845,68.4895906820201
다사6849,다사6850,140.014946695431
다사6153,다사6151,109.58967527515
다사6526,다사6737,59.8780365277826
다사4856,다사5551,51.6612173511257
마라4390,마라4391,59.4868459801854
마라0891,마라0794,61.1907811345787
다바9560,다바9357,73.563905599457
다사6062,다사5860,71.3954959937555
다사5132,다사6045,54.0337134998633
다사4834,다사4932,84.5774455501375
다사2735,다사3033,59.1192884401963
마라0792,마라0789,58.5756217375406
마라3885,마라3485,77.3217728364128
다사7038,다사6938,54.8839044979745
다사5850,다사4947,99.846670950803
마라4788,마라4889,55.7952160206231
마마7176,마마7276,68.1038049771497
다사4741,다사4742,95.4668346411249
다사2943,다사3045,50.3376674479404
다마2874,다마1873,77.1692746967423
다사2538,다사2840,62.7487301096333
다사4942,다사5743,56.248234545502
다사6161,다사6064,53.6881622313944
다사5119,다사5019,113.308294087699
마마0265,마마0065,61.6479012647371
다사3556,다사4151,91.4832179100919
다사6849,다사6648,64.6388581073559
마라3479,마라3579,82.583340316634
다다1101,다다0700,82.5193967159367
다사6349,다사6448,77.4124792720443
마라4389,마라4185,50.0934564634657
다사3326,다사2926,101.74727271465
다사5343,다사5352,57.000086916592
라사4024,라사3927,62.6117579086201
다사4349,다사4847,51.8392637790798
라라8353,라라8354,50.8538907574626
다사5757,다사5857,134.139273967968
다바8912,다바8916,75.5198839485331
다사3344,다사3345,86.9814701499491
다바9327,다바9326,71.444900356203
마라4682,마라4185,62.2623959687725
라마9470,라마9469,57.0568698749835
다사4701,다사4101,59.7657218758376
라마9257,라마9357,83.4903364003873
다사5250,다사5250,78.7469226303304
다사4844,다사5844,67.5268802839441
마라4582,마라4582,75.8672304272055
다사5542,다사5443,51.2951551364863
다사2646,다사2749,82.9496205226855
다사3863,다사5251,55.5987781041439
마마6430,마마6330,64.0364879427824
마마0166,마마0165,62.8229796290765
마마0067,마마0065,55.0931654337087
다사4841,다사4841,53.0083377785895
다사4740,다사4641,163.461322496117
다사4844,다사4843,77.1778861980125
다사5652,다사5351,52.8947134476324
다사4050,다사4150,76.7252024867225
다사6182,다사6182,55.8888493163684
다사4742,다사4541,124.324650512115
라마6895,라마6796,53.1579035436528
다바3078,다바2277,56.9940374025496
다사4221,다사4321,77.0322345171006
다사4024,다사3125,50.3594371244822
라마9360,라마9560,53.5199822131164
라사4124,라사4326,82.9528515436843
마라3791,마라3691,82.1978491232653
다마6654,다마6655,65.1736787632905
다사3327,다사3223,61.8938013907999
마마5662,마마5462,53.3188285934613
다사5845,다사5745,69.1326709560963
다사6272,다사6471,86.5340872581769
다사4649,다사5251,67.9780650714707
마라4688,마라4390,51.6457700636385
다사5343,다사6145,54.863463056691
마마6738,마마6731,77.3036003874274
라마8240,라마8339,54.2474331494173
다마6970,다마6773,58.0285165190714
다사4344,다사4847,55.1696005543335
다사6819,다사6919,73.7005399172839
라라1760,라라2458,56.4201344258331
다사5045,다사4542,54.1096016286832
마라3792,마라3794,67.1823830817929
마사4244,마사3744,75.9755652719777
다사1643,다사0739,60.8953244704057
다사6151,다사6152,70.9465208455787
다사6730,다사6017,52.5846698585748
다사3129,다사3028,118.473660442762
마라4589,마라4284,51.1363354155427
다사4057,다사4157,58.7236253246371
다사6861,다사6662,50.8071379867436
다사2640,다사2934,68.3560610458897
마라4890,마라4692,83.0906564131634
마라1977,마라1380,51.117889632912
마라3795,마라3588,94.0005160157874
마라4287,마라4186,71.7410302541221
마마4631,마마5129,101.642567356162
다마6656,다마6557,71.6121324368544
다사5843,다사5743,54.0054932775223
다라0147,나라9639,58.3541541774332
다사4802,다바4798,51.681911927627
다사5143,다사6045,116.422276091179
다사5754,다사5654,51.0015169798167
다사5656,다사5856,50.8774906665329
다바7990,다바7886,89.3593003969852
다바9487,다바9384,56.826629767149
다라4531,다라4532,62.6590020131569
다사5033,다사4833,59.074577361478
다사7215,다사6919,61.1831183053587
다사3544,다사3744,91.4086784855135
마라3885,마라3985,65.9688285932825
다사6020,다사6633,50.3170096511602
라마9765,마마0068,50.4263734028471
마바0841,마바1240,80.5020271661317
다사3841,다사6045,55.0853576949664
다사4956,다사4957,69.9338494404205
다사3244,다사3047,51.6219046202568
다사7631,다사7532,80.1730660287063
다사3446,다사3644,61.486072913099
다마2873,다마2774,51.3569425526034
마마0961,마마0163,59.0012057328898
마마4008,마마4108,62.9936020887167
라마9762,라마9964,60.5662949479318
라마9866,라마9666,62.5027897499197
다사7038,다사6937,60.7895240357197
다사6121,다사6017,75.154309099442
다사3158,다사3058,75.5425063380226
라마6090,라마5694,57.5150385286391
다라4380,다라4084,62.1566524961075
다사4248,다사4541,56.6471297957154
라라1341,라라1748,59.4372185801566
마바0069,라바9770,51.0898271825521
다마6673,다마6773,102.190206080808
다바6965,다바6865,64.9083491091633
다바0564,다바0664,51.6600862933223
다사3147,다사3148,62.2957478256271
다바9947,다바9947,53.9295004398365
다사6169,다사6161,50.9431930311539
라사6304,라사6304,66.5535154364105
다사6046,다사5946,56.997489926906
라마9463,라마9059,50.8579231690659
다사5119,다사5319,52.2144083732741
다사6019,다사5819,51.9523396702983
마마6428,마마6628,54.1267248190327
마마6681,마마6879,59.078550238555
다사2939,다사2934,71.7174839096946
다사6006,다사6310,77.2638778280736
다사5242,다사5843,70.6101868960442
다사5232,다사5333,54.8553664475044
다사2556,다사2754,51.8283419909119
마마6781,마마7179,73.3603063956287
다사6255,다사5351,52.7819654108994
다사2736,다사2430,70.150541537526
다라3987,다라3790,58.6300215191586
다사4943,다사6149,50.652145671426
다바6666,다바6764,58.2247656923004
마라2794,마라2795,83.8149245801208
다사6257,다사6161,73.7765325384689
마마3075,마마3070,89.058760575101
다사5241,다사6045,101.124190179474
다사4853,다사4854,115.341230628797
마라4285,마라4285,138.26115339211
마마5113,마마5014,95.2655466211323
다사5962,다사5862,63.9679279853134
다사6222,다사6323,55.7005971339641
다바2543,다바2545,115.100316850037
다사5944,다사5943,80.2587275882612
다사6426,다사6125,54.9444237881303
다사2644,다사2445,86.6893545143353
다사6445,다사6643,86.3425996009884
다사5817,다사5719,59.3777904139662
라바0046,라바0045,93.7378547566964
다사6248,다사5451,52.0674810068972
마라3794,마라3791,105.901728831176
다사5133,다사5234,81.1934977431402
다마6163,다마6164,61.7969549287341
라마8454,라마8749,54.1175629172941
라사1985,라사1985,56.3073153817716
다바9649,다바9450,58.6206931310176
다사5332,다사5433,87.8105856973271
다사6052,다사6149,75.9716190295704
다바6870,다바7071,60.207049110948
마라3482,마라3485,62.2657210433158
마마7424,마마7627,73.3268589425525
마라2079,마라2378,101.101274930385
다사5643,다사5743,56.9440683678804
다바6097,다바6095,93.0407833149916
마라4483,마라4384,56.0350982557547
다사4448,다사4347,53.5242962050956
다사5753,다사5653,60.1987207794775
마사2272,마사2273,72.8248104339736
마라0954,마라1053,51.8101912622079
마마1157,마마1964,81.6521070960248
다사2538,다사2833,54.4105453859237
다사4834,다사4542,56.3488627490748
다바6669,다바6573,98.3673976475207
다사5755,다사6045,54.1881852035118
다사4952,다사5251,50.6824664759884
마라4391,마라4285,56.1805669495649
다사6644,다사6545,72.6344583244533
다바6063,다바6064,50.5023383644269
다사6644,다사5844,73.050312526279
다사5642,다사5642,93.006654629137
다마5172,다마5272,56.727183013936
다사4855,다사4859,54.6506936832859
다사6621,다사6426,67.1627215229922
라마8388,라마8190,53.634727299653
다사4653,다사4957,60.7215667193305
다사6053,다사5351,58.1496628641726
라마9664,라마9061,64.539869978255
다사4942,다사4946,50.4061731651425
다사6261,다사5451,68.3281946605914
다바4887,다바4186,60.689633799439
마라3884,마라4185,73.2064703886656
다사5346,다사5251,111.157416531604
다사2751,다사2556,64.9780876181443
마마0064,마마0065,68.2141164730584
다사4447,다사4747,70.8386446813663
다사3545,다사4542,68.7731550343148
다사6351,다사6049,61.2887838810179
다바8815,다바9214,50.788190373135
다사5749,다사5844,68.8752456312088
다사4220,다사4024,113.589822588336
라마8663,라마8764,57.9939906943347
다나1198,다나1199,51.380998058924
다사5241,다사5251,58.3168404594691
라바1931,라바2032,57.4351863050273
마라2894,마라2893,102.701421085612
마사4244,마사4144,84.5825643273311
마라4584,마라4683,65.9697617786488
다사3228,다사3327,56.8684141495389
다사3940,다사3841,72.8527069444272
다사3638,다사3738,69.5290222772119
마마6630,마마6932,54.6535187710668
라사2285,라사2085,53.6128571992129
다사5029,다사4928,59.6849847462015
다사2436,다사2436,127.245515572772
다사7038,다사6642,57.8851133079043
다사4944,다사5846,84.8625713715557
마라3479,마라3380,67.5370804101895
다사4123,다사4124,66.0291763072237
다사4250,다사4747,54.4228994841684
다바9945,다바9947,54.0513184056521
다사5912,다사6012,50.5583713145202
마마1060,마마1060,69.6277694947848
다사5817,다사5717,64.2303939735557
다라4380,다라4484,53.6617362951793
다바9327,다바9127,95.9376992535291
다사6214,다사6314,106.576779943256
다라3685,다라4083,64.6427178677961
다사3926,다사3624,62.7941208728517
마라4493,마라4692,92.0429777330805
다사3039,다사3039,137.439913234576
다사4661,다사4761,54.7269383418821
마라0196,마라0194,76.9895316911962
라마9563,라마9663,101.0239400592
다사4344,다사5351,58.7533473883962
다사5229,다사4929,75.3740408360165
다사2441,다사2440,68.523241476582
다바6588,다바7089,64.4816189953311
다사6634,다사6634,59.743725062804
마사3107,마사1713,50.2649992680431
다사4958,다사4956,55.2132335654278
다마5273,다마4972,61.4101577981628
다사7039,다사6736,58.9562100589582
라사4027,라사3928,53.4687589885248
마마6429,마마6528,73.8360051604425
다라0146,다라0245,74.0267884744268
다사5652,다사5552,58.4129093155352
다사4743,다사5844,74.5035500030239
다사6258,다사6160,58.0550188867367
마라4390,마라4692,74.8831635878567
다바9472,다바9473,154.499463210642
라마8293,라마8493,58.6627847256437
다바6669,다바6968,60.4763095441309
다사2660,다사3158,68.6595125115546
다사6841,다사5251,76.7011464787986
다사5852,다사5851,85.4928701617682
라바0045,라바0043,52.6839027178464
다사4342,다사4441,74.1289732385901
마마3077,마마3070,58.1906555561678
다사4246,다사4346,102.331900105366
다사6855,다사6754,66.4859093300986
다마6654,다마6857,52.4480454608542
다사4242,다사4242,75.2770223291497
다바6770,다바6773,58.6988922832474
다바9952,다바9952,113.573270064029
마마6430,마마6432,92.4635356853438
다사4442,다사4542,137.341696776213
마라4492,마라4283,60.8020953273493
다사6205,다사6105,69.4038638835936
라마7495,라마7989,83.1320688489624
다사2645,다사2643,68.3107991025679
다사7861,다사7459,53.2015656118531
라마9064,라마8764,64.0303967587734
다사6519,다사6919,88.7143048073255
마마6316,마마6620,52.107932829658
다라4681,다라4582,87.8208942609729
다마4656,다마4356,69.8939996804221
라마9762,라마9861,79.6863379100807
다바7833,다바9417,61.3763915846384
마바1039,마바1041,60.1380024048284
마마0165,라마9765,53.1015761519609
마라5193,마라5094,73.881326946734
다사3451,다사3249,55.1433612078854
라라5186,라라5687,84.4894105008596
다라4484,다라4385,62.9641348715503
다사3148,다사3047,96.8534660665747
마라3793,마라4388,58.075034161495
다사6737,다사5846,50.7200214180633
다사5972,다사5971,91.0978311874398
라라9692,라라9791,60.9540138117262
마마0065,마마0066,71.8429204971281
마라3885,마라3784,79.3346120923152
다바2016,다바1917,50.3489687284544
다사6053,다사6054,84.2133880273183
다사3129,다사3223,57.2818731048006
다사5342,다사5944,63.1271918733621
라마9666,라마9766,57.0350751252903
다사6343,다사6243,73.2892613189851
다사4842,다사5142,56.1490730540544
라라9894,라라9893,69.993562342063
다사6053,다사5852,58.6104729334016
다사6661,다사6861,57.0534784843864
다바4687,다바3789,76.2467024571862
다바6569,다바6669,51.9293640753415
다사2940,다사2940,58.9944326639165
다사5523,다사5422,60.5973631936414
다사5860,다사5452,87.4283405461829
다사6257,다사6149,82.7183783849282
라라5085,라라5175,50.9368896864838
마마1301,마마1403,50.2256052685525
다사3463,다사3562,89.1182575211887
라바0147,다바9947,51.5494518643972
다사2840,다사2942,66.0952667338536
다사4248,다사5452,78.7103456028902
다사5233,다사5536,114.221326028661
라마9762,라마9762,55.7072840131375
마마3804,마마4009,59.1509615927589
다사6057,다사5351,50.9115584520961
다사5332,다사5331,51.6277672984351
다바9546,다바9446,63.3356436072365
다사2939,다사2331,70.049720014709
라라9995,마라0393,50.6316938796698
다사4929,다사5030,106.935873549584
다사6628,다사6528,52.4383368881508
다사2556,다사3058,116.358541665012
다바8911,다바8917,87.449379963016
다사3846,다사3744,67.1275074142336
마마3704,마마3809,94.7607206245664
다사3935,다사3738,54.2252059231539
라마8393,라마8497,119.755653774795
다마4873,다마4972,59.9311448612906
다사2840,다사2744,56.2994173378989
다사6849,다사6750,96.3611639153252
다사4345,다사5351,69.466348688935
다사5241,다사5643,82.8822929660729
다사5131,다사5536,50.3438862878047
다사6522,다사6633,50.0038495967903
다사4443,다사4541,57.4086335915801
다사7367,다사7168,50.2657788936024
마마6886,마마6885,63.6219753033656
라마9571,라마9468,64.5467421405884
다사6627,다사6628,78.3891631239949
다사3364,다사3562,52.5011272346651
다사6526,다사6530,51.2702966764317
다사5855,다사5754,63.630688895517
라사6406,라사5906,70.4261485420737
다사7349,다사7347,53.4723403543826
다사4742,다사5452,57.7246304941205
다사7050,다사6546,55.8898981364966
다마2976,다마2875,54.2479653375023
다사3129,다사3624,56.5774202742944
다마6663,다마6863,51.6889839572837
다바9852,다바9948,54.6408709586017
라라8297,라라8298,55.8475936184241
라라9892,라라9793,55.0989469018038
다사5757,다사6161,50.9554606984559
다사5861,다사5960,56.8247294316681
다사5124,다사5228,62.8689127444496
다사4845,다사4844,50.4065494108992
마마6887,마마6886,72.304712358659
마라3476,마라3475,65.3535368002657
라사3926,라사3928,55.4255340508567
마라0495,마라0894,72.7621273095936
라마7591,라마7991,63.3177737433195
다사6524,다사6426,50.6521431692204
라마7695,라바7205,52.3936171222098
다사3563,다사3760,58.563504511403
다사2746,다사2646,93.0552273075099
라마8389,라마7988,76.7582751362504
다사5754,다사5451,58.0956715800157
라마9358,라마9359,103.294782302285
다사5959,다사5351,54.8014055550529
다다0801,다다0801,69.31895782844
다사5042,다사6145,85.7510689055595
다바6097,다바5394,55.7947079613208
다사5852,다사5852,76.0294099636752
다사3546,다사3446,86.5022472578989
다사5920,다사6019,105.403163514239
다사6353,다사5845,67.4871885342229
다사5856,다사5552,101.775160390184
라마8663,라마8964,68.3497105511713
다사5817,다사6016,59.8686875933872
마마7424,마마7322,61.4784888104057
다사6533,다사6334,88.4331788763657
마라0396,마라0793,59.2333555978654
다라4586,다라4784,56.8579274601055
다사8261,다사8159,53.4958650771539
라마7494,라마7393,50.3987354709695
다사9916,다사9816,81.5388143162659
다사6159,다사6358,59.4108459718104
다사3847,다사3847,98.518940701024
라라8780,라라8983,59.4504161463759
다사5342,다사5452,50.7110676989259
다마5373,다마5170,68.40810326413
라마9064,라마9161,67.6277359994907
다사6749,다사7150,86.2209041924708
라사2083,라사2085,79.5945356665244
다사4162,다사3760,54.4263431501722
다사4342,다사4241,58.3212892340412
다사6217,다사6217,51.0178210223825
다사5759,다사5757,61.6593856011935
라라9687,마라0793,55.9506109835873
다바8919,다바8917,81.2896206679589
라마3642,라마3643,58.4843698886771
다사3737,다사4642,76.793891521043
다라4484,다라4284,82.5802724990288
다마3047,다마2949,60.4197170861856
마라3678,마라3679,53.2480713906833
마마7424,마마7524,133.724522566128
다사4250,다사4051,80.9104132042592
마라2795,마라2894,73.3212500039356
마마6527,마마6626,59.4768361438092
다마4132,다마4229,65.1672947324015
마라4391,마라4887,59.4886067928396
다사6257,다사5251,60.1826228984532
다사4858,다사5452,77.8699709887188
다사4949,다사4850,50.358075712248
라마9258,라마9257,57.0479977753385
다바7989,다바7890,78.1059880559714
마라4190,마라4185,56.6931882049968
다라4183,다라4184,51.7638549957295
다사4945,다사4747,50.3601446069512
라마7494,라마7788,50.2983756188842
다바6466,다바6169,80.28914363368
다사5718,다사6016,111.351827422922
다라4681,다라4683,53.9131146510595
다바8618,다바8518,89.7199955204543
라마9157,라마8961,59.3650762348511
다바6390,다바6491,58.0573318225171
다사6455,다사6354,106.899345755574
다바8320,다바8518,50.5677389595597
다사6843,다사6642,50.2232028230666
다바9746,다바9845,84.0241586622618
다사5033,다사5234,69.8252855751007
라마7691,라마8290,62.9053580611956
다사4341,다사4537,56.9527279439606
라바0147,라바0045,54.5014599646187
마마6416,마마6620,60.1818773155315
다사6354,다사6456,57.9384157510615
라라1760,라라1760,60.9509415435404
다사7151,다사7250,76.7585828747746
마라0794,마라0793,75.3038712429265
다사5746,다사5746,56.5701268692067
다사7760,다사7459,55.9363172022522
다사5819,다사5820,54.1105075069445
다사5960,다사5551,60.4935874934622
마라5093,마라5093,60.5352346445794
마라1879,마라1777,51.8296808554281
다사4950,다사5149,62.5112765416817
마라4682,마라4887,82.9141431939301
다사5851,다사5950,61.8183092661376
다사2945,다사3248,51.1961460572648
다사5956,다사5351,69.9131436082352
다사3045,다사2939,98.2755875624645
다사4322,다사3625,57.5686346528858
다사5819,다사5819,85.4818453481471
다사5232,다사5844,55.4156077506513
다사4833,다사5230,56.6959996531049
라마9865,라마9767,63.8808315331578
다사4158,다사4162,50.1594278980629
다라0446,다라0148,50.9108710214922
다사3841,다사3943,119.462556171921
마라0195,라라9991,54.9216425235845
마라4483,마라4582,65.7811984717606
마라3586,마라3587,54.8441916592966
다사4058,다사4058,57.0680157390979
다사4634,다사5032,58.8919459865291
다사3045,다사3047,105.711196703701
다바8512,다바8512,52.629994938424
다사4703,다사4804,56.1112633539193
다사5818,다사5818,80.3597526548481
마라2394,마라2593,57.0513083703231
라마8286,라마8188,73.125292554972
다사5251,다사4847,68.3377596567631
마라2495,마라2092,54.5001365342934
라사2085,라사2186,51.3038779799042
다사6054,다사6053,89.26592982089
마라3477,마라3378,91.5663678539529
다사3232,다사3126,67.1187744441565
다사4747,다사4542,57.419909168687
다사6456,다사6355,78.3880397824026
마라4392,마라4494,52.9298962565334
다사5342,다사4542,54.2177466183389
다사3665,다사3565,50.3433694338082
다사2744,다사2647,60.8968308620821
라사1985,라사2184,54.5819976660354
다사6343,다사6441,64.0379363624917
다사6841,다사6841,70.0159781493185
마라4391,마라4389,64.7347962711308
다사5422,다사5522,54.6370389634402
다사4545,다사4543,76.4887126506276
다사5033,다사5332,52.5979127735699
다사5027,다사5230,100.351432020734
라라5991,라라5891,65.3905436651401
마라3476,마라3377,54.1408239748516
다사4845,다사4745,67.6613781993969
다사5945,다사4947,50.8608979819768
다사4855,다사5352,72.953822148053
다사3327,다사3522,65.6240485823382
다마3175,다마3175,53.0952308672928
마라4388,마라3979,54.8272827638761
마라5186,마라5086,55.8445653259929
다사3566,다사3364,73.5358275533971
다사5953,다사5953,118.832082801636
다바9447,다바9448,82.9595894446327
다사3129,다사0515,65.1340587056499
라마9162,라마8861,83.2180127475524
다마6959,다마6660,59.0095420558417
라사3726,라사4025,56.7041234773206
다마6860,다마6761,81.4856746760847
다사6411,다사6310,62.9204199429648
다사6349,다사6446,53.1429345505681
다사4348,다사4448,55.1807687394598
다사5651,다사5650,80.2044973165316
다사5250,다사5352,66.726923958141
마라0353,마라0954,50.44420907673
다바6390,다바6488,58.3769968980201
마라5286,마라5186,85.711198500166
다사3234,다사3133,64.3180517196205
다사4347,다사4246,76.5360976144075
마마6882,마마6781,54.9533711616409
다사6445,다사5251,75.5038201510956
다바9349,다바9347,61.6760342012955
다사5554,다사5653,101.820145882287
라라1638,라라2138,65.6708765017356
라사4126,라사4025,52.2440146636709
마마7089,마마6989,74.3629038114143
라마8278,라마8177,70.7516119892348
다사6533,다사6533,89.3747151386528
다사5133,다사4932,65.0598948220595
마마1361,마마1359,62.5165971054137
마라0056,마라0056,135.827361394091
다사6545,다사5351,57.0766985706136
다사3045,다사2946,95.6461602362722
다사7532,다사6737,88.8469543167907
라마9262,라마9462,62.5228796041386
다사6161,다사5351,69.1555945997312
다사5342,다사5746,60.7523829587973
다바9017,다바8918,64.2824678779142
라사3826,라사3927,75.8119375028119
다사6206,다사6211,53.1860703754392
라마7494,라마6796,50.3392371200295
라사2186,라사2187,141.128876843507
마라3795,마라3691,55.2900706157819
다사3543,다사3542,58.8691991152048
다사6310,다사5316,69.0327270331895
다사6255,다사5451,51.4513010861708
다사5970,다사6371,56.5269048553219
마마6228,마마5928,86.4210505989892
다사3631,다사3126,90.8086509608392
다사3244,다사3645,62.1311226681402
다사5852,다사5853,71.988258307231
다사4162,다사4161,87.3886005285858
다바8515,다바8511,51.5985862966903
다사5971,다사6272,66.9348206148249
다사7251,다사7251,91.6316604929658
다사6950,다사6950,66.6890487752175
다사4950,다사4850,54.7388414764585
다사3157,다사3058,65.3425875840089
다사5316,다사5216,69.1559682863647
다사4125,다사3724,51.1611256006324
다바9213,다바8912,51.4808958628974
다사5521,다사5422,58.3165067444302
다마6459,다마6660,74.598812312166
다사4459,다사5251,52.3891980917283
다사2430,다사2330,50.9716488489408
다바9257,다바9357,71.5081394876805
다사6152,다사6149,64.4363667012753
다사6160,다사6259,58.4546902480868
다사5621,다사5722,53.2096716347612
다사4960,다사5452,50.4416661706941
다사6056,다사5956,71.9624749955332
다바9316,다바9317,64.9939598438363
다바6469,다바6573,77.1368066787349
마라3791,마라3794,51.0581840834904
마마0067,라마9765,112.394383278657
라마8389,라마8190,68.7751273348824
다사2735,다사2532,70.8849170469906
다사5048,다사4947,52.2047331033447
다사5042,다사4943,67.4460710135192
다사7138,다사7137,54.4126880222431
마마6989,마마6886,54.0640534675046
다사3952,다사3852,51.995686087611
다사5031,다사5032,62.6846377968489
다바6865,다바6867,62.0823039259832
다사6152,다사6152,103.086499917704
다바8916,다바8717,50.1483408805387
다사3924,다사4024,50.0576703032021
마라2794,마라2092,81.8039100324943
라마9062,라마9161,71.590199472584
다사3642,다사3542,56.3451009591556
다사3543,다사5844,51.2756111219858
다사5523,다사5523,51.9510550152916
라마9162,라마9563,55.4904250430192
다다0700,다다0901,71.0942942071087
다사6849,다사6642,57.2573091657826
마라4078,마라3879,65.8832319323559
마라4183,마라4284,51.0630300546851
다사3244,다사3445,67.533850001334
다사4929,다사5128,91.1894979156175
다사4024,다사3423,75.3939970790114
다사4151,다사4050,56.6005991681573
다사5655,다사5754,76.9254486623984
다사5119,다사5621,60.0323583653108
다바7833,다바6528,50.0038136287602
다사5617,다사5718,54.1612318870546
다바8912,다바9214,52.0849132085411
다사4241,다사4541,53.9874525252685
다사5119,다사5718,53.6416271224472
라바3986,라바3887,83.1148294877016
다사5622,다사5622,117.570037659455
다사9621,다사9519,70.4854963196225
라라0459,라라0262,52.8754238536271
다사4448,다사4847,57.0857076517706
마라2496,마라2497,60.7625528990333
마마3076,마마2974,91.8743407870821
다라3684,다라3685,74.9723475683259
다마6457,다마6761,63.4369259382714
다바0665,다바0665,77.1734359849047
다사6737,다사5946,51.595579033927
다바8511,다바9314,78.4289871693767
다사6345,다사5351,79.9546745743881
다사2746,다사2749,63.9548516601367
다사3226,다사3126,53.2801473588719
다사3039,다사2331,50.3923493137103
라마9570,라마9471,64.1695611698758
다마5173,다마5273,91.3277311312274
다사5032,다사5233,56.4321437453173
마라4685,마라4185,54.875972578064
다사3234,다사2932,52.6714985306737
라바0048,다바9850,69.5468009606258
마라3587,마라3584,51.2664468843699
다사6063,다사6061,58.1297698695724
다마6558,다마6458,84.4321603291314
다마4129,다마4130,72.4297180883211
다사6426,다사6232,66.3555826296626
다사4322,다사4929,60.2526445802485
마마1361,마마1963,70.138826635995
다사3243,다사5251,70.1112853991098
다마4329,다마4635,54.4740706100942
다바9025,다바9224,64.1913145989834
마마6429,마마6428,79.8598970465298
다사4248,다사4347,68.2411613244793
마라4494,마라4497,56.9974618021082
마라0992,마라0894,66.583346542895
라마8289,라마8290,75.929420252243
다사6232,다사6632,56.42149460335
라마9064,라마8765,73.7303916430707
다바6666,다바6865,75.8850488130425
마마7087,마마6987,55.8002302716451
다사3463,다사3463,73.0559645429063
다바6080,다바6179,50.83155790939
마마6631,마마6932,61.9343665681791
다사6016,다사5818,50.0091283915797
다사2936,다사2833,65.2661102796798
다사6741,다사6841,53.7431375983902
다사4351,다사5351,61.8878949603823
라사2286,라사2083,52.0914526955937
다사6280,다사6479,90.2654451738741
마라3985,마라4285,50.8791335051621
마라4289,마라4388,91.541434824638
다사5947,다사5947,55.4656552119854
라마9461,라마9562,60.5949671977183
다마3075,다마2976,103.101151728715
다사6248,다사5944,69.8480479519722
다사6043,다사6043,51.7590697262627
다사3337,다사3436,55.3263884195217
마라2594,마라2495,57.1555460955431
다사5961,다사5960,61.833654352427
다사5250,다사5451,54.5878635213885
다사6448,다사6348,61.7775148311312
다사2644,다사2645,63.8586571192167
라마9564,라마9767,73.0173020796789
라사2186,라사2185,66.421322629826
다사2840,다사2743,57.8018723041101
다사6256,다사6455,50.1034259331886
다바6098,다바6097,61.1463860567796
마마0163,라마9864,61.1830718789254
라마8086,라마8290,76.7731528157063
마라0956,마라0954,60.1126236209436
다사4443,다사4444,50.1907107813861
다사4244,다사4143,66.4986140309513
다사5917,다사5817,56.5402243976925
라마7691,라마7989,124.631559389819
마마5010,마마5118,55.7514574220235
다사6217,다사6218,85.8653129235553
다사5857,다사5351,78.7510771068726
다마4972,다마5473,57.6194340403625
다마5373,다마5886,58.2566903710867
다사4747,다사4643,52.4721162810168
다마6659,다마6761,57.1294506271132
다사4546,다사5251,84.7050907098826
다사3144,다사3047,86.7571724115274
다사6212,다사6310,75.7044235698134
다마6458,다마6660,66.2263627137223
다사4544,다사4544,73.5610740041654
다사5349,다사5350,77.0401346899426
다사3953,다사4251,56.341706110865
라사6406,라사6305,55.7346172551675
다사4149,다사4746,51.964437977885
라마9457,라마9357,57.4579751811168
다사2939,다사2430,78.6036377142386
라라5186,라라5187,84.0569560801824
다사6162,다사6064,80.8475832179935
마마0964,마마0864,94.0408212886554
다사6171,다사6272,136.483675259973
마라2895,마라2794,56.7065880546098
다라4484,다라4185,56.0003476218583
마라2494,마라2594,84.0108319195749
다사4703,다사4104,60.6485487346407
마라1253,마라0954,54.3020349970346
다바9327,다바8825,52.9470802325063
다바7834,다바7833,110.928003814935
다바9447,다바9748,126.36776486548
다사6069,다사6371,65.4273107359875
다사6737,다사5944,69.6199027596558
다사5856,다사5854,55.3487941942557
다바9517,다바9213,52.7364310802777
다사5131,다사5229,66.1103030180245
라마9056,라마9056,52.0444394352583
다사5042,다사5642,65.0209288800397
다사6258,다사5351,55.0367364846479
다사2734,다사2733,86.6833070841597
다사6455,다사6355,108.684120573253
다바8411,다바8518,53.849650921527
다사4756,다사4855,54.8717447302405
마라2894,마라2894,76.3763843241579
다사5113,다사5213,72.1032721120632
마라0853,마라1153,82.8646422813699
다사5422,다사6019,50.5494782957022
다사4449,다사4747,55.3341948044956
다라4091,다라4090,54.9792357145625
다바4964,다바4465,63.3510585662877
라마9571,라마9477,92.7459201976576
다마6556,다마6457,125.013784450854
마라0794,마라0792,88.1522708256818
다사4540,다사4638,79.8782886707505
다마6060,다마6559,73.7781852750328
다사2827,다사3027,65.3565302268423
마라2397,마라2693,80.4890426526255
다라9964,다라9864,63.0638573973289
다사4953,다사5251,83.4654974248511
다사4846,다사4946,75.4617164407421
다바9515,다바9314,60.8953856726523
다사5249,다사5248,97.9786150532775
다사6252,다사6253,55.5052463095205
다사2655,다사2257,60.1787550442866
다사2945,다사3046,59.9134394290983
다바8511,다바8311,117.335967283267
다사4745,다사5251,90.1343287572153
마마3805,마마3809,61.5868717742878
다사5328,다사5230,63.0788559374978
다사5856,다사5858,63.3092648160362
마마5929,마마5129,52.6343498492885
다사5143,다사5144,72.7577497277736
다사2646,다사2446,60.7422127519588
다사6013,다사6114,83.0874403332584
다사5032,다사5251,51.9734653759923
다사4125,다사4124,97.8780525538702
마라0493,마라0492,55.9641445148124
다사2754,다사2556,85.5982277692855
마마6730,마마6731,75.2355862390509
다사6351,다사6352,60.8890650611121
다마2873,다마2672,63.7531582057005
마라0983,마라0984,86.956965720816
다사7449,다사7548,70.6274575008667
라라9688,라라9991,73.9807535014266
다바5765,다바5664,50.8712765364214
마마4007,마마3809,81.3127753510143
다사2646,다사2646,153.875190666741
다사6544,다사6545,67.8832083397308
마라3380,마라3380,113.505671162621
다바6670,다바6573,60.7222040126368
다사5856,다사5956,122.951785791347
다사3445,다사4642,51.3988477485467
마마0965,마마0964,85.6965462852931
다사2939,다사3139,57.4239228592407
다바5980,다바5878,52.7045568076431
다라4182,다라4283,71.3441980274627
다사4158,다사4161,52.2419072148222
다바9748,다바9648,60.2709309512205
라사0043,다사9943,69.680597872654
다사4956,다사4955,58.7282706911524
마라4077,마라4178,51.9392974056485
다사2440,다사2440,101.274845621605
다사3943,다사4541,56.5208402899884
라라9687,라라9890,64.9346433399215
다라4390,다라4389,53.7349341816407
마라2497,마마1900,74.0723271318477
다사4945,다사4944,61.9943445197538
다사3058,다사2262,160.086697223467
마마5929,마마6432,94.5565548028432
마라0196,라라9894,59.8320726808903
다바7833,다바8318,51.6237134950373
다사4050,다사4050,50.8985568927168
마라3373,마라3477,64.8721085996481
다사6441,다사5844,51.5474626988616
마마6934,마마6738,89.5026148549486
다사6512,다사6113,59.5861483570609
다사5852,다사5952,73.7004762890028
마마6426,마마6528,68.3845106255386
마마5732,마마5929,52.2564470988515
다사3146,다사3147,59.1342430404293
다사6829,다사6633,73.6021881398354
라사3826,라사3726,82.1238010307188
다사3048,다사3148,81.5295988383261
마라2193,마라2195,75.2586328424231
다바6770,다바7071,66.3953965266898
다사3039,다사3140,66.7121695889308
다사6155,다사5552,53.4463828244884
마마6738,마마6933,75.1320944010318
다라3786,다라3786,56.5717267674243
라라9892,라라9893,85.2948747094759
마라3791,마라3690,99.666038691019
라마8544,라마8541,68.5798782085049
다사5151,다사5150,67.0770443210396
다사4839,다사4641,50.1558549567876
다사4024,다사4220,74.2276191284406
다사4159,다사4158,74.5349397668473
라바3987,라바3887,69.2580539017745
다바9517,다바9517,101.461609394137
마마7175,마마7279,51.1431369550223
다바9449,다바9449,73.0411479735737
다사4843,다사5844,90.1275394443385
다라9864,다라9863,58.7587865502845
다사6945,다사6945,62.0694997237582
다사6544,다사6543,56.0374139071992
다사6221,다사6121,53.3959966407521
다사3147,다사3047,95.7614724538212
다사4543,다사4947,75.3428524552314
다사4940,다사4943,66.3257043542964
마마0964,마마0366,53.8259338795581
다사4449,다사4449,68.4187989760068
다사3762,다사3863,59.8607394810637
다사6261,다사6261,104.048042731426
라라1739,라라1748,86.6275388569111
다사4856,다사4958,51.7095304947413
마라0195,마라0393,93.3997931536318
다사5857,다사5552,75.1157551876327
다사3545,다사3345,65.8571824240311
다마6760,다마6661,67.2600629327134
다마6654,다마6557,64.3371850245374
다사6621,다사6621,78.0168700338176
다라3686,다라3691,91.5834316344626
마마1102,마마1302,86.3558185252409
다사4642,다사5844,56.9761144566786
다바6730,다바7833,79.8197589586012
다사3847,다사3644,63.7359145236712
마마7175,마마7176,83.4490139812133
다사5443,다사5643,64.8555623043282
다사5843,다사5742,51.6839169135201
마라3588,마라3487,60.3763098532245
다사4322,다사5132,63.8689091364157
다사6371,다사6371,53.1648720617707
다바6388,다바6388,77.0188921975693
마마6432,마마6728,50.0696893314057
다사2945,다사3146,50.5268209507354
다사4648,다사5046,53.2030013777557
다사4945,다사5045,53.6665763920784
마마0067,라마9964,73.3325971533822
다사4856,다사4653,144.519584805584
다바8518,다바8617,57.3417150088241
마라0990,마라0692,56.6420780278706
다사6261,다사5860,50.501536802576
마라4085,마라3884,51.6657156309153
다사4747,다사5451,63.3318872207583
마마5013,마마5114,57.839829533665
다사5142,다사5042,69.8393073093111
다사4746,다사4747,72.6383393504834
마라3576,마라3674,52.1111951963743
다사2840,다사3133,59.2365795343276
다바8818,다바9017,68.4052329881758
다바6966,다바6867,76.7737045690519
다사6160,다사6260,68.8592109888376
마마2974,마마3177,50.5189450551652
다사6149,다사6250,61.7093348032161
마라5595,마라5595,55.3013622697193
다사5963,다사6161,82.0154266817983
다다0901,다나1198,56.5232924756058
마라4388,마라4286,67.6195590521949
마라4683,마라4683,52.8866743378786
마마0264,마마0265,62.8806944707585
다사3761,다사5251,51.9823329110272
마라4391,마라4390,72.5684570684404
다사6323,다사6533,50.6395995797778
다사3363,다사3464,51.7294408122391
마라4493,마라4497,50.023275786855
라라8248,라라8551,69.2415008670396
다사2857,다사3058,82.8876163203132
라라9892,라라9892,51.4780150830195
라라9793,라라9894,69.0036079453818
다사5153,다사5352,67.078718555169
다사3249,다사3148,75.3078931641374
다사2840,다사3143,58.6621052377251
다사6750,다사6649,88.1703899486172
다바8911,다바8912,53.6524950201149
마마6933,마마6932,55.6746412870741
다사5128,다사5228,75.5747692586787
다사3248,다사3048,56.6863907424895
다사6112,다사6114,55.5241237159865
라마7494,라마7695,71.1094177031667
마사4244,마사4247,66.1775574443355
마라3795,마라3485,58.4433936245002
다사5544,다사5251,56.9666046676887
다바9448,다바9748,62.6938346579296
마마6738,마마6343,60.296619795399
다사3249,다사3448,68.01139252339
마마6530,마마6432,53.5143069053866
다사4251,다사4051,64.288387301069
라라9687,마라0195,52.6550058526311
다마6659,다마6858,72.1081687803594
다사5961,다사5860,78.472374961071
마마6526,마마6527,61.980557340196
마라4589,마라4688,79.7978485975885
마라2394,마라2394,55.6421046527369
마라0892,마라0393,54.2935546644596
마마5928,마마5928,59.2476382249826
다사5957,다사5956,78.0326856627873
다사3546,다사3746,69.3926318510562
다바2550,다바2651,111.424506101106
마라3379,마라2979,54.5706753430554
다바8620,다바8720,70.2222385649939
다사6353,다사5945,51.0983451510028
마라2086,마라1986,69.7067427530536
다사4942,다사4542,83.3652078389121
라마8340,라마8544,75.7572790502689
다사3642,다사3443,51.3053653673427
다마2873,다마1873,57.1473809683152
마라0594,마라0794,70.5053343770341
다사4448,다사4448,85.0620346466866
마바1039,마바0941,63.9351484483776
라사6305,라사5806,56.1641178447645
마라4290,마라4392,72.2714032716549
다사6456,다사6456,51.8824550147355
다사6645,다사5844,56.1646717586035
다사3149,다사3448,74.9849584799591
다사5030,다사5230,52.2238160167146
다마1574,다마1272,95.6908654608587
다사6443,다사6443,55.9062563281483
라사1985,라사1984,60.3307994545522
다사5542,다사5543,65.103046256075
다사5753,다사5853,62.8070168558547
마라3576,마라3378,53.2774193365147
다사6157,다사5652,66.8451004390396
다사4244,다사4345,60.3015063493567
마마6738,마마6841,53.0807133887589
다사3544,다사3647,73.4310762711527
마라4590,마라4490,87.7051464716823
마라3785,마라3684,61.2918537254195
다사4739,다사4738,81.1057304106535
다사5618,다사5719,64.5527632594886
다사6254,다사6353,78.166458511788
다사5433,다사5436,60.8629784895836
마라3791,마라3588,55.2023294629543
다사5241,다사5140,80.4670986503614
마마6527,마마6932,57.4582533348951
다사6348,다사6643,53.660191884363
다사5719,다사5719,88.0992424517979
다사3674,다사3573,52.065445664842
다사6310,다사6607,89.3282594086623
다사2360,다사2660,50.3332955756651
다사5970,다사5351,56.0224774232528
라마9262,라마9564,70.1221702650879
다사5816,다사5818,70.0452916891904
마라4190,마라4391,53.1223563221799
다사3232,다사2926,55.1904652008203
다사7549,다사7250,54.5223855592198
마마7029,마마7029,57.1743069306308
다사6162,다사6260,52.6244747183796
다사6351,다사6250,86.7121092012883
라마8389,라마8493,99.0579073279569
라사2084,라사2183,60.649695488698
다사3247,다사3047,60.1532646629852
다사5718,다사6206,52.7885597427868
라라1440,라라1748,95.6366900770204
마마6887,마마6582,54.6966599929311
다사4441,다사4543,50.6848488147781
다바8812,다바9213,58.3422430160425
마라0853,마라1053,55.43696902834
다바2651,다바2445,69.7227073124508
라라5888,라라5986,81.3669812160947
다사2744,다사2543,73.9345272540616
다사8264,다사8261,53.8956220384311
다사7348,다사7249,77.7520738335172
다사2436,다사2735,52.9451520890376
다사4647,다사4547,51.1345347924146
다사6737,다사6938,74.141394295507
다사5859,다사5251,66.6160257971235
다마6358,다마6458,68.7766394137705
다사3923,다사3923,73.153028262814
다사6105,다사6308,51.6411393853321
다사6519,다사5718,51.5676531264017
다사2734,다사2834,94.1551209093237
마라4496,마라4390,53.0868063625296
다바6589,다바6388,53.0016957864114
다마2974,다마1774,54.8507339493108
다사3366,다사3366,57.110962788862
다라4631,다라4531,62.6424302918662
다라3686,다라3788,52.1973361348997
마마0067,마마0067,84.6933623538722
다사3762,다사3760,73.5598966595997
라사1985,라사1987,73.2384049498691
다바9473,다바9680,62.7227312428005
다바6969,다바7071,87.5687312620692
마라0892,마라0992,55.305552561607
라마9966,마마0066,62.0178063736439
마라2195,마라2092,66.2157051021792
다사5343,다사5844,87.3616413519058
다사6519,다사6519,119.967081016804
다사3642,다사5251,51.8320050509998
다사2947,다사3047,65.5386176883669
다사2954,다사2556,67.2596319671923
다마6656,다마6555,64.1909070636049
다사4343,다사4242,60.4485638955185
마라3793,마라3691,70.0827568110882
라사3926,라사3927,50.4293426127669
다라4383,다라4283,51.3822269646058
다라4632,다라4833,51.4846325868125
다사5749,다사5847,68.8490259537852
다사6455,다사5844,71.2563656224366
마마7427,마마7626,52.632009711295
다사5717,다사5717,99.3474355908837
다사3045,다사3445,61.9928397695408
다라4287,다라4286,62.9065793028065
다사6445,다사6345,93.02058584571
다사4703,다사4701,94.0324065687285
마마0067,라마9766,52.7831566790465
다사6837,다사6837,51.4441576183316
다사6188,다사6087,69.5255592708851
다사5862,다사5652,62.9341980669998
다사8161,다사8261,65.3791026239222
다사3565,다사4653,50.2752539524096
나라9639,나라9638,68.9752352887137
다사3126,다사2926,94.6514526346102
다사4640,다사4543,50.422092998211
다사6054,다사5452,79.2755875849571
라마9157,라마8749,52.7748089942008
라마2025,라마1923,50.9663969494095
다마2875,다마2974,50.6941135078017
다사6644,다사6145,79.5225159676579
다사4246,다사4643,51.0249335511522
다사4928,다사5129,60.5841702464212
다사3144,다사4542,67.766359842593
다사6426,다사6325,69.2149715703535
마마6738,마마6445,71.908320733648
라마8190,라마8189,53.3130193286409
다사3470,다사3368,56.5232783640072
다다1002,다다0902,78.6054788496967
다사2339,다사2440,129.357096833034
다사5151,다사5151,68.940256893675
마라4187,마라4286,53.0694806470928
다사3045,다사4642,63.1203506697851
다사5761,다사5759,59.610427692898
다사5751,다사5352,57.0895173754028
다사6149,다사5846,70.9228032286739
라마8663,라마9061,75.2088477136084
마마0465,마마0366,65.618581186699
다사3646,다사3547,50.9746820136477
다사6370,다사6069,62.5968040469914
마라4182,마라4080,61.8707588898109
라마9672,라마9470,57.8865509654568
다사5962,다사5552,57.8553489578346
마마3905,마마4109,78.592920359133
마라0592,마라0691,57.5154783690202
마라1979,마라2979,50.1884993085157
다사3128,다사3024,50.9118095958653
다사4751,다사5150,57.4744712953003
라라9790,라라9791,58.0575911864865
마라0985,마라0984,61.7761343875797
다사3565,다사3761,52.2263661438497
다사6471,다사6472,74.2206057895797
다바8815,다바8817,50.3163321901209
마마6228,마마6529,51.7623139086637
다사4802,다사4803,61.575658404019
라마9257,라마9159,90.7044424939425
라마7686,라마7890,69.0071796077021
다사4244,다사4746,59.1495215296771
다사3942,다사3645,63.4340470204263
마라3486,마라3584,56.4420501001531
다사4947,다사4847,102.376076927866
다사5029,다사5029,82.9640799534943
다사6544,다사5844,65.5534766215877
라라5891,라라5587,56.4531523298558
마라0891,마라0690,68.5237768737494
다사4746,다사5351,67.6289516630841
라사1221,라사1222,52.6896568925067
라바3886,라바2686,54.1716676763871
다사5856,다사5955,52.0940035216124
마라0984,마라0793,71.3906053045688
마마6632,마마6931,50.021802222238
다사6056,다사6057,67.7262433919467
다사6750,다사6747,59.2850148445671
다사4348,다사4648,52.9776942035969
다사6511,다사6214,80.5824792892132
다사4744,다사4743,79.5841816346748
다사4450,다사6045,73.444407939124
다사3046,다사3045,71.6490091026042
다바8311,다바8411,71.5725527479409
다사4450,다사4747,74.4839618127096
다사4448,다사5351,56.3953254918814
다사2638,다사2538,60.7863298440916
라라1761,라라1356,57.0496474629757
마라4078,마라3576,51.4706959979754
마마0961,마마1059,70.8770837457298
라사2086,라사2086,60.7862790301024
라마7691,라마7492,68.9300227642297
다사6446,다사6546,82.5253541830145
다바6096,다바6097,50.2099243083516
라라1743,라라1540,74.2613963313205
마라3586,마라3684,52.4265076060974
라바0146,라바0046,50.844326978765
다사3842,다사3443,51.2619041055931
다바9746,다바9746,53.8025138556623
다다0900,다다1002,52.2659677901041
마마6738,마마6738,70.6781326086353
다바8448,다바8649,90.7400942752802
마라0984,마라0584,70.0757058360615
마라2593,마라2494,62.5333469382341
다마2687,다마2786,58.0641939500273
나바9361,나바9262,84.1762409247417
다사5251,다사5050,69.1709064769274
다사5757,다사5652,90.1159708878298
다사5422,다사5621,70.1660744129301
라라1539,라라1540,73.4398971686708
다사9916,다사9520,55.4266143348119
라사2089,라사2086,56.7370468235124
라라5175,라라5376,95.1236107921969
다사4446,다사4248,63.2804294598501
라라9893,마라0095,53.6514142973973
다사5353,다사5452,50.7771310607961
다사6232,다사6737,88.0486672744345
마마7088,마마7190,61.9930367014374
다사5856,다사5352,57.2444563953115
다바7833,다바7832,66.3919196669458
마마6583,마마6582,53.7975354794094
다사3825,다사3224,50.4046167344234
나바9262,나바8678,61.3236032859958
다사6856,다사6861,55.318064095356
마라4481,마라4481,58.4239968609668
라라1639,라라1540,78.5411238549805
마라4790,마라5186,52.320927837082
다사3542,다사5251,57.913629307303
다바6066,다바6069,50.6655709040965
다사5049,다사4850,57.0275999832466
다바6968,다바6870,51.1385558621985
다바8518,다바9017,79.2897967088925
다사4844,다사6045,67.2725863202051
다마2972,다마2873,63.9032040256689
다사4142,다사4542,55.405853635803
다사5144,다사5844,76.7584052206549
다사2734,다사2939,86.4713124130114
라마7592,라마7591,52.3715871936744
다사3143,다사3045,84.1283684763338
다사2738,다사2934,50.2649779090204
다사5348,다사5247,85.7480314250931
마바0741,라바9642,55.0257110786098
다사3243,다사3443,108.54173579513
다사6245,다사4947,51.9421169998196
다사6148,다사6149,109.044214167578
다사6355,다사5452,61.2844756371327
다사3130,다사3129,87.6421093698048
다라0998,다마0112,51.7481402110722
라라5187,라라5387,78.0778134408559
다바9215,다바8917,88.2816698591394
다사3144,다사3248,57.4917825275902
다마6959,다마6959,66.255845510096
마라0195,라라9793,59.541361912584
다사4241,다사5251,52.7389288390239
다사5751,다사5650,54.0158089470413
다사4059,다사5251,100.466189275107
다사5660,다사5760,58.4374235227554
다사6740,다사6643,51.1653594820994
마라0953,마라0953,50.1528800927124
다바7375,다바7779,71.533130124957
다사4932,다사4931,52.9190817291855
다사5451,다사5251,232.821985380261
마마6886,마마7179,69.9972471992034
다사5843,다사5841,87.1938300369844
다사3129,다사2834,50.5639427246499
다사5149,다사5844,58.5489679749139
다사4841,다사4542,89.9704111888143
다사3935,다사3737,54.4302987910959
다사5750,다사5352,75.5262716430176
다사2750,다사2556,55.076480298441
라마9162,라마9058,70.6105946359136
라마9356,라마9357,56.7980103096588
마마0163,라마9964,56.8023393848477
다사7040,다사7037,53.0533875773048
마라4786,마라4389,50.0418352455234
다사6455,다사6457,96.9845618710777
다바5997,다바5897,57.9883741939465
다사2536,다사2430,57.8910560165206
다바6865,다바6666,69.0076245707718
다사3039,다사2839,59.1942635847283
마라3575,마라3475,52.4186439788671
마라3379,마라3479,72.669017990528
마마6839,마마6738,77.7527643354553
마라4490,마라4389,67.7631034576783
다사4157,다사3760,58.1490198732476
다사4158,다사4159,71.871446309997
라마7494,라마8290,76.1247286140243
다마6663,다마6559,81.9054352093303
다사4853,다사4852,58.9518110328909
다사3947,다사3744,55.0863175149284
라마9459,라마9358,74.1467925501003
다사2634,다사2939,57.0270405539611
라마8497,라마8493,78.7725833479142
마마6425,마마6723,63.8466206391934
라마8588,라마8290,53.6241925950463
다사4146,다사4147,55.3154274295603
라라5188,라라5388,62.4038990343923
라라0459,라라0460,57.5998698899755
다사5760,다사5761,70.9240475372647
다사3637,다사3638,54.9142006342105
다사4641,다사4947,58.3179513484143
다사5450,다사5351,57.3866679307091
다라4586,다라4685,60.1510216501
다바9213,다바8518,50.3249146338073
다마6457,다마6257,58.1755316483045
라마9565,라마9566,96.2335602184544
다사3545,다사5251,59.7692069875921
다사4752,다사5352,71.2666351917737
마마0763,마마0964,52.964584102327
다사5861,다사4947,50.7633695832374
다사6319,다사6019,52.6228611135281
다사3134,다사2833,71.8066754984338
다사5143,다사5242,50.17829105045
다바9012,다바9314,65.3474569211218
다라4291,다라4390,56.6502978149461
다사6937,다사7038,62.4179651217646
마라4383,마라3979,54.0804898014152
다사6310,다사6737,50.4722379418542
다사4442,다사4947,54.3891027917194
다마6164,다마6060,63.6448385829686
다바6097,다바5792,51.6785603228761
마마0964,마마0863,52.2311167837095
다사4143,다사4143,55.3976693726754
라사2186,라사2085,84.5955749604224
다사3227,다사3026,95.6327699880046
라바6245,라바6244,76.0476523834546
마라3477,마라3476,78.0783778954428
라마5492,라마5593,64.4778732765629
다사3045,다사3347,52.3984527947524
마마7277,마마7276,50.8336848127134
다사4640,다사4740,51.787222295532
다사2646,다사2743,53.1396815655448
다사6849,다사6149,71.4226683864832
다사3564,다사3760,58.0884089662997
다사4640,다사4640,90.1524943694026
다바9115,다바8917,177.111946732356
라라1839,라라2038,77.1447521282232
라라9893,라라9790,80.396513238792
마사2273,마사2273,50.528923536001
라마9361,라마9159,53.0753890924317
마라4682,마라4683,92.3283544978683
다사6263,다사6262,62.419922682313
마라4291,마라4080,57.0458121227045
마마3602,마마3603,67.7553863056228
다사3637,다사3738,61.0798454801903
다사7315,다사7215,76.047220000145
마마5114,마마5013,63.0760928676039
다사6750,다사6848,67.201347926128
다마6359,다마6060,61.9877923454297
다사4149,다사3950,50.7336306884347
다사6748,다사5351,52.8839885735059
다사2839,다사2939,59.367142874816
다사5844,다사5943,56.8348424225535
다바8926,다바9026,50.507266089376
마라0984,마라1079,55.4842279757895
다사6844,다사6744,87.6093280813999
라마9461,라마9763,51.6268491312568
다사6531,다사6633,61.1034411493931
다아6202,다아6210,75.2520948497156
다사7051,다사5251,52.6495633427476
마라4390,마라4489,64.1015021580467
마라0990,마라0889,52.7688804136388
다바6669,다바6768,63.8670390515651
마라4483,마라4388,52.3856868568486
다사3129,다사4023,50.2143871843048
다사6113,다사6113,264.780925752203
다사4248,다사4246,77.9176351178606
다사3126,다사3129,93.5383246736621
다사4322,다사3624,51.1855759806247
다사3128,다사3125,64.5975645419052
다사5617,다사5618,57.5681464029536
다사4929,다사4930,55.8314812642991
다사3045,다사2742,67.787203108127
마라3479,마라3478,60.1182032020288
마마6582,마마6782,63.4717485209071
다바5465,다바5265,60.3595218434569
마라4185,마라4285,104.172509250134
마라4085,마라3985,68.0868807304856
다바7833,다바8447,53.6206449737816
다사2755,다사2057,51.9739909359573
다사4242,다사4537,51.9171837124265
라라5187,라라5188,59.5526463128203
다사3542,다사3642,61.7681760479902
다사5332,다사5231,57.4448047367264
마마7423,마마7224,55.6877826170248
다사4648,다사4648,126.051055732367
다바6590,다바6488,66.8050567948465
마라2496,마라2793,57.1073599441961
다바9549,다바9449,65.7250124314021
다사5861,다사5552,64.1672295681193
다사6261,다사5552,59.0456560952231
마마6631,마마6630,55.2122811843061
다사6526,다사6526,55.1614878583423
마라4287,마라4887,53.97906304023
다사6850,다사4947,79.1246397575458
다사6519,다사6723,61.1179795913832
다사4250,다사4350,79.0606546611388
다사6088,다사6188,51.9422431811475
다바8912,다바8917,90.5809377577287
라라5685,라라5687,57.0188918979561
마마3805,마마3805,68.3882370548833
마마6330,마마6229,67.0278936016117
라사2286,라사2285,52.9861695370474
다사6212,다사6213,75.4416512937024
라마9664,라마9664,71.562903057669
마마7276,마마7276,61.7021973773338
다사2749,다사2648,61.1121087267426
다바6094,다바6293,65.7805641845283
다사4744,다사4745,55.9669357089685
다사4058,다사4059,61.7393784393484
다사2759,다사2660,61.3845397474472
마마7176,마마6879,69.3216864254067
마마3907,마마3906,92.6173670422872
마라4686,마라4686,61.7685511998824
라사3927,라사3826,50.6890224236728
라사3925,라사3726,64.8326109523804
다사3841,다사3547,50.5280808050243
다사3145,다사3046,56.6632775836322
다바8925,다바8926,52.5723571915359
라라5687,라라5688,52.8685812480639
다사3760,다사3562,113.815682676801
다사6065,다사6063,64.7834526146176
라마9664,라마9767,85.5474034361953
다사4421,다사4322,52.9090114265392
다사3240,다사3140,74.6849580407294
다사4545,다사4445,51.9145652273134
마라5595,마라5696,69.1078203499372
다마6654,다마6555,57.8504340262149
다마5373,다마5374,65.5855506419873
다사6744,다사6644,96.852454108823
마라4185,마라4184,62.7683358982437
다사2736,다사2736,68.8519036613195
마라2594,마라2593,55.4136115228867
라사3364,라사3365,57.6472664085542
마라3585,마라3588,52.7776529566625
다사6212,다사6214,100.415719005307
다사6519,다사6426,57.1892613055794
다사5859,다사5759,64.5660020631264
다사5862,다사6061,68.0103111033997
다사4833,다사4733,56.874235118528
다사5349,다사5451,64.8326573912945
다사2648,다사2749,70.3392697439078
다사5150,다사5653,69.2918317143537
다사4548,다사4847,70.0014450915547
마라4687,마라4787,52.1576998831295
다사4447,다사5452,88.4280094429627
다사6406,다사6206,51.9353599215994
마라3689,마라3588,57.9957779483642
다사3942,다사3646,50.6252693228923
다바9413,다바8917,72.7440690280995
다사6019,다사6529,64.9072565398526
라마9571,라마9570,53.9149116440672
다사4247,다사4148,50.476657828322
다사3841,다사3445,70.6682296077399
마라4183,마라4081,52.810302050031
마마7527,마마7525,54.7602342546108
다사5145,다사5045,66.2249761374088
다사4944,다사6045,61.7301686159623
다사6357,다사6457,59.2968308999425
다사4244,다사4444,87.2410980763921
마마6740,마마6840,50.9502252429384
다마5170,다마5573,59.2808831013226
다사6820,다사6621,50.6671243489913
라마9572,라마9566,61.3976167308371
다사5522,다사5316,64.9480543068941
다바0665,다바0765,59.9507467317381
다바8511,다바9327,57.3150011651122
라마7789,라마7988,52.4614104487496
다마3277,다마3175,53.9921246975186
마마5010,마마5113,55.4499793519904
다사5143,다사4843,55.097977162446
다바6666,다바6469,74.6659526791604
다마4971,다마5071,50.0211430229229
다사5128,다사5128,85.0329880833443
마마1868,마마1769,78.8605886726349
다사3040,다사2833,68.1198414828645
다라4583,다라4484,52.492325832658
다사4342,다사4541,58.1021015013443
다사4345,다사4545,51.2265853586235
다사3228,다사3226,61.5545717269153
다바8918,다바8917,100.302860003017
다라4878,다라4782,52.3924908884528
다마6862,다마6660,54.8852258189306
라사6204,라사6109,55.9563983228232
마라4889,마라4789,83.4388370807279
다사3543,다사3446,61.844697148613
다바8811,다바8511,55.6500811804045
다사2744,다사2642,72.6403086532853
다사6258,다사6256,53.2006584219528
다사3841,다사5351,52.4809587795132
다바6669,다바6770,63.16057491716
마라0894,마라0894,69.1261309870724
마라4592,마라4793,53.0146077693284
다사5642,다사6045,63.9738927496082
라아1710,라아1811,61.5681780027399
다사6159,다사5552,55.1196430750223
다사3645,다사3644,63.131444777669
다사3579,다사3479,104.700468079849
다사7554,다사7454,69.2703687515312
라라5086,라라5186,67.6459254335693
다사2440,다사2939,51.6494706144419
나바9562,나바9361,58.1839323832563
다아6202,다아6103,57.9223027052109
다바0664,다바0564,62.9723951035725
라라1860,라라1761,60.4236400447293
라마5791,라마5593,53.0325042544924
다사6157,다사6057,66.2795415236339
다사5856,다사5651,50.6092724052179
라마9564,라마9764,64.5575105454768
마마6426,마마6527,64.1109111393307
다사2926,다사3124,55.0116209744393
다사2442,다사2342,78.906843344012
다바8916,다바8915,50.9337315262346
다사6519,다사6621,54.3441018791208
다사5032,다사5536,62.1665324836985
다사6750,다사6045,86.3270168846191
다라4283,다라4183,53.4817240460989
다사4441,다사4441,119.959262546868
라마9358,라마9061,67.7653700890985
다바6195,다바6095,76.5817726760824
다사4835,다사4735,53.4023486991504
다사2749,다사2750,59.1427836591464
마마5731,마마5732,73.6088861075063
마마1358,마마1059,59.6174547667558
다사5916,다사6019,59.701964003401
다사6156,다사5251,114.325213407139
마마7322,마마7422,50.5312651020133
다사5752,다사5552,81.0942812301665
마라4085,마라4080,51.0428354556012
마라4289,마라4389,105.895928876961
다사6348,다사6446,59.7381477023576
다사5322,다사5222,53.0677116421503
다사3664,다사5251,51.3105389206857
다사2945,다사3144,63.7388662468496
다사4745,다사4745,60.1245769285723
다사4858,다사5351,59.4585726544043
다바0763,다바0865,51.2021994941734
마라2079,마라2382,63.3764277704763
다사5130,다사5131,55.6099668258763
다다0900,다다0600,68.0116686844259
다바6966,다바6966,59.7606067325197
다사2841,다사2741,96.766337999118
다사5759,다사5857,63.7322351588828
다사5961,다사5963,59.9058062732717
다사2442,다사2241,87.3967175852371
다사3245,다사3445,59.8743823611096
마라0195,마라0296,53.7057253070617
마사4248,마사4149,57.1719601262788
다사4322,다사4322,58.4106822521289
다바0565,다바0564,52.8760205305337
마마0258,라마9963,50.0788644157549
다사5964,다사5963,67.8600823129394
마마6738,마마7539,52.5870141821612
마마6738,마마6934,62.3403371580761
마라4589,마라4589,79.2403887158702
다사6737,다사6834,79.4657550282056
마라5288,마라5286,69.6210540615533
다사3034,다사2932,59.0218793417459
마라3478,마라3477,145.08817861055
라마9463,라마9061,70.6369083649473
다사2844,다사2742,55.6551841613879
마마7175,마마7179,81.4858608991666
라라9687,라라9080,62.7271645793745
마마6580,마마6879,59.2043700922447
다라0146,다라0257,62.5900653674857
마마3503,마마3604,56.1779784757333
다사5962,다사5962,80.9886623062493
다사4248,다사4251,77.9055135826991
라라9995,마라0095,60.4302491814052
마마6228,마마6723,56.8872834605459
다바6097,다바6388,60.9646269816124
라라1759,라라1761,94.9748561244869
마라3579,마라3379,62.0981435299119
라사3924,라사4027,50.4174923048523
다사5911,다사5912,65.9094894127885
마라1079,마라1080,64.5701560823465
다바8811,다바8917,75.3435161911288
마마6229,마마6330,55.36183982373
마마3076,마마3169,54.9919230840462
다사3825,다사3622,75.7808580379753
라마9361,라마8960,60.5182341355462
다사5718,다사5717,61.220154463445
다사5535,다사5536,72.8091335806045
다사4242,다사4643,64.0317300634014
마라4283,마라4183,51.3353263796685
다마6399,다마6399,50.6389143296689
다마4229,다마4030,74.3626248593889
다사5341,다사5643,52.6720516503786
다사3663,다사3760,51.0187020674869
다바6469,다바6568,57.7720096583788
다마6754,다마6858,53.3952190481756
다마6663,다마6861,62.7161908635786
다사6217,다사6113,63.0874160727869
다사5844,다사4947,77.0344855723397
다사2636,다사2432,60.8465798875889
다사5234,다사5333,58.0985610411594
다사4852,다사4947,52.216990763059
다사4733,다사4932,55.2491949839427
다사3139,다사3239,60.2308641008975
다사3238,다사2742,51.7663572500207
다사3058,다사4653,61.4084169068236
다바6573,다바6673,76.2421312765096
다바9947,라바0048,50.8126540104319
다사7448,다사7449,50.1736262148962
다사2840,다사2935,72.9420067108102
다사5228,다사5228,50.730757534863
다사6527,다사6526,76.8515605737625
다사6834,다사6631,69.554662964195
다라4581,다라4581,58.5597144422154
다사4833,다사5228,64.5871053314822
마바6726,마바6725,52.5994115265615
마라0254,마라0356,52.3858331499942
마라2494,마라2195,81.7179245492359
마마0065,마마0065,77.5586207380866
다사4742,다사4843,55.7062511613302
다사4247,다사4648,61.0350881630751
다사5133,다사5032,80.4966486853236
라사2186,라사2186,52.0677462298205
다사3631,다사4331,53.8704484547529
다사6058,다사6157,59.0434810125227
다사5143,다사4742,62.7191631751211
다사4448,다사4648,51.0584208879733
다바6771,다바6673,60.6816984503983
다라4490,다라4590,54.4222342247432
다사7453,다사6855,58.4114273120659
다바6967,다바6968,53.4075131733669
다사6259,다사6259,52.8177624931639
다사6507,다사6113,60.6964986610335
다사6350,다사6249,50.3569978745019
다사3826,다사3522,52.780875478053
다사5657,다사5656,75.3828104388593
다바8917,다바9017,62.3330049972873
라바0713,라바0611,60.272833973543
다사5332,다사5332,126.322879018098
마라4081,마라4285,53.2538723466184
마라2497,마라2893,63.4594967121207
다사2247,다사2749,60.0495767829214
라라1963,라라1860,60.3401082187703
다사4833,다사4834,54.6622728939679
다바6066,다바6068,50.9402876512167
다사5956,다사6057,73.8214741406671
다사2449,다사2548,57.7610278890904
라라0459,라라0261,62.757927663514
마라2793,마라2794,78.767609808671
라라0162,다라9862,53.5539118720133
다사6525,다사6525,51.117770462845
다사6445,다사6444,51.5741540531178
다사3366,다사3364,56.2926923974069
라마9766,라마9666,59.6713622043763
라마9461,라마9560,63.4785568463968
다사5432,다사5132,56.4155932947053
다사5231,다사5536,64.0120385255725
마라2393,마라2493,77.7469648429564
다바4887,다바4886,54.4211911730525
라라1841,라라2239,54.4533761322899
다라4786,다라4786,64.3381828706091
다사3129,다사3638,53.5291779684209
라마9162,라마9963,51.0272072501259
다바8517,다바8321,52.9664337947345
다바9449,다바9350,85.1555839431845
라라5289,라라5687,58.5414954112222
마라1879,마라1079,68.390218461188
다사4161,다사3562,72.7969528970806
다라4833,다라4531,50.3272465095377
다사6326,다사6633,60.7203524883126
다사5327,다사5327,54.721246910536
다사7152,다사7251,53.838499498901
마라4178,마라4278,52.2682736690704
라라0162,라라0162,77.186970383722
마바6725,마바6725,59.4287873203547
라마9457,라마9458,55.2182487583479
다사4158,다사3760,52.9051435223938
다사5941,다사6041,52.4503873013876
마라5186,마라5287,70.1781128202768
다사3543,다사3743,57.0113364551964
다바6085,다바6284,53.4379675459404
라라2160,라라2259,68.8774583649038
다라4484,다라4485,50.4711859731942
마라3790,마라3791,86.2129725083774
마라3576,마라3979,60.8677413780293
다사5642,다사5843,77.8641804292635
다사5621,다사5522,56.7606818408776
마마1060,마마0960,52.5721177180351
라라0663,라라0764,69.5050676731137
라마9969,마마0068,52.2691724297831
다사4840,다사4841,63.020699674691
마라1979,마라2679,51.2244194161166
다사5852,다사4947,68.5154489339471
다마6656,다마6660,55.3852592213894
다바9852,다바9449,94.2201910848793
다사6110,다사6210,58.35679754858
다사6119,다사6119,50.0693103055903
다사4148,다사4647,51.3516511438281
마마3803,마마3907,74.8035814092361
라마5791,라마5492,71.1458788075223
다사4347,다사4247,75.5749489341407
다라4590,다라4091,63.4703608168389
다사3239,다사2934,57.2025110049773
다사5862,다사5352,53.5654783280617
다사5719,다사6017,50.3148599933065
다라4184,다라4783,62.0684108013826
다바6770,다바6769,64.6227407982581
라마6090,라마5492,50.3656576374698
라라8353,라라8452,51.8234257075949
마라3583,마라3584,80.3686863750756
마마7176,마마6875,54.0045297484566
다사6113,다사6114,199.776641231471
다사2940,다사2932,63.0984966112852
다사2761,다사3058,78.8908156144615
다사2556,다사3045,54.1170818630799
다사2647,다사2744,63.3954635225849
마마6785,마마6786,55.2114039163412
마라3986,마라3987,56.8259657259818
다사7150,다사6749,84.9703213174996
마마7539,마마7526,55.5346209021717
라마7295,라마7393,63.2460144569901
마마3905,마마3603,51.9125551581363
마라3279,마라3477,56.7539563277679
다사6064,다사6160,52.4822698495675
다사3045,다사2840,80.2413587511387
다사6045,다사6144,58.1088511881935
다사3327,다사3227,111.614480873908
다사4342,다사5251,51.1345920080006
다사5860,다사5960,70.2755144383186
다사5049,다사5051,52.5518631199855
다라3787,다라4192,66.2842103599969
다사6251,다사6252,50.9658315554972
다마4129,다마4229,58.5429229615169
마라1987,마라2092,56.2355517055256
라라0261,다라9861,70.6001498215416
다사2634,다사2735,73.7941381122441
다사6819,다사6633,66.7721584568834
다바7833,다바9214,68.2641542793301
마마4630,마마4334,53.8689538817644
다사4547,다사5452,51.0851377608108
다사5032,다사5132,176.978041504797
다사5251,다사5653,50.5047665064039
다사3047,다사3147,83.7921119813422
라라5986,라라5387,67.9230561825414
라라5274,라라5174,52.5805839023656
라마9766,라마9566,61.9801870734782
다사4930,다사5030,74.2096694780892
라마9257,라마8960,55.4375415772824
마라3685,마라3587,60.8542066180341
다사6353,다사5551,51.7627777736113
라라5987,라라5687,57.5110511465221
다라4589,다라4588,53.7342314250458
라라9890,라라9790,61.6827400891536
라라5585,라라5687,120.778743264581
마라4183,마라4183,60.5888386728614
마라3477,마라3575,52.7916364849456
마라3479,마라3576,52.9918329739908
다사3238,다사2833,50.2796518062363
마라3879,마라3880,60.02329747048
다바6788,다바6097,55.4851773861268
다사4704,다사4703,56.6216055795248
다사4222,다사4220,54.9740334867494
마라2979,마라3477,99.5738306289831
다사2651,다사2749,50.2621162703898
다사4742,다사4640,94.7129365814609
마라2494,마라2894,59.8906974971982
다사5911,다사6211,50.3581790574013
다사6457,다사6455,53.7848585733984
다사3146,다사3146,73.0735790939372
다바0564,다바0564,86.0545847211193
마라3576,마라3478,64.2102290295899
마라3477,마라3379,50.5631780516555
다사6425,다사6222,54.5274134916604
다사3045,다사3345,59.7645034875294
다사4244,다사4647,53.5118803221515
마마7526,마마7626,86.6698602745905
마사4738,마사4835,53.4736571703286
다바9945,라바0048,53.1812088231782
다바9015,다바8518,54.1393543159483
다바6193,다바6293,619.633355257155
마라4186,마라4186,51.2595969436455
다바9852,다바9851,52.2512862668313
마라1888,마라1889,69.6524015725697
다사6355,다사6457,61.5257054991325
다사4157,다사4162,63.3427427291741
다사4344,다사4742,56.9980587847962
다마6456,다마6457,57.2503448329049
다사4944,다사4946,50.2750813123341
라라1761,라라1759,58.3197394412281
마라0792,마라0088,64.9307053272217
다사2761,다사2661,56.3715788590032
다사4957,다사5652,51.0928604772839
다사4553,다사5052,90.5517175938334
다사4957,다사5051,78.3818814903923
다사4445,다사4947,50.1760139617749
마마6738,마마7524,69.4378153153624
다사2735,다사2634,52.2821402648411
다사3239,다사3140,50.3861314674987
다다0700,다다0801,53.6946973413892
다사5622,다사5722,58.5765270593924
마마3604,마마4108,53.7932591416416
다사4147,다사4148,66.9429434773161
다사5436,다사5536,95.666033172657
다사6067,다사5251,64.5782594765919
다사7251,다사6950,52.1874835533157
다사4321,다사4023,58.4038265301181
다사3347,다사3547,57.6749146317937
다사5542,다사5643,62.3567158525326
다사5652,다사5752,54.5532409046892
마라3688,마라3588,54.7626417581824
다사3345,다사3645,57.6695004717707
마라3784,마라3684,68.0993419592495
다사3248,다사3047,61.0645694355894
다사7051,다사6950,51.504189369231
다바6968,다바6967,59.9786439619286
다사4541,다사4541,51.7268144651898
다사2645,다사2644,74.6799642885137
라라5388,라라5388,80.9717832111585
라사2283,라사2485,50.5809062377566
라마9901,마라0195,55.4611781146428
다라4290,다라4091,78.9926022811461
다사3564,다사3564,69.5613725177807
다마5072,다마5174,51.3138368739022
다사6520,다사6529,51.6481271527068
다사5251,다사5151,72.852614858714
다사4447,다사5844,63.5682058082366
다사5917,다사5819,67.248114804493
마라4497,마라4080,51.3486978699245
다사3646,다사3645,71.1701338901559
다사5520,다사6019,60.4580129974557
마마6527,마마6624,52.4273939678402
라바1932,라바1931,57.9189074271934
다사2342,다사2342,61.5659578670717
다사2736,다사2835,50.2780236614253
라마7495,라마7494,66.1929940983477
다라3987,다라3689,56.4603455022242
다사2739,다사2638,53.5271752144241
다사4345,다사4445,51.3216583544566
다사4247,다사4446,51.2603316731951
다사5453,다사5452,53.5807794503872
다사3665,다사3760,50.4195070522839
다사4945,다사4946,68.7522695899092
라마8338,라마8643,56.4757187220336
다바9327,다바8917,52.7621960409178
마마6328,마마6628,71.4884993425963
다사5349,다사5352,56.7157249147588
다바7833,다바8926,58.7586279248744
다사2735,다사2531,62.3458223850867
다다0901,다다0800,59.0187629827443
라마9665,라마9566,70.9718571760968
다사7835,다사7735,52.6423507525063
마라4283,마라4887,59.0827818482285
라마9158,라마9157,50.7510842257896
라마8956,라마9056,78.7615312244599
다사3743,다사3647,72.8083565721952
다사5124,다사5327,54.9402236546216
라마9563,라마9361,53.3866182262064
다사5320,다사5132,50.0576845468835
마마0258,마마0259,53.9090667704784
마라2494,마라2793,72.4562563608875
마라3880,마라3485,55.4089178360477
다사5142,다사5143,66.7031810420333
다사4955,다사4955,64.8133499080255
마마1301,마라1599,75.3927314880493
다사3445,다사4542,71.3111437030597
라사4124,라사3928,51.8577579156057
다사2644,다사2742,93.650639571764
다사5941,다사6145,62.02626090735
마라0792,마라0592,52.974637521366
마라4790,마라4789,54.9203449182643
다사4739,다사4740,63.8531613995661
다사6153,다사6052,54.9970188411723
다사3726,다사3522,56.4300218402145
라라5688,라라5587,74.0477092790747
마라4082,마라4183,52.1662599252251
라바0146,라바0045,51.5174207058542
마마6682,마마6582,58.8549852359672
다사2838,다사2840,56.7936467775876
다사5957,다사6149,55.4609652649281
다바6469,다바6865,55.6316054546287
마사2174,마사1881,54.2822020568162
다사4024,다사4125,81.5908452874886
라마9565,라마9666,56.3730138811362
라바0148,라바0048,55.3452078231591
다사2432,다사2331,63.4284522294934
라라5986,라라5388,64.4514972181196
다마6860,다마6759,56.2257239015401
라아9423,라아9423,50.090771104922
다사4857,다사5652,52.4914481807269
다사5552,다사5653,57.6122273738651
다사2941,다사2941,51.2308985944481
마마6738,마마6740,61.1417490018874
다바6968,다바6666,57.5304013920708
마라2378,마라2378,57.024622551104
마라4384,마라4483,62.8923616668066
다바9517,다바9416,63.4365163310177
다바9573,다바9472,55.2634438426373
라라1440,라라1540,81.088629376754
다사6252,다사5952,55.4517754905111
다바5665,다바5565,82.512510719487
다사3852,다사3953,58.4687586966381
다사6157,다사6258,52.7488242258216
다바9614,다바9615,77.8870456240104
다마2975,다마3075,53.1862089203582
다사6053,다사6153,56.2737265659848
다사2066,다사2066,54.7360534746092
다바9357,다바9458,52.5641965763815
다사4739,다사4839,57.1374440303314
다라4287,다라4585,54.8312801271379
다사3058,다사3058,56.0048597043479
마마6327,마마6228,50.8077782208587
마라4388,마라4283,64.8214175120654
라마9157,라마8649,62.4138537014484
다바8411,다바8311,51.0384048788242
다사4149,다사4152,68.4440316671917
라마9471,라마9666,54.7451875910643
다사3443,다사3543,51.6692757089469
마라4086,마라3986,56.1807567170389
마라4389,마라4390,67.4222279389555
다사5959,다사5960,56.1857764311882
마라4493,마라4393,57.5229279568515
마라4383,마라4383,81.0439908552525
다마4132,다마4232,65.0350550521249
다사2340,다사2340,73.7757651565526
다사3140,다사2833,71.946758033342
마라0983,마라0985,61.0543587939519
마마0000,라마9901,62.0609766994108
마마5565,마마5565,64.6729369103085
마라3794,마라4080,56.3969013252643
마마4007,마마4108,54.9670153490489
다라4783,다라4683,56.9286948715107
다바6768,다바6768,63.3141748979375
다사6350,다사5846,51.2451811711201
다바6488,다바6488,60.0855669384949
다바6590,다바6097,61.1917139569649
다라4484,다라4685,50.3198070437543
마마5204,마마5909,51.5785706579234
다사4742,다사4739,55.7189394033991
마마7526,마마7625,71.3009844208215
마라4188,마라4188,52.0602117365235
마사2373,마사2273,54.9149265419758
다사6157,다사5451,61.395710477608
다사3578,다사3479,78.6759841902845
다바6669,다바6670,66.842187900531
다라4484,다라3983,51.5216569826998
다사4803,다사4104,52.0612982120573
라라5388,라라5387,53.8702417048532
다사5819,다사5718,50.7312793416267
다사5321,다사5322,52.8088379027446
다사7761,다사7761,51.8435708398875
다사3337,다사3039,51.6374314912194
다사2836,다사2734,50.3713710895055
다사5436,다사5436,56.4872679100887
라라0161,다라9864,53.2612455049628
다사4542,다사4742,142.730596368079
라사6205,라사6304,51.0269542035921
다바6673,다바6573,78.6261553989307
마마7625,마마7526,71.3955416540706
마마7625,마마7626,52.8861046715614
다사5847,다사5846,55.4187170376202
다사5648,다사5548,63.8299305689149
마마7179,마마7180,76.8431546263014
다사2742,다사2742,50.4839628614065
다사4150,다사4050,51.7218008734234
다사6113,다사6112,94.4337522877655
다바1195,다바1196,68.9817509500851
다바6092,다바6092,60.796385084232
마마7280,마마7179,138.45807577394
다바6192,다바6293,81.2007099180153
다사6433,다사6334,57.7687816177554
다사5335,다사5335,78.2405157711507
마라0056,라라9957,55.042281487466
다사6334,다사6433,60.4142696922378
다바9451,다바9350,165.957126755304
다바0923,다바0923,52.776407353655
다바6169,다바6068,72.9605768574654
다바6293,다바6193,202.372795017142
나라9738,나라9639,125.16309955981
다바9351,다바9350,450.094677866136
마마7179,마마7280,60.288814889315
다사3578,다사3579,51.0140306293422
마마6708,마마6711,81.6026058701545
나바9688,나바9789,54.1705383256603
다바6293,다바6093,62.6781936608851
마마7180,마마7179,62.4308614714261
다사3424,다사3424,80.5036052552373
다바6092,다바6293,530.268787217792
다사6314,다사6214,159.512870857562
라마7988,라마7988,158.581063785699
다사0640,다사0541,126.251138374988
다바8135,다바8137,56.3205137296525
마마7225,마마7224,78.6103473387795
나라9738,나라9838,53.2267924550706
다바9450,다바9350,82.671560184712
마마6723,마마6523,72.1223006900058
라라1547,라라1447,82.6872191850917
마라0590,마라0690,50.3580727028586
마라0690,마라0590,63.3303560413242
다바6293,다바6092,90.7851927242808
마마6981,마마7079,60.9380434330688
